Evaporator Inlet Water Temperature,Evaporator Outlet Water Temperature,Evaporator Flow rate,Condensor Refrigerant Pressure,Condensor Inlet Water Temperature,Condensor Outlet Water Temperature,Condensor Flow Rate,Motor KW
10.5,5.4,271.0,131.0,26.6,32.7,331.5,254.8
10.4,5.3,271.2,131.0,26.5,32.7,331.7,255.4
10.4,5.4,272.1,131.0,26.6,32.7,332.1,255.6
10.4,5.3,272.3,131.0,26.5,32.7,332.0,255.0
10.4,5.3,270.9,131.0,26.6,32.7,325.6,254.8
10.4,5.3,272.3,131.0,26.5,32.8,331.0,254.3
10.4,5.4,271.3,131.0,26.5,32.7,333.5,254.0
10.4,5.4,270.6,131.0,26.5,32.7,331.6,253.2
10.4,5.3,270.8,131.0,26.5,32.7,332.8,253.3
10.4,5.3,269.5,131.0,26.5,32.7,334.6,252.9
10.4,5.4,270.5,131.0,26.6,32.7,332.4,253.0
10.5,5.4,271.2,131.0,26.6,32.7,330.3,252.2
10.5,5.4,270.5,130.3,26.5,32.7,331.3,252.7
10.5,5.4,271.2,130.3,26.5,32.7,332.1,252.0
10.4,5.3,270.3,130.3,26.5,32.6,331.9,253.0
10.5,5.4,271.6,130.3,26.6,32.7,332.4,252.1
10.4,5.3,271.1,130.3,26.6,32.7,331.1,252.4
10.5,5.4,271.6,130.3,26.6,32.7,333.9,252.2
10.4,5.3,271.4,130.3,26.6,32.7,332.5,252.1
10.5,5.4,270.1,130.3,26.5,32.7,331.5,252.3
10.4,5.4,271.6,130.3,26.6,32.7,331.3,250.0
10.4,5.3,270.9,127.6,26.5,32.5,416.3,250.6
10.5,5.3,271.1,127.6,26.6,32.1,417.9,250.6
10.5,5.4,271.0,127.6,26.6,32.0,413.0,250.0
10.4,5.4,269.6,127.6,26.6,32.0,417.2,250.1
10.5,5.4,271.2,127.6,26.6,32.0,415.5,250.6
10.4,5.4,269.8,127.6,26.6,31.9,419.2,250.2
10.5,5.3,270.6,127.6,26.6,31.9,418.4,250.4
10.5,5.4,269.7,127.6,26.6,31.9,418.4,250.2
10.5,5.4,269.9,127.6,26.6,31.9,419.5,249.7
10.5,5.3,271.1,127.6,26.6,31.9,416.9,249.6
10.5,5.4,270.5,127.6,26.6,31.9,416.9,249.6
10.4,5.3,270.7,127.6,26.5,31.9,417.7,250.3
10.5,5.4,270.9,127.6,26.5,31.9,419.1,252.1
10.4,5.3,270.9,127.6,26.5,31.9,417.3,251.5
10.4,5.3,269.7,127.6,26.5,31.9,418.4,251.3
10.4,5.3,270.6,127.6,26.5,31.9,420.1,252.1
10.4,5.3,270.5,127.6,26.5,32.0,417.2,252.7
10.5,5.3,270.7,127.6,26.5,31.9,416.2,252.6
10.4,5.3,271.3,127.6,26.4,32.0,415.0,252.3
10.4,5.3,271.1,127.6,26.1,31.9,418.3,252.2
10.4,5.3,270.6,127.6,26.7,31.9,416.6,252.3
10.4,5.3,270.7,127.6,26.7,31.9,418.5,252.5
10.4,5.3,271.2,127.6,26.8,31.9,417.1,253.2
10.5,5.3,271.4,127.6,26.8,32.0,418.7,253.4
10.5,5.3,270.8,127.6,26.8,32.0,417.9,253.7
10.4,5.3,271.5,127.6,26.8,32.0,417.9,253.6
10.5,5.3,270.8,128.2,26.8,31.9,418.1,254.2
10.5,5.3,271.1,127.6,26.8,32.0,418.3,253.6
10.4,5.3,270.2,127.6,26.8,31.9,416.2,253.7
10.5,5.3,271.2,127.6,26.8,31.9,418.0,253.9
10.5,5.3,271.1,127.6,26.8,32.0,413.0,254.2
10.4,5.3,271.0,127.6,26.8,32.0,415.6,253.9
10.4,5.3,270.7,127.6,26.8,32.0,419.6,253.6
10.5,5.3,271.7,127.6,26.8,31.9,416.1,253.7
10.4,5.3,270.7,127.6,26.8,31.9,419.1,254.1
10.5,5.3,271.2,127.6,26.8,31.9,419.0,253.7
10.4,5.3,271.5,127.6,26.8,31.9,417.4,252.9
10.4,5.3,271.7,127.6,26.8,31.9,418.5,252.5
10.4,5.3,271.8,127.6,26.8,31.9,416.6,252.7
10.4,5.3,271.5,127.6,26.8,31.9,418.6,252.1
10.4,5.3,271.2,127.6,26.8,31.9,417.3,251.9
10.4,5.3,271.9,127.6,26.8,31.9,417.7,251.7
10.4,5.3,270.7,127.6,26.9,32.0,417.8,251.2
10.4,5.3,271.3,127.6,26.8,31.9,416.7,251.8
10.5,5.3,271.4,127.6,26.8,31.9,418.3,252.0
10.4,5.3,271.4,127.6,26.8,32.0,416.0,252.2
10.5,5.3,271.3,127.6,26.9,32.0,417.4,252.2
10.4,5.3,272.6,127.6,26.9,32.0,417.0,251.9
10.4,5.3,270.3,127.6,26.8,31.9,419.3,253.2
10.4,5.3,271.6,127.6,26.9,31.9,418.7,252.9
10.4,5.3,271.4,127.6,26.8,31.9,417.8,252.8
10.4,5.3,271.4,127.6,26.9,32.0,419.9,252.6
10.4,5.3,271.6,127.6,26.8,32.0,416.2,252.5
10.4,5.3,271.3,127.6,26.8,31.9,418.3,253.0
10.4,5.3,272.0,127.6,26.8,31.9,417.4,253.6
10.4,5.3,270.9,127.6,26.8,31.9,417.5,253.9
10.4,5.3,271.8,127.6,26.9,32.0,412.7,254.0
10.3,5.3,272.4,127.6,26.9,31.9,415.5,254.4
10.4,5.3,272.2,127.6,26.9,31.9,418.0,254.2
10.4,5.3,271.6,127.6,26.9,31.9,418.3,254.3
10.4,5.3,272.6,127.6,26.8,31.9,418.9,254.1
10.4,5.3,272.0,127.6,26.9,32.0,418.1,253.4
10.4,5.3,270.6,127.6,26.9,31.9,416.7,253.7
10.4,5.2,271.3,127.6,26.9,31.9,417.0,253.8
10.4,5.3,270.5,127.6,26.9,32.0,417.3,252.7
10.3,5.3,271.7,127.6,26.9,31.9,416.1,252.7
10.4,5.3,271.6,127.6,26.9,32.0,418.5,252.5
10.4,5.3,271.6,127.6,26.9,32.0,418.7,252.4
10.4,5.3,271.8,127.6,26.9,31.9,417.8,252.1
10.4,5.3,271.8,127.6,26.8,31.9,419.7,252.3
10.4,5.3,271.6,127.6,26.8,31.9,419.1,251.4
10.3,5.3,271.7,127.6,26.9,31.9,417.2,251.6
10.3,5.3,271.3,127.6,26.9,31.9,417.6,251.1
10.3,5.3,271.4,127.6,26.9,31.9,415.8,251.0
10.4,5.3,271.1,127.6,26.9,32.0,417.9,251.2
10.4,5.3,271.0,127.6,26.9,32.0,417.8,251.2
10.4,5.3,270.8,127.6,26.8,31.9,418.0,250.9
10.3,5.3,270.6,127.6,26.9,32.0,419.7,251.8
10.4,5.3,271.6,127.6,26.9,32.0,417.9,251.4
10.4,5.3,270.7,127.6,26.9,31.9,418.7,251.8
10.4,5.3,272.0,127.6,26.9,31.9,419.1,251.8
10.4,5.3,271.3,127.6,26.9,31.9,417.3,252.1
10.4,5.3,271.6,127.6,26.9,31.9,419.1,251.8
10.3,5.3,270.8,127.6,26.9,31.9,418.7,251.6
10.4,5.3,270.9,127.6,26.9,31.9,411.0,253.2
10.4,5.3,271.7,127.6,26.9,32.0,417.9,252.4
10.3,5.2,271.4,127.6,27.0,32.0,417.3,252.3
10.3,5.3,271.1,127.6,26.9,31.9,417.1,252.0
10.4,5.3,270.7,127.6,26.9,31.9,416.1,251.7
10.4,5.3,271.5,127.6,26.9,31.9,417.1,251.6
10.4,5.3,270.7,127.6,26.9,31.9,416.5,251.4
10.4,5.2,271.0,127.6,26.9,31.9,418.8,251.4
10.3,5.2,271.1,127.6,26.9,31.9,416.8,251.9
10.3,5.2,270.3,127.6,26.9,31.9,418.3,252.2
10.4,5.3,271.2,127.6,26.9,31.9,416.4,252.5
10.3,5.2,271.4,127.6,26.9,31.9,417.9,253.2
10.3,5.2,271.0,127.6,26.9,31.9,418.1,252.9
10.3,5.3,271.4,127.6,26.9,31.9,418.9,253.7
10.4,5.3,271.9,127.6,26.9,31.9,415.4,253.9
10.4,5.3,271.7,127.6,26.9,31.9,418.0,253.2
10.4,5.3,271.9,126.9,26.8,31.9,418.6,253.4
10.3,5.3,271.5,127.6,26.9,31.9,418.1,253.5
10.4,5.3,271.4,127.6,26.9,31.9,417.2,253.0
10.4,5.3,270.7,126.9,26.9,31.9,418.1,252.8
10.4,5.3,271.9,127.6,26.9,31.9,417.4,253.4
10.4,5.3,270.8,127.6,26.9,31.9,417.3,253.3
10.4,5.3,272.0,127.6,26.9,31.9,419.9,252.1
10.3,5.2,271.4,126.9,26.9,31.9,418.6,251.7
10.3,5.3,270.7,127.6,26.9,31.9,417.2,251.4
10.3,5.3,270.9,127.6,26.9,31.9,416.9,251.0
10.3,5.2,271.2,126.9,26.9,31.9,417.4,251.7
10.3,5.2,271.7,127.6,26.9,31.8,417.8,251.6
10.3,5.3,271.1,126.9,26.9,31.8,413.2,252.5
10.4,5.3,271.4,127.6,26.9,31.9,411.7,252.6
10.4,5.3,271.5,126.9,26.9,31.9,418.4,252.5
10.3,5.2,272.0,126.9,26.9,31.9,415.7,252.7
10.3,5.2,271.3,126.9,26.9,31.8,417.8,253.2
10.3,5.2,272.5,127.6,26.9,31.9,418.1,253.1
10.3,5.3,272.2,127.6,26.9,31.9,418.7,253.3
10.4,5.3,271.6,127.6,26.9,31.8,417.9,253.5
10.4,5.3,270.8,127.6,27.0,31.9,416.8,252.9
10.3,5.3,271.0,127.6,27.0,31.9,418.1,252.6
10.3,5.2,270.9,127.6,27.0,31.9,417.6,252.4
10.4,5.2,271.4,126.9,27.0,31.9,417.6,252.5
10.3,5.2,271.6,126.9,26.9,31.9,418.7,252.6
10.3,5.3,270.2,127.6,26.9,31.9,417.2,251.9
10.3,5.2,270.6,126.9,27.0,31.9,418.1,251.8
10.3,5.2,272.0,126.9,26.9,31.8,418.4,251.7
10.3,5.2,271.7,126.9,26.9,31.8,418.5,251.5
10.3,5.2,272.2,126.9,26.9,31.8,418.5,251.2
10.3,5.3,271.4,126.9,26.9,31.8,417.5,251.1
10.4,5.3,270.3,126.9,26.9,31.8,419.3,251.2
10.4,5.3,271.7,126.9,26.9,31.8,417.7,251.6
10.3,5.3,271.1,126.9,26.9,31.8,417.8,251.9
10.4,5.3,271.2,126.9,26.9,31.8,419.5,251.9
10.3,5.3,270.9,126.9,26.9,31.8,417.5,251.5
10.3,5.3,271.6,126.9,26.9,31.8,416.1,251.6
10.3,5.3,271.2,126.9,26.9,31.8,417.5,251.0
10.3,5.3,271.0,126.9,26.9,31.8,417.7,251.2
10.3,5.3,271.7,126.9,26.9,31.7,413.1,251.1
10.3,5.3,271.8,126.9,26.9,31.8,413.3,250.6
10.3,5.3,271.9,126.9,26.8,31.7,418.3,250.0
10.3,5.3,271.1,126.2,26.8,31.8,416.8,250.0
10.3,5.3,271.3,126.2,26.9,31.7,418.8,250.2
10.3,5.3,271.2,126.9,26.9,31.7,418.5,250.2
10.3,5.2,271.4,126.2,26.8,31.7,419.8,250.1
10.3,5.3,271.4,126.9,26.9,31.7,417.1,250.0
10.3,5.3,271.3,126.9,26.9,31.7,417.8,249.8
10.3,5.3,270.9,126.9,26.9,31.8,417.8,249.8
10.3,5.3,272.0,126.9,26.9,31.7,420.1,249.4
10.3,5.3,272.1,126.2,26.9,31.7,417.6,249.8
10.3,5.3,270.7,126.9,26.8,31.7,418.4,250.3
10.3,5.3,271.4,126.9,26.8,31.7,416.3,250.4
10.4,5.3,271.3,126.9,26.9,31.7,417.7,251.0
10.3,5.3,271.0,126.9,26.9,31.7,416.9,250.9
10.3,5.2,270.7,126.9,26.8,31.7,418.3,250.9
10.4,5.3,272.0,126.9,26.9,31.7,416.6,250.7
10.3,5.2,271.8,126.9,26.9,31.7,417.7,250.7
10.3,5.2,270.6,126.9,26.8,31.7,417.5,251.0
10.3,5.2,271.6,126.2,26.8,31.7,417.0,250.9
10.3,5.3,271.9,126.9,26.8,31.7,416.9,251.5
10.3,5.2,272.1,126.9,26.9,31.7,419.0,251.0
10.3,5.3,272.0,126.9,26.8,31.7,413.6,250.6
10.3,5.2,271.3,126.9,26.8,31.7,417.8,250.6
10.3,5.2,271.2,126.2,26.8,31.7,419.0,250.4
10.3,5.2,271.9,126.2,26.8,31.7,418.3,250.6
10.3,5.2,271.3,126.2,26.8,31.7,418.7,250.4
10.3,5.2,271.5,126.9,26.8,31.7,419.6,250.3
10.3,5.3,271.3,126.2,26.8,31.7,416.5,250.1
10.3,5.2,271.4,126.2,26.8,31.7,417.2,250.4
10.3,5.2,271.9,126.2,26.8,31.7,416.8,250.0
10.3,5.2,271.6,126.2,26.8,31.7,419.5,250.3
10.3,5.2,270.4,126.2,26.8,31.7,419.1,250.2
10.3,5.2,271.8,126.2,26.8,31.7,417.0,250.1
10.3,5.2,270.9,126.2,26.8,31.6,418.2,250.0
10.3,5.2,271.2,126.2,26.8,31.7,417.0,250.0
10.3,5.2,271.3,126.2,26.8,31.7,418.5,249.7
10.3,5.2,271.2,126.2,26.8,31.7,417.2,250.0
10.3,5.2,271.3,126.2,26.8,31.6,416.8,249.9
10.3,5.2,271.9,126.2,26.8,31.7,417.3,250.0
10.3,5.2,271.8,126.2,26.8,31.7,417.4,249.7
10.3,5.2,271.4,126.2,26.8,31.6,416.3,250.5
10.3,5.2,270.6,126.2,26.8,31.6,419.7,250.4
10.3,5.2,272.1,126.2,26.8,31.6,418.9,250.4
10.3,5.2,271.1,126.2,26.8,31.6,419.4,250.5
10.3,5.2,271.7,126.2,26.8,31.6,417.1,250.4
10.3,5.2,272.2,126.2,26.7,31.6,417.9,250.7
10.3,5.2,271.5,126.2,26.7,31.6,417.5,250.7
10.3,5.2,271.3,126.2,26.7,31.6,413.2,250.9
10.3,5.2,271.0,126.2,26.8,31.6,418.2,251.0
10.3,5.2,272.4,125.5,26.7,31.6,419.3,251.1
10.3,5.2,271.9,126.2,26.7,31.6,418.2,251.0
10.3,5.2,270.4,126.2,26.8,31.6,417.6,251.1
10.3,5.2,270.6,126.2,26.7,31.6,417.3,250.2
10.3,5.2,271.6,126.2,26.7,31.6,418.3,250.6
10.3,5.2,271.3,126.2,26.7,31.6,418.6,250.3
10.3,5.2,272.4,126.2,26.7,31.6,418.6,250.5
10.3,5.2,272.0,126.2,26.6,31.6,417.5,250.0
10.3,5.2,271.8,125.5,26.7,31.6,416.7,250.1
10.3,5.2,272.2,126.2,26.7,31.6,418.2,249.9
10.3,5.2,270.7,125.5,26.7,31.6,418.1,249.4
10.3,5.2,271.4,125.5,26.6,31.6,418.0,249.4
10.3,5.2,270.7,125.5,26.6,31.6,416.9,249.6
10.3,5.2,271.3,125.5,26.6,31.5,418.6,249.3
10.3,5.2,271.7,125.5,26.6,31.5,417.2,249.3
10.3,5.2,270.9,125.5,26.6,31.5,416.7,249.7
10.3,5.2,271.7,125.5,26.6,31.5,418.7,249.3
10.3,5.2,271.8,125.5,26.6,31.5,417.8,249.5
10.3,5.2,270.7,125.5,26.6,31.5,418.0,250.0
10.3,5.2,271.5,125.5,26.6,31.5,418.7,250.4
10.3,5.2,271.7,125.5,26.6,31.5,419.1,250.4
10.3,5.2,271.7,125.5,26.6,31.5,419.7,250.3
10.3,5.2,271.6,125.5,26.6,31.5,412.6,250.3
10.3,5.2,271.0,125.5,26.6,31.5,415.8,250.2
10.3,5.2,271.8,125.5,26.6,31.5,418.7,249.7
10.3,5.2,271.7,125.5,26.6,31.5,419.1,249.8
10.3,5.2,271.5,125.5,26.6,31.5,418.7,249.6
10.3,5.2,272.0,125.5,26.6,31.5,417.9,249.0
10.2,5.2,271.1,125.5,26.6,31.5,418.6,250.3
10.3,5.1,271.6,125.5,26.6,31.5,421.2,250.5
10.3,5.2,272.5,125.5,26.6,31.5,420.0,250.0
10.2,5.2,271.9,125.5,26.6,31.5,416.6,250.9
10.3,5.2,271.7,125.5,26.6,31.5,418.3,249.4
10.2,5.1,271.7,125.5,26.6,31.5,418.4,248.8
10.3,5.2,271.1,125.5,26.6,31.5,419.5,248.0
10.2,5.2,271.2,125.5,26.5,31.5,418.3,248.1
10.3,5.2,271.2,125.5,26.6,31.5,418.4,246.6
10.2,5.1,271.2,124.8,26.6,31.5,417.4,246.6
10.2,5.2,270.9,125.5,26.6,31.5,415.6,247.3
10.3,5.2,270.5,125.5,26.5,31.4,416.9,246.4
10.2,5.1,270.2,124.8,26.6,31.5,418.5,247.0
10.3,5.2,270.2,125.5,26.6,31.4,418.4,246.8
10.2,5.2,270.6,124.8,26.5,31.4,418.7,246.8
10.2,5.2,271.5,124.8,26.5,31.4,415.4,247.1
10.3,5.1,270.9,124.8,26.5,31.4,417.5,247.2
10.2,5.2,270.1,124.8,26.5,31.4,417.8,247.7
10.2,5.2,271.1,124.8,26.5,31.5,417.0,247.9
10.3,5.2,270.8,124.8,26.5,31.4,417.5,247.6
10.2,5.1,270.9,124.8,26.5,31.5,418.9,247.8
10.2,5.1,271.0,124.8,26.5,31.4,413.5,248.0
10.2,5.1,271.5,124.8,26.5,31.4,416.9,248.2
10.2,5.2,271.5,124.8,26.5,31.4,418.7,247.9
10.2,5.1,271.3,124.8,26.5,31.4,419.3,247.4
10.2,5.1,270.6,124.8,26.5,31.4,418.4,247.3
10.2,5.1,269.8,124.8,26.5,31.4,418.7,246.9
10.2,5.1,270.3,124.8,26.5,31.4,419.7,247.1
10.2,5.2,270.6,124.8,26.5,31.4,420.8,247.0
10.2,5.1,270.7,124.8,26.5,31.4,419.9,247.2
10.2,5.1,270.9,124.8,26.5,31.3,419.5,248.6
10.2,5.1,270.7,124.8,26.5,31.4,418.1,247.2
10.2,5.1,271.7,124.8,26.5,31.4,416.4,248.2
10.2,5.1,271.1,124.8,26.5,31.4,420.3,247.9
10.2,5.1,271.8,124.8,26.5,31.4,418.3,248.3
10.2,5.1,271.2,124.8,26.4,31.4,418.7,248.2
10.2,5.1,271.4,124.8,26.4,31.4,416.2,247.8
10.2,5.1,270.4,124.8,26.5,31.4,420.6,247.8
10.2,5.1,270.9,124.8,26.4,31.4,418.3,247.2
10.2,5.1,270.6,124.8,26.4,31.4,417.3,247.2
10.2,5.1,271.1,124.8,26.5,31.4,419.1,246.2
10.1,5.1,270.4,124.8,26.4,31.4,419.0,246.1
10.2,5.1,270.2,124.8,26.5,31.3,418.0,246.2
10.2,5.1,271.4,124.1,26.4,31.3,418.0,246.4
10.2,5.1,269.7,124.8,26.4,31.4,412.6,245.8
10.2,5.1,271.1,124.8,26.4,31.3,419.3,245.8
10.1,5.1,270.2,124.1,26.4,31.3,418.9,245.9
10.2,5.1,270.3,124.1,26.4,31.3,417.4,245.9
10.2,5.1,271.2,124.1,26.4,31.3,418.4,246.4
10.2,5.1,270.3,124.1,26.4,31.2,418.9,246.7
10.2,5.1,271.8,124.1,26.4,31.2,420.2,246.8
10.1,5.1,271.2,124.1,26.4,31.2,418.0,247.9
10.2,5.1,271.1,124.1,26.4,31.2,418.5,247.7
10.2,5.1,271.5,124.1,26.4,31.2,418.1,247.5
10.2,5.1,271.5,124.1,26.3,31.2,418.7,247.9
10.2,5.1,271.6,124.1,26.3,31.2,418.4,247.2
10.1,5.1,271.0,124.1,26.3,31.2,419.3,246.6
10.2,5.1,271.5,124.1,26.3,31.2,418.8,246.8
10.2,5.1,270.7,124.1,26.3,31.2,416.7,246.4
10.1,5.1,270.4,124.1,26.3,31.2,418.6,246.5
10.1,5.0,271.1,124.1,26.3,31.2,416.4,246.7
10.1,5.1,271.5,124.1,26.3,31.1,417.8,247.8
10.2,5.1,270.9,124.1,26.3,31.2,417.3,247.6
10.1,5.1,271.8,124.1,26.3,31.1,418.1,248.0
10.1,5.1,271.6,124.1,26.3,31.1,417.2,248.2
10.1,5.0,272.7,124.1,26.3,31.2,417.4,248.4
10.1,5.1,272.7,124.1,26.3,31.1,419.7,248.1
10.1,5.1,271.2,124.1,26.3,31.1,413.2,247.8
10.2,5.1,271.5,124.1,26.3,31.2,417.7,246.8
10.1,5.1,271.2,124.1,26.3,31.2,419.4,245.8
10.1,5.1,271.2,123.4,26.3,31.1,419.2,244.2
10.1,5.1,271.0,123.4,26.3,31.1,417.8,243.9
10.1,5.1,271.3,123.4,26.3,31.1,418.7,243.7
10.1,5.1,271.0,123.4,26.2,31.1,419.2,243.1
10.1,5.1,270.3,123.4,26.3,31.1,417.3,243.0
10.0,5.1,270.5,123.4,26.3,31.1,417.6,243.1
10.1,5.1,269.7,123.4,26.2,31.1,417.1,243.3
10.2,5.1,271.2,123.4,26.2,31.1,418.1,243.2
10.1,5.1,270.6,123.4,26.3,31.1,418.0,242.8
10.1,5.1,270.9,123.4,26.2,31.0,416.4,243.6
10.1,5.1,270.9,123.4,26.2,31.1,416.8,243.9
10.1,5.1,271.6,123.4,26.3,31.1,415.7,243.5
10.0,5.1,271.1,123.4,26.2,31.1,418.4,244.3
10.1,5.1,271.4,123.4,26.2,31.0,416.9,244.0
10.0,5.0,270.7,123.4,26.2,31.1,419.0,243.7
10.0,5.1,271.1,122.7,26.1,31.0,418.6,243.2
10.0,5.1,271.3,122.7,26.1,31.0,418.6,243.2
10.1,5.1,271.5,122.7,26.1,31.0,420.5,242.6
10.1,5.1,271.0,122.7,26.1,31.0,420.1,242.8
10.0,5.1,270.8,122.7,26.1,31.0,417.6,242.9
10.1,5.1,271.0,122.7,26.2,31.0,416.2,242.7
10.1,5.1,271.1,122.7,26.2,31.0,419.9,242.0
10.0,5.1,271.4,122.7,26.2,31.0,418.0,241.9
10.0,5.1,271.8,122.7,26.1,31.0,418.3,240.3
10.1,5.1,272.6,122.7,26.1,31.0,420.2,240.3
10.0,5.1,271.0,122.7,26.1,30.9,411.3,240.1
10.0,5.1,271.8,122.7,26.1,30.9,418.0,239.3
10.0,5.1,271.4,122.7,26.1,31.0,416.9,239.7
10.1,5.1,272.1,122.7,26.1,30.9,418.1,239.5
10.0,5.1,270.4,122.0,26.1,30.9,415.8,239.5
10.0,5.1,271.4,122.7,26.1,30.9,418.6,239.2
10.1,5.1,271.6,122.0,26.1,30.9,420.0,239.2
10.0,5.1,271.8,122.0,26.1,30.9,417.2,239.5
10.0,5.1,270.7,122.0,26.0,30.9,418.6,239.4
10.1,5.1,271.3,122.0,26.0,30.9,418.5,239.4
10.1,5.2,270.5,122.0,26.1,30.9,418.8,239.4
10.0,5.1,271.9,122.0,26.1,30.9,419.3,239.4
10.0,5.1,271.5,122.0,26.1,30.9,416.0,239.1
10.0,5.1,271.2,122.0,26.0,30.9,419.2,238.8
10.1,5.1,271.4,122.0,26.0,30.8,418.3,238.4
10.1,5.2,270.1,122.0,26.0,30.9,418.0,238.0
10.0,5.1,270.8,122.0,26.0,30.9,419.7,238.1
10.1,5.1,271.0,122.0,26.1,30.9,417.6,238.4
10.0,5.1,271.6,122.0,26.0,30.9,418.4,238.7
10.0,5.1,272.1,122.0,26.0,30.9,418.7,239.0
10.1,5.1,271.3,122.0,26.0,30.9,418.5,238.9
10.0,5.1,271.9,122.0,26.0,30.9,420.2,239.0
10.0,5.1,272.1,122.0,26.0,30.8,412.5,239.3
10.0,5.1,271.3,122.0,26.0,30.9,417.3,239.2
10.1,5.1,271.5,122.0,26.0,30.9,418.3,239.5
10.0,5.1,271.9,122.0,26.0,30.9,416.4,239.4
10.0,5.1,271.8,122.0,26.0,30.9,418.3,239.1
10.0,5.1,271.5,122.0,26.0,30.8,418.9,239.9
10.0,5.1,271.9,122.0,26.0,30.8,416.5,240.7
10.1,5.2,271.8,122.0,26.0,30.9,417.6,241.6
10.2,5.2,273.1,122.0,26.0,30.8,418.3,240.8
10.0,5.2,271.7,122.0,26.0,30.9,419.1,240.0
10.0,5.2,272.1,122.0,26.0,30.9,419.2,239.7
10.1,5.2,271.5,122.0,26.0,30.8,417.7,239.0
10.0,5.2,271.3,122.0,26.0,30.9,417.8,238.3
10.1,5.2,270.5,122.0,26.0,30.8,418.6,237.9
10.1,5.2,270.6,122.0,26.0,30.9,418.5,237.2
10.0,5.1,270.8,122.0,26.0,30.8,417.9,236.5
10.0,5.1,270.7,122.0,26.0,30.8,417.9,236.2
10.0,5.1,269.9,122.0,26.0,30.9,419.0,235.8
10.0,5.1,270.8,122.0,26.0,30.8,416.7,236.5
10.0,5.1,271.4,122.0,26.0,30.8,418.3,236.9
10.0,5.1,271.9,122.0,26.0,30.8,417.8,237.9
10.0,5.2,272.1,122.0,26.0,30.8,419.7,238.2
10.0,5.1,271.7,122.0,26.0,30.8,418.1,238.4
10.0,5.1,272.0,122.0,26.0,30.8,417.4,238.5
10.2,5.2,270.6,122.0,26.0,30.8,418.0,237.3
10.0,5.2,271.4,121.4,25.9,30.8,419.3,237.0
10.0,5.2,272.5,122.0,25.9,30.7,413.1,237.0
10.1,5.2,271.7,122.0,26.0,30.8,418.9,236.0
10.0,5.2,271.2,122.0,26.0,30.8,418.6,235.4
10.0,5.2,270.5,121.4,26.0,30.7,421.8,233.4
10.0,5.2,270.7,121.4,26.0,30.7,418.0,233.1
10.0,5.2,271.0,121.4,25.9,30.7,418.1,231.0
10.0,5.2,271.5,120.7,25.9,30.7,418.0,230.8
10.0,5.2,271.5,120.7,25.9,30.7,415.6,230.8
10.0,5.2,271.0,121.4,25.9,30.7,419.2,231.7
10.0,5.2,271.7,121.4,26.0,30.7,417.2,232.2
10.0,5.2,271.6,121.4,26.0,30.6,417.7,232.9
10.0,5.2,272.1,121.4,26.0,30.7,417.8,233.2
10.0,5.2,271.6,121.4,26.0,30.7,419.2,233.8
10.0,5.2,273.1,121.4,26.0,30.7,416.8,234.1
10.0,5.2,270.8,121.4,26.0,30.7,417.6,233.6
10.0,5.2,272.0,121.4,26.0,30.7,417.1,233.5
10.0,5.2,271.9,121.4,26.0,30.7,417.3,232.6
10.0,5.2,272.4,120.7,25.9,30.7,419.8,231.9
10.0,5.2,271.8,121.4,25.9,30.7,417.2,231.6
10.0,5.2,271.8,121.4,25.9,30.7,419.0,231.6
10.0,5.2,270.8,121.4,25.9,30.7,417.5,230.7
10.0,5.3,270.8,120.7,25.8,30.7,419.2,230.8
10.0,5.3,271.5,121.4,26.4,30.7,415.8,230.9
10.0,5.2,271.2,121.4,26.5,30.6,411.8,231.5
10.0,5.2,271.1,121.4,26.6,30.7,417.0,232.2
10.0,5.3,271.3,121.4,26.6,30.7,418.8,232.8
10.0,5.2,273.0,121.4,26.7,30.6,416.8,233.5
10.1,5.3,272.8,121.4,26.7,30.7,416.8,232.8
10.0,5.2,272.2,121.4,26.8,30.7,418.2,233.2
10.0,5.2,272.3,121.4,26.7,30.7,415.1,233.1
10.0,5.2,272.1,120.7,26.7,30.7,417.2,232.8
10.0,5.2,271.8,121.4,26.8,30.6,415.2,232.5
10.0,5.2,272.8,120.7,26.8,30.6,417.0,232.2
10.0,5.2,271.1,121.4,26.8,30.6,417.8,231.6
10.0,5.2,270.9,121.4,26.8,30.6,418.3,230.9
10.0,5.2,271.0,120.7,26.7,30.6,417.2,230.4
10.0,5.2,271.2,120.7,26.7,30.7,416.8,230.2
10.0,5.2,271.2,120.7,26.8,30.6,416.5,230.6
10.0,5.2,270.9,120.7,26.8,30.6,417.1,231.3
10.0,5.2,271.5,120.7,26.8,30.6,417.3,232.0
10.0,5.2,271.3,120.7,26.8,30.6,414.6,232.7
10.0,5.2,272.9,120.7,26.8,30.7,415.8,233.2
10.0,5.3,271.8,121.4,26.8,30.7,418.2,233.0
10.0,5.2,271.9,120.7,26.7,30.6,416.2,232.7
10.0,5.2,272.2,120.7,26.8,30.6,416.8,232.4
10.0,5.2,271.8,120.7,26.7,30.6,417.4,232.5
10.1,5.3,272.2,121.4,26.8,30.7,411.5,231.9
10.0,5.2,271.3,120.7,26.7,30.7,417.2,231.2
10.0,5.2,270.7,120.7,26.8,30.7,417.7,231.0
10.0,5.2,270.9,120.7,26.7,30.6,418.7,230.3
10.0,5.2,271.1,120.7,26.6,30.6,417.7,230.1
10.0,5.2,271.8,120.7,26.7,30.6,415.6,230.3
10.0,5.2,271.7,120.7,26.6,30.6,417.3,230.4
10.0,5.2,269.5,120.7,26.6,30.5,417.9,230.4
10.0,5.2,271.6,120.7,26.6,30.6,418.2,231.0
10.0,5.2,271.4,120.7,26.7,30.6,416.1,231.4
10.0,5.2,270.1,120.7,26.6,30.5,415.7,231.4
10.0,5.2,271.7,120.7,26.6,30.6,417.0,231.7
10.0,5.2,272.4,120.7,26.6,30.5,417.3,231.3
10.0,5.2,271.2,120.7,26.6,30.5,415.4,231.1
10.0,5.2,271.8,120.7,26.6,30.5,417.8,230.6
10.0,5.2,270.4,120.7,26.6,30.5,415.1,230.2
10.0,5.2,271.1,120.7,26.6,30.5,416.8,229.9
10.0,5.2,271.3,120.7,26.6,30.5,418.2,230.2
10.0,5.2,270.8,120.7,26.6,30.5,417.1,230.1
10.0,5.2,271.4,120.0,26.6,30.5,416.7,230.3
10.0,5.2,270.9,120.0,26.6,30.5,417.1,231.0
10.0,5.2,270.9,120.7,26.6,30.5,416.3,231.5
10.0,5.2,271.5,120.7,26.6,30.5,416.9,231.6
10.0,5.2,271.5,120.0,26.6,30.5,418.8,231.7
10.0,5.2,270.6,120.0,26.5,30.4,417.6,231.7
10.0,5.2,271.6,120.0,26.5,30.5,417.1,231.5
10.0,5.2,271.7,120.0,26.5,30.4,413.0,231.4
10.0,5.2,271.0,120.0,26.6,30.5,415.0,231.5
10.0,5.2,271.6,120.0,26.6,30.5,416.5,230.8
10.0,5.2,271.5,120.0,26.5,30.4,415.1,230.9
10.0,5.2,271.5,120.0,26.5,30.5,415.2,230.5
10.0,5.2,271.2,120.0,26.5,30.4,418.3,230.7
10.0,5.2,270.8,120.0,26.5,30.5,418.9,231.2
10.0,5.2,271.9,120.0,26.6,30.5,416.9,231.1
10.0,5.2,271.4,120.0,26.5,30.4,417.3,231.4
10.0,5.2,271.6,120.0,26.5,30.4,417.3,231.1
10.0,5.2,270.6,120.0,26.5,30.4,415.9,231.0
10.0,5.2,271.8,120.0,26.5,30.4,419.3,230.6
10.0,5.2,271.0,120.0,26.5,30.5,417.8,230.6
10.0,5.2,271.9,120.0,26.5,30.4,416.6,230.8
10.0,5.2,271.1,120.0,26.5,30.4,419.2,230.9
10.0,5.2,271.4,120.0,26.5,30.4,417.5,230.8
10.0,5.2,271.1,120.0,26.5,30.4,415.6,231.3
10.0,5.2,272.1,120.0,26.5,30.4,417.1,232.2
10.0,5.2,271.6,120.0,26.5,30.5,415.9,231.9
10.0,5.2,270.8,120.0,26.5,30.4,415.0,231.7
10.1,5.2,270.3,120.0,26.5,30.4,417.6,231.3
10.0,5.2,271.0,120.0,26.6,30.5,418.5,231.2
10.0,5.2,270.2,120.0,26.5,30.4,417.4,231.3
10.0,5.2,271.1,120.0,26.5,30.4,413.0,231.4
10.0,5.2,270.7,120.0,26.5,30.4,418.3,231.6
10.0,5.2,272.0,120.0,26.5,30.4,415.4,232.1
10.0,5.2,272.2,120.0,26.5,30.4,414.9,232.3
10.0,5.2,272.0,120.0,26.5,30.4,418.9,232.7
10.0,5.2,271.3,120.0,26.5,30.4,418.1,233.0
10.0,5.2,272.3,120.0,26.5,30.4,418.5,232.9
10.0,5.2,271.9,120.0,26.6,30.4,416.0,232.4
10.0,5.2,271.6,120.0,26.6,30.5,416.1,232.3
10.0,5.2,271.5,120.0,26.6,30.4,416.8,232.1
10.1,5.2,271.1,120.0,26.5,30.4,416.4,231.6
10.1,5.2,271.7,120.0,26.5,30.4,417.4,231.2
10.0,5.2,271.9,120.0,26.5,30.5,416.2,231.0
10.0,5.2,270.7,120.0,26.5,30.4,417.5,231.0
10.0,5.2,271.1,120.0,26.5,30.4,416.1,231.0
10.0,5.2,271.8,120.0,26.5,30.4,418.6,231.7
10.0,5.2,271.7,120.0,26.5,30.4,416.9,232.1
10.1,5.2,271.2,120.0,26.5,30.4,416.8,232.5
10.0,5.2,271.6,120.0,26.5,30.4,417.6,232.7
10.0,5.3,271.2,120.0,26.5,30.4,417.0,232.6
10.0,5.2,271.3,120.0,26.5,30.4,415.8,232.4
10.0,5.2,271.0,120.0,26.5,30.4,415.8,232.2
10.1,5.2,272.0,120.0,26.5,30.4,417.9,232.3
10.0,5.2,271.8,120.0,26.5,30.4,416.4,232.4
10.0,5.2,271.6,120.0,26.5,30.4,416.4,232.6
10.1,5.3,271.1,120.0,26.6,30.4,418.0,232.0
10.0,5.2,271.4,120.0,26.5,30.5,416.0,232.1
10.0,5.2,272.0,120.0,26.5,30.4,412.0,232.4
10.0,5.2,271.1,120.0,26.5,30.4,417.0,232.7
10.1,5.2,272.0,120.0,26.5,30.4,418.5,232.9
10.1,5.3,271.6,120.0,26.5,30.4,415.6,232.8
10.0,5.2,272.7,120.0,26.5,30.4,418.3,232.9
10.0,5.2,270.6,120.0,26.6,30.4,416.4,233.3
10.1,5.3,271.7,120.0,26.5,30.4,416.8,233.3
10.0,5.2,271.5,120.0,26.5,30.4,416.8,232.5
10.0,5.2,271.9,120.0,26.5,30.4,417.2,232.7
10.1,5.3,271.8,120.0,26.5,30.4,417.2,232.4
10.1,5.3,270.5,120.0,26.5,30.5,417.4,231.9
10.0,5.2,271.7,120.0,26.6,30.4,416.1,231.7
10.0,5.2,271.5,120.0,26.6,30.5,417.8,231.6
10.0,5.2,271.0,120.0,26.5,30.5,417.5,232.1
10.1,5.3,270.5,120.0,26.6,30.5,415.4,232.0
10.1,5.3,271.7,120.0,26.6,30.5,417.3,232.1
10.0,5.2,270.9,120.7,26.5,30.4,416.0,232.3
10.0,5.2,271.8,120.7,26.6,30.5,418.4,232.5
10.1,5.3,271.7,120.0,26.6,30.5,418.3,232.6
10.0,5.2,272.0,120.0,26.6,30.5,417.3,233.1
10.0,5.2,271.2,120.7,26.5,30.5,416.9,233.3
10.1,5.3,271.2,120.0,26.5,30.5,417.2,233.5
10.0,5.2,272.6,120.7,26.6,30.5,416.9,233.2
10.0,5.2,270.8,120.7,26.6,30.5,416.7,233.2
10.0,5.2,270.8,120.7,26.6,30.5,416.0,233.0
10.0,5.2,271.4,120.7,26.6,30.5,416.7,233.1
10.0,5.2,270.9,120.7,26.6,30.5,410.9,232.8
10.1,5.3,271.4,120.7,26.6,30.5,409.6,232.8
10.0,5.2,271.3,120.7,26.6,30.6,416.5,233.0
10.0,5.2,272.0,120.7,26.6,30.6,417.2,233.3
10.1,5.3,271.4,120.7,26.6,30.5,416.5,233.7
10.1,5.3,272.1,120.7,26.6,30.5,417.8,233.7
10.1,5.3,271.5,120.7,26.7,30.6,417.7,237.0
10.1,5.2,272.2,121.4,26.6,30.6,416.8,237.3
10.2,5.3,272.2,121.4,26.7,30.6,416.5,237.3
10.1,5.2,272.2,121.4,26.6,30.6,413.9,238.5
10.2,5.3,272.2,121.4,26.7,30.6,417.0,237.7
10.1,5.2,272.5,121.4,26.6,30.6,417.3,237.4
10.1,5.2,271.8,121.4,26.6,30.6,418.1,236.6
10.1,5.2,271.7,121.4,26.7,30.6,417.6,236.1
10.1,5.2,272.0,121.4,26.7,30.6,417.7,236.2
10.2,5.2,271.8,121.4,26.7,30.6,419.9,236.0
10.1,5.2,271.4,121.4,26.7,30.6,416.7,235.9
10.1,5.2,271.0,121.4,26.8,30.7,418.6,235.8
10.1,5.2,272.3,121.4,26.7,30.7,417.6,236.1
10.1,5.2,272.2,121.4,26.8,30.7,418.3,236.2
10.2,5.3,272.2,121.4,26.7,30.7,417.3,235.8
10.1,5.2,270.9,121.4,26.7,30.7,415.9,236.0
10.1,5.2,271.5,121.4,26.8,30.7,416.5,236.0
10.1,5.2,271.1,121.4,26.8,30.7,419.9,236.2
10.2,5.3,272.2,121.4,26.8,30.7,415.1,236.4
10.2,5.3,271.2,121.4,26.8,30.7,414.8,236.1
10.1,5.2,270.1,121.4,26.8,30.7,417.4,235.9
10.2,5.2,271.6,122.0,26.8,30.8,412.4,235.9
10.1,5.2,270.8,122.0,26.8,30.7,416.5,235.7
10.1,5.2,271.7,121.4,26.8,30.7,415.3,235.6
10.1,5.2,271.5,122.0,26.8,30.7,416.0,236.4
10.1,5.2,271.5,121.4,26.8,30.7,417.1,236.7
10.2,5.2,270.1,122.0,26.9,30.7,416.7,237.3
10.1,5.3,271.8,122.0,26.8,30.7,415.5,237.2
10.1,5.2,272.1,122.0,26.8,30.8,418.6,237.3
10.1,5.2,270.8,122.0,26.9,30.8,415.9,237.4
10.2,5.3,271.9,122.0,26.9,30.8,416.6,237.6
10.2,5.3,271.5,122.0,26.9,30.9,417.7,237.5
10.2,5.3,272.5,122.0,26.9,30.8,417.2,237.7
10.2,5.3,271.1,122.0,26.9,30.9,414.7,237.8
10.2,5.3,272.5,122.0,26.9,30.9,415.8,237.9
10.2,5.3,271.5,122.0,26.9,30.9,417.0,237.7
10.2,5.3,271.8,122.0,26.9,30.9,416.8,237.1
10.2,5.3,272.0,122.0,26.9,30.9,416.7,240.8
10.1,5.2,272.4,122.7,26.9,30.9,417.3,240.5
10.2,5.2,272.0,122.7,26.9,30.9,417.2,240.4
10.2,5.2,272.2,122.7,26.9,30.9,416.0,240.0
10.2,5.2,271.5,122.7,26.9,30.9,417.8,240.0
10.1,5.2,271.8,122.0,26.9,30.9,416.8,240.1
10.1,5.2,271.2,122.7,26.9,31.0,419.2,240.0
10.2,5.2,272.1,122.7,26.9,30.9,415.9,240.3
10.2,5.2,271.8,122.7,26.9,31.0,416.7,240.8
10.2,5.2,271.4,122.7,26.9,30.9,412.6,241.0
10.2,5.2,271.7,122.7,26.9,31.0,417.4,240.7
10.2,5.2,271.5,122.7,26.9,30.9,417.5,240.4
10.1,5.2,270.7,122.7,26.9,31.0,416.6,240.3
10.1,5.2,271.5,122.7,26.9,30.9,416.1,240.7
10.2,5.2,271.1,122.7,26.9,31.0,416.4,240.5
10.1,5.2,272.7,122.7,26.9,30.9,418.1,240.9
10.2,5.2,271.8,122.0,26.9,31.0,417.0,240.6
10.1,5.2,270.7,122.7,27.0,31.0,416.1,240.4
10.2,5.2,271.2,122.7,27.0,31.0,415.1,240.8
10.2,5.2,271.6,122.7,27.0,31.0,414.4,239.6
10.1,5.2,270.6,122.7,26.9,31.0,416.1,239.4
10.1,5.2,272.0,122.7,27.0,31.0,419.5,239.5
10.2,5.2,272.1,122.7,27.0,30.9,418.1,239.5
10.1,5.2,271.9,122.7,26.9,30.9,418.6,239.2
10.2,5.2,271.2,122.7,27.0,31.0,414.4,239.3
10.2,5.2,271.1,122.7,27.0,31.0,415.9,239.7
10.2,5.2,271.1,122.7,26.9,31.0,418.1,239.9
10.2,5.2,271.2,122.7,27.0,31.0,416.2,241.4
10.2,5.2,272.1,122.7,27.0,31.0,410.2,240.5
10.2,5.2,271.0,122.7,27.0,31.0,416.8,240.2
10.1,5.2,272.0,122.7,26.9,31.0,416.7,240.5
10.2,5.2,272.2,122.7,27.0,31.0,416.6,240.2
10.2,5.2,270.8,122.7,26.9,31.0,416.3,240.0
10.1,5.2,271.3,122.7,27.0,31.0,417.5,239.9
10.2,5.2,270.5,122.7,27.0,31.0,414.9,240.3
10.2,5.2,272.1,122.7,26.9,31.0,416.3,240.5
10.2,5.2,271.2,122.7,27.0,31.0,417.3,240.5
10.2,5.2,272.0,122.7,26.9,31.0,418.5,240.8
10.1,5.2,270.9,122.7,27.0,31.0,418.9,240.3
10.1,5.2,271.4,122.7,27.0,31.0,417.4,240.8
10.2,5.2,271.1,122.7,27.0,31.0,418.7,240.3
10.0,5.2,271.5,122.7,27.0,31.0,416.9,241.2
10.1,5.2,271.9,122.7,27.0,31.0,417.9,241.1
10.2,5.2,271.4,122.7,27.0,31.0,417.7,240.8
10.1,5.2,271.6,122.7,27.0,31.0,417.3,241.6
10.2,5.2,272.0,122.7,27.0,31.0,417.4,241.7
10.2,5.2,271.2,122.7,27.0,31.0,417.5,241.6
10.1,5.2,272.2,122.7,27.0,31.0,415.6,241.5
10.1,5.2,271.3,122.7,27.0,31.0,417.5,241.4
10.2,5.2,271.8,122.7,27.0,31.0,418.3,241.3
10.2,5.2,271.5,122.7,27.0,31.0,415.9,241.7
10.2,5.3,271.6,122.7,27.0,31.0,412.2,241.0
10.2,5.2,271.7,122.7,27.0,31.1,417.4,241.3
10.2,5.2,271.9,122.7,27.0,31.0,416.5,240.7
10.1,5.2,271.4,122.7,27.0,31.0,417.4,241.1
10.2,5.2,271.3,122.7,27.0,31.1,416.1,242.1
10.2,5.2,271.6,123.4,27.0,31.1,418.0,242.0
10.1,5.2,271.5,123.4,27.0,31.0,418.5,242.3
10.2,5.2,272.0,122.7,26.9,31.0,417.2,242.4
10.1,5.2,271.4,122.7,27.0,31.0,417.3,242.3
10.1,5.2,272.1,122.7,27.0,31.0,416.8,242.0
10.1,5.2,271.2,122.7,27.0,31.0,418.1,241.6
10.1,5.2,271.3,122.7,27.0,31.1,415.6,243.4
10.2,5.2,271.3,123.4,27.0,31.0,418.2,242.8
10.2,5.2,271.6,123.4,27.0,31.1,417.6,242.5
10.1,5.2,271.8,122.7,27.0,31.0,416.2,242.9
10.2,5.1,270.8,122.7,27.0,31.1,417.9,242.9
10.1,5.1,270.9,123.4,27.0,31.1,418.3,243.2
10.2,5.2,271.6,122.7,26.9,31.1,417.9,243.4
10.2,5.2,271.8,123.4,26.9,31.0,416.8,244.8
10.1,5.1,272.1,123.4,27.0,31.1,415.2,244.9
10.2,5.2,272.3,123.4,26.9,31.0,416.8,244.4
10.1,5.1,271.5,123.4,26.9,31.1,416.3,244.6
10.1,5.1,271.5,123.4,26.9,31.1,417.4,244.8
10.1,5.1,271.8,123.4,27.0,31.1,417.2,245.0
10.2,5.1,271.5,123.4,27.0,31.1,418.4,245.1
10.2,5.2,271.5,123.4,27.0,31.1,417.1,244.4
10.2,5.2,271.3,123.4,27.0,31.1,417.3,244.4
10.2,5.2,271.2,123.4,26.9,31.1,416.2,244.6
10.2,5.1,272.4,123.4,26.9,31.1,414.0,245.5
10.2,5.2,271.3,123.4,27.0,31.1,417.0,245.5
10.2,5.2,272.0,123.4,26.9,31.1,416.4,245.4
10.2,5.2,271.9,123.4,26.9,31.1,415.3,246.5
10.2,5.2,272.0,123.4,27.0,31.1,416.6,246.6
10.2,5.2,271.9,123.4,27.0,31.1,415.6,249.7
10.2,5.1,271.3,123.4,27.0,31.1,417.7,248.7
10.2,5.1,273.0,123.4,27.0,31.1,416.9,248.3
10.2,5.1,272.2,123.4,27.0,31.1,417.2,248.2
10.2,5.1,270.7,123.4,27.0,31.1,417.0,249.5
10.2,5.1,271.8,124.1,27.0,31.1,418.2,249.4
10.2,5.1,272.9,123.4,27.0,31.2,417.9,249.3
10.2,5.1,271.1,123.4,27.0,31.1,416.6,249.1
10.2,5.1,272.0,124.1,27.0,31.2,416.5,248.9
10.2,5.1,271.8,124.1,27.0,31.1,416.8,248.6
10.2,5.1,271.4,124.1,27.0,31.2,416.9,248.5
10.2,5.1,272.0,124.1,27.0,31.1,417.7,248.0
10.2,5.1,271.1,124.1,27.0,31.1,415.9,248.1
10.2,5.1,270.7,124.1,27.0,31.1,414.9,247.9
10.2,5.1,271.6,124.1,27.0,31.1,416.1,249.5
10.2,5.1,270.5,124.1,27.0,31.1,418.0,249.0
10.2,5.1,271.1,124.1,27.0,31.1,415.4,249.1
10.2,5.1,271.4,124.1,27.0,31.1,417.6,248.8
10.2,5.1,271.7,124.1,27.0,31.2,416.4,249.1
10.2,5.1,271.5,124.1,27.0,31.2,417.8,248.5
10.1,5.1,271.2,124.1,27.0,31.2,416.5,248.2
10.2,5.1,271.3,124.1,27.0,31.2,416.8,247.9
10.1,5.1,271.0,124.1,27.0,31.2,417.2,247.6
10.2,5.1,271.6,124.1,27.0,31.1,418.0,248.1
10.2,5.1,271.4,124.1,27.0,31.2,413.1,248.2
10.2,5.1,271.3,124.1,27.0,31.2,416.4,248.4
10.2,5.1,272.6,124.1,27.0,31.2,417.3,248.5
10.2,5.1,271.2,124.1,27.0,31.2,418.9,248.4
10.2,5.1,271.4,124.1,27.0,31.2,415.7,248.7
10.2,5.1,272.1,124.1,27.0,31.2,415.6,249.2
10.3,5.2,271.2,124.1,27.0,31.2,418.7,249.9
10.3,5.2,271.2,124.1,27.1,31.2,417.3,250.1
10.3,5.2,271.5,124.1,27.0,31.2,417.0,249.9
10.3,5.2,271.9,124.8,27.0,31.3,414.0,250.0
10.2,5.2,271.1,124.8,27.1,31.2,420.5,249.9
10.2,5.2,271.1,124.1,27.0,31.3,416.4,249.6
10.3,5.2,271.6,124.8,27.1,31.3,417.0,249.8
10.2,5.2,271.4,124.8,27.1,31.3,418.1,249.2
10.2,5.1,270.4,124.8,27.1,31.4,418.6,249.5
10.3,5.1,271.1,124.8,27.0,31.3,416.1,249.6
10.2,5.1,272.9,124.8,27.1,31.3,417.6,249.9
10.2,5.2,271.1,124.8,27.1,31.4,416.0,249.8
10.3,5.2,271.6,124.8,27.1,31.4,415.3,249.5
10.2,5.1,271.5,124.8,27.1,31.3,417.2,249.2
10.2,5.1,271.4,124.8,27.1,31.4,415.3,249.7
10.2,5.2,271.1,124.8,27.1,31.4,419.8,249.6
10.3,5.2,271.9,124.8,27.1,31.3,415.3,249.3
10.3,5.2,270.9,124.8,27.1,31.3,415.5,249.2
10.3,5.2,271.9,124.8,27.1,31.4,418.0,249.0
10.3,5.2,271.3,124.8,27.1,31.4,416.1,251.5
10.3,5.1,270.5,124.8,27.1,31.4,416.9,252.1
10.3,5.1,271.7,125.5,27.1,31.4,417.8,252.1
10.3,5.1,271.5,124.8,27.1,31.4,415.4,251.7
10.2,5.1,271.7,125.5,27.1,31.4,418.3,252.5
10.3,5.1,271.2,125.5,27.1,31.5,417.1,252.5
10.3,5.2,271.7,125.5,27.1,31.4,416.4,252.4
10.3,5.1,271.8,125.5,27.1,31.5,417.8,252.2
10.3,5.1,271.7,125.5,27.1,31.5,417.8,252.3
10.3,5.1,271.8,125.5,27.1,31.5,418.6,252.9
10.3,5.2,270.8,125.5,27.1,31.5,419.2,252.4
10.3,5.1,271.0,125.5,27.1,31.5,415.9,252.6
10.3,5.1,271.5,125.5,27.1,31.5,418.0,252.8
10.3,5.2,272.0,125.5,27.1,31.5,416.5,252.9
10.3,5.1,271.8,125.5,27.1,31.5,417.4,252.6
10.3,5.1,271.7,125.5,27.1,31.5,417.3,253.0
10.3,5.2,272.5,125.5,27.1,31.5,416.6,252.8
10.3,5.1,271.2,125.5,27.0,31.5,418.0,252.5
10.3,5.1,271.1,125.5,27.1,31.5,416.7,252.3
10.2,5.1,272.2,125.5,27.1,31.5,417.9,251.5
10.3,5.2,271.7,125.5,27.1,31.5,417.2,251.4
10.3,5.1,271.3,125.5,27.0,31.5,413.8,251.9
10.3,5.2,271.6,125.5,27.1,31.5,413.9,252.2
10.3,5.2,271.2,125.5,27.1,31.5,412.3,252.1
10.3,5.2,270.7,125.5,27.1,31.5,416.0,252.0
10.4,5.2,271.5,125.5,27.1,31.5,416.0,251.5
10.3,5.2,271.0,125.5,27.1,31.6,416.4,251.7
10.3,5.2,271.2,125.5,27.1,31.6,416.9,251.4
10.3,5.2,271.4,126.2,27.1,31.6,416.1,250.9
10.3,5.1,271.4,125.5,27.1,31.5,414.8,251.3
10.3,5.2,271.6,125.5,27.1,31.6,416.4,250.4
10.3,5.1,271.0,125.5,27.1,31.5,417.1,250.5
10.3,5.2,271.5,125.5,27.1,31.6,419.1,250.1
10.3,5.2,270.7,125.5,27.1,31.5,419.5,250.0
10.3,5.2,270.8,125.5,27.1,31.6,419.4,250.4
10.3,5.2,272.1,125.5,27.1,31.5,416.7,250.5
10.3,5.2,271.5,125.5,27.1,31.5,417.8,250.4
10.3,5.2,271.3,125.5,27.1,31.5,417.3,250.3
10.3,5.2,271.0,125.5,27.1,31.5,417.0,250.5
10.3,5.2,270.8,125.5,27.0,31.5,416.8,250.3
10.3,5.2,271.6,125.5,27.1,31.5,415.5,250.1
10.3,5.2,272.1,125.5,27.1,31.5,416.1,250.3
10.3,5.2,271.0,125.5,27.0,31.5,417.7,250.6
10.3,5.2,271.0,125.5,27.0,31.5,416.6,250.5
10.3,5.2,270.9,125.5,27.0,31.5,416.4,250.8
10.3,5.2,271.7,125.5,26.9,31.5,416.2,250.4
10.3,5.2,271.1,125.5,26.9,31.5,415.7,250.2
10.3,5.2,271.5,125.5,26.9,31.5,417.1,250.0
10.3,5.2,271.3,125.5,27.0,31.5,417.7,249.3
10.3,5.2,270.9,125.5,27.0,31.6,417.3,248.9
10.3,5.2,270.5,125.5,26.9,31.5,413.3,249.1
10.3,5.2,271.2,125.5,26.9,31.5,408.7,248.5
10.3,5.2,270.8,125.5,26.9,31.5,418.6,248.5
10.3,5.2,270.3,125.5,26.9,31.5,419.4,248.7
10.3,5.2,271.0,125.5,26.9,31.5,416.3,248.4
10.2,5.2,270.6,125.5,26.9,31.5,416.0,248.4
10.3,5.2,270.2,125.5,26.9,31.5,417.1,248.4
10.3,5.2,271.4,125.5,26.9,31.5,418.7,249.5
10.3,5.2,271.4,125.5,26.9,31.5,416.1,249.3
10.3,5.2,271.4,125.5,26.8,31.5,416.1,248.4
10.3,5.2,271.1,125.5,26.9,31.5,417.6,248.6
10.3,5.2,271.1,125.5,26.9,31.5,417.6,248.8
10.3,5.2,271.1,125.5,26.9,31.5,416.7,249.1
10.3,5.2,271.1,125.5,26.9,31.5,417.0,248.9
10.3,5.2,270.9,125.5,26.9,31.5,415.5,249.1
10.3,5.2,271.0,125.5,26.9,31.5,418.6,252.4
10.3,5.2,271.1,125.5,26.9,31.4,417.6,252.1
10.3,5.1,270.3,125.5,26.9,31.5,416.8,252.1
10.3,5.1,270.7,125.5,26.9,31.5,415.3,250.9
10.3,5.1,271.3,125.5,26.9,31.5,417.2,251.2
10.3,5.2,271.9,125.5,26.9,31.5,415.5,251.0
10.3,5.1,271.3,125.5,26.9,31.5,417.5,250.9
10.3,5.2,271.1,125.5,26.9,31.5,416.7,250.9
10.3,5.2,270.5,125.5,26.9,31.5,412.4,251.2
10.2,5.1,271.0,125.5,26.9,31.5,412.7,250.9
10.3,5.2,271.5,125.5,26.9,31.5,419.1,250.7
10.3,5.1,270.7,125.5,26.9,31.5,416.4,250.5
10.3,5.2,270.9,125.5,26.9,31.5,416.6,250.1
10.3,5.2,271.3,125.5,26.9,31.5,417.2,250.0
10.3,5.2,270.7,125.5,26.8,31.5,418.0,249.2
10.3,5.2,271.5,124.8,26.8,31.5,416.5,249.7
10.3,5.2,270.9,125.5,26.8,31.5,418.9,249.7
10.3,5.2,271.3,124.8,26.8,31.5,417.4,249.2
10.3,5.1,270.9,124.8,26.8,31.4,417.1,249.1
10.3,5.2,270.7,124.8,26.7,31.4,416.6,249.5
10.3,5.2,271.1,124.8,26.7,31.4,415.8,249.3
10.3,5.2,271.4,124.8,26.7,31.4,416.6,248.9
10.3,5.2,270.2,124.8,26.7,31.4,416.2,248.9
10.3,5.2,271.5,124.8,26.6,31.4,415.2,249.3
10.4,5.3,271.9,124.8,26.7,31.4,416.8,248.8
10.3,5.2,270.6,124.8,26.7,31.4,416.7,248.1
10.3,5.2,270.5,124.8,26.6,31.4,417.9,248.2
10.3,5.2,270.4,124.8,26.5,31.4,416.5,248.1
10.3,5.2,270.2,124.8,26.5,31.4,416.4,247.8
10.3,5.2,270.9,124.8,26.4,31.4,417.0,247.5
10.3,5.2,271.2,124.8,26.5,31.4,411.2,247.2
10.3,5.2,272.2,124.8,26.4,31.4,412.1,247.3
10.3,5.2,271.3,124.8,26.4,31.4,417.5,247.3
10.3,5.2,270.4,124.1,26.4,31.4,418.2,247.2
10.3,5.2,271.7,124.1,26.4,31.3,417.3,247.1
10.3,5.2,270.8,124.1,26.4,31.3,417.1,247.4
10.3,5.2,271.2,124.1,26.3,31.3,415.0,247.5
10.3,5.2,271.0,124.8,26.3,31.3,416.6,247.3
10.3,5.2,271.4,124.1,26.4,31.4,419.2,248.1
10.3,5.2,270.8,124.1,26.4,31.3,416.4,247.8
10.3,5.2,271.4,124.1,26.4,31.3,417.4,248.0
10.3,5.2,270.9,124.8,26.4,31.3,417.9,248.2
10.3,5.2,271.5,124.1,26.4,31.3,415.2,248.1
10.3,5.2,271.4,124.1,26.4,31.3,419.5,247.8
10.3,5.2,271.2,124.1,26.4,31.3,417.1,247.8
10.3,5.2,270.9,124.1,26.4,31.3,418.6,248.2
10.3,5.2,271.4,124.1,26.4,31.3,416.0,247.5
10.2,5.2,270.8,124.1,26.3,31.2,415.1,247.3
10.3,5.2,271.6,124.1,26.3,31.3,418.9,247.4
10.3,5.2,270.4,124.1,26.4,31.3,417.7,246.7
10.3,5.2,271.1,124.1,26.4,31.2,416.2,247.0
10.3,5.2,270.6,124.1,26.3,31.2,419.4,246.8
10.3,5.2,271.4,124.1,26.4,31.3,418.1,246.9
10.3,5.2,269.9,124.8,26.3,31.3,418.6,247.0
10.3,5.2,270.0,124.1,26.3,31.2,417.4,247.3
10.3,5.2,271.4,124.1,26.3,31.3,416.7,248.1
10.3,5.2,271.7,124.1,26.3,31.2,417.0,248.2
10.3,5.2,271.9,124.1,26.3,31.2,412.8,249.6
10.3,5.2,270.8,124.8,26.3,31.3,416.7,250.0
10.3,5.2,272.0,124.1,26.3,31.3,418.6,249.1
10.3,5.2,272.1,124.8,26.4,31.3,417.4,248.8
10.3,5.2,271.1,124.1,26.3,31.3,417.0,249.8
10.3,5.2,271.5,124.8,26.3,31.3,416.7,249.9
10.3,5.3,271.6,124.8,26.3,31.3,420.1,248.8
10.3,5.2,271.8,124.8,26.3,31.3,417.1,248.9
10.3,5.2,271.3,124.1,26.3,31.3,417.4,248.7
10.3,5.2,271.5,124.1,26.3,31.3,415.5,248.8
10.3,5.2,271.3,124.1,26.3,31.3,418.2,249.3
10.3,5.2,270.7,124.8,26.3,31.3,418.1,251.1
10.3,5.2,271.3,124.8,26.3,31.4,416.5,251.6
10.3,5.2,271.1,124.8,26.3,31.4,417.6,251.4
10.3,5.2,272.2,124.8,26.3,31.2,415.5,252.2
10.3,5.2,272.0,124.8,26.3,31.3,418.3,251.5
10.3,5.2,271.6,124.8,26.3,31.3,417.2,252.1
10.3,5.2,271.5,124.8,26.1,31.4,416.8,252.1
10.3,5.2,271.6,124.8,26.1,31.3,415.6,252.1
10.3,5.2,271.4,124.8,26.2,31.3,415.9,251.6
10.3,5.2,271.6,124.8,26.1,31.3,418.9,251.3
10.3,5.2,272.1,124.8,26.1,31.3,415.9,251.3
10.3,5.2,271.6,124.8,26.1,31.3,416.3,251.9
10.3,5.2,272.0,124.8,26.1,31.3,418.1,251.8
10.4,5.2,272.0,124.8,26.1,31.3,412.2,251.7
10.4,5.2,271.4,124.8,26.2,31.4,412.2,251.5
10.4,5.2,269.8,124.8,26.3,31.4,418.1,251.5
10.4,5.3,271.4,124.8,26.1,31.4,419.8,251.5
10.4,5.2,271.2,124.8,26.2,31.2,416.8,251.6
10.4,5.2,271.5,124.8,26.2,31.3,417.0,250.9
10.4,5.2,271.9,124.1,26.1,31.2,417.3,251.4
10.4,5.2,271.4,124.8,26.1,31.3,417.8,251.2
10.3,5.2,271.3,124.8,26.1,31.3,416.3,251.6
10.4,5.3,271.0,124.8,26.2,31.4,415.8,251.2
10.3,5.2,271.7,124.8,26.2,31.3,415.9,251.9
10.3,5.2,271.5,124.8,26.2,31.3,418.9,251.7
10.3,5.2,271.7,124.8,26.2,31.3,418.2,251.7
10.3,5.2,271.2,124.8,26.2,31.3,418.1,251.5
10.4,5.2,270.5,124.8,26.2,31.3,416.9,251.4
10.4,5.2,270.8,124.8,26.2,31.4,418.2,253.5
10.3,5.2,269.3,124.8,26.2,31.3,415.8,254.8
10.4,5.2,271.4,124.8,26.1,31.4,417.0,254.6
10.3,5.2,272.0,124.8,26.2,31.4,416.4,255.1
10.3,5.2,271.6,124.8,26.1,31.4,417.2,255.5
10.3,5.2,271.3,124.8,26.1,31.4,412.9,255.3
10.3,5.2,271.4,124.8,26.2,31.4,418.3,255.4
10.3,5.2,271.9,124.8,26.1,31.4,416.9,254.6
10.4,5.2,270.3,124.8,26.2,31.4,418.6,254.6
10.4,5.2,271.8,124.8,26.2,31.4,417.0,254.3
10.3,5.2,271.8,124.8,26.1,31.3,417.3,254.3
10.4,5.2,270.7,124.8,26.1,31.4,417.8,254.5
10.4,5.2,271.6,124.8,26.1,31.3,417.0,254.3
10.3,5.2,270.8,124.8,26.2,31.4,416.8,254.2
10.4,5.2,271.2,124.8,26.1,31.4,417.7,254.2
10.4,5.2,271.8,124.8,26.1,31.4,415.6,254.0
10.4,5.2,272.5,124.8,26.1,31.3,417.3,253.6
10.3,5.2,271.7,124.8,26.1,31.3,415.3,253.6
10.3,5.1,270.6,124.8,26.1,31.3,417.7,252.7
10.3,5.2,270.3,124.8,26.2,31.3,417.9,252.9
10.3,5.2,270.6,124.8,26.1,31.3,419.6,254.9
10.3,5.2,270.7,124.8,26.1,31.4,418.5,254.2
10.4,5.2,271.9,124.8,26.1,31.4,416.6,254.8
10.3,5.2,271.7,124.8,26.2,31.3,417.7,254.3
10.3,5.1,272.0,124.8,26.1,31.3,415.0,254.3
10.3,5.1,271.2,124.8,26.1,31.3,416.7,254.1
10.3,5.1,270.8,124.8,26.1,31.3,417.7,254.1
10.3,5.1,271.2,124.8,26.1,31.3,415.4,253.9
10.3,5.2,271.2,124.8,26.1,31.3,417.3,254.3
10.3,5.2,271.3,124.8,26.1,31.2,417.2,254.5
10.3,5.2,270.3,124.8,26.1,31.3,412.0,252.3
10.3,5.2,270.4,124.8,26.1,31.3,412.4,251.8
10.3,5.2,271.5,124.8,26.1,31.3,415.9,252.0
10.3,5.2,270.6,124.1,26.1,31.2,417.3,252.4
10.3,5.1,271.7,124.8,26.1,31.2,416.0,253.0
10.3,5.1,271.5,124.1,26.1,31.3,416.7,253.6
10.3,5.1,271.3,124.8,26.1,31.2,418.1,253.3
10.3,5.1,272.1,124.1,26.1,31.3,417.7,253.5
10.3,5.1,272.8,124.1,26.1,31.3,416.7,252.9
10.3,5.1,270.4,124.8,26.1,31.2,417.2,252.0
10.3,5.1,272.6,124.1,26.1,31.2,417.9,252.2
10.3,5.2,271.4,124.8,26.1,31.2,417.2,251.0
10.2,5.1,271.3,124.1,26.1,31.2,416.9,250.4
10.3,5.1,271.0,124.1,26.1,31.2,416.2,250.3
10.3,5.2,272.7,124.1,26.1,31.2,418.1,249.7
10.3,5.2,271.1,124.1,26.1,31.2,416.3,249.6
10.3,5.2,271.1,124.1,26.1,31.2,417.3,250.1
10.3,5.2,271.2,124.1,26.1,31.2,412.6,249.9
10.3,5.2,270.9,124.1,26.1,31.2,417.7,250.5
10.3,5.2,271.3,124.1,26.1,31.2,417.6,250.6
10.3,5.2,271.2,124.1,26.1,31.2,416.2,250.1
10.2,5.1,271.6,124.1,26.1,31.3,416.7,250.8
10.3,5.2,270.6,124.1,26.1,31.2,417.9,250.6
10.3,5.2,271.9,124.1,26.1,31.3,417.0,250.5
10.3,5.2,270.6,124.1,26.1,31.2,417.8,250.5
10.2,5.2,272.1,124.1,26.1,31.2,417.7,250.5
10.3,5.2,271.9,124.1,26.1,31.2,417.3,250.4
10.2,5.1,272.1,124.1,26.1,31.2,417.1,250.5
10.2,5.1,272.0,124.1,26.1,31.2,416.8,250.6
10.3,5.2,271.1,124.1,26.1,31.3,417.7,250.0
10.2,5.1,271.8,124.1,26.1,31.2,417.8,249.5
10.2,5.1,271.5,124.1,26.1,31.2,416.4,248.9
10.2,5.1,271.6,124.1,26.1,31.2,418.0,248.8
10.2,5.1,271.2,124.1,26.1,31.2,417.7,248.6
10.2,5.1,270.4,124.1,26.1,31.2,416.7,249.1
10.2,5.1,271.1,124.1,26.1,31.2,417.6,249.3
10.2,5.1,271.3,124.1,26.1,31.2,417.2,249.0
10.2,5.1,272.4,124.1,26.1,31.2,418.1,249.0
10.1,5.1,271.8,124.1,26.1,31.2,418.2,249.1
10.2,5.1,271.0,124.1,26.1,31.2,414.9,248.5
10.2,5.1,272.5,123.4,26.1,31.2,414.2,248.7
10.1,5.1,270.8,124.1,26.1,31.2,413.0,248.5
10.2,5.1,271.1,124.1,26.1,31.2,417.4,248.7
10.2,5.1,271.6,124.1,26.1,31.2,417.1,248.2
10.2,5.1,271.3,124.1,26.0,31.2,416.9,247.7
10.2,5.1,271.4,124.1,26.1,31.2,415.8,248.0
10.2,5.1,271.4,124.1,26.1,31.2,416.7,248.5
10.2,5.1,270.5,124.1,26.1,31.2,416.8,248.1
10.2,5.1,271.0,124.1,26.1,31.2,415.9,248.6
10.2,5.1,271.4,124.1,26.1,31.2,417.9,248.5
10.2,5.1,271.5,124.1,26.1,31.2,414.5,248.7
10.2,5.1,272.4,124.1,26.1,31.2,418.3,248.4
10.2,5.1,271.2,124.1,26.1,31.2,417.3,248.5
10.2,5.1,271.6,124.1,26.1,31.2,418.1,248.2
10.2,5.1,271.5,124.1,26.1,31.2,415.3,248.0
10.2,5.1,270.8,124.1,26.1,31.2,417.0,247.7
10.1,5.1,271.5,124.1,26.1,31.2,416.3,247.6
10.2,5.1,272.1,124.1,26.1,31.2,417.7,247.7
10.1,5.1,271.2,124.1,26.1,31.2,416.3,248.0
10.2,5.1,271.6,124.1,26.1,31.2,417.1,248.8
10.2,5.1,271.8,124.1,26.1,31.2,418.3,248.5
10.1,5.1,271.5,124.1,26.1,31.2,417.2,248.5
10.2,5.1,270.6,124.1,26.1,31.2,417.5,247.7
10.1,5.1,270.6,124.1,26.1,31.2,417.6,248.4
10.2,5.1,271.8,124.1,26.1,31.2,417.5,249.0
10.1,5.1,272.0,124.1,26.1,31.2,416.9,249.7
10.2,5.1,272.9,124.1,26.1,31.2,418.8,249.8
10.2,5.1,271.9,124.1,26.1,31.2,411.4,250.0
10.2,5.1,272.5,124.1,26.1,31.2,416.3,249.7
10.2,5.1,271.8,124.1,26.1,31.2,417.2,250.0
10.2,5.1,271.4,124.1,26.1,31.2,417.5,249.7
10.2,5.1,272.5,124.1,26.1,31.2,417.3,249.3
10.2,5.1,272.1,124.1,26.1,31.2,416.7,248.9
10.2,5.1,270.7,124.1,26.1,31.2,416.2,248.6
10.2,5.2,272.2,124.1,26.1,31.2,415.8,247.6
10.1,5.1,271.7,124.1,26.1,31.2,417.2,247.4
10.2,5.1,270.8,124.1,26.1,31.2,416.3,247.0
10.1,5.1,272.0,124.1,26.1,31.2,416.5,246.5
10.1,5.1,270.6,123.4,26.1,31.2,416.4,246.4
10.1,5.1,271.1,124.1,26.1,31.2,417.3,246.7
10.2,5.1,271.1,124.1,26.1,31.2,417.5,246.8
10.2,5.1,270.8,124.1,26.1,31.2,417.8,246.6
10.1,5.1,271.4,124.1,26.1,31.2,417.2,247.1
10.2,5.1,272.0,124.1,26.1,31.2,416.8,246.6
10.1,5.1,271.0,123.4,26.1,31.2,415.5,246.6
10.1,5.1,271.3,124.1,26.1,31.2,417.5,246.0
10.1,5.1,271.1,124.1,26.1,31.2,417.2,245.7
10.1,5.1,270.5,124.1,26.1,31.2,416.3,245.7
10.2,5.1,270.4,124.1,26.1,31.2,417.9,245.6
10.2,5.1,272.0,124.1,26.1,31.2,416.8,245.2
10.1,5.1,270.8,124.1,26.1,31.2,412.1,245.4
10.2,5.1,270.3,124.1,26.1,31.2,414.6,246.2
10.2,5.1,271.0,124.1,26.2,31.2,418.6,246.3
10.2,5.1,270.9,124.1,26.2,31.2,416.9,245.6
10.1,5.1,271.6,124.1,26.1,31.2,416.6,245.9
10.2,5.1,271.0,124.1,26.2,31.2,416.2,245.8
10.1,5.1,272.1,124.1,26.2,31.2,418.4,245.7
10.1,5.1,272.3,124.1,26.2,31.3,418.7,245.7
10.1,5.1,271.4,124.1,26.3,31.2,417.0,245.4
10.1,5.1,271.7,124.1,26.3,31.2,420.7,244.4
10.1,5.1,271.3,124.1,26.3,31.3,418.3,244.2
10.2,5.1,270.8,124.1,26.2,31.2,417.4,243.7
10.1,5.1,271.3,124.1,26.3,31.2,416.9,243.3
10.2,5.1,271.7,124.1,26.3,31.2,417.2,243.5
10.2,5.2,270.5,124.1,26.3,31.2,417.2,243.8
10.2,5.2,271.4,124.1,26.3,31.2,419.4,243.4
10.2,5.2,270.9,124.1,26.3,31.2,416.1,243.6
10.2,5.2,270.2,124.1,26.3,31.2,418.4,243.6
10.2,5.1,271.1,124.1,26.3,31.2,417.3,243.4
10.2,5.2,270.7,124.1,26.2,31.2,417.2,244.5
10.2,5.1,271.3,124.1,26.3,31.2,416.9,245.2
10.2,5.2,271.6,124.1,26.3,31.2,415.8,245.4
10.1,5.1,271.3,124.1,26.3,31.3,412.1,245.8
10.2,5.1,271.3,124.1,26.3,31.3,413.1,246.8
10.2,5.2,270.9,124.1,26.3,31.2,417.2,248.0
10.2,5.1,271.9,124.1,26.3,31.3,417.3,247.8
10.2,5.1,271.5,124.1,26.3,31.3,418.1,246.8
10.2,5.1,270.7,124.1,26.3,31.2,418.2,246.6
10.2,5.1,271.0,124.1,26.3,31.3,418.1,246.7
10.3,5.2,271.5,124.1,26.3,31.3,417.7,246.1
10.2,5.1,271.2,124.1,26.3,31.3,418.1,246.7
10.2,5.1,270.5,124.1,26.3,31.3,417.6,247.3
10.2,5.1,271.1,124.1,26.3,31.3,415.7,247.8
10.2,5.1,270.9,124.1,26.3,31.3,416.0,248.2
10.2,5.2,271.4,124.8,26.3,31.4,417.5,249.0
10.2,5.2,271.7,124.1,26.3,31.3,415.4,249.9
10.2,5.2,272.3,124.8,26.3,31.4,415.5,250.2
10.2,5.1,271.9,124.8,26.3,31.4,418.2,250.5
10.2,5.1,272.4,124.8,26.3,31.4,416.7,250.2
10.2,5.2,271.9,124.1,25.9,31.4,418.1,250.0
10.2,5.2,271.9,124.8,27.5,31.4,416.2,249.2
10.2,5.2,272.1,124.8,27.5,31.3,416.1,248.4
10.2,5.2,271.0,124.1,27.5,31.2,416.0,248.3
10.3,5.2,271.8,124.8,27.5,31.3,418.8,247.6
10.2,5.2,270.9,124.8,27.5,31.3,416.5,247.0
10.3,5.2,271.1,124.8,27.5,31.3,417.3,246.8
10.2,5.1,270.3,124.1,27.5,31.3,416.5,246.6
10.2,5.2,271.3,124.8,27.5,31.3,411.9,246.8
10.2,5.2,270.6,124.1,27.5,31.4,418.8,247.2
10.2,5.1,269.9,124.1,27.5,31.3,415.5,248.3
10.2,5.2,271.9,124.8,27.5,31.3,418.4,248.7
10.2,5.2,272.3,124.8,27.5,31.3,417.6,249.1
10.3,5.2,272.0,124.8,27.5,31.4,417.1,248.9
10.2,5.1,272.0,124.1,27.5,31.3,418.3,249.1
10.2,5.1,271.2,124.8,27.5,31.4,416.5,249.6
10.2,5.2,270.5,124.8,27.5,31.4,417.6,249.0
10.2,5.2,271.5,124.8,27.5,31.4,417.0,248.5
10.2,5.1,271.1,124.8,27.5,31.4,417.0,248.6
10.2,5.2,271.5,124.8,27.5,31.4,416.6,247.9
10.2,5.2,270.5,124.8,27.5,31.4,417.1,247.6
10.2,5.1,271.3,124.1,27.5,31.4,416.4,247.4
10.3,5.2,271.5,124.8,27.5,31.4,415.6,247.1
10.2,5.2,271.6,124.8,27.6,31.4,417.8,246.8
10.2,5.2,271.1,124.8,27.5,31.4,414.6,249.5
10.2,5.1,271.7,124.8,27.5,31.3,418.1,249.6
10.2,5.1,271.5,124.8,27.5,31.4,415.9,250.2
10.2,5.1,271.2,124.8,27.5,31.4,415.3,250.6
10.2,5.1,271.4,124.8,27.5,31.4,418.4,250.8
10.2,5.2,272.6,124.8,27.5,31.4,411.1,250.5
10.2,5.2,271.8,124.8,27.5,31.4,417.8,250.5
10.2,5.2,271.3,124.8,27.5,31.4,415.4,250.3
10.3,5.2,271.1,124.8,27.5,31.4,416.9,250.1
10.2,5.2,271.4,124.8,27.5,31.4,417.5,249.8
10.3,5.2,271.5,124.8,27.5,31.4,417.4,248.8
10.2,5.2,272.0,124.8,27.5,31.4,416.8,248.6
10.2,5.2,270.6,124.8,27.5,31.4,416.7,248.0
10.3,5.2,271.0,124.8,27.5,31.4,416.0,249.1
10.2,5.1,271.1,124.8,27.5,31.4,416.7,248.8
10.3,5.1,271.1,124.8,27.5,31.4,418.7,250.8
10.3,5.2,270.2,124.8,27.5,31.4,417.5,249.3
10.2,5.1,271.9,124.8,27.5,31.4,416.9,248.8
10.2,5.1,269.9,124.8,27.5,31.4,416.8,249.7
10.2,5.1,271.1,124.8,27.5,31.4,418.3,250.1
10.3,5.1,271.9,124.8,27.5,31.4,417.7,250.5
10.2,5.2,270.1,124.8,27.5,31.4,417.4,250.0
10.3,5.2,271.4,124.8,27.5,31.4,417.5,249.7
10.3,5.2,271.2,124.8,27.5,31.4,419.0,249.5
10.3,5.2,271.6,124.8,27.5,31.4,417.1,249.7
10.3,5.2,271.0,124.8,27.5,31.4,416.6,249.4
10.3,5.2,271.4,124.8,27.5,31.4,417.2,249.1
10.3,5.2,271.1,124.8,27.5,31.4,416.4,249.1
10.3,5.2,271.0,124.8,27.5,31.4,418.5,249.9
10.3,5.2,272.2,124.8,27.5,31.4,412.9,250.2
10.3,5.2,271.4,124.8,27.5,31.4,418.0,250.9
10.3,5.2,272.4,124.8,27.5,31.4,417.3,251.3
10.2,5.2,272.6,124.8,27.5,31.4,418.8,251.6
10.3,5.2,272.7,124.8,27.5,31.4,417.6,251.3
10.3,5.2,272.2,124.8,27.5,31.4,416.5,250.8
10.3,5.2,272.2,124.8,27.5,31.4,417.2,250.3
10.3,5.2,271.4,124.8,27.5,31.3,418.3,249.9
10.3,5.2,271.6,124.8,27.5,31.4,417.2,249.4
10.3,5.2,271.5,124.1,27.5,31.4,416.1,249.1
10.3,5.2,271.6,124.1,27.5,31.4,415.5,248.5
10.2,5.1,270.6,124.1,27.5,31.3,416.8,247.8
10.2,5.2,270.8,124.1,27.5,31.3,416.4,247.4
10.3,5.2,270.7,124.1,27.5,31.3,418.0,247.7
10.3,5.2,271.1,124.1,27.5,31.3,417.2,248.2
10.3,5.2,271.5,124.8,27.5,31.3,416.2,247.7
10.2,5.1,270.6,124.1,27.5,31.3,417.4,248.5
10.3,5.2,270.8,124.1,27.5,31.4,417.8,248.7
10.2,5.2,271.2,124.8,27.5,31.3,415.3,249.3
10.3,5.2,272.2,124.8,27.5,31.3,417.7,249.0
10.2,5.2,270.8,124.1,27.5,31.3,416.0,248.7
10.2,5.2,270.9,124.1,27.5,31.3,416.7,248.9
10.3,5.2,269.9,124.1,27.5,31.3,416.9,249.2
10.3,5.2,270.8,124.1,27.4,31.2,411.0,249.0
10.3,5.2,271.1,124.1,27.5,31.3,418.8,248.9
10.2,5.2,271.9,124.1,27.4,31.3,419.5,249.0
10.3,5.2,272.0,124.1,27.4,31.3,417.2,248.7
10.2,5.2,271.7,124.1,27.4,31.2,415.1,248.7
10.3,5.2,271.9,124.1,27.4,31.2,416.7,248.2
10.2,5.2,271.0,124.1,27.4,31.2,417.0,248.4
10.2,5.2,271.9,124.1,27.5,31.2,415.7,247.8
10.3,5.2,271.9,124.1,27.5,31.2,415.4,247.5
10.3,5.2,271.0,124.1,27.4,31.2,418.5,247.3
10.3,5.2,270.5,124.1,27.5,31.2,415.7,246.5
10.2,5.2,271.4,124.1,27.4,31.2,415.8,246.6
10.3,5.2,271.4,124.1,27.4,31.2,418.6,246.5
10.2,5.2,271.1,124.1,27.4,31.2,417.1,246.6
10.2,5.2,270.7,124.1,27.4,31.2,417.2,248.2
10.2,5.2,270.6,124.1,27.4,31.2,415.1,249.1
10.2,5.1,272.9,124.1,27.4,31.2,416.5,249.2
10.2,5.1,271.2,124.1,27.4,31.2,412.6,249.5
10.2,5.2,271.2,124.1,27.4,31.2,417.7,249.5
10.3,5.2,272.1,124.1,27.5,31.3,417.0,249.3
10.3,5.2,271.9,124.1,27.4,31.3,417.7,248.9
10.2,5.1,271.1,124.1,27.4,31.3,415.6,248.9
10.2,5.2,271.7,124.1,27.4,31.2,415.5,248.3
10.2,5.1,272.3,124.1,27.4,31.2,417.4,248.4
10.2,5.1,270.9,124.1,27.4,31.2,411.0,247.9
10.2,5.1,271.2,124.1,27.4,31.2,417.4,247.8
10.3,5.1,271.3,124.1,27.4,31.2,416.6,247.9
10.2,5.2,271.1,124.1,27.4,31.2,415.7,247.3
10.3,5.2,270.2,124.1,27.4,31.2,415.9,247.6
10.3,5.2,270.8,124.1,27.4,31.2,417.1,247.1
10.2,5.1,270.6,124.1,27.4,31.2,418.8,247.7
10.2,5.2,271.0,124.1,27.4,31.2,414.3,248.6
10.2,5.1,271.3,124.1,27.4,31.2,416.7,248.5
10.2,5.2,270.9,124.1,27.4,31.2,416.2,248.5
10.2,5.1,270.2,124.1,27.4,31.2,418.3,248.5
10.2,5.1,272.3,124.1,27.4,31.2,417.0,248.6
10.2,5.1,271.4,124.1,27.4,31.2,417.9,248.4
10.2,5.1,271.5,124.1,27.4,31.1,417.8,247.5
10.2,5.1,271.2,123.4,27.3,31.1,416.1,246.4
10.2,5.1,271.5,123.4,27.4,31.1,414.9,247.3
10.3,5.1,271.4,124.1,27.4,31.1,416.8,246.8
10.2,5.1,270.3,123.4,27.3,31.1,417.2,246.1
10.2,5.1,270.3,124.1,27.3,31.1,415.6,246.4
10.2,5.1,270.4,123.4,27.3,31.1,416.2,246.6
10.2,5.1,270.5,124.1,27.3,31.1,415.2,247.4
10.3,5.2,270.5,123.4,27.3,31.1,417.5,247.1
10.2,5.1,271.0,123.4,27.3,31.1,417.5,248.0
10.2,5.1,271.2,123.4,27.3,31.1,417.1,250.6
10.2,5.1,272.0,124.1,27.4,31.1,410.9,249.1
10.2,5.1,270.5,124.1,27.3,31.1,416.0,248.3
10.1,5.1,271.2,123.4,27.3,31.1,416.0,248.0
10.2,5.1,271.3,123.4,27.3,31.1,415.8,247.7
10.2,5.1,271.6,123.4,27.3,31.1,415.7,247.2
10.2,5.1,271.3,123.4,27.3,31.1,416.4,246.9
10.2,5.1,271.0,123.4,27.3,31.1,416.1,246.7
10.2,5.1,271.1,123.4,27.3,31.1,417.7,246.7
10.2,5.1,270.5,123.4,27.3,31.1,416.7,247.2
10.2,5.1,271.2,123.4,27.3,31.1,417.2,247.8
10.2,5.1,271.6,123.4,27.3,31.1,415.4,246.8
10.1,5.1,271.4,123.4,27.2,31.1,416.3,246.9
10.2,5.1,271.9,123.4,27.3,31.1,416.4,247.2
10.2,5.1,270.9,123.4,27.3,31.1,415.2,247.4
10.2,5.1,271.3,123.4,27.3,31.1,417.4,247.0
10.2,5.1,271.1,123.4,27.3,31.1,417.4,247.2
10.2,5.1,272.2,123.4,27.3,31.1,416.4,246.5
10.1,5.1,271.2,123.4,27.2,31.0,415.6,246.8
10.1,5.1,270.4,123.4,27.2,31.1,417.3,246.8
10.2,5.1,272.1,123.4,27.3,31.1,415.8,246.8
10.1,5.1,270.3,123.4,27.3,31.1,415.6,246.2
10.2,5.1,271.8,123.4,27.3,31.1,417.3,246.1
10.2,5.1,271.4,123.4,27.2,31.1,418.3,246.1
10.1,5.1,270.6,123.4,27.2,31.0,416.9,245.9
10.1,5.1,271.6,123.4,27.2,31.0,416.6,246.9
10.2,5.1,271.6,123.4,27.3,31.1,417.7,247.5
10.2,5.1,271.6,123.4,27.2,31.0,417.1,247.2
10.1,5.1,271.5,122.7,27.2,31.0,416.9,246.9
10.2,5.1,270.8,123.4,27.2,31.1,411.8,247.0
10.2,5.1,271.8,123.4,27.2,31.1,417.7,246.9
10.2,5.1,271.6,123.4,27.3,31.0,418.0,246.5
10.1,5.1,270.3,122.7,27.2,31.0,416.6,246.2
10.1,5.1,270.9,123.4,27.2,31.1,418.5,246.1
10.2,5.1,271.4,123.4,27.2,31.0,418.0,245.8
10.2,5.1,270.6,123.4,27.2,31.0,417.5,245.6
10.1,5.1,270.9,123.4,27.2,31.0,417.4,245.3
10.1,5.0,271.0,123.4,27.2,31.0,418.0,245.0
10.1,5.1,270.6,122.7,27.2,31.0,417.8,245.4
10.2,5.1,271.1,123.4,27.2,31.0,416.8,245.4
10.1,5.1,270.0,122.7,27.2,31.0,417.3,245.1
10.2,5.1,271.5,123.4,27.3,31.0,416.4,245.4
10.2,5.1,269.9,123.4,27.2,31.0,417.4,244.8
10.2,5.1,270.3,122.7,27.1,31.0,417.4,245.1
10.2,5.1,270.3,123.4,27.1,31.0,416.8,245.6
10.2,5.1,270.7,123.4,27.1,31.0,417.7,245.9
10.2,5.1,270.9,122.7,27.1,31.0,417.4,246.6
10.2,5.1,271.2,123.4,27.1,31.0,417.1,246.4
10.1,5.1,271.9,122.7,27.1,31.0,418.0,246.4
10.2,5.1,271.2,122.7,27.2,31.0,419.0,246.5
10.2,5.1,271.1,122.7,27.2,31.0,418.3,246.0
10.1,5.1,271.1,122.7,27.1,31.0,418.8,245.6
10.1,5.1,271.1,122.7,27.1,31.0,416.7,245.2
10.1,5.1,271.0,122.7,27.1,30.9,417.7,244.7
10.1,5.1,271.2,122.7,27.1,31.0,410.6,243.8
10.1,5.0,270.2,122.7,27.1,31.0,417.4,243.7
10.2,5.1,270.9,122.7,27.2,31.0,417.8,242.9
10.1,5.1,270.2,122.7,27.1,31.0,416.6,242.6
10.1,5.1,269.9,122.7,27.1,31.0,416.7,241.9
10.1,5.0,270.8,122.7,27.1,30.9,417.2,241.9
10.1,5.1,270.3,122.7,27.1,31.0,416.7,241.7
10.1,5.1,269.3,122.7,27.1,31.0,417.6,241.5
10.1,5.1,269.9,122.7,27.1,31.0,418.0,241.3
10.1,5.0,268.5,122.7,27.1,30.9,416.7,242.0
10.2,5.1,270.8,122.7,27.1,31.0,418.6,241.8
10.1,5.0,270.0,122.7,27.1,31.0,417.4,241.6
10.1,5.1,270.8,122.7,27.1,31.0,416.0,241.7
10.1,5.1,270.1,122.7,27.1,31.0,417.5,241.9
10.1,5.1,269.0,122.7,27.1,30.9,418.1,242.4
10.1,5.1,270.4,122.7,27.1,31.0,417.0,242.7
10.1,5.0,270.0,122.7,27.1,30.9,417.4,242.0
10.1,5.1,271.9,122.7,27.1,30.9,418.6,241.9
10.1,5.1,271.0,122.7,27.1,30.9,417.0,242.3
10.1,5.1,272.1,122.7,27.1,30.9,414.0,242.8
10.1,5.1,271.0,122.0,27.1,30.9,417.6,242.1
10.1,5.1,271.2,122.7,27.1,30.9,415.6,242.0
10.1,5.1,270.4,122.7,27.1,30.9,415.2,241.8
10.1,5.1,271.4,122.7,27.1,30.9,417.5,242.2
10.2,5.1,271.1,122.0,27.1,30.9,418.3,241.6
10.0,5.1,271.2,122.7,27.1,30.9,412.4,241.2
10.0,5.1,271.7,122.7,27.1,30.9,418.0,240.7
10.1,5.1,270.8,122.0,27.1,30.9,415.7,240.3
10.0,5.1,271.0,122.0,27.1,30.9,417.2,239.7
10.0,5.1,271.0,122.0,27.1,30.9,416.8,239.1
10.1,5.1,270.7,122.0,27.1,30.9,416.3,238.8
10.1,5.1,270.5,122.0,27.1,30.9,414.9,238.4
10.0,5.1,270.3,122.0,27.1,30.9,417.9,238.8
10.1,5.1,270.1,122.0,27.1,30.9,417.0,238.0
10.1,5.1,270.7,122.0,27.1,30.9,417.2,238.4
10.1,5.1,270.5,122.0,27.1,30.8,418.3,239.1
10.1,5.1,270.1,122.0,27.1,30.8,418.2,239.7
10.1,5.1,270.6,122.0,27.1,30.8,416.8,239.6
10.1,5.1,270.3,122.0,27.0,30.8,416.8,239.5
10.0,5.1,270.7,122.0,27.1,30.9,420.5,239.9
10.0,5.1,270.9,122.0,27.0,30.8,416.4,239.6
10.0,5.1,270.4,122.0,27.1,30.8,418.5,240.0
10.1,5.1,271.5,122.0,27.0,30.8,417.3,240.3
10.1,5.1,272.0,122.0,27.1,30.8,417.0,240.5
10.1,5.1,271.1,122.0,27.1,30.9,418.6,239.6
10.0,5.1,270.8,122.0,27.1,30.8,416.8,239.6
10.1,5.1,270.8,122.0,27.0,30.8,416.5,239.5
10.1,5.1,270.7,122.0,27.0,30.8,418.7,239.4
10.1,5.1,270.5,122.0,27.0,30.7,417.1,239.5
10.1,5.1,270.9,122.0,27.1,30.9,415.1,239.9
10.2,5.2,270.8,122.0,27.0,30.8,418.7,240.3
10.1,5.1,271.3,122.0,27.1,30.9,411.4,241.0
10.1,5.1,271.1,122.0,27.0,30.9,417.1,241.4
10.2,5.1,271.4,122.0,27.1,30.8,418.2,241.5
10.1,5.1,272.2,122.0,27.1,30.8,416.9,241.9
10.1,5.1,271.2,122.0,27.1,30.9,415.4,241.9
10.0,5.1,271.1,122.0,27.1,30.9,416.3,242.1
10.0,5.1,271.7,122.0,27.1,30.9,417.2,241.7
10.1,5.1,270.8,122.0,27.1,30.9,416.5,240.7
10.1,5.1,271.4,122.0,27.1,30.9,417.4,240.0
10.0,5.1,270.3,122.0,27.1,30.9,415.3,239.8
10.0,5.1,271.1,122.0,27.2,30.9,415.6,239.8
10.0,5.1,270.5,122.7,27.2,30.9,415.1,239.2
10.0,5.1,270.8,122.7,27.2,30.9,416.8,239.4
10.0,5.0,269.6,122.7,27.3,31.0,416.3,239.3
10.0,5.0,271.3,122.7,27.3,31.0,415.3,239.3
9.9,5.0,270.5,122.7,27.3,31.0,415.5,239.0
9.9,5.0,270.6,122.7,27.3,31.0,416.7,238.9
10.0,5.0,270.5,122.7,27.3,31.0,415.6,239.3
10.0,5.0,271.5,122.7,27.3,31.0,419.1,239.4
9.9,5.0,271.0,122.7,27.3,31.0,417.3,239.6
9.9,5.0,270.9,122.7,27.3,31.0,418.2,239.9
9.9,5.0,270.7,122.7,27.3,31.0,415.5,238.4
9.9,5.0,272.1,122.7,27.3,31.0,415.5,238.6
9.9,5.0,270.9,122.7,27.3,31.0,417.3,238.7
9.9,5.0,270.6,122.7,27.3,31.0,416.8,239.5
10.0,5.1,271.9,122.7,27.3,31.0,414.8,239.5
9.9,5.1,272.1,122.7,27.3,31.0,416.8,239.7
9.9,5.1,270.8,122.7,27.3,31.0,417.2,239.8
10.0,5.1,271.9,122.7,27.3,31.0,413.7,239.9
10.0,5.1,270.8,122.7,27.3,31.0,410.3,240.0
10.0,5.1,271.1,122.7,27.3,31.0,417.1,240.0
10.0,5.1,271.8,122.7,27.3,31.0,417.8,239.4
10.0,5.1,271.3,122.0,27.2,31.0,417.5,239.7
10.0,5.1,270.4,122.7,27.2,31.0,414.0,239.5
10.0,5.1,271.5,122.0,27.2,31.0,417.1,239.5
10.1,5.1,272.4,122.0,27.2,30.9,417.0,239.3
10.0,5.1,271.2,122.0,27.2,30.9,416.7,238.7
10.1,5.1,271.0,122.0,27.2,30.9,418.4,238.5
10.0,5.1,270.6,122.0,27.2,30.9,419.2,238.3
10.1,5.1,271.5,122.0,27.1,30.9,418.0,237.8
10.0,5.1,271.7,122.0,27.1,30.9,417.2,238.1
10.0,5.1,271.4,122.0,27.1,30.9,417.1,238.6
10.0,5.1,270.7,121.4,27.0,30.8,419.0,238.8
10.0,5.1,271.9,121.4,27.0,30.7,416.3,239.8
10.0,5.1,271.2,122.0,27.0,30.8,416.4,239.5
10.0,5.1,272.6,121.4,27.0,30.7,415.6,239.7
10.0,5.1,271.1,121.4,27.0,30.7,417.6,239.6
10.0,5.1,271.6,121.4,27.0,30.7,415.4,239.7
10.0,5.1,271.9,121.4,27.0,30.7,415.9,239.8
10.0,5.1,271.1,121.4,27.0,30.7,417.0,239.3
10.0,5.1,271.1,121.4,27.0,30.7,416.1,239.4
10.0,5.1,270.9,121.4,27.0,30.7,414.5,239.2
10.0,5.1,271.9,121.4,26.9,30.7,416.4,238.6
10.0,5.1,270.5,121.4,26.9,30.7,417.4,238.0
10.0,5.1,270.6,121.4,26.9,30.6,417.5,238.4
10.0,5.1,271.1,121.4,26.9,30.6,415.5,237.8
10.0,5.1,269.9,120.7,26.9,30.6,418.2,238.0
10.0,5.1,270.5,120.7,26.9,30.6,417.2,238.2
10.0,5.1,271.7,121.4,26.8,30.6,410.4,237.9
10.0,5.1,271.6,120.7,26.8,30.6,416.9,238.2
10.0,5.1,271.4,120.7,26.8,30.6,417.1,238.8
10.1,5.1,271.2,120.7,26.8,30.6,415.8,238.8
10.0,5.1,272.5,120.7,26.9,30.5,417.0,239.0
10.0,5.1,272.0,120.7,26.8,30.5,416.9,239.1
10.0,5.1,271.3,120.7,26.8,30.5,419.5,239.0
10.0,5.1,271.7,120.7,26.8,30.5,414.4,239.9
10.2,5.2,271.5,120.7,26.8,30.5,417.8,239.7
10.0,5.1,271.3,120.7,26.8,30.5,416.5,239.4
10.1,5.1,271.0,120.7,26.8,30.5,417.4,239.1
10.0,5.1,272.1,120.7,26.8,30.5,417.4,238.8
10.1,5.1,270.5,120.7,26.8,30.5,417.8,238.5
10.0,5.1,271.6,120.7,26.8,30.5,416.4,238.2
10.0,5.1,271.5,120.0,26.7,30.5,417.4,237.8
10.1,5.1,270.0,120.7,26.7,30.5,417.5,237.3
10.1,5.1,270.2,120.7,26.8,30.5,417.4,237.4
10.1,5.1,271.5,120.7,26.8,30.4,419.0,237.4
10.0,5.1,271.1,120.0,26.7,30.5,417.6,236.8
10.0,5.1,271.2,120.0,26.6,30.4,415.7,237.2
10.0,5.1,271.0,120.0,26.7,30.4,416.3,236.9
10.0,5.1,271.0,120.0,26.7,30.4,416.0,236.8
10.1,5.1,271.3,120.0,26.6,30.4,417.0,236.8
10.0,5.1,271.7,120.0,26.6,30.4,416.1,237.0
10.1,5.1,271.5,120.0,26.6,30.4,410.2,236.8
10.0,5.1,271.3,120.0,26.6,30.4,416.5,237.0
10.0,5.1,271.8,120.0,26.6,30.4,416.1,237.2
10.0,5.1,270.4,120.0,26.6,30.4,416.4,237.6
10.1,5.1,270.4,120.0,26.6,30.4,419.4,237.3
10.0,5.1,271.1,119.3,26.6,30.4,417.0,237.6
10.0,5.1,270.8,120.0,26.6,30.4,415.7,238.4
10.1,5.1,272.0,120.0,26.6,30.2,417.1,238.3
10.0,5.1,271.1,120.0,26.6,30.3,416.6,238.2
10.0,5.1,272.3,119.3,26.5,30.3,418.4,238.5
10.0,5.1,272.1,119.3,26.5,30.2,416.5,238.1
10.0,5.1,271.8,119.3,26.5,30.2,417.9,238.0
10.0,5.1,272.3,119.3,26.5,30.3,417.5,237.6
10.0,5.1,271.5,119.3,26.5,30.2,417.7,237.1
10.1,5.1,270.7,119.3,26.5,30.2,416.2,234.9
10.0,5.1,271.1,119.3,26.5,30.2,417.2,234.8
10.1,5.2,271.3,119.3,26.5,30.2,417.8,234.6
10.0,5.1,271.6,119.3,26.5,30.2,417.1,234.4
10.0,5.1,272.1,119.3,26.5,30.2,417.9,234.8
10.1,5.2,270.3,119.3,26.5,30.2,416.0,234.7
10.0,5.1,271.0,119.3,26.5,30.2,417.2,235.0
10.0,5.1,271.4,119.3,26.5,30.2,416.1,235.1
10.0,5.1,270.9,119.3,26.5,30.2,417.9,235.2
10.0,5.1,271.3,119.3,26.5,30.2,411.3,235.2
10.0,5.1,270.8,119.3,26.5,30.2,416.6,234.9
10.0,5.1,271.6,118.6,26.5,30.2,417.5,233.4
10.0,5.2,270.8,118.6,26.5,30.1,418.0,233.1
10.0,5.1,271.1,118.6,26.4,30.1,416.9,232.7
10.0,5.1,270.9,118.6,26.5,30.1,414.9,232.6
10.0,5.1,271.6,118.6,26.5,30.1,415.7,232.7
10.0,5.2,271.1,118.6,26.4,30.1,416.0,233.2
10.1,5.2,271.3,118.6,26.4,30.1,417.4,233.2
10.0,5.2,271.6,118.6,26.4,30.1,418.0,233.8
10.0,5.2,271.1,118.6,26.4,30.1,418.7,234.0
10.1,5.2,272.2,118.6,26.4,30.1,417.7,234.3
10.0,5.1,270.9,118.6,26.4,30.1,417.0,234.1
10.0,5.1,271.7,118.6,26.4,30.1,416.8,233.6
10.0,5.1,270.5,118.6,26.4,30.0,416.8,233.3
10.0,5.2,271.2,118.6,26.4,30.0,417.3,232.6
10.0,5.2,271.2,118.6,26.4,30.1,416.7,232.6
10.1,5.2,270.9,118.6,26.4,30.0,414.2,232.1
10.0,5.1,270.6,118.6,26.4,30.0,415.8,231.4
10.0,5.1,270.5,118.6,26.3,30.0,417.1,231.3
10.0,5.1,271.0,118.6,26.4,30.0,416.4,231.5
10.0,5.2,269.5,118.6,26.4,30.0,417.9,231.9
10.1,5.1,271.1,118.6,26.3,30.0,415.0,231.7
10.0,5.1,270.7,118.6,26.4,30.0,415.3,232.1
10.0,5.1,270.8,118.6,26.4,30.0,415.1,232.5
10.0,5.2,270.7,118.6,26.3,30.0,411.4,231.9
10.0,5.1,269.9,118.6,26.4,30.0,415.4,232.8
10.1,5.2,271.6,118.6,26.3,30.0,415.5,232.9
10.0,5.1,270.6,118.6,26.3,30.0,415.8,232.6
10.0,5.1,271.8,118.6,26.3,30.0,416.2,232.7
10.0,5.1,271.0,117.9,26.3,30.0,417.2,232.7
10.0,5.1,271.7,117.9,26.3,30.0,418.4,232.8
10.0,5.1,270.8,117.9,26.3,30.0,416.5,229.7
10.0,5.1,271.5,117.9,26.3,30.0,418.9,229.3
10.0,5.2,272.0,117.9,26.3,29.9,417.2,229.5
10.0,5.2,272.1,117.9,26.3,30.0,415.9,228.8
10.0,5.2,271.0,117.9,26.3,29.9,418.0,228.7
10.1,5.2,271.0,117.9,26.3,29.9,418.0,228.5
10.0,5.2,271.2,117.2,26.3,29.9,417.8,228.6
10.0,5.2,271.5,117.9,26.3,29.9,414.9,228.6
10.0,5.2,270.7,117.9,26.3,29.9,418.0,228.0
10.0,5.2,271.3,117.9,26.3,29.9,416.1,228.4
10.0,5.2,271.1,117.9,26.3,29.9,416.9,228.3
10.0,5.2,270.0,117.9,26.3,29.9,416.4,228.9
10.0,5.2,272.1,117.9,26.3,29.9,415.9,229.1
10.0,5.2,271.9,117.9,26.3,29.9,417.9,229.1
10.0,5.2,271.3,117.9,26.3,29.9,417.3,229.4
10.0,5.2,271.2,117.9,26.3,29.9,418.3,229.0
10.0,5.2,271.4,117.2,26.3,29.9,414.9,228.7
10.0,5.2,271.9,117.9,26.3,29.9,417.3,228.2
10.0,5.2,271.7,117.2,26.3,29.9,415.5,228.0
10.0,5.2,270.9,117.9,26.3,29.9,417.0,227.5
10.0,5.2,271.1,117.9,26.3,29.9,417.3,228.2
10.0,5.2,271.6,117.9,26.3,29.9,412.0,228.3
10.0,5.2,272.1,117.9,26.3,29.9,417.0,228.6
10.0,5.2,271.8,117.9,26.3,29.9,417.4,228.5
10.0,5.2,271.0,117.9,26.3,29.9,415.6,228.7
10.0,5.2,270.8,117.9,26.3,29.9,418.6,228.6
10.0,5.2,271.5,117.2,26.3,29.9,416.3,228.5
10.0,5.2,271.4,117.9,26.3,29.9,417.5,228.5
10.0,5.2,271.4,117.9,26.3,29.9,417.0,228.6
10.0,5.2,270.2,117.9,26.3,29.9,415.9,228.4
10.0,5.2,271.1,117.9,26.3,29.9,418.1,228.2
10.0,5.2,272.1,117.2,26.3,29.9,415.6,228.3
10.0,5.2,271.0,117.2,26.3,29.9,417.0,228.2
10.0,5.2,270.4,117.9,26.3,29.9,419.0,228.3
10.0,5.2,270.6,117.9,26.3,29.9,415.8,229.3
10.0,5.2,272.1,117.9,26.3,29.9,416.2,228.8
10.0,5.2,271.3,117.2,26.3,29.9,418.2,228.8
10.0,5.2,272.3,117.9,26.3,29.9,417.9,228.7
10.0,5.2,271.0,117.9,26.3,29.9,416.3,229.0
10.0,5.2,271.7,117.9,26.3,29.9,417.7,228.5
10.1,5.2,271.6,117.9,26.3,29.9,415.4,228.0
10.0,5.2,270.4,117.9,26.3,29.9,417.5,227.6
10.0,5.1,271.7,117.9,26.3,29.9,416.6,227.7
10.0,5.2,271.1,117.9,26.3,29.9,417.7,228.4
10.0,5.2,271.2,117.9,26.3,29.9,418.2,228.8
10.0,5.2,271.3,117.9,26.3,29.9,417.4,229.2
10.0,5.2,271.8,117.2,26.3,29.9,417.3,229.3
10.0,5.2,271.2,117.2,26.3,29.9,416.7,229.4
10.0,5.2,271.6,117.2,26.2,29.9,417.0,229.2
10.0,5.2,271.8,117.2,26.3,29.9,415.6,229.4
10.0,5.2,271.5,117.2,26.1,29.9,417.3,229.3
10.0,5.2,271.2,117.2,26.2,29.9,417.2,228.6
10.0,5.2,271.5,117.9,26.1,29.9,411.2,228.5
10.0,5.2,270.7,117.2,26.1,29.9,414.8,228.4
10.0,5.2,270.7,117.2,26.1,29.9,416.4,227.7
10.0,5.2,272.0,117.2,26.1,29.8,416.5,227.7
10.0,5.2,270.8,117.2,26.1,29.9,416.2,227.7
10.0,5.2,270.9,117.2,26.1,29.8,418.0,228.3
10.0,5.2,271.2,117.2,26.1,29.9,416.6,228.8
10.0,5.2,271.1,117.2,26.1,29.8,418.1,229.1
10.0,5.2,272.1,117.2,26.1,29.8,416.8,229.0
10.0,5.2,271.4,117.2,26.1,29.8,417.0,228.9
10.0,5.2,272.4,117.2,26.1,29.8,416.5,228.2
10.0,5.2,271.5,117.2,26.1,29.8,417.7,228.2
10.0,5.2,270.7,117.2,26.1,29.8,417.0,227.8
10.0,5.2,271.4,117.2,26.1,29.8,417.4,227.7
10.0,5.2,271.5,117.2,26.1,29.8,416.4,227.6
10.0,5.2,270.4,117.2,26.1,29.8,416.8,228.2
10.0,5.2,271.4,117.2,26.1,29.8,416.4,228.4
10.0,5.2,272.2,117.2,26.1,29.8,417.6,228.5
10.0,5.2,271.3,117.2,26.1,29.8,416.3,228.4
10.0,5.2,272.2,117.2,26.1,29.8,416.9,227.7
10.0,5.2,272.0,117.2,26.1,29.7,416.8,227.5
10.0,5.2,271.6,117.2,26.0,29.8,415.8,228.0
10.0,5.2,271.3,117.2,26.1,29.8,416.5,228.2
10.0,5.2,270.9,117.2,26.1,29.7,417.5,228.3
10.0,5.2,271.1,117.2,26.1,29.7,416.4,228.5
10.0,5.2,270.6,117.2,26.0,29.7,417.2,228.2
10.0,5.2,271.1,117.2,26.1,29.8,417.3,228.5
10.0,5.2,271.4,117.2,26.1,29.7,417.2,229.1
10.0,5.2,272.1,117.2,26.1,29.8,413.8,229.4
10.1,5.2,271.2,117.2,26.0,29.8,417.3,229.0
10.0,5.2,271.6,117.2,26.0,29.7,416.4,228.8
10.0,5.2,271.0,117.2,26.0,29.8,415.5,228.9
10.0,5.2,271.8,117.2,26.0,29.8,416.0,228.8
10.0,5.2,270.5,117.2,26.0,29.8,418.0,228.7
10.0,5.2,271.3,117.2,26.0,29.8,418.3,228.8
10.0,5.1,272.1,117.2,26.0,29.8,417.7,228.5
10.0,5.2,270.7,117.2,26.0,29.7,416.8,228.8
10.0,5.1,271.6,117.2,26.0,29.7,419.1,228.7
10.0,5.2,271.1,117.2,26.1,29.8,417.1,228.6
9.9,5.2,271.5,117.2,26.0,29.7,416.1,228.4
10.0,5.2,271.9,117.2,26.0,29.7,416.9,228.9
10.0,5.2,271.4,117.2,26.0,29.7,415.6,228.5
10.0,5.1,270.9,117.2,26.0,29.7,418.4,228.5
10.0,5.2,271.5,117.2,26.0,29.7,417.0,228.2
10.0,5.1,271.1,117.2,26.0,29.7,416.3,227.9
10.0,5.1,271.0,117.2,26.0,29.7,417.2,228.0
9.9,5.2,271.8,117.2,26.0,29.7,415.7,228.3
9.9,5.1,271.0,117.2,26.0,29.7,415.6,228.5
10.0,5.2,271.6,116.5,26.0,29.7,418.1,228.3
10.0,5.1,271.2,117.2,26.0,29.7,417.2,228.4
9.9,5.1,271.5,117.2,26.0,29.7,415.7,228.9
10.0,5.2,270.7,117.2,26.0,29.7,419.8,229.0
9.9,5.1,272.3,116.5,26.0,29.7,418.0,229.3
10.0,5.2,270.8,116.5,26.0,29.7,416.7,229.0
10.0,5.1,270.6,116.5,26.0,29.7,414.8,228.8
9.9,5.1,269.9,116.5,26.0,29.7,411.2,228.4
9.9,5.1,270.8,117.2,26.0,29.7,418.4,228.2
9.9,5.1,270.7,116.5,26.0,29.7,415.3,228.7
9.9,5.1,270.3,116.5,26.0,29.7,417.9,228.4
9.9,5.1,271.2,117.2,26.0,29.7,416.9,228.5
9.9,5.1,272.1,117.2,26.0,29.7,413.9,228.1
9.9,5.1,271.7,116.5,26.0,29.6,416.4,228.4
9.9,5.1,270.6,116.5,26.0,29.7,416.3,228.2
9.9,5.1,271.4,116.5,26.0,29.7,415.8,228.1
9.9,5.1,272.4,116.5,26.0,29.7,417.3,228.3
9.9,5.1,271.2,116.5,26.0,29.7,416.5,227.8
9.9,5.1,271.8,116.5,26.0,29.6,417.3,227.7
9.9,5.1,272.1,116.5,26.0,29.6,417.4,227.5
9.9,5.1,271.5,116.5,26.0,29.6,419.0,227.3
9.9,5.1,270.5,116.5,25.9,29.6,417.8,227.1
9.9,5.1,270.3,116.5,26.0,29.6,416.1,227.4
9.9,5.1,271.1,116.5,26.0,29.7,414.9,227.5
9.9,5.1,271.5,116.5,25.9,29.6,417.2,227.8
9.9,5.1,271.1,116.5,26.0,29.6,415.7,228.2
9.9,5.1,270.8,116.5,26.0,29.6,418.7,228.3
9.9,5.1,271.5,116.5,26.0,29.6,415.4,228.6
9.9,5.1,271.5,116.5,26.0,29.6,415.7,228.3
9.9,5.1,272.1,116.5,26.0,29.6,416.8,227.8
9.9,5.1,270.0,116.5,26.0,29.6,417.3,227.9
9.9,5.1,271.1,116.5,25.9,29.6,417.3,227.4
9.9,5.1,271.7,116.5,26.0,29.6,416.4,227.3
9.9,5.1,271.8,116.5,26.0,29.6,417.2,227.2
9.9,5.1,271.3,116.5,26.0,29.6,415.7,227.5
9.9,5.1,271.8,116.5,26.0,29.6,417.3,227.6
9.9,5.1,271.6,116.5,26.0,29.6,411.1,228.0
9.9,5.1,271.1,116.5,26.0,29.6,416.7,227.7
9.9,5.1,271.2,116.5,25.9,29.7,417.8,227.7
9.9,5.1,270.8,116.5,26.0,29.6,417.9,227.5
9.9,5.1,271.1,116.5,26.0,29.6,418.0,227.5
9.8,5.1,271.5,116.5,26.0,29.7,417.5,227.1
9.9,5.1,271.1,116.5,26.0,29.6,415.6,227.4
9.9,5.1,271.5,116.5,26.0,29.7,414.7,227.4
9.8,5.0,271.3,116.5,26.0,29.6,414.8,227.5
9.9,5.1,271.7,116.5,26.0,29.7,417.3,227.5
9.8,5.1,271.3,116.5,26.0,29.7,417.4,228.1
9.9,5.1,271.4,116.5,26.0,29.7,418.8,227.9
9.9,5.1,270.7,116.5,26.0,29.7,416.7,227.5
9.8,5.0,270.5,116.5,26.0,29.7,418.1,227.3
9.9,5.0,270.2,116.5,26.0,29.7,414.2,227.4
9.9,5.1,270.8,116.5,26.0,29.7,418.1,227.1
9.8,5.1,271.9,116.5,26.0,29.7,417.4,227.0
9.8,5.1,270.6,116.5,26.0,29.7,416.7,227.0
9.8,5.1,271.0,116.5,26.0,29.7,416.2,226.7
9.8,5.1,270.9,116.5,26.0,29.7,414.9,226.9
9.9,5.1,270.2,116.5,26.0,29.7,416.4,227.3
9.8,5.1,270.8,116.5,26.0,29.7,416.0,228.1
9.9,5.1,271.8,116.5,26.0,29.7,415.6,228.0
9.8,5.1,271.7,116.5,26.0,29.7,415.1,227.9
9.9,5.1,271.1,116.5,26.0,29.7,416.7,228.1
9.9,5.1,271.3,116.5,26.0,29.7,415.3,228.1
9.8,5.1,271.8,117.2,26.0,29.7,411.6,228.1
9.8,5.1,272.0,117.2,26.0,29.7,417.0,228.3
9.9,5.1,271.2,117.2,26.0,29.7,416.1,227.7
9.8,5.1,270.8,117.2,26.0,29.7,416.4,227.8
9.8,5.1,271.4,116.5,26.0,29.7,416.8,227.8
9.8,5.0,271.7,117.2,26.1,29.7,414.4,228.5
9.9,5.1,272.5,117.2,26.1,29.7,417.8,228.1
9.8,5.1,271.7,117.2,26.0,29.7,415.1,228.5
9.8,5.1,271.0,117.2,26.0,29.7,416.9,228.5
9.9,5.1,271.7,117.2,26.0,29.7,416.6,228.5
9.9,5.1,271.2,117.2,26.1,29.7,417.4,228.5
9.8,5.1,272.4,117.2,26.1,29.8,415.6,228.3
9.8,5.1,271.7,117.2,26.1,29.7,416.2,227.0
9.9,5.1,271.2,116.5,26.1,29.7,416.2,225.9
9.8,5.1,271.1,116.5,26.0,29.7,416.1,226.0
9.9,5.1,271.6,116.5,26.1,29.7,415.5,225.8
9.8,5.1,272.0,116.5,26.0,29.7,417.1,225.7
9.9,5.1,271.0,117.2,26.0,29.7,415.8,225.6
9.8,5.1,271.0,116.5,26.0,29.7,416.3,225.4
9.8,5.1,271.3,116.5,26.1,29.7,417.8,225.1
9.8,5.1,270.8,116.5,26.1,29.7,416.7,225.1
9.8,5.1,271.5,117.2,26.1,29.7,415.6,225.7
9.9,5.1,271.5,116.5,26.1,29.7,415.9,225.7
9.8,5.1,271.0,117.2,26.1,29.8,415.0,225.6
9.9,5.1,271.2,117.2,26.1,29.8,419.1,226.5
9.9,5.1,272.0,117.2,26.1,29.8,411.8,226.2
9.8,5.1,271.1,117.2,26.1,29.8,417.7,226.0
9.8,5.1,272.0,117.2,26.1,29.8,417.2,226.4
9.9,5.1,271.6,117.2,26.1,29.8,416.2,226.1
9.9,5.1,270.6,117.2,26.1,29.7,416.1,226.0
9.9,5.1,271.5,117.2,26.1,29.8,417.8,225.6
9.8,5.1,271.6,117.2,26.1,29.8,416.7,225.7
9.8,5.1,271.5,117.2,26.1,29.7,414.8,225.5
9.9,5.1,269.7,117.2,26.1,29.8,416.8,225.5
9.8,5.1,270.9,116.5,26.1,29.7,418.1,226.2
9.9,5.1,272.1,117.2,26.1,29.7,416.6,226.3
9.9,5.1,271.1,117.2,26.1,29.8,416.1,225.9
9.8,5.1,272.0,116.5,26.1,29.8,415.9,226.1
9.8,5.1,271.1,117.2,26.1,29.7,415.8,226.0
9.8,5.1,270.7,117.2,26.1,29.8,417.6,226.2
9.9,5.1,271.1,117.2,26.1,29.8,415.1,226.1
9.9,5.1,271.5,117.2,26.1,29.8,416.9,226.4
9.8,5.1,271.4,117.2,26.1,29.8,416.8,225.9
9.8,5.1,271.9,117.2,26.1,29.8,417.7,225.9
9.9,5.1,271.7,117.2,26.1,29.8,416.3,225.6
9.8,5.1,271.4,117.2,26.1,29.8,416.0,226.0
9.9,5.1,270.9,117.2,26.1,29.8,417.4,226.2
9.8,5.1,271.5,117.2,26.1,29.8,416.3,226.2
9.9,5.1,271.5,117.2,26.1,29.8,416.2,226.2
9.8,5.1,271.2,117.2,26.1,29.8,416.5,226.1
9.8,5.1,270.6,117.2,26.1,29.8,417.9,225.8
9.8,5.1,270.7,117.2,26.1,29.8,418.2,226.2
9.9,5.1,271.1,117.2,26.1,29.9,419.1,225.6
9.9,5.1,272.0,117.2,26.1,29.8,416.4,225.5
9.9,5.1,270.8,117.2,26.1,29.8,417.3,225.8
9.8,5.1,271.5,117.2,26.2,29.8,415.0,225.6
9.9,5.1,270.6,117.2,26.1,29.8,414.1,226.2
9.8,5.1,271.5,117.2,26.1,29.9,410.4,226.0
9.8,5.1,271.6,117.2,26.1,29.8,417.7,225.8
9.8,5.1,271.3,117.2,26.2,29.8,415.1,226.1
9.9,5.1,271.5,117.2,26.1,29.8,415.9,226.2
9.9,5.1,271.9,117.2,26.1,29.8,415.3,226.2
9.8,5.1,272.8,117.2,26.1,29.8,416.9,231.2
9.9,5.3,281.6,117.9,26.1,27.8,416.3,231.2
9.9,5.3,281.6,117.9,26.1,27.0,416.0,231.2
9.8,5.3,281.6,117.9,26.1,27.0,414.3,231.2
9.9,5.3,281.6,117.9,26.1,26.9,415.1,231.2
9.9,5.3,281.6,117.9,26.1,26.8,414.7,231.2
9.8,5.3,281.6,99.3,26.1,27.0,418.2,231.2
9.8,5.3,277.3,103.4,26.1,27.4,417.6,231.2
9.8,5.3,277.6,105.5,26.1,27.8,418.9,153.5
9.8,5.3,277.2,108.9,26.1,28.2,416.1,162.0
9.7,5.3,277.4,110.3,26.1,28.6,416.8,174.2
9.7,5.3,277.4,111.7,26.1,28.7,414.8,181.3
9.7,5.8,277.8,112.4,26.1,29.0,417.2,188.5
9.7,5.7,276.6,113.1,26.0,29.1,417.4,192.2
9.8,5.7,277.6,113.1,26.0,29.1,415.9,201.6
9.8,5.6,276.9,114.5,26.0,29.2,415.5,209.4
9.8,5.5,277.0,114.5,26.0,29.2,416.3,210.4
9.8,5.5,277.0,115.1,26.0,29.4,418.3,213.7
10.0,5.6,276.6,115.1,26.0,29.4,416.8,218.3
10.0,5.5,276.8,115.8,26.0,29.5,417.9,223.0
10.1,5.6,277.2,116.5,26.0,29.5,415.2,226.5
10.2,5.5,276.7,116.5,26.0,29.6,417.8,228.5
10.2,5.5,277.0,117.2,26.0,29.6,412.0,231.9
10.2,5.4,276.6,117.2,26.0,29.7,414.6,232.1
10.2,5.4,276.8,117.2,26.0,29.7,417.4,232.1
10.2,5.4,277.3,117.2,26.0,29.8,416.7,231.7
10.2,5.4,276.7,117.2,26.0,29.7,418.5,231.5
10.1,5.3,277.2,117.2,26.0,29.8,417.0,231.2
10.1,5.4,276.7,117.2,26.0,29.7,416.5,230.7
10.0,5.3,276.7,117.2,26.0,29.8,416.0,231.1
10.0,5.3,277.1,117.2,26.0,29.8,420.8,231.3
10.1,5.3,276.8,117.2,26.0,29.8,416.7,231.4
10.0,5.3,277.0,117.9,26.1,29.8,416.2,231.6
10.1,5.3,277.0,117.9,26.1,29.8,419.1,231.4
10.0,5.3,277.6,117.2,26.1,29.8,418.0,231.4
10.0,5.3,277.6,117.9,26.1,29.8,415.6,231.7
10.0,5.3,277.3,117.2,26.1,29.9,417.2,231.3
10.0,5.3,276.8,117.9,26.1,29.8,417.8,231.2
10.0,5.3,277.3,117.9,26.1,29.9,418.2,231.2
10.0,5.3,277.4,117.9,26.1,29.9,418.4,231.0
10.0,5.3,277.2,117.2,26.1,29.9,416.6,230.9
10.0,5.3,277.9,117.2,26.1,29.9,417.3,231.6
10.0,5.3,277.6,117.9,26.1,29.9,419.0,231.5
10.0,5.3,277.3,117.9,26.1,29.9,416.4,231.7
10.0,5.3,277.7,117.9,26.2,29.9,417.2,231.4
10.0,5.3,277.2,117.9,26.1,29.9,417.0,231.4
9.9,5.3,277.3,117.9,26.2,29.9,414.9,231.1
10.0,5.3,276.8,117.9,26.2,29.9,416.5,231.1
9.9,5.2,277.2,117.9,26.1,29.9,416.6,231.4
10.0,5.3,278.1,117.9,26.1,29.9,414.1,231.4
10.0,5.3,277.1,117.9,26.1,29.9,417.1,231.1
10.0,5.3,278.0,117.9,26.1,29.9,413.0,231.1
9.9,5.3,276.7,117.9,26.2,29.9,411.6,231.1
10.0,5.3,276.4,117.9,26.2,30.0,417.1,231.4
9.9,5.2,278.4,117.9,26.2,30.0,416.3,231.6
9.9,5.2,278.1,117.9,26.2,30.0,418.5,231.5
10.0,5.3,277.1,117.9,26.2,29.9,415.6,231.0
9.9,5.2,277.5,117.9,26.2,30.0,417.7,231.3
10.0,5.2,276.7,117.9,26.3,30.0,416.8,231.4
10.0,5.3,276.8,117.9,26.3,30.0,418.6,231.2
10.0,5.3,277.1,117.9,26.3,30.0,416.7,231.2
9.9,5.2,276.9,118.6,26.3,30.0,416.5,231.1
9.9,5.2,278.4,117.9,26.3,30.0,416.7,231.4
9.9,5.2,278.0,118.6,26.3,30.0,416.4,231.7
9.9,5.2,278.4,117.9,26.3,30.0,414.8,234.8
9.9,5.2,277.0,118.6,26.3,30.0,417.8,234.6
9.9,5.2,277.1,118.6,26.3,30.0,417.6,235.1
9.9,5.2,277.6,118.6,26.3,30.0,418.5,234.5
9.9,5.2,277.1,118.6,26.3,30.1,418.8,234.4
9.9,5.2,277.8,118.6,26.3,30.0,416.5,233.8
9.9,5.2,277.1,118.6,26.3,30.0,419.3,234.8
9.9,5.2,277.4,118.6,26.3,30.0,417.7,234.1
9.9,5.2,277.0,118.6,26.3,30.0,417.7,232.9
9.9,5.2,276.7,118.6,26.3,30.0,415.2,233.5
9.9,5.2,277.6,118.6,26.3,30.0,418.1,233.2
9.9,5.1,277.1,118.6,26.3,30.0,417.8,233.2
9.9,5.2,277.1,118.6,26.3,30.1,418.7,233.1
9.9,5.2,277.1,118.6,26.3,30.0,417.3,232.8
9.9,5.1,277.0,118.6,26.3,30.0,415.1,233.3
9.9,5.2,277.0,118.6,26.3,30.0,415.3,233.3
9.9,5.2,276.5,118.6,26.3,30.0,418.0,233.6
9.9,5.2,277.5,118.6,26.3,30.1,415.6,233.5
9.9,5.2,277.0,118.6,26.3,30.0,416.9,234.0
9.9,5.2,277.9,118.6,26.3,30.0,411.9,233.9
9.9,5.2,277.0,118.6,26.3,30.1,417.5,233.4
9.9,5.2,276.9,118.6,26.3,30.0,418.0,233.7
9.9,5.2,277.6,118.6,26.3,30.0,417.2,233.7
9.9,5.1,276.9,118.6,26.3,30.1,417.5,234.7
9.9,5.1,276.9,118.6,26.3,30.1,417.1,234.9
9.9,5.1,276.8,118.6,26.3,30.1,417.7,235.1
9.9,5.2,276.9,118.6,26.3,30.1,417.1,234.2
9.8,5.1,277.3,118.6,26.3,30.1,417.1,235.0
9.9,5.1,277.3,118.6,26.3,30.0,416.1,234.6
9.8,5.1,276.9,118.6,26.3,30.1,417.4,235.3
9.9,5.1,276.8,118.6,26.3,30.0,416.7,235.5
9.8,5.1,276.8,118.6,26.3,30.0,418.1,235.4
9.9,5.1,277.1,118.6,26.3,30.0,420.1,235.6
9.8,5.1,276.4,118.6,26.3,30.1,416.8,235.8
9.9,5.1,277.9,118.6,26.3,30.1,416.5,235.6
9.8,5.1,278.0,118.6,26.3,30.1,415.5,235.6
9.9,5.1,277.8,118.6,26.3,30.0,416.9,235.3
9.9,5.1,278.2,118.6,26.3,30.0,415.9,235.4
9.9,5.1,276.8,118.6,26.3,30.0,415.9,235.9
9.9,5.1,277.3,118.6,26.3,30.0,417.0,236.0
9.9,5.1,278.1,118.6,26.3,30.0,417.4,235.5
9.8,5.1,277.9,118.6,26.3,30.0,416.4,235.6
9.8,5.1,276.4,118.6,26.2,30.0,417.9,235.7
9.8,5.1,277.6,118.6,26.3,30.0,418.9,235.3
9.8,5.1,277.5,118.6,26.3,30.0,419.4,235.5
9.8,5.1,277.8,118.6,26.3,30.0,418.8,235.3
9.8,5.1,277.0,118.6,26.3,30.0,416.7,235.1
9.9,5.1,277.1,118.6,26.3,30.0,417.4,235.2
9.8,5.1,277.4,118.6,26.3,30.0,417.7,235.3
9.8,5.1,277.0,118.6,26.3,30.0,412.3,235.6
9.8,5.1,277.5,118.6,26.3,30.0,419.7,235.7
9.8,5.1,277.8,118.6,26.3,30.0,416.1,235.8
9.8,5.1,277.2,118.6,26.2,30.0,418.9,236.3
9.8,5.1,277.6,118.6,26.3,30.0,417.1,236.6
9.8,5.1,277.7,118.6,26.3,30.0,415.9,237.2
9.8,5.1,276.7,118.6,26.2,30.0,417.5,237.1
9.8,5.1,277.8,118.6,26.3,30.0,417.9,236.9
9.8,5.1,277.3,118.6,26.2,30.0,417.1,236.8
9.8,5.0,277.0,118.6,26.3,30.0,415.8,236.5
9.8,5.0,278.0,118.6,26.3,30.0,418.0,237.1
9.8,5.1,278.2,118.6,26.3,30.0,417.5,237.3
9.8,5.1,277.3,118.6,26.3,30.0,417.2,238.1
9.8,5.1,277.5,118.6,26.3,30.1,417.9,238.4
9.8,5.1,278.1,118.6,26.3,30.0,419.2,238.8
9.8,5.0,277.6,118.6,26.3,30.0,415.3,239.0
9.8,5.0,277.3,118.6,26.3,30.0,416.5,238.6
9.8,5.1,278.1,118.6,26.2,30.0,417.6,238.7
9.8,5.1,277.4,118.6,26.3,30.0,416.2,238.2
9.8,5.1,277.8,118.6,26.3,30.0,416.4,237.2
9.8,5.0,277.2,118.6,26.3,30.0,418.9,236.8
9.8,5.1,277.9,118.6,26.2,30.0,416.6,236.6
9.8,5.0,276.3,118.6,26.2,30.0,416.9,236.1
9.8,5.1,276.9,118.6,26.2,30.0,417.2,235.5
9.8,5.1,277.6,118.6,26.3,30.0,416.3,235.4
9.8,5.0,276.4,118.6,26.3,30.0,414.9,235.2
9.8,5.1,276.1,118.6,26.3,30.0,410.3,235.8
9.8,5.0,277.4,118.6,26.3,30.0,416.4,236.2
9.8,5.0,277.9,118.6,26.3,30.0,416.6,236.7
9.8,5.0,277.5,118.6,26.2,30.0,417.0,236.9
9.8,5.0,277.6,118.6,26.2,30.0,417.9,237.1
9.8,5.1,277.5,118.6,26.3,30.0,418.0,236.7
9.8,5.0,276.9,118.6,26.3,30.0,417.4,236.9
9.8,5.1,277.5,118.6,26.3,30.0,417.1,236.6
9.8,5.0,277.1,118.6,26.3,30.0,416.7,236.3
9.8,5.1,278.0,118.6,26.3,30.0,417.7,236.0
9.8,5.1,276.3,118.6,26.3,30.1,418.6,236.1
9.8,5.1,276.1,118.6,26.2,30.0,417.0,235.8
9.8,5.0,278.1,118.6,26.3,30.0,418.3,235.7
9.8,5.0,277.5,118.6,26.2,30.0,417.0,235.8
9.8,5.0,276.9,118.6,26.3,30.0,420.6,235.6
9.7,5.0,276.8,118.6,26.2,30.0,419.1,236.1
9.8,5.0,277.1,118.6,26.3,30.0,415.7,236.1
9.8,5.0,277.1,118.6,26.2,30.0,417.7,235.8
9.7,5.0,277.4,118.6,26.2,30.0,418.2,235.9
9.7,5.0,277.2,118.6,26.2,30.0,415.2,236.3
9.8,5.1,277.7,118.6,26.2,30.0,416.9,236.2
9.8,5.0,276.8,118.6,26.2,30.0,416.2,236.0
9.8,5.0,277.0,118.6,26.2,30.0,417.1,236.0
9.7,5.0,277.9,118.6,26.3,30.0,417.7,236.0
9.8,5.0,277.7,118.6,26.2,30.0,413.7,236.0
9.7,5.0,277.2,118.6,26.2,30.0,412.5,235.8
9.7,5.0,276.4,118.6,26.3,30.0,416.5,235.8
9.8,5.0,277.2,118.6,26.2,30.0,415.4,236.4
9.8,5.0,277.0,118.6,26.3,30.0,415.0,236.3
9.8,5.0,278.6,118.6,26.3,30.0,418.3,235.7
9.7,5.0,277.6,118.6,26.2,30.0,418.3,236.0
9.8,5.0,276.7,118.6,26.2,30.0,417.0,235.8
9.8,5.0,276.8,118.6,26.2,30.0,417.3,235.4
9.8,5.0,276.9,118.6,26.3,30.0,416.1,234.9
9.8,5.0,275.9,118.6,26.2,30.0,418.0,235.0
9.8,5.0,276.1,118.6,26.3,30.0,417.5,234.8
9.8,5.0,276.1,118.6,26.3,30.0,419.1,234.8
9.7,5.0,276.5,118.6,26.2,30.0,417.8,235.6
9.8,5.0,277.4,118.6,26.2,30.0,417.6,235.5
9.8,5.0,278.0,118.6,26.2,30.0,417.3,235.1
9.7,5.0,277.4,118.6,26.2,30.0,417.2,234.7
9.7,5.0,276.9,117.9,26.2,30.0,417.2,234.6
9.7,5.0,276.5,117.9,26.2,30.0,418.1,234.2
9.7,5.0,277.8,117.9,26.2,30.0,419.3,234.4
9.8,5.0,277.4,117.9,26.2,30.0,416.7,234.3
9.8,5.1,278.3,117.9,26.2,30.0,418.0,234.7
9.8,5.1,277.5,117.9,26.1,30.0,413.1,235.5
9.7,5.1,277.6,118.6,26.1,30.0,416.4,236.1
9.7,5.1,277.3,117.9,26.2,29.9,416.5,236.4
9.7,5.0,278.2,117.9,26.2,30.0,417.1,237.0
9.8,5.1,279.1,117.9,26.1,29.9,418.8,236.7
9.7,5.0,278.0,117.9,26.1,29.9,417.3,236.4
9.7,5.0,278.7,117.9,26.1,29.9,417.6,235.4
9.8,5.1,278.3,117.9,26.2,29.9,416.6,234.5
9.8,5.1,278.6,117.9,26.1,29.9,416.6,233.8
9.7,5.0,277.7,117.9,26.1,29.9,416.0,233.4
9.8,5.1,276.2,117.9,26.1,29.9,416.4,232.5
9.7,5.0,276.8,117.9,26.1,29.9,416.1,232.2
9.7,5.1,277.2,117.9,26.1,29.8,415.5,232.4
9.7,5.0,276.8,117.9,26.1,29.9,417.3,232.6
9.8,5.1,276.8,117.9,26.1,29.9,417.2,233.5
9.7,5.1,277.4,117.9,26.1,29.9,416.7,233.2
9.7,5.0,277.2,117.2,26.1,29.9,419.2,234.0
9.8,5.1,278.0,117.9,26.1,29.9,419.1,234.4
9.8,5.1,277.3,117.9,26.1,29.9,416.7,234.3
9.8,5.1,278.2,117.9,26.1,29.9,418.6,234.4
9.7,5.1,276.6,117.9,26.1,29.9,417.4,234.3
9.7,5.0,278.2,117.9,26.1,29.8,417.3,234.1
9.8,5.1,277.6,117.9,26.1,29.9,417.2,233.6
9.8,5.1,276.7,117.9,26.1,29.9,416.9,233.2
9.7,5.0,277.3,117.9,26.1,29.9,418.3,233.5
9.8,5.1,276.8,117.9,26.1,29.9,416.2,233.1
9.8,5.1,276.4,117.9,26.1,29.9,412.6,232.9
9.7,5.1,277.1,117.2,26.0,29.8,417.5,233.1
9.8,5.1,276.8,117.9,26.1,29.8,414.9,233.5
9.8,5.1,276.2,117.9,26.1,29.9,417.6,233.6
9.7,5.1,277.8,117.2,26.1,29.8,418.0,233.9
9.7,5.1,277.5,117.2,26.0,29.8,417.9,234.5
9.7,5.1,278.6,117.9,26.1,29.8,419.4,234.9
9.8,5.1,277.8,117.9,26.1,29.8,414.6,235.0
9.8,5.1,278.6,117.2,26.1,29.8,416.3,235.2
9.8,5.1,278.4,117.9,26.1,29.8,418.6,235.0
9.8,5.1,278.0,117.2,26.1,29.8,415.9,234.6
9.8,5.1,277.7,117.2,26.1,29.8,415.1,234.5
9.8,5.1,277.5,117.2,26.0,29.8,416.3,234.3
9.8,5.1,276.4,117.2,26.0,29.8,419.0,233.9
9.8,5.1,276.2,117.9,26.0,29.8,416.0,233.8
9.9,5.2,276.0,117.9,26.1,29.9,416.5,233.2
9.9,5.1,274.5,117.2,26.1,29.8,417.4,232.8
9.9,5.1,274.3,117.2,26.0,29.8,416.8,232.9
9.9,5.1,274.8,117.2,26.0,29.8,414.9,233.1
9.9,5.1,273.1,117.9,26.1,29.8,419.1,233.6
9.9,5.1,273.9,117.2,26.0,29.8,418.8,234.3
9.9,5.1,273.9,117.9,26.0,29.8,417.3,234.6
9.9,5.2,273.9,117.9,26.1,29.9,416.6,234.0
9.8,5.1,273.4,117.2,26.0,29.8,419.2,232.2
9.8,5.1,274.2,117.2,26.0,29.8,417.0,229.2
9.7,5.1,274.0,117.2,26.0,29.7,415.7,229.3
9.9,5.1,271.9,117.2,26.0,29.8,418.4,229.5
9.9,5.2,272.9,117.2,26.0,29.7,414.8,229.4
9.9,5.2,273.2,117.2,26.0,29.7,419.8,229.1
9.9,5.2,272.5,117.2,26.1,29.8,417.1,229.2
9.9,5.3,273.1,117.2,26.0,29.7,416.4,228.6
10.0,5.3,273.4,117.2,26.0,29.8,416.9,228.8
9.9,5.3,272.4,117.2,26.0,29.8,410.8,228.6
9.9,5.2,272.3,117.2,26.0,29.8,414.7,229.1
9.9,5.2,273.4,117.2,26.0,29.7,418.5,229.0
9.8,5.2,273.5,117.2,26.0,29.7,417.0,229.2
9.8,5.1,273.6,117.2,26.0,29.7,418.9,229.0
9.8,5.1,274.2,117.2,26.0,29.7,416.2,228.9
9.8,5.1,272.9,117.2,26.0,29.7,417.8,226.6
9.8,5.1,273.1,116.5,26.0,29.7,417.5,226.4
9.8,5.2,272.6,116.5,26.0,29.7,417.3,226.1
9.8,5.2,272.8,116.5,26.0,29.7,417.0,225.5
9.8,5.2,272.1,116.5,26.0,29.7,417.1,225.0
9.7,5.1,272.9,116.5,26.0,29.7,416.1,224.3
9.7,5.1,272.5,116.5,26.0,29.7,418.0,224.2
9.6,5.0,272.8,116.5,26.0,29.7,416.6,223.6
9.6,5.0,270.9,116.5,26.0,29.6,416.3,224.3
9.6,5.0,272.1,116.5,26.0,29.6,419.7,224.1
9.6,5.0,272.0,116.5,26.0,29.6,418.0,223.7
9.5,4.9,273.3,116.5,26.0,29.6,418.8,223.2
9.5,5.0,273.1,116.5,26.0,29.6,419.5,223.4
9.5,4.9,272.6,116.5,26.0,29.6,417.0,219.6
9.4,5.0,272.5,115.8,26.0,29.5,417.3,219.9
9.4,5.0,273.2,115.8,26.0,29.6,412.0,219.8
9.5,5.0,272.7,115.8,26.0,29.6,417.1,210.7
9.5,4.9,262.6,114.5,26.0,29.5,417.1,210.1
9.4,5.1,274.0,113.8,26.0,29.5,465.2,210.1
9.4,5.1,275.5,114.5,26.0,29.2,410.7,210.7
9.5,5.2,274.6,115.1,26.0,29.4,407.9,211.3
9.6,5.3,274.6,115.1,26.0,29.5,405.6,211.6
9.6,5.3,275.8,115.1,26.0,29.5,402.0,212.1
9.6,5.3,275.4,115.1,26.0,29.5,400.3,212.2
9.7,5.3,275.9,115.1,25.9,29.5,400.9,212.1
9.5,5.3,276.4,115.1,26.0,29.5,401.0,212.0
9.5,5.3,276.3,115.1,25.9,29.5,400.9,212.2
9.5,5.3,276.9,115.1,25.9,29.5,398.4,212.0
9.4,5.2,276.9,114.5,25.9,29.4,398.7,212.1
9.4,5.3,275.7,114.5,25.9,29.5,396.8,211.9
9.5,5.3,276.4,114.5,25.8,29.4,396.8,210.6
9.3,5.2,277.2,114.5,25.8,29.4,399.1,210.9
9.4,5.2,275.6,114.5,25.8,29.4,395.0,210.8
9.4,5.2,276.4,114.5,25.7,29.3,398.1,210.7
9.3,5.2,276.7,114.5,25.7,29.2,400.3,213.8
9.5,5.2,277.1,114.5,25.7,29.3,396.0,213.9
9.4,5.2,277.3,114.5,25.6,29.2,397.2,215.1
9.5,5.3,276.9,115.1,25.7,29.3,397.5,221.5
9.4,5.1,277.5,115.1,25.6,29.4,396.6,221.6
9.5,5.1,276.8,115.1,25.6,29.4,399.4,222.0
9.5,5.1,277.1,115.1,25.6,29.4,397.5,221.5
9.5,5.2,278.4,115.1,25.5,29.4,398.3,221.6
9.6,5.2,278.4,115.1,25.6,29.4,396.5,221.7
9.5,5.2,278.1,115.1,25.6,29.3,396.4,221.8
9.6,5.2,277.3,114.5,25.5,29.3,394.9,221.7
9.5,5.2,278.8,114.5,25.5,29.2,396.7,221.4
9.5,5.2,277.1,114.5,25.5,29.2,396.5,220.9
9.5,5.1,278.4,114.5,25.5,29.2,396.9,220.7
9.5,5.1,278.7,114.5,25.5,29.2,398.3,221.9
9.6,5.2,279.1,114.5,25.5,29.2,395.4,221.6
9.5,5.2,278.8,114.5,25.4,29.2,395.5,224.9
9.7,5.2,280.0,115.1,25.4,29.2,396.9,224.2
9.7,5.2,279.1,114.5,25.5,29.2,394.4,224.3
9.6,5.2,279.5,114.5,25.4,29.2,398.3,224.2
9.6,5.2,279.5,114.5,25.4,29.2,397.6,224.5
9.6,5.2,279.4,114.5,25.4,29.2,395.4,224.3
9.5,5.2,279.0,114.5,25.4,29.2,395.4,224.2
9.5,5.2,279.5,114.5,25.4,29.2,396.9,224.1
9.7,5.2,279.9,114.5,25.4,29.1,397.0,223.2
9.5,5.2,278.6,114.5,25.3,29.1,395.8,223.6
9.6,5.2,279.1,114.5,25.3,29.1,396.8,224.1
9.7,5.2,280.0,114.5,25.3,29.1,394.7,223.5
9.7,5.2,279.3,114.5,25.3,29.1,397.0,223.2
9.6,5.2,279.1,114.5,25.3,29.1,395.3,223.6
9.7,5.2,278.9,114.5,25.3,29.1,395.1,223.4
9.7,5.2,278.7,114.5,25.3,29.1,396.8,223.9
9.7,5.3,278.8,114.5,25.2,29.1,397.0,224.1
9.7,5.3,277.9,113.8,25.2,29.1,395.0,224.4
9.7,5.3,279.4,113.8,25.2,29.1,396.7,225.1
9.8,5.3,279.4,113.8,25.2,29.0,394.4,224.6
9.8,5.3,280.4,114.5,25.2,29.0,397.8,227.7
9.8,5.3,279.6,114.5,25.2,29.1,396.6,231.1
9.8,5.2,279.9,114.5,25.2,29.1,397.2,230.1
9.7,5.2,279.1,114.5,25.2,29.1,397.3,231.3
9.8,5.2,278.6,114.5,25.2,29.1,396.8,231.7
9.8,5.2,278.6,114.5,25.2,29.1,394.7,231.5
9.7,5.2,279.3,114.5,25.1,29.1,396.6,231.8
9.8,5.2,278.8,114.5,25.1,29.1,394.9,236.5
9.8,5.1,280.0,115.1,25.1,29.1,396.8,236.2
9.8,5.2,278.8,115.1,25.1,29.1,394.7,236.5
9.9,5.2,279.3,115.1,25.1,29.2,395.3,235.9
9.9,5.2,278.8,115.1,25.1,29.2,394.9,236.0
9.9,5.2,279.7,115.1,25.1,29.1,396.4,236.1
9.8,5.2,279.5,115.1,25.1,29.1,396.2,236.3
9.9,5.2,279.4,115.1,25.1,29.1,397.0,236.4
9.9,5.2,278.8,115.1,25.1,29.1,396.4,236.7
9.9,5.2,279.2,115.1,25.1,29.1,396.3,235.8
9.9,5.2,279.3,115.1,25.1,29.1,396.7,235.6
9.9,5.2,279.3,115.1,25.1,29.1,398.3,234.9
9.8,5.2,279.5,115.1,25.1,29.1,395.0,237.5
9.9,5.2,277.4,115.1,25.1,29.1,396.1,237.5
9.9,5.2,278.8,115.1,25.1,29.1,396.8,237.3
9.9,5.2,278.3,115.1,25.0,29.1,395.4,240.0
10.0,5.2,278.6,115.1,25.1,29.2,398.5,240.3
10.0,5.2,279.5,115.1,25.0,29.1,396.1,240.6
10.0,5.2,279.1,115.1,25.0,29.1,396.1,242.1
10.0,5.2,279.5,115.1,25.0,29.1,396.7,241.4
9.9,5.2,279.1,115.1,25.0,29.2,397.6,242.2
9.9,5.2,280.2,115.8,25.1,29.2,395.9,243.0
10.0,5.2,280.0,115.1,25.0,29.2,396.0,242.8
10.0,5.2,280.9,115.1,25.0,29.2,396.6,243.1
10.0,5.2,280.3,115.1,25.0,29.2,394.7,243.0
10.0,5.3,280.3,115.1,25.0,29.1,396.4,243.3
10.0,5.3,279.4,115.8,25.1,29.2,396.5,243.2
10.1,5.3,278.9,115.8,25.0,29.2,395.9,242.7
10.1,5.3,279.7,115.8,25.0,29.2,397.1,242.5
10.1,5.3,278.9,115.8,25.0,29.2,395.7,242.2
10.0,5.2,278.9,115.8,25.1,29.2,395.7,242.7
10.1,5.3,279.6,115.8,25.1,29.1,397.0,243.1
10.0,5.2,279.8,115.8,25.0,29.1,397.2,243.3
10.0,5.3,279.7,115.8,25.1,29.2,395.7,243.1
10.0,5.2,279.9,115.8,25.0,29.2,396.3,244.0
10.1,5.3,278.8,115.8,25.0,29.2,396.4,244.0
10.1,5.3,279.9,115.8,25.0,29.1,396.7,243.5
10.1,5.3,278.2,115.8,25.0,29.2,396.3,243.2
10.1,5.3,279.3,115.8,25.1,29.2,398.1,246.8
10.2,5.3,279.3,115.8,25.0,29.2,397.5,246.0
10.2,5.2,279.2,115.8,25.0,29.2,397.5,245.3
10.2,5.2,278.0,115.8,25.0,29.2,398.0,245.1
10.1,5.2,277.9,115.8,25.1,29.2,395.9,244.3
10.2,5.2,278.4,115.8,25.0,29.2,396.7,244.7
10.1,5.2,277.9,115.8,25.0,29.2,395.1,244.7
10.2,5.2,278.0,115.8,25.0,29.2,395.7,244.9
10.1,5.2,278.4,115.8,25.0,29.2,397.9,245.1
10.2,5.2,278.8,115.8,25.1,29.2,395.9,245.7
10.2,5.2,278.7,115.8,25.0,29.2,395.6,248.3
10.2,5.2,280.2,116.5,25.0,29.2,396.6,248.6
10.2,5.2,279.3,116.5,25.1,29.3,396.0,248.2
10.2,5.2,278.6,116.5,25.1,29.3,396.7,247.9
10.2,5.3,279.1,116.5,25.1,29.3,395.8,249.6
10.2,5.3,278.7,116.5,25.1,29.3,396.7,249.4
10.2,5.3,278.6,116.5,25.1,29.2,394.7,248.8
10.3,5.3,278.3,116.5,25.1,29.3,395.3,248.1
10.3,5.3,279.4,116.5,25.1,29.2,397.2,247.2
10.2,5.3,278.9,115.8,25.1,29.3,396.5,246.8
10.2,5.3,278.4,115.8,25.1,29.2,397.7,247.2
10.2,5.3,278.4,115.8,25.1,29.3,398.0,247.3
10.3,5.4,279.2,116.5,25.1,29.3,396.4,247.0
10.2,5.3,279.9,116.5,25.1,29.2,397.6,247.0
10.2,5.3,279.2,116.5,25.1,29.2,395.9,247.1
10.2,5.3,279.9,115.8,25.0,29.3,397.2,249.3
10.3,5.3,279.1,116.5,25.1,29.3,397.5,249.8
10.3,5.3,279.4,116.5,25.0,29.3,399.0,249.7
10.2,5.3,280.0,116.5,25.1,29.3,396.1,250.0
10.2,5.3,279.8,116.5,25.1,29.3,397.1,250.0
10.3,5.3,278.9,116.5,25.1,29.3,396.3,249.5
10.3,5.3,279.0,116.5,25.1,29.3,396.5,248.6
10.3,5.3,278.8,116.5,25.1,29.3,395.2,248.2
10.3,5.3,278.5,116.5,25.1,29.3,395.7,249.0
10.3,5.3,278.9,116.5,25.1,29.3,397.2,248.1
10.2,5.3,279.2,116.5,25.1,29.3,397.0,247.9
10.3,5.3,278.8,116.5,25.1,29.2,396.1,248.5
10.3,5.4,279.6,116.5,25.1,29.4,396.4,249.0
10.3,5.4,279.4,116.5,25.1,29.3,396.3,248.9
10.3,5.3,279.3,116.5,25.1,29.3,397.1,249.1
10.3,5.3,279.7,116.5,25.1,29.3,395.9,249.6
10.3,5.4,279.1,116.5,25.1,29.4,397.3,249.1
10.3,5.4,279.9,116.5,25.1,29.4,396.3,249.2
10.3,5.4,279.5,116.5,25.1,29.4,398.2,250.3
10.3,5.3,279.3,116.5,25.1,29.4,395.6,250.1
10.3,5.3,279.4,116.5,25.1,29.4,396.1,250.2
10.3,5.3,279.4,116.5,25.1,29.4,397.8,249.9
10.3,5.4,279.6,116.5,25.1,29.4,394.6,249.9
10.3,5.3,279.9,116.5,25.1,29.4,396.9,248.6
10.3,5.3,278.9,116.5,25.2,29.4,396.7,249.6
10.3,5.4,279.6,116.5,25.1,29.4,395.0,250.0
10.3,5.3,279.2,116.5,25.2,29.4,396.5,249.8
10.3,5.3,279.8,116.5,25.1,29.4,397.6,249.8
10.3,5.4,279.3,116.5,25.2,29.4,395.7,249.8
10.3,5.3,279.1,116.5,25.2,29.4,396.0,250.0
10.3,5.4,279.7,116.5,25.1,29.4,398.7,250.4
10.3,5.4,279.6,116.5,25.1,29.4,395.7,250.5
10.3,5.4,278.9,116.5,25.2,29.4,396.0,250.1
10.3,5.4,279.2,116.5,25.1,29.5,395.5,249.4
10.3,5.4,279.0,116.5,25.2,29.5,396.3,249.8
10.3,5.4,279.5,116.5,25.2,29.5,395.9,249.9
10.3,5.3,279.9,116.5,25.2,29.4,396.6,249.1
10.3,5.4,280.1,116.5,25.2,29.5,394.2,249.3
10.3,5.4,279.4,117.2,25.2,29.5,397.2,249.3
10.3,5.4,278.7,117.2,25.2,29.5,396.9,252.4
10.3,5.4,278.9,117.2,25.2,29.4,394.4,252.7
10.4,5.4,279.3,117.2,25.3,29.5,394.8,252.8
10.4,5.4,279.5,117.2,25.3,29.5,398.0,252.6
10.3,5.4,280.1,117.2,25.3,29.5,397.1,252.5
10.4,5.4,279.4,117.2,25.3,29.5,397.0,252.7
10.3,5.3,279.2,117.2,25.3,29.6,395.1,252.6
10.3,5.4,279.2,117.9,25.4,29.6,395.8,254.8
10.4,5.4,279.9,117.9,25.3,29.6,397.5,254.1
10.3,5.3,279.5,117.9,25.3,29.6,396.6,254.1
10.4,5.4,279.0,117.9,25.4,29.6,396.2,254.0
10.4,5.3,279.0,117.9,25.4,29.6,397.4,253.9
10.3,5.3,278.6,117.9,25.4,29.7,396.4,254.1
10.3,5.3,279.5,117.9,25.4,29.6,397.2,254.7
10.4,5.4,280.0,117.9,25.4,29.7,396.2,254.5
10.4,5.3,280.0,117.9,25.4,29.7,395.6,254.8
10.3,5.3,280.4,117.9,25.4,29.6,396.2,255.0
10.4,5.4,280.2,117.9,25.4,29.7,397.3,254.9
10.3,5.3,279.9,117.9,25.4,29.7,395.3,255.1
10.3,5.3,280.5,117.9,25.4,29.7,397.2,255.6
10.3,5.4,279.4,118.6,25.4,29.7,398.1,254.0
10.3,5.3,279.1,117.9,25.4,29.7,398.2,254.4
10.4,5.4,279.6,117.9,25.5,29.7,397.3,253.0
10.3,5.4,279.4,117.9,25.5,29.7,398.3,252.7
10.3,5.4,280.7,117.9,25.4,29.7,395.5,252.9
10.3,5.4,280.4,117.9,25.5,29.7,395.3,252.7
10.3,5.4,280.3,117.9,25.5,29.7,396.3,252.6
10.4,5.4,280.0,117.9,25.5,29.7,396.2,252.1
10.4,5.4,279.5,117.9,25.5,29.7,396.7,251.7
10.3,5.4,279.9,117.9,25.5,29.8,396.8,251.4
10.4,5.5,279.7,117.9,25.5,29.7,396.6,252.0
10.4,5.5,279.9,117.9,25.5,29.7,395.7,251.7
10.4,5.5,280.1,117.9,25.5,29.7,398.3,251.3
10.4,5.4,279.8,117.9,25.5,29.7,396.2,252.7
10.3,5.4,279.2,118.6,25.5,29.7,396.2,252.9
10.4,5.4,279.8,118.6,25.5,29.8,396.1,252.7
10.4,5.4,279.2,118.6,25.5,29.8,396.6,252.4
10.4,5.4,279.6,118.6,25.5,29.8,397.0,251.9
10.4,5.4,279.4,118.6,25.5,29.7,396.2,251.9
10.4,5.5,243.0,117.9,25.5,29.8,415.3,231.2
10.4,5.5,281.2,117.9,25.5,29.8,415.3,231.2
10.4,5.5,280.3,117.9,25.5,29.8,395.0,231.2
10.4,5.5,281.1,117.9,25.5,29.8,395.2,231.2
10.4,5.5,281.0,117.9,25.5,29.8,384.9,231.2
10.4,5.5,281.7,117.9,25.5,29.8,446.7,153.4
10.4,5.5,281.0,117.9,25.5,29.8,444.5,179.6
10.5,5.3,257.7,110.3,25.8,28.2,422.9,187.1
10.5,5.3,235.9,113.1,25.8,28.7,352.2,186.5
10.5,5.8,281.6,112.4,25.7,29.0,350.6,190.7
10.5,5.8,281.6,113.1,25.8,29.1,356.5,199.0
10.6,5.7,281.6,113.8,25.8,29.2,356.7,212.0
10.8,5.7,281.6,115.1,25.8,29.4,356.1,222.1
10.9,5.7,281.6,116.5,25.8,29.5,357.7,229.1
11.2,5.6,281.6,117.9,25.8,29.8,357.0,240.2
10.0,5.7,281.6,118.6,25.8,29.9,355.9,250.1
10.0,5.7,281.6,120.0,25.8,30.0,356.5,255.2
10.0,5.3,281.6,120.7,25.8,30.2,355.2,257.1
10.0,5.3,281.6,121.4,25.8,30.4,355.5,256.4
10.0,5.3,281.6,122.0,25.9,30.4,351.4,256.4
10.0,5.3,281.6,121.4,25.9,30.5,358.5,256.2
10.0,5.3,281.6,121.4,25.9,30.5,356.4,255.1
10.0,5.3,281.6,121.4,26.0,30.5,356.8,254.4
10.0,5.8,281.6,121.4,26.0,30.6,356.7,255.1
10.0,5.8,281.6,122.0,26.1,30.6,351.4,253.5
10.0,5.6,281.6,122.0,26.1,30.7,358.2,252.1
10.0,5.6,281.6,122.0,26.2,30.7,357.9,252.5
10.0,5.4,281.6,122.0,26.3,30.7,357.5,252.1
11.3,5.4,281.6,122.0,26.3,30.7,358.1,250.2
11.3,5.4,281.6,122.0,26.3,30.7,350.1,249.1
11.2,5.3,281.6,122.0,26.3,30.7,355.1,249.0
11.2,5.3,281.6,122.0,26.4,30.7,358.3,248.1
11.0,5.2,281.6,122.0,26.4,30.7,357.7,247.2
11.0,5.2,281.6,122.0,26.4,30.7,357.0,247.0
11.0,5.2,281.6,122.0,26.4,30.8,350.1,246.5
10.9,5.2,281.6,122.0,26.5,30.9,357.5,245.7
10.9,5.1,281.6,122.0,26.5,30.9,355.9,245.0
10.8,5.1,281.6,122.0,26.6,30.8,357.2,244.6
10.7,5.1,281.6,122.0,26.5,30.9,355.1,243.1
10.7,5.0,281.6,122.0,26.6,30.9,349.6,240.8
10.6,5.0,281.6,122.0,26.6,31.0,357.0,239.5
10.5,4.9,281.6,122.0,26.7,31.0,359.1,235.7
10.4,4.9,281.6,121.4,26.7,30.9,357.5,235.0
10.4,4.9,281.6,122.0,26.8,30.9,356.6,235.9
10.3,4.9,281.6,122.0,26.8,31.0,349.1,230.9
10.3,4.9,281.6,121.4,26.8,31.0,358.9,229.4
10.3,4.9,281.6,121.4,26.8,30.9,357.1,229.6
10.2,4.9,281.6,121.4,26.9,30.9,357.6,225.1
10.2,4.9,281.6,120.7,26.9,30.9,349.8,225.1
10.1,4.9,281.6,121.4,26.9,30.9,351.0,224.4
10.1,4.9,281.6,121.4,27.0,31.0,355.6,216.2
10.0,5.0,281.6,120.0,27.0,30.9,354.9,231.2
10.0,5.0,281.6,120.0,27.0,30.9,415.3,231.2
10.0,5.0,281.6,120.0,27.0,30.9,349.0,231.2
10.0,5.0,281.6,120.0,27.0,30.9,351.6,231.2
10.0,5.0,281.6,120.0,27.0,30.9,357.6,231.2
10.0,5.0,281.6,120.0,27.0,30.9,357.1,231.2
10.2,5.3,281.6,107.6,26.9,28.5,358.5,231.2
10.2,5.3,281.6,110.3,26.8,28.9,351.4,139.1
10.2,5.3,281.6,111.0,26.8,29.2,351.0,143.6
10.2,5.3,281.6,111.7,26.8,29.4,357.3,150.0
10.1,5.8,281.6,112.4,26.7,29.4,358.0,175.1
10.3,5.7,281.6,115.1,26.7,29.7,357.5,178.7
10.3,5.7,281.6,116.5,26.8,29.9,351.7,180.7
10.2,5.6,281.6,116.5,26.7,30.0,351.7,185.4
10.2,5.5,281.6,116.5,26.7,30.1,357.9,189.1
10.3,5.5,281.6,117.2,26.7,30.2,357.6,196.1
10.5,5.5,281.6,117.9,26.7,30.3,356.8,206.2
10.7,5.6,281.6,119.3,26.8,30.4,350.1,217.5
11.0,5.7,281.6,120.7,26.7,30.7,358.2,241.0
11.2,5.8,246.7,124.1,26.8,30.9,356.4,248.3
11.3,5.8,245.5,124.8,26.8,31.1,358.1,254.7
10.0,5.7,245.7,125.5,26.8,31.4,354.1,252.4
10.0,5.5,281.6,125.5,26.8,31.5,351.7,251.0
11.3,5.4,281.6,124.8,26.9,31.5,359.2,250.0
11.2,5.3,281.6,124.8,26.9,31.5,356.9,249.1
11.0,5.2,281.6,124.8,26.9,31.5,358.7,248.8
11.0,5.2,281.6,125.5,27.0,31.5,351.7,247.5
10.8,5.1,281.6,124.8,27.0,31.5,351.2,246.3
10.8,5.0,281.6,124.8,27.0,31.5,358.2,245.0
10.6,4.9,281.6,124.1,27.0,31.4,358.4,241.2
10.4,4.8,281.6,124.1,27.0,31.4,357.3,237.9
10.4,4.8,281.6,123.4,27.0,31.4,351.3,235.4
10.3,5.0,245.7,123.4,27.0,31.4,370.8,235.7
10.3,5.1,245.1,124.8,27.0,31.3,333.6,235.3
10.3,5.1,245.2,124.1,27.0,31.5,332.7,235.6
10.4,5.2,246.3,124.8,27.0,31.5,332.3,235.8
10.4,5.2,245.7,124.8,27.0,31.5,333.8,235.5
10.4,5.2,244.4,124.8,27.0,31.5,335.1,235.3
10.4,5.2,245.0,124.8,27.0,31.6,333.1,235.0
10.4,5.2,244.8,124.8,27.0,31.6,334.4,234.4
10.3,5.2,244.8,124.1,27.0,31.5,333.9,234.3
10.3,5.1,245.8,124.8,27.0,31.6,327.4,234.0
10.3,5.1,244.8,124.1,27.0,31.6,333.3,234.0
10.2,5.0,245.0,124.1,27.0,31.6,332.4,234.1
10.2,5.0,244.9,124.1,27.0,31.5,334.0,234.0
10.1,4.9,245.4,124.1,27.0,31.5,334.0,234.0
10.2,4.9,245.6,124.1,27.0,31.5,334.6,234.3
10.1,4.9,245.4,124.1,27.0,31.6,333.7,234.0
10.1,4.9,246.3,124.1,27.0,31.5,334.1,234.0
10.0,4.9,245.5,124.1,27.1,31.6,333.4,233.6
10.0,4.9,245.7,124.1,27.0,31.5,333.8,233.7
10.1,4.9,245.0,124.1,27.0,31.6,334.2,234.1
10.0,4.9,245.5,124.8,27.1,31.5,334.6,234.6
10.0,4.9,245.4,124.8,27.0,31.6,334.4,234.3
10.1,4.9,246.0,124.8,27.1,31.6,332.8,234.2
10.0,4.9,245.0,124.1,27.1,31.6,334.3,235.1
10.0,4.9,246.3,124.8,27.0,31.6,333.8,235.3
10.0,4.9,246.2,124.8,27.0,31.6,329.3,235.4
10.0,4.9,246.5,124.8,27.1,31.6,337.1,235.6
10.0,4.9,245.9,124.8,27.0,31.6,332.9,235.5
10.0,4.9,246.3,124.8,27.1,31.6,334.2,232.1
10.0,4.9,246.3,124.1,27.1,31.6,332.5,231.4
10.0,4.9,245.4,124.1,27.1,31.6,334.4,230.9
10.0,4.9,245.4,124.1,27.1,31.6,333.3,230.4
10.0,4.9,245.4,124.1,27.1,31.6,334.5,230.2
9.9,4.9,244.8,124.1,27.1,31.6,332.3,229.5
9.9,4.9,245.1,124.1,27.1,31.6,333.7,229.1
9.9,4.9,245.0,124.1,27.1,31.6,333.7,224.8
9.9,4.9,244.9,123.4,27.1,31.5,336.2,224.7
9.9,4.9,246.1,123.4,27.1,31.5,333.9,225.2
9.9,5.0,244.8,124.1,27.1,31.5,330.6,225.1
9.9,4.9,245.4,124.1,27.1,31.6,330.8,224.6
9.9,4.9,246.6,123.4,27.1,31.5,333.9,224.8
9.9,4.9,246.4,123.4,27.1,31.5,334.6,224.6
9.9,4.9,244.6,123.4,27.1,31.6,334.4,224.9
9.9,4.9,245.2,124.1,27.1,31.5,332.8,225.0
9.9,4.9,244.9,124.1,27.1,31.5,335.2,223.4
9.9,5.0,245.2,123.4,27.1,31.5,334.0,223.5
9.9,5.0,245.7,123.4,27.1,31.5,333.9,221.9
9.9,5.1,245.5,123.4,27.1,31.5,335.1,222.7
9.9,5.1,246.1,123.4,27.1,31.5,334.1,222.4
9.9,5.0,246.5,123.4,27.1,31.5,333.6,222.9
9.9,5.0,246.6,123.4,27.1,31.5,333.0,219.3
9.9,5.1,246.3,122.7,27.1,31.5,329.2,219.1
9.8,5.1,246.4,122.7,27.1,31.5,334.9,218.9
9.8,5.1,245.7,122.7,27.1,31.4,334.1,218.9
9.8,5.1,245.9,122.7,27.1,31.4,332.5,218.8
9.9,5.1,245.7,122.7,27.1,31.4,333.0,219.5
9.8,5.1,246.0,122.7,27.2,31.4,333.8,219.7
9.9,5.1,246.5,122.7,27.1,31.4,334.5,219.3
9.9,5.1,245.4,122.7,27.1,31.5,335.1,219.0
9.9,5.1,245.1,122.7,27.1,31.4,334.7,218.5
9.8,5.1,245.1,122.7,27.1,31.4,335.1,218.6
9.8,5.1,245.2,122.7,27.1,31.4,333.8,218.7
9.8,5.1,245.0,122.7,27.1,31.4,333.1,218.8
9.9,5.1,246.1,122.7,27.1,31.4,334.2,218.4
9.9,5.1,245.3,122.7,27.1,31.5,333.6,218.4
9.9,5.1,245.7,123.4,27.1,31.5,330.1,218.7
9.9,5.1,246.0,122.7,27.1,31.5,333.5,218.9
9.9,5.1,245.0,122.7,27.1,31.5,334.2,218.9
9.9,5.1,245.0,122.7,27.1,31.5,334.1,218.9
9.9,5.2,246.3,122.7,27.1,31.4,333.7,219.4
9.9,5.1,245.9,122.7,27.1,31.4,333.6,219.3
10.0,5.2,245.3,123.4,27.1,31.5,335.6,219.1
9.9,5.2,246.1,122.7,27.1,31.5,334.3,218.8
10.0,5.2,245.0,122.7,27.2,31.5,332.4,218.6
9.9,5.1,245.2,122.7,27.1,31.5,334.7,219.0
9.9,5.2,245.5,122.7,27.1,31.5,334.7,218.9
9.9,5.2,245.9,122.7,27.1,31.5,334.9,219.1
9.9,5.1,245.4,123.4,27.2,31.4,330.2,219.8
10.0,5.2,246.5,123.4,27.2,31.5,330.6,219.9
9.9,5.2,246.3,123.4,27.1,31.5,334.9,219.4
9.9,5.2,246.3,122.7,27.1,31.5,333.7,219.1
10.0,5.2,246.1,123.4,27.2,31.5,334.7,218.7
9.9,5.2,245.2,123.4,27.1,31.5,334.3,218.7
9.9,5.1,245.6,123.4,27.2,31.5,333.8,218.7
9.9,5.1,245.3,123.4,27.2,31.4,334.3,219.1
10.0,5.2,245.6,123.4,27.2,31.4,334.9,219.3
9.9,5.2,246.4,122.7,27.1,31.5,335.3,219.6
9.9,5.1,246.6,123.4,27.1,31.4,333.5,219.5
9.9,5.1,246.2,122.7,27.1,31.5,336.7,219.5
9.9,5.1,245.9,122.7,27.1,31.4,333.4,219.4
9.9,5.1,246.0,122.7,27.1,31.5,332.9,218.9
9.9,5.2,244.9,123.4,27.1,31.5,329.6,218.7
9.9,5.1,245.2,122.7,27.1,31.5,335.4,218.5
10.0,5.1,245.6,122.7,27.1,31.4,334.7,218.5
10.0,5.2,245.3,122.7,27.1,31.4,334.2,218.3
9.9,5.2,244.8,122.7,27.1,31.4,334.5,218.8
9.9,5.2,244.8,122.7,27.1,31.4,334.2,219.2
10.0,5.1,244.9,122.7,27.1,31.5,334.4,219.3
9.9,5.1,246.3,122.7,27.1,31.5,332.8,219.9
10.0,5.2,245.5,122.7,27.1,31.4,333.7,220.2
10.0,5.2,245.7,122.7,27.2,31.4,332.4,220.1
10.0,5.2,247.4,122.7,27.2,31.4,336.2,219.9
9.9,5.1,246.3,123.4,27.1,31.5,329.2,219.7
10.0,5.2,245.7,122.7,27.1,31.5,335.4,219.4
9.9,5.2,245.0,122.7,27.2,31.4,335.3,219.0
9.9,5.2,245.5,122.7,27.2,31.5,333.8,218.8
10.0,5.2,244.7,123.4,27.1,31.5,335.3,218.8
10.0,5.2,245.6,122.7,27.1,31.5,334.8,218.9
9.9,5.2,245.6,122.7,27.1,31.4,334.7,219.3
10.0,5.2,245.8,123.4,27.2,31.5,335.6,220.0
10.0,5.2,246.3,123.4,27.1,31.5,333.6,220.4
10.0,5.2,244.8,123.4,27.1,31.4,333.6,220.1
9.9,5.1,245.7,123.4,27.2,31.5,335.3,220.3
9.9,5.1,246.5,123.4,27.2,31.5,334.2,220.3
9.9,5.2,245.8,123.4,27.2,31.5,334.5,220.6
9.9,5.1,245.1,123.4,27.1,31.5,330.8,220.6
9.9,5.1,246.9,123.4,27.2,31.5,334.5,221.1
9.9,5.1,245.8,123.4,27.2,31.5,335.1,220.9
9.9,5.1,246.0,123.4,27.1,31.5,333.7,220.4
9.9,5.1,247.0,123.4,27.2,31.5,334.5,220.6
10.0,5.2,246.0,123.4,27.2,31.5,332.6,220.2
10.0,5.2,247.1,123.4,27.1,31.5,332.4,219.7
10.0,5.2,245.9,123.4,27.2,31.5,334.8,219.3
10.0,5.2,245.5,123.4,27.1,31.5,335.3,218.3
9.9,5.1,244.9,122.7,27.1,31.5,334.6,218.2
9.9,5.1,245.3,122.7,27.1,31.5,334.8,218.0
9.9,5.2,245.4,122.7,27.2,31.5,332.9,218.0
9.9,5.2,244.8,123.4,27.1,31.4,332.8,217.6
9.9,5.2,245.8,122.7,27.1,31.5,328.3,219.3
10.0,5.2,245.2,123.4,27.1,31.5,328.3,220.7
10.0,5.1,246.0,123.4,27.2,31.5,335.6,221.0
10.0,5.2,245.7,123.4,27.2,31.5,335.4,220.7
10.0,5.1,244.1,123.4,27.1,31.5,334.1,221.0
10.0,5.1,245.1,123.4,27.2,31.5,334.2,221.2
10.0,5.1,244.9,123.4,27.2,31.5,335.5,221.6
10.0,5.1,244.9,123.4,27.1,31.5,333.3,223.1
10.0,5.2,245.4,123.4,27.1,31.5,334.7,223.2
10.0,5.1,245.0,124.1,27.1,31.5,335.5,223.2
10.0,5.2,246.1,123.4,27.1,31.6,333.5,223.1
10.0,5.2,246.1,123.4,27.1,31.5,333.2,223.4
10.0,5.1,245.4,123.4,27.2,31.5,333.5,223.1
10.1,5.2,245.2,124.1,27.2,31.5,332.0,222.1
10.0,5.1,244.8,123.4,27.2,31.6,333.8,221.9
10.0,5.1,245.4,123.4,27.2,31.5,334.3,222.1
10.0,5.1,245.3,123.4,27.1,31.5,333.2,222.1
10.0,5.1,245.8,123.4,27.1,31.5,333.4,222.3
10.0,5.1,245.8,123.4,27.3,31.5,333.4,222.2
10.0,5.2,246.1,123.4,27.1,31.5,333.2,222.3
10.0,5.1,244.7,123.4,27.1,31.5,333.6,221.9
9.9,5.1,245.6,123.4,27.1,31.5,335.7,222.3
10.0,5.1,245.6,123.4,27.2,31.5,334.4,221.8
10.0,5.1,244.6,123.4,27.2,31.5,335.2,221.9
10.0,5.1,246.8,123.4,27.2,31.5,332.7,221.6
10.0,5.2,245.4,123.4,27.2,31.5,333.7,221.3
9.9,5.1,245.0,123.4,27.1,31.5,330.9,221.2
10.0,5.1,245.6,123.4,27.1,31.6,330.4,221.1
10.0,5.1,245.7,123.4,27.1,31.5,334.1,220.7
10.0,5.1,244.3,123.4,27.1,31.5,333.9,220.6
10.1,5.2,245.1,123.4,27.2,31.5,333.9,220.4
10.0,5.2,244.8,123.4,27.1,31.5,332.6,220.1
10.0,5.2,245.5,123.4,27.1,31.5,333.9,220.2
10.0,5.1,244.4,123.4,27.1,31.5,332.3,219.6
10.0,5.2,244.1,123.4,27.1,31.5,336.0,220.1
10.0,5.2,244.8,123.4,27.1,31.5,333.6,219.8
10.0,5.1,245.1,123.4,27.1,31.5,335.5,219.9
10.0,5.1,244.6,123.4,27.1,31.5,329.8,219.9
10.0,5.2,244.2,123.4,27.1,31.5,335.4,219.9
10.0,5.1,244.4,123.4,27.1,31.5,335.6,219.8
10.0,5.1,244.3,123.4,27.1,31.5,335.0,219.9
10.0,5.2,244.5,123.4,27.1,31.5,333.6,220.0
10.0,5.1,245.5,123.4,27.2,31.5,335.2,220.7
10.0,5.2,244.6,123.4,27.1,31.5,333.9,220.7
10.0,5.2,245.6,123.4,27.1,31.5,334.8,220.4
10.0,5.2,244.8,123.4,27.1,31.5,335.7,221.2
10.0,5.2,244.9,123.4,27.1,31.5,334.6,222.0
10.1,5.2,246.6,123.4,27.1,31.5,335.0,223.6
10.1,5.2,246.0,123.4,27.1,31.5,334.1,223.9
10.1,5.2,245.1,124.1,27.1,31.5,328.8,223.7
10.1,5.2,245.8,124.1,27.1,31.6,332.4,223.5
10.1,5.2,246.2,123.4,27.1,31.5,333.0,223.7
10.1,5.2,246.3,123.4,27.1,31.5,336.0,223.4
10.1,5.2,246.2,123.4,27.1,31.5,335.9,223.1
10.0,5.1,246.5,123.4,27.1,31.5,333.6,223.2
10.1,5.2,245.8,123.4,27.2,31.5,335.4,222.5
10.0,5.2,245.4,123.4,27.1,31.5,334.7,221.9
10.0,5.1,245.6,123.4,27.1,31.5,335.4,221.8
10.0,5.1,244.8,123.4,27.1,31.5,333.5,221.9
10.0,5.1,245.6,123.4,27.1,31.5,334.1,221.4
10.0,5.1,243.7,123.4,27.1,31.5,333.5,221.1
10.0,5.1,244.7,123.4,27.1,31.5,328.6,220.9
10.0,5.1,244.9,123.4,27.1,31.5,334.6,221.4
10.0,5.1,245.5,123.4,27.1,31.5,334.6,221.5
10.0,5.1,244.6,123.4,27.1,31.5,336.3,221.8
9.9,5.1,246.1,123.4,27.1,31.5,333.5,221.9
9.9,5.1,245.1,123.4,27.1,31.5,334.1,222.0
10.0,5.1,246.2,123.4,27.1,31.5,334.0,222.1
9.9,5.1,245.1,123.4,27.1,31.5,335.1,221.7
10.0,5.1,245.1,123.4,27.1,31.5,332.8,221.3
9.9,5.1,245.1,123.4,27.1,31.5,333.0,221.3
9.9,5.1,245.7,123.4,27.1,31.5,334.4,220.7
9.9,5.1,245.2,123.4,27.1,31.5,335.8,220.6
10.0,5.1,245.2,123.4,27.1,31.5,333.8,220.4
10.0,5.1,245.0,123.4,27.1,31.5,329.3,220.2
10.0,5.1,245.4,123.4,27.1,31.5,335.1,220.7
9.9,5.1,245.0,122.7,27.1,31.5,334.6,220.8
9.9,5.1,245.3,123.4,27.1,31.4,333.1,221.9
9.9,5.1,244.9,122.7,27.1,31.4,333.7,221.7
9.9,5.1,245.9,122.7,27.1,31.4,335.5,222.4
9.9,5.1,246.2,122.7,27.0,31.4,333.4,221.6
9.9,5.1,245.9,122.7,27.0,31.4,334.3,221.5
9.9,5.1,245.7,122.7,27.1,31.4,332.8,221.3
10.0,5.1,245.6,123.4,27.0,31.4,333.5,220.8
10.0,5.1,244.4,122.7,27.0,31.4,332.8,220.9
10.0,5.1,245.4,122.7,27.0,31.5,335.3,220.7
10.0,5.1,245.1,122.7,27.0,31.4,333.3,220.3
9.9,5.1,244.6,122.7,27.0,31.4,334.2,220.2
9.9,5.1,244.9,122.7,27.0,31.4,329.4,220.2
9.9,5.1,246.0,122.7,27.0,31.4,334.7,220.0
9.9,5.1,245.3,122.7,27.0,31.4,333.4,219.5
9.9,5.1,245.7,122.7,27.0,31.4,333.5,219.5
9.9,5.1,244.6,122.7,27.0,31.4,335.6,219.8
9.9,5.1,245.6,122.7,27.0,31.4,334.7,219.9
9.9,5.1,245.4,122.7,27.0,31.4,335.0,219.4
9.9,5.1,244.4,122.7,27.0,31.3,334.4,219.5
9.9,5.1,245.6,122.7,27.0,31.3,333.3,219.5
9.9,5.1,245.0,122.7,27.0,31.3,335.8,219.5
9.9,5.1,245.2,122.7,27.0,31.3,328.9,219.2
10.0,5.1,244.5,122.7,27.0,31.3,333.0,219.4
10.0,5.1,244.6,122.7,27.0,31.3,334.3,219.4
9.9,5.1,244.4,122.7,27.0,31.3,334.3,219.6
10.0,5.1,245.6,122.7,27.0,31.3,335.8,219.8
10.0,5.1,245.3,122.7,27.0,31.3,333.9,220.0
10.0,5.1,244.5,122.7,27.0,31.2,334.5,220.2
10.0,5.1,245.7,122.7,27.0,31.3,334.6,220.3
9.9,5.1,245.1,122.7,26.9,31.2,335.1,221.3
10.0,5.1,245.8,122.7,27.0,31.3,336.0,222.0
10.0,5.2,246.4,122.7,26.9,31.2,333.6,222.2
10.0,5.1,246.0,122.7,26.9,31.3,335.0,222.7
10.0,5.2,246.5,122.7,26.9,31.2,334.7,222.8
10.0,5.1,245.7,122.7,26.9,31.2,329.7,222.1
9.9,5.1,246.9,122.7,26.9,31.2,334.9,221.6
10.0,5.1,246.2,122.0,26.9,31.1,334.3,221.1
9.9,5.1,245.4,122.0,26.9,31.2,332.1,220.7
10.0,5.1,244.4,122.0,26.9,31.2,333.9,220.4
10.0,5.2,245.7,122.0,26.8,31.2,335.2,220.0
10.0,5.1,244.8,122.0,26.8,31.2,335.0,219.6
10.0,5.1,245.6,122.0,26.8,31.2,332.4,219.2
10.0,5.1,244.3,122.0,26.9,31.1,333.9,218.5
9.9,5.1,245.0,122.0,26.8,31.1,333.8,218.7
10.0,5.1,245.1,122.0,26.9,31.1,335.0,215.4
9.9,5.2,244.8,121.4,26.8,31.1,334.0,215.5
10.0,5.2,245.7,121.4,26.8,31.1,329.1,215.3
9.9,5.2,244.7,121.4,26.8,31.1,334.1,215.2
9.9,5.2,245.5,121.4,26.8,31.1,335.3,213.4
9.9,5.2,245.4,120.7,26.8,31.1,336.3,213.8
9.9,5.2,245.2,120.7,26.8,31.0,333.4,213.8
10.0,5.2,245.2,120.7,26.8,31.0,334.1,213.6
10.0,5.2,244.0,120.7,26.8,31.0,334.3,213.3
9.9,5.2,246.0,120.7,26.7,31.0,333.7,213.1
10.0,5.2,245.3,120.7,26.7,30.9,334.1,213.0
10.0,5.2,244.6,120.7,26.8,31.0,334.3,212.7
10.0,5.2,243.9,120.7,26.7,31.0,332.0,212.8
10.0,5.2,244.1,120.7,26.7,30.9,333.7,212.9
10.0,5.2,243.9,120.7,26.7,30.9,330.9,212.7
10.0,5.2,244.6,120.7,26.7,30.9,334.5,212.5
10.0,5.2,245.1,120.7,26.6,30.9,334.4,214.2
10.0,5.2,245.2,120.7,26.6,30.9,335.1,214.5
10.0,5.2,245.5,120.7,26.6,30.9,333.1,215.0
10.0,5.2,246.4,120.7,26.6,30.9,335.6,214.9
10.0,5.2,246.0,120.7,26.6,30.9,336.6,214.6
10.0,5.2,246.0,120.7,26.6,30.9,332.0,214.6
9.9,5.2,244.9,120.7,26.6,30.8,334.1,214.9
9.9,5.2,245.6,120.7,26.6,30.8,334.3,214.3
10.0,5.2,245.7,120.7,26.6,30.9,334.9,215.0
10.0,5.2,244.9,120.7,26.6,30.9,328.4,214.3
10.0,5.2,246.0,120.7,26.6,30.9,330.1,214.3
10.0,5.2,245.2,120.0,26.6,30.9,335.5,213.5
9.9,5.2,245.1,120.0,26.6,30.8,334.7,213.2
9.9,5.2,245.0,120.0,26.6,30.8,333.5,212.3
9.9,5.2,244.7,120.0,26.5,30.7,334.0,212.6
9.9,5.2,245.4,120.0,26.6,30.7,334.0,212.3
9.9,5.2,244.5,120.0,26.6,30.7,334.6,212.6
10.0,5.2,245.0,120.0,26.6,30.7,334.3,212.8
10.0,5.2,244.9,120.0,26.5,30.7,332.7,212.4
9.9,5.2,245.0,120.0,26.5,30.7,334.3,212.8
10.0,5.2,245.1,120.0,26.5,30.7,333.7,212.5
9.9,5.2,245.3,120.0,26.5,30.7,328.7,212.8
9.9,5.2,245.6,120.0,26.5,30.7,329.3,213.0
10.0,5.2,245.0,120.0,26.5,30.7,333.9,212.6
9.9,5.2,244.9,119.3,26.4,30.6,334.4,212.2
9.9,5.2,245.4,119.3,26.4,30.6,335.2,212.3
10.0,5.2,244.2,119.3,26.5,30.7,334.5,212.1
10.0,5.2,246.1,119.3,26.4,30.7,334.7,212.2
10.0,5.2,245.4,119.3,26.5,30.6,332.7,212.3
10.0,5.2,245.5,119.3,26.4,30.6,334.0,212.8
9.9,5.2,245.3,119.3,26.4,30.6,333.5,214.0
10.0,5.2,247.4,119.3,26.4,30.6,333.5,214.6
10.0,5.2,246.5,119.3,26.4,30.6,334.5,214.9
10.0,5.2,246.6,119.3,26.4,30.6,334.1,214.9
9.9,5.2,246.3,119.3,26.4,30.6,333.7,215.1
9.9,5.2,246.2,119.3,26.4,30.6,330.6,214.3
10.0,5.2,245.7,119.3,26.3,30.6,331.7,213.9
9.9,5.2,246.2,119.3,26.3,30.6,334.9,213.5
9.9,5.2,246.1,119.3,26.3,30.6,334.1,213.1
9.9,5.2,245.2,119.3,26.3,30.5,335.2,212.4
9.9,5.2,246.2,119.3,26.4,30.5,334.4,212.4
9.9,5.2,245.4,119.3,26.3,30.5,334.4,209.7
9.9,5.2,245.4,118.6,26.3,30.5,333.8,209.6
9.9,5.2,245.1,118.6,26.3,30.4,335.3,209.7
9.9,5.2,245.1,118.6,26.3,30.4,334.9,209.7
9.9,5.2,244.9,118.6,26.3,30.4,334.2,207.2
10.0,5.2,245.6,117.9,26.3,30.4,334.2,207.5
9.9,5.2,245.6,117.9,26.3,30.4,334.6,208.0
9.9,5.2,247.1,118.6,26.3,30.4,328.1,207.9
9.9,5.3,245.6,117.9,26.3,30.4,334.4,205.5
9.9,5.3,246.1,117.9,26.3,30.4,333.4,205.2
9.9,5.3,245.4,117.9,26.3,30.4,333.3,205.0
10.0,5.3,245.6,117.9,26.2,30.3,333.1,204.3
9.9,5.3,245.2,117.9,26.3,30.3,334.2,203.8
9.9,5.3,244.9,117.9,26.2,30.4,335.3,203.8
9.9,5.3,244.3,117.9,26.2,30.3,335.0,204.2
10.0,5.3,244.9,117.9,26.1,30.3,332.5,203.9
10.0,5.3,244.8,117.9,26.2,30.3,333.8,203.8
10.0,5.3,244.7,117.9,26.2,30.2,334.5,204.1
10.0,5.3,245.5,117.9,26.1,30.2,333.2,205.1
10.0,5.3,245.8,117.9,26.1,30.3,330.5,206.5
10.0,5.3,246.0,117.9,26.1,30.2,334.0,206.4
10.0,5.3,244.6,117.2,26.1,30.2,332.2,206.8
10.0,5.3,246.3,117.2,26.1,30.2,334.4,206.6
10.0,5.3,245.5,117.2,26.1,30.2,335.1,206.1
10.0,5.3,246.3,117.9,26.1,30.2,333.6,205.9
10.0,5.3,246.1,117.2,26.1,30.3,332.2,205.6
10.0,5.3,245.7,117.2,26.1,30.2,334.6,204.6
9.9,5.3,245.7,117.2,26.1,30.2,333.1,203.9
9.9,5.3,244.7,117.2,26.1,30.2,332.8,203.5
9.9,5.3,245.1,117.2,26.1,30.2,333.0,203.5
9.9,5.3,244.9,117.2,26.1,30.2,332.5,203.5
9.9,5.3,244.0,117.2,26.1,30.2,328.3,203.0
9.9,5.3,244.7,117.2,26.1,30.2,334.5,202.9
9.9,5.3,244.6,117.2,26.1,30.1,335.6,202.5
9.9,5.3,244.2,117.2,26.1,30.2,335.7,203.1
10.0,5.3,244.4,117.2,26.1,30.1,334.4,202.8
9.9,5.3,245.0,117.2,26.1,30.1,333.0,203.3
9.9,5.3,245.3,117.2,26.1,30.1,332.8,203.0
9.9,5.3,244.8,117.2,26.1,30.1,336.2,203.0
9.9,5.3,243.7,117.2,26.1,30.1,334.0,203.0
9.9,5.3,244.9,117.2,26.1,30.1,333.8,202.9
9.9,5.3,245.4,117.2,26.1,30.2,333.1,203.4
9.9,5.3,244.0,117.2,26.1,30.1,335.2,203.2
9.9,5.3,244.8,117.2,26.1,30.2,328.5,203.3
9.9,5.3,245.6,117.9,26.1,30.2,333.9,203.8
9.9,5.3,244.7,117.2,26.1,30.2,334.2,204.0
9.9,5.2,245.0,117.2,26.1,30.2,335.0,204.2
9.9,5.2,244.6,117.9,26.1,30.2,335.1,205.1
9.9,5.3,244.9,117.9,26.2,30.2,334.3,205.8
9.9,5.3,245.9,117.9,26.2,30.3,334.1,206.4
9.9,5.3,246.1,117.9,26.2,30.4,333.0,206.9
9.9,5.3,246.1,117.9,26.3,30.3,334.9,207.1
9.9,5.3,246.1,117.9,26.2,30.3,334.2,207.2
9.9,5.3,246.1,117.9,26.3,30.4,334.8,206.7
9.9,5.3,246.4,117.9,26.2,30.4,333.6,206.3
9.9,5.3,246.3,117.9,26.2,30.4,331.0,206.1
9.9,5.3,244.6,117.9,26.3,30.4,331.2,205.5
9.9,5.3,244.6,117.9,26.3,30.4,334.2,204.9
9.9,5.3,245.1,117.9,26.3,30.3,335.2,204.5
9.9,5.3,244.4,117.9,26.3,30.3,335.6,204.1
9.9,5.3,245.0,117.9,26.3,30.4,335.3,204.2
9.9,5.3,244.7,117.9,26.3,30.3,333.6,204.1
9.9,5.3,244.6,117.9,26.3,30.4,333.8,204.2
9.9,5.3,244.3,117.9,26.3,30.4,334.6,204.5
9.9,5.3,244.9,117.9,26.3,30.4,333.7,205.1
9.9,5.3,245.5,117.9,26.3,30.4,335.1,205.3
9.9,5.3,246.2,117.9,26.3,30.4,333.9,205.6
9.9,5.3,245.1,117.9,26.3,30.4,332.8,205.9
9.9,5.3,245.5,117.9,26.3,30.4,334.2,206.0
9.9,5.3,246.1,118.6,26.3,30.4,328.7,206.3
9.9,5.3,245.3,117.9,26.3,30.4,334.2,205.9
9.9,5.3,245.1,118.6,26.3,30.4,334.3,205.7
9.9,5.3,245.8,117.9,26.3,30.4,334.4,205.9
10.0,5.3,246.5,118.6,26.3,30.4,334.1,206.2
9.9,5.3,245.7,118.6,26.3,30.4,334.9,205.9
9.9,5.3,245.7,118.6,26.3,30.4,333.4,206.0
9.9,5.3,246.4,118.6,26.4,30.4,333.9,205.7
9.9,5.3,245.7,118.6,26.3,30.4,335.3,205.2
9.9,5.3,245.1,118.6,26.4,30.4,333.4,204.9
9.9,5.2,244.9,118.6,26.4,30.4,331.6,204.6
9.9,5.3,245.1,118.6,26.4,30.4,333.8,204.5
9.9,5.3,243.5,118.6,26.4,30.5,328.9,204.4
9.9,5.3,245.4,118.6,26.4,30.5,334.4,204.6
9.9,5.3,245.1,118.6,26.4,30.4,333.4,205.0
9.9,5.2,245.4,118.6,26.4,30.4,333.4,205.3
9.9,5.3,245.2,118.6,26.4,30.5,333.9,205.2
9.9,5.2,245.8,118.6,26.4,30.5,334.3,205.2
9.8,5.2,245.6,118.6,26.4,30.5,334.7,205.5
9.9,5.2,246.0,118.6,26.4,30.5,334.7,205.5
9.9,5.3,246.0,118.6,26.5,30.5,334.0,205.8
9.9,5.3,245.4,118.6,26.4,30.5,332.7,206.1
9.8,5.2,245.8,118.6,26.4,30.5,334.0,205.7
9.9,5.2,244.8,118.6,26.4,30.5,334.2,205.2
9.9,5.3,245.8,118.6,26.5,30.5,333.4,204.9
9.8,5.2,245.2,118.6,26.4,30.5,328.6,202.7
9.9,5.3,246.5,118.6,26.5,30.6,334.1,203.2
9.9,5.3,245.3,118.6,26.4,30.5,334.0,202.6
9.9,5.3,244.7,118.6,26.4,30.5,334.4,202.7
9.9,5.3,245.3,118.6,26.5,30.5,334.2,202.8
9.9,5.3,244.7,118.6,26.5,30.5,334.1,203.2
9.9,5.3,245.6,118.6,26.5,30.5,332.5,203.3
9.9,5.3,245.4,118.6,26.5,30.5,332.9,203.7
9.9,5.3,245.9,118.6,26.5,30.5,333.6,203.9
9.9,5.3,245.2,118.6,26.5,30.5,332.9,203.8
9.9,5.3,245.2,118.6,26.5,30.5,333.4,203.9
9.9,5.3,245.8,118.6,26.5,30.5,333.7,204.0
9.8,5.3,246.1,118.6,26.5,30.5,333.9,203.8
9.9,5.3,246.5,118.6,26.5,30.5,329.2,203.5
9.8,5.3,246.0,118.6,26.5,30.6,328.9,200.5
9.9,5.3,245.9,118.6,26.5,30.5,333.2,199.8
9.9,5.4,245.7,118.6,26.5,30.5,334.5,199.1
9.8,5.3,244.8,118.6,26.5,30.5,335.1,197.1
9.8,5.3,245.8,117.9,26.5,30.5,333.9,197.3
9.9,5.4,245.5,118.6,26.5,30.4,333.7,197.4
9.9,5.4,245.0,117.9,26.5,30.4,332.3,197.5
9.9,5.4,244.4,118.6,26.5,30.5,333.1,197.5
9.9,5.4,245.6,118.6,26.5,30.4,334.9,198.5
10.2,5.6,245.1,118.6,26.6,30.5,332.3,199.1
10.2,5.6,245.1,118.6,26.6,30.5,332.5,199.6
10.2,5.7,245.7,118.6,26.5,30.5,328.7,200.9
10.2,5.6,246.5,119.3,26.6,30.6,330.4,202.2
10.2,5.6,245.8,118.6,26.6,30.6,335.6,202.4
10.2,5.6,246.2,119.3,26.6,30.6,333.8,202.4
10.1,5.5,246.1,118.6,26.5,30.6,334.7,202.7
10.1,5.6,246.3,119.3,26.6,30.6,335.1,202.7
10.2,5.6,244.9,119.3,26.6,30.6,334.3,204.6
10.2,5.6,246.3,119.3,26.6,30.7,333.9,204.7
10.2,5.6,246.2,119.3,26.6,30.7,334.6,204.6
10.2,5.6,245.7,119.3,26.6,30.7,333.1,204.3
10.2,5.6,246.3,119.3,26.6,30.7,332.6,204.6
10.2,5.5,245.1,119.3,26.6,30.7,335.8,204.5
10.2,5.6,246.3,119.3,26.6,30.7,333.2,204.1
10.2,5.5,245.4,119.3,26.6,30.7,330.3,211.9
10.3,5.5,246.3,120.0,26.6,30.8,334.1,212.2
10.2,5.5,246.3,120.0,26.6,30.9,334.7,211.8
10.1,5.4,247.2,120.0,26.6,30.8,332.5,211.3
10.0,5.3,246.5,120.0,26.6,30.8,333.6,210.9
10.0,5.3,245.5,120.0,26.7,30.8,334.0,211.0
10.0,5.3,246.2,120.0,26.6,30.8,333.2,211.1
10.1,5.4,245.9,120.0,26.7,30.8,333.6,215.1
10.3,5.5,246.4,120.7,26.6,30.8,333.7,214.6
10.3,5.4,246.0,120.7,26.7,30.9,333.2,214.5
10.2,5.4,246.2,120.7,26.6,30.9,333.2,219.4
10.3,5.4,246.5,121.4,26.7,30.9,332.6,219.6
10.3,5.4,245.4,121.4,26.6,30.9,326.9,218.5
10.2,5.3,246.1,121.4,26.7,31.0,333.9,219.0
10.3,5.4,246.3,121.4,26.6,31.0,335.8,218.5
10.3,5.3,246.5,121.4,26.6,31.0,334.1,219.4
10.3,5.4,246.4,121.4,26.6,31.0,332.8,219.3
10.3,5.4,246.5,121.4,26.6,31.0,333.9,219.2
10.2,5.3,246.3,121.4,26.6,31.0,333.2,219.7
10.3,5.4,246.1,121.4,26.6,31.0,333.1,219.7
10.2,5.3,247.0,121.4,26.6,31.0,334.5,219.2
10.2,5.3,246.8,121.4,26.6,31.0,334.2,220.0
10.3,5.4,247.0,121.4,26.6,31.0,334.9,220.8
10.2,5.3,246.9,121.4,26.7,31.0,334.1,220.2
10.0,5.2,247.5,121.4,26.6,31.0,330.5,219.7
10.0,5.1,246.5,121.4,26.6,31.0,333.7,219.1
10.0,5.1,246.2,121.4,26.6,31.0,332.1,219.1
10.0,5.1,247.1,121.4,26.6,31.0,334.3,219.4
10.0,5.1,246.5,121.4,26.6,30.9,333.8,219.3
10.0,5.1,247.5,121.4,26.6,31.0,332.8,219.9
10.0,5.1,247.0,121.4,26.6,31.0,332.6,220.1
9.9,5.1,247.3,121.4,26.6,31.0,333.6,220.1
9.9,5.1,246.9,121.4,26.6,30.9,333.4,220.3
9.9,5.1,248.1,121.4,26.7,31.0,334.2,220.2
9.9,5.1,247.7,121.4,26.6,31.0,334.5,220.5
9.9,5.1,248.0,121.4,26.6,31.0,328.9,216.5
9.9,5.1,247.6,120.7,26.7,31.0,333.3,214.4
9.9,5.2,246.6,120.0,26.6,30.9,334.2,213.5
9.9,5.1,246.9,120.0,26.6,30.8,334.2,212.9
9.9,5.2,246.8,120.0,26.6,30.9,334.0,209.7
9.9,5.2,245.7,120.0,26.6,30.8,335.9,209.1
9.8,5.2,246.9,120.0,26.6,30.8,333.1,206.8
9.8,5.2,246.7,120.0,26.6,30.7,335.2,207.0
9.9,5.2,247.2,119.3,26.6,30.7,332.7,207.5
9.8,5.2,247.1,120.0,26.6,30.7,332.1,207.7
9.8,5.2,247.0,119.3,26.6,30.7,334.3,208.1
9.9,5.3,247.3,120.0,26.6,30.7,333.3,208.1
9.8,5.2,247.3,120.0,26.6,30.7,330.3,203.5
9.8,5.3,247.6,119.3,26.6,30.7,333.3,203.3
9.8,5.2,248.1,119.3,26.6,30.7,335.5,203.3
9.8,5.3,247.2,119.3,26.6,30.6,334.5,202.8
9.8,5.3,247.8,119.3,26.6,30.6,334.7,202.7
9.8,5.3,246.1,119.3,26.6,30.6,335.6,202.8
9.8,5.3,246.6,119.3,26.6,30.6,331.8,202.3
9.8,5.3,246.6,119.3,26.6,30.7,333.4,201.9
9.7,5.2,246.7,119.3,26.6,30.6,333.5,202.4
9.8,5.2,247.1,119.3,26.6,30.6,334.7,202.6
9.8,5.2,247.3,119.3,26.6,30.6,334.7,198.1
9.7,5.3,246.7,118.6,26.6,30.6,334.1,198.3
9.8,5.3,248.2,118.6,26.6,30.6,328.9,198.4
9.8,5.3,247.9,118.6,26.6,30.6,334.0,198.7
9.8,5.3,247.1,118.6,26.6,30.5,333.9,198.7
9.8,5.3,247.4,118.6,26.6,30.6,333.2,198.6
9.8,5.3,248.7,118.6,26.6,30.5,333.0,195.5
9.7,5.3,247.0,117.9,26.6,30.5,334.8,195.9
9.8,5.3,247.5,117.9,26.6,30.5,335.0,195.2
9.7,5.3,247.6,117.9,26.6,30.5,334.9,194.8
9.8,5.3,246.7,117.9,26.6,30.5,333.8,194.3
9.7,5.3,247.3,117.9,26.6,30.4,334.6,194.3
9.8,5.3,246.5,117.9,26.6,30.5,334.7,194.1
9.8,5.3,247.5,117.9,26.6,30.5,333.3,194.2
9.7,5.3,246.5,117.9,26.6,30.5,328.5,193.7
9.7,5.3,246.7,117.9,26.6,30.5,334.3,194.1
9.8,5.3,246.9,117.9,26.6,30.5,334.6,194.4
9.7,5.3,246.1,117.9,26.5,30.4,333.7,194.3
9.7,5.3,246.8,117.9,26.5,30.4,333.9,194.5
9.7,5.3,247.7,117.9,26.6,30.5,334.1,195.1
9.8,5.3,248.1,117.9,26.5,30.4,333.4,195.7
9.7,5.3,248.5,117.9,26.5,30.4,334.4,195.7
9.7,5.3,247.9,117.9,26.5,30.4,335.2,195.7
9.7,5.3,247.3,117.9,26.6,30.4,333.8,196.1
9.8,5.3,248.8,117.9,26.5,30.4,332.5,196.2
9.8,5.3,248.0,117.9,26.5,30.4,334.1,195.6
9.7,5.3,247.4,117.9,26.5,30.4,328.3,195.0
9.7,5.3,247.7,117.9,26.5,30.4,334.0,194.9
9.7,5.3,247.6,117.9,26.5,30.4,335.3,194.8
9.8,5.3,247.0,117.9,26.5,30.4,334.1,194.4
9.7,5.3,246.5,117.9,26.5,30.4,336.0,194.7
9.7,5.3,248.0,117.9,26.5,30.4,333.3,195.3
9.8,5.3,248.5,117.9,26.6,30.4,334.3,195.6
9.7,5.3,247.3,117.9,26.5,30.4,333.7,195.8
9.7,5.3,247.7,117.9,26.5,30.4,335.1,195.8
9.7,5.3,248.1,117.9,26.5,30.4,333.7,196.4
9.7,5.3,248.8,117.9,26.5,30.4,334.9,196.3
9.7,5.3,248.1,117.9,26.5,30.4,335.3,196.2
9.7,5.3,248.5,117.9,26.5,30.4,333.7,195.9
9.7,5.3,247.3,117.9,26.5,30.4,328.3,196.1
9.7,5.3,247.6,117.9,26.5,30.4,333.6,194.8
9.6,5.2,248.2,117.9,26.6,30.5,332.9,194.4
9.7,5.3,246.7,117.9,26.5,30.4,335.2,193.8
9.7,5.3,248.1,117.9,26.5,30.4,334.6,193.2
9.6,5.2,247.8,117.9,26.5,30.4,333.6,193.5
9.7,5.3,246.6,117.9,26.5,30.4,334.0,193.3
9.7,5.3,248.0,117.9,26.5,30.4,332.9,193.5
9.7,5.3,246.4,117.9,26.5,30.4,334.5,193.2
9.7,5.3,247.4,117.9,26.5,30.4,332.4,194.4
9.6,5.3,247.3,117.9,26.5,30.4,328.8,194.6
9.7,5.3,247.6,117.9,26.5,30.4,334.3,194.5
9.7,5.3,247.7,117.9,26.5,30.4,332.6,194.7
9.6,5.3,247.3,117.9,26.5,30.4,334.6,195.1
9.7,5.3,247.5,117.9,26.5,30.4,333.7,195.4
9.7,5.3,248.5,117.9,26.5,30.4,333.5,195.8
9.7,5.3,248.0,117.9,26.5,30.4,333.5,195.0
9.6,5.3,247.5,117.9,26.5,30.4,333.2,192.2
9.7,5.4,248.2,117.2,26.5,30.4,334.4,190.8
9.6,5.3,247.0,117.2,26.5,30.4,334.9,190.5
9.6,5.3,246.4,117.2,26.5,30.3,333.5,190.6
9.6,5.3,247.0,117.2,26.5,30.3,334.1,190.4
9.6,5.3,247.7,117.2,26.5,30.3,328.2,190.3
9.7,5.3,246.4,117.2,26.5,30.3,334.5,190.2
9.6,5.3,246.9,117.2,26.5,30.4,334.6,190.0
9.5,5.3,247.5,117.2,26.5,30.3,334.7,190.6
9.6,5.3,246.4,117.2,26.5,30.3,333.5,190.9
9.7,5.3,247.3,117.2,26.5,30.4,333.7,191.1
9.7,5.3,248.2,117.2,26.5,30.4,333.6,191.7
9.7,5.4,248.3,117.2,26.5,30.4,333.9,191.1
9.6,5.3,247.8,117.2,26.5,30.4,333.2,191.2
9.7,5.3,247.3,117.2,26.5,30.3,334.6,191.3
9.7,5.3,248.0,117.2,26.5,30.3,333.2,190.7
9.7,5.3,247.1,117.2,26.5,30.3,333.8,191.0
9.7,5.3,248.2,117.2,26.5,30.3,328.9,190.9
9.7,5.3,247.4,117.2,26.5,30.3,332.0,190.8
9.7,5.3,247.4,117.2,26.5,30.3,333.0,191.0
9.7,5.3,247.8,117.2,26.5,30.2,333.6,190.6
9.7,5.3,247.6,117.2,26.5,30.2,333.9,190.9
9.7,5.3,247.6,117.2,26.5,30.2,333.6,190.8
9.7,5.3,247.5,117.2,26.5,30.2,333.6,190.9
9.7,5.3,248.3,117.2,26.5,30.3,332.7,191.3
9.7,5.3,247.6,117.2,26.5,30.2,333.2,191.3
9.7,5.3,248.8,117.2,26.4,30.2,333.3,191.6
9.6,5.3,247.6,117.2,26.4,30.2,336.1,191.6
9.7,5.3,247.2,117.2,26.5,30.2,334.8,191.4
9.6,5.3,248.3,117.2,26.5,30.2,329.9,191.4
9.6,5.3,247.5,117.2,26.4,30.2,328.5,191.6
9.7,5.3,247.6,117.2,26.4,30.2,335.0,192.5
9.7,5.6,277.3,115.1,26.4,30.2,411.2,192.5
9.7,5.6,277.7,115.1,26.5,29.9,411.1,194.1
9.7,5.6,277.7,115.8,26.5,29.8,409.5,197.3
9.7,5.6,278.0,115.8,26.5,29.8,411.9,197.7
9.7,5.6,278.3,115.8,26.5,29.8,408.8,202.7
9.8,5.6,277.6,116.5,26.5,29.9,410.6,203.1
9.8,5.6,278.7,116.5,26.5,29.9,409.5,210.5
9.8,5.6,277.9,117.2,26.5,29.9,409.2,210.4
9.8,5.6,278.3,117.2,26.5,30.0,410.0,210.3
9.8,5.5,278.2,117.2,26.4,29.9,408.2,210.3
9.9,5.6,279.4,117.2,26.4,30.0,409.9,212.8
9.9,5.6,279.1,117.2,26.4,30.0,410.6,213.2
9.8,5.5,280.1,117.2,26.4,30.0,409.1,216.5
9.8,5.4,280.0,117.2,26.4,29.9,409.2,215.9
9.8,5.5,278.5,117.2,26.4,30.0,408.4,215.4
9.8,5.4,277.4,117.2,26.4,30.0,410.9,217.5
9.9,5.5,278.3,117.2,26.4,30.0,410.2,216.8
9.9,5.4,279.9,117.2,26.3,30.0,409.6,220.3
9.9,5.5,278.9,117.2,26.4,30.0,409.9,219.0
9.9,5.4,277.6,117.9,26.4,30.0,409.3,219.6
9.9,5.4,279.5,117.9,26.4,30.0,408.5,220.2
10.0,5.5,278.8,117.9,26.3,30.0,410.8,219.5
9.9,5.4,279.5,117.2,26.3,30.0,410.2,220.4
9.9,5.4,279.0,117.9,26.3,30.0,408.9,220.6
9.9,5.4,279.3,117.9,26.3,30.0,409.5,221.2
10.0,5.5,280.0,117.9,26.3,29.9,408.6,222.0
10.0,5.5,279.0,117.9,26.3,30.0,408.7,221.9
10.0,5.5,279.6,117.2,26.3,30.0,410.9,222.5
10.0,5.5,280.2,117.9,26.2,30.0,408.3,222.0
10.0,5.5,279.1,117.9,26.3,30.0,410.2,222.4
10.0,5.5,279.5,117.2,26.3,30.0,409.0,227.8
10.0,5.4,279.7,117.9,26.2,29.9,410.5,227.0
10.0,5.4,280.0,117.9,26.2,30.0,409.6,227.0
10.0,5.4,278.1,117.9,26.3,30.0,411.5,226.6
10.0,5.4,279.0,117.9,26.2,30.0,409.8,226.1
10.0,5.4,278.7,117.9,26.2,30.0,411.3,226.7
10.0,5.4,279.5,117.9,26.1,30.0,408.2,228.2
10.0,5.4,280.3,117.9,26.1,30.0,409.9,228.6
10.1,5.4,279.1,117.9,26.1,30.0,408.9,228.4
10.0,5.4,279.1,117.9,26.1,29.9,409.6,229.2
10.0,5.4,279.5,117.9,26.1,30.0,410.1,229.7
10.1,5.4,279.5,117.9,26.1,30.0,409.3,229.5
10.1,5.4,279.1,117.9,26.1,29.9,410.1,229.2
10.0,5.4,279.9,117.9,26.1,30.0,408.5,229.2
10.1,5.4,278.4,117.9,26.1,29.9,410.2,229.1
10.1,5.4,278.5,117.9,26.0,29.9,405.3,228.4
10.1,5.4,277.7,117.9,26.0,29.9,410.6,228.1
10.1,5.4,279.7,117.9,26.0,29.9,409.4,227.8
10.0,5.4,278.5,117.9,26.1,29.9,409.3,228.2
10.1,5.4,278.2,117.9,26.0,29.9,408.1,228.1
10.1,5.4,278.7,117.9,26.1,29.9,408.3,228.7
10.1,5.4,278.0,117.9,26.0,29.9,410.1,229.1
10.2,5.4,278.1,117.9,26.1,29.9,408.6,231.3
10.2,5.5,278.6,117.9,26.0,29.9,408.4,234.8
10.2,5.4,279.1,117.9,26.0,29.9,409.2,234.7
10.2,5.4,279.0,117.9,26.0,29.9,409.3,234.1
10.2,5.4,279.5,117.9,26.0,29.9,408.9,234.7
10.1,5.4,279.0,117.9,26.0,29.9,409.8,234.3
10.2,5.4,279.2,117.9,26.0,29.9,409.1,233.6
10.2,5.4,278.1,117.9,26.0,29.9,408.9,233.2
10.1,5.4,278.1,117.9,26.0,29.9,409.4,232.9
10.2,5.4,277.5,117.9,26.0,29.9,409.3,232.4
10.2,5.4,277.6,117.9,26.0,29.9,409.0,231.9
10.2,5.4,277.1,117.9,26.0,29.9,408.7,231.3
10.2,5.4,276.2,117.9,26.0,29.9,407.8,230.9
10.2,5.4,277.1,117.9,26.0,29.9,409.7,231.4
10.3,5.4,277.1,117.9,26.0,29.9,409.5,231.7
10.2,5.4,277.5,117.9,26.0,29.9,409.4,231.7
10.1,5.4,277.4,117.9,26.0,29.8,408.1,232.2
10.2,5.4,277.5,117.9,26.0,29.9,409.7,232.4
10.1,5.3,278.0,117.9,26.0,29.8,407.9,232.9
10.2,5.4,277.2,117.9,26.0,29.8,410.0,233.0
10.1,5.3,276.5,117.9,26.0,29.9,408.0,232.3
10.1,5.3,277.1,117.9,26.0,29.9,409.7,232.4
10.2,5.4,276.2,117.9,26.0,29.9,409.5,232.4
10.2,5.4,276.7,117.9,26.0,29.9,409.5,231.9
10.2,5.4,276.8,117.9,26.0,29.8,409.4,231.3
10.2,5.3,275.7,117.9,25.9,29.9,407.5,231.2
10.1,5.3,276.6,117.9,26.0,29.8,409.3,231.4
10.2,5.4,276.7,117.9,26.0,29.8,409.1,230.8
10.0,5.3,275.6,117.9,25.9,29.8,407.2,230.8
10.1,5.3,276.6,117.9,26.0,29.8,411.0,230.7
10.1,5.3,276.1,117.9,26.0,29.8,407.7,230.3
10.0,5.3,276.1,117.9,26.0,29.8,409.8,230.5
10.1,5.3,275.5,117.9,26.0,29.9,410.4,230.2
10.0,5.2,276.6,117.9,26.0,29.8,410.9,230.5
10.1,5.3,276.9,117.9,26.0,29.8,409.1,230.2
10.1,5.3,276.0,117.9,26.0,29.8,404.5,230.0
10.0,5.3,276.0,117.9,26.0,29.9,404.4,230.3
10.0,5.3,276.6,117.9,26.0,29.8,409.3,230.0
10.0,5.2,276.2,117.9,26.0,29.8,407.6,229.9
10.0,5.3,275.8,117.9,26.0,29.8,409.5,229.9
9.9,5.2,276.3,117.2,26.0,29.8,410.1,229.9
9.9,5.2,276.3,117.9,26.0,29.9,409.3,229.9
9.9,5.2,276.9,117.9,26.0,29.8,409.2,228.9
9.9,5.2,276.4,117.2,26.0,29.9,409.0,229.1
9.8,5.2,275.3,117.2,26.0,29.8,407.4,229.7
10.0,5.2,276.2,117.2,26.0,29.8,409.8,229.1
9.9,5.2,276.4,117.2,26.0,29.9,408.2,229.6
9.9,5.2,277.6,117.2,26.0,29.8,408.1,230.3
10.0,5.3,277.8,117.2,26.0,29.8,408.8,230.0
9.9,5.2,277.5,117.9,26.0,29.9,408.3,229.6
9.9,5.2,276.5,117.2,26.0,29.9,410.3,229.7
9.9,5.2,276.4,117.9,26.0,29.9,409.9,229.6
9.8,5.2,276.8,117.9,26.0,29.8,409.4,229.2
9.9,5.2,276.8,117.9,26.0,29.9,410.8,228.6
9.9,5.2,276.9,117.2,26.0,29.8,408.3,228.1
9.8,5.2,276.9,117.2,26.0,29.9,408.3,227.6
9.8,5.2,277.1,117.2,26.0,29.8,410.1,227.8
9.8,5.1,276.2,117.2,26.0,29.8,410.4,226.7
9.8,5.1,276.5,117.2,26.0,29.8,409.5,227.2
9.8,5.2,276.0,117.2,26.0,29.8,410.0,225.3
9.8,5.2,277.6,117.2,26.0,29.8,411.4,219.9
9.8,5.3,277.0,116.5,26.0,29.7,407.9,220.6
9.8,5.2,277.1,116.5,26.0,29.7,409.1,220.3
9.7,5.2,277.4,116.5,26.0,29.6,409.5,220.6
9.8,5.2,276.5,116.5,26.0,29.7,410.1,220.9
9.8,5.2,277.7,116.5,26.0,29.7,408.8,220.4
9.8,5.2,277.6,116.5,26.0,29.7,410.0,220.0
9.7,5.2,275.8,116.5,26.0,29.7,409.6,220.3
9.7,5.2,277.3,116.5,26.0,29.7,409.4,216.9
9.7,5.2,277.3,115.8,26.1,29.7,410.4,217.7
9.7,5.3,276.7,115.8,26.0,29.7,407.5,217.9
9.8,5.3,278.2,115.8,26.0,29.6,410.6,217.7
9.7,5.3,278.0,115.8,26.0,29.7,408.3,217.7
9.7,5.2,277.4,115.8,26.0,29.7,407.0,217.0
9.7,5.2,276.8,115.8,26.0,29.6,408.5,216.7
9.7,5.3,277.6,115.8,26.0,29.6,409.7,215.8
9.6,5.2,277.7,115.8,26.0,29.6,409.6,215.0
9.7,5.3,277.7,115.8,26.0,29.6,410.1,215.0
9.7,5.2,277.4,115.8,26.0,29.6,410.6,214.7
9.7,5.3,276.4,115.8,26.1,29.6,408.5,214.7
9.6,5.2,277.0,115.8,26.1,29.6,410.3,215.1
9.6,5.2,277.7,115.8,26.1,29.6,409.9,215.0
9.5,5.2,277.6,115.8,26.1,29.6,408.9,214.5
9.5,5.2,276.6,115.8,26.1,29.6,411.4,214.0
9.5,5.2,276.1,115.8,26.1,29.6,409.4,213.9
9.6,5.2,276.6,115.8,26.1,29.6,408.1,213.0
9.5,5.1,276.3,115.8,26.1,29.6,407.8,212.9
9.5,5.2,276.2,115.8,26.1,29.6,408.4,213.0
9.5,5.2,275.5,115.8,26.1,29.6,409.2,213.3
9.6,5.2,276.3,115.8,26.1,29.6,408.7,213.7
9.5,5.2,277.1,115.8,26.1,29.6,409.5,214.3
9.7,5.2,275.7,115.8,26.1,29.6,410.1,213.5
9.5,5.2,276.4,115.8,26.1,29.6,409.4,213.6
9.5,5.2,276.1,115.8,26.0,29.6,408.5,213.8
9.6,5.2,276.7,115.8,26.1,29.6,409.6,214.1
9.6,5.2,276.8,115.8,26.0,29.6,409.5,213.4
9.6,5.2,276.6,115.8,26.0,29.6,408.4,213.6
9.5,5.2,277.5,115.8,26.0,29.5,409.9,211.9
9.5,5.2,276.7,115.1,26.1,29.5,406.6,211.1
9.5,5.2,277.1,115.1,26.1,29.5,411.4,212.0
9.7,5.3,276.5,115.1,26.0,29.5,405.7,211.8
9.5,5.2,277.3,115.1,26.0,29.5,407.5,211.2
9.5,5.2,276.7,115.1,26.0,29.5,411.0,211.8
9.5,5.2,277.4,115.1,26.0,29.5,407.9,211.9
9.5,5.2,276.2,115.1,26.0,29.5,411.6,209.2
9.5,5.2,277.5,115.1,26.0,29.5,409.3,209.7
9.5,5.2,277.0,115.1,26.0,29.5,410.1,210.0
9.6,5.2,276.4,115.1,26.0,29.5,410.7,209.1
9.5,5.2,276.2,115.1,26.0,29.5,410.4,209.1
9.5,5.2,277.1,115.1,26.0,29.5,409.5,208.3
9.5,5.2,276.9,114.5,26.0,29.4,408.6,208.5
9.5,5.2,277.0,114.5,26.0,29.4,409.1,208.1
9.5,5.2,276.3,114.5,26.0,29.4,409.7,208.2
9.5,5.2,276.5,114.5,26.0,29.5,409.3,207.3
9.5,5.2,277.4,114.5,26.0,29.4,408.3,207.1
9.5,5.2,276.7,114.5,26.0,29.4,408.0,207.6
9.5,5.2,277.5,114.5,26.0,29.4,409.9,207.5
9.5,5.2,276.2,114.5,26.0,29.4,407.9,207.7
9.5,5.2,276.8,114.5,26.0,29.4,410.6,207.8
9.5,5.2,275.9,114.5,26.0,29.4,409.9,207.5
9.5,5.2,276.7,114.5,26.0,29.3,408.5,207.7
9.5,5.2,276.4,114.5,26.0,29.4,409.6,208.2
9.6,5.3,277.3,114.5,26.0,29.4,409.4,208.0
9.5,5.3,278.2,114.5,26.0,29.3,410.3,208.0
9.5,5.2,276.6,114.5,25.9,29.4,408.9,207.5
9.5,5.2,275.9,114.5,26.0,29.4,408.4,207.8
9.6,5.3,276.1,114.5,25.9,29.4,409.6,207.4
9.5,5.2,276.9,114.5,25.9,29.4,409.4,207.7
9.5,5.2,278.0,114.5,25.9,29.4,410.5,208.1
9.6,5.3,277.6,114.5,25.9,29.3,409.4,208.0
9.5,5.2,276.9,114.5,25.9,29.3,411.8,207.8
9.5,5.2,276.5,114.5,25.9,29.3,408.5,208.0
9.5,5.3,276.7,114.5,25.9,29.3,408.4,208.0
9.5,5.2,277.1,114.5,25.9,29.3,410.6,205.7
9.5,5.3,277.7,113.8,25.9,29.2,408.1,205.5
9.5,5.3,276.5,113.8,25.9,29.2,409.9,205.5
9.6,5.3,277.4,113.8,25.9,29.2,408.6,204.3
9.5,5.2,276.7,113.8,25.9,29.2,408.6,204.2
9.5,5.2,277.4,113.8,25.9,29.2,408.3,204.8
9.5,5.3,277.0,113.8,25.9,29.2,410.6,204.9
9.5,5.3,276.6,113.8,25.8,29.2,408.4,202.3
9.5,5.3,277.2,113.8,25.9,29.2,409.9,202.5
9.5,5.3,278.1,113.1,25.9,29.2,409.2,202.1
9.5,5.3,277.6,113.1,25.8,29.2,408.1,200.2
9.5,5.3,278.0,113.1,25.8,29.1,408.1,199.9
9.5,5.3,277.2,113.1,25.8,29.1,409.3,200.3
9.6,5.4,277.0,113.1,25.8,29.1,408.5,199.6
9.6,5.3,275.6,113.1,25.8,29.1,409.8,199.5
9.5,5.3,275.9,113.1,25.8,29.1,408.5,199.2
9.5,5.3,277.5,113.1,25.8,29.1,410.4,199.5
9.5,5.3,275.1,113.1,25.8,29.1,409.1,199.6
9.5,5.3,276.7,113.1,25.8,29.1,408.4,199.6
9.4,5.3,277.0,113.1,25.8,29.1,409.5,200.0
9.5,5.3,277.9,113.1,25.8,29.1,411.2,196.6
9.5,5.4,276.5,112.4,25.8,29.1,408.8,196.2
9.5,5.3,277.4,113.1,25.8,29.1,407.8,196.4
9.5,5.4,276.6,112.4,25.8,29.1,410.0,195.9
9.5,5.3,277.5,112.4,25.8,29.0,409.7,196.0
9.5,5.4,277.8,112.4,25.8,29.0,408.9,196.5
9.4,5.3,277.1,112.4,25.8,29.0,408.7,196.5
9.5,5.3,276.7,112.4,25.8,29.0,411.5,196.3
9.5,5.3,276.0,112.4,25.7,29.0,409.3,196.4
9.5,5.3,276.7,112.4,25.8,29.0,407.4,196.3
9.5,5.3,276.6,112.4,25.8,29.0,410.0,195.5
9.5,5.3,276.4,112.4,25.7,29.0,408.8,195.3
9.5,5.3,276.6,112.4,25.8,29.0,407.1,195.5
9.5,5.4,276.2,112.4,25.8,29.0,408.3,195.5
9.5,5.4,277.2,112.4,25.8,29.0,407.4,196.1
9.5,5.4,276.0,112.4,25.8,29.0,406.8,196.0
9.5,5.4,277.2,112.4,25.7,29.0,409.6,196.2
9.5,5.3,277.5,112.4,25.8,29.0,408.3,196.0
9.5,5.4,276.8,112.4,25.7,29.0,410.1,196.5
9.5,5.3,277.9,112.4,25.7,29.0,410.3,197.1
9.5,5.4,277.5,112.4,25.7,29.0,409.4,196.9
9.5,5.3,278.2,112.4,25.7,29.0,409.6,196.5
9.5,5.3,277.6,112.4,25.7,29.0,407.5,196.6
9.5,5.3,277.4,112.4,25.6,29.0,408.7,196.5
9.6,5.4,277.4,112.4,25.7,29.0,409.1,196.0
9.6,5.4,278.7,112.4,25.6,28.9,408.5,195.6
9.5,5.3,276.4,112.4,25.6,28.9,409.5,196.0
9.5,5.3,276.5,112.4,25.6,28.9,405.1,196.2
9.5,5.3,277.0,112.4,25.6,29.0,408.7,196.4
9.4,5.3,277.1,112.4,25.6,28.9,407.3,196.5
9.5,5.4,277.1,112.4,25.6,28.9,407.4,196.9
9.5,5.4,278.4,112.4,25.7,28.9,408.8,196.7
9.5,5.4,277.2,112.4,25.7,28.9,408.5,196.4
9.5,5.4,276.8,112.4,25.6,28.9,409.4,196.2
9.5,5.4,276.9,111.7,25.6,28.9,408.0,195.2
9.5,5.3,277.5,111.7,25.6,28.9,408.6,196.2
9.5,5.4,277.3,111.7,25.6,28.9,410.5,195.8
9.5,5.3,277.0,111.7,25.6,28.9,409.2,195.6
9.5,5.3,276.6,111.7,25.6,28.9,410.3,196.2
9.6,5.4,276.9,111.7,25.6,28.9,408.7,196.2
9.5,5.3,277.7,111.7,25.6,28.9,408.3,196.9
9.5,5.4,278.0,111.7,25.6,28.9,408.8,197.0
9.5,5.4,277.4,111.7,25.6,28.9,408.3,196.8
9.5,5.4,277.4,111.7,25.6,28.9,409.9,196.8
9.5,5.4,276.9,111.7,25.5,28.8,410.4,196.9
9.5,5.4,277.8,111.7,25.5,28.8,407.9,196.8
9.6,5.4,277.3,111.7,25.6,28.8,410.0,197.3
9.6,5.4,277.9,111.7,25.5,28.9,406.8,197.0
9.5,5.3,277.8,111.7,25.5,28.8,409.0,197.1
9.5,5.3,276.3,111.7,25.5,28.8,409.3,197.2
9.5,5.4,278.0,111.7,25.5,28.8,409.6,196.7
9.5,5.4,277.7,111.7,25.6,28.8,406.9,196.3
9.5,5.4,277.4,111.7,25.5,28.8,409.5,196.4
9.6,5.4,276.2,111.7,25.5,28.8,409.0,196.1
9.5,5.4,277.3,111.7,25.5,28.8,408.9,196.3
9.5,5.4,276.6,111.7,25.5,28.8,408.9,195.8
9.5,5.3,277.2,111.7,25.5,28.7,410.4,198.9
9.5,5.3,277.1,111.7,25.5,28.8,410.4,198.7
9.5,5.3,277.0,111.7,25.5,28.8,408.8,199.0
9.7,5.4,277.6,112.4,25.5,28.8,409.5,198.5
9.6,5.3,276.6,111.7,25.5,28.8,408.5,198.7
9.5,5.3,276.6,111.7,25.5,28.8,409.9,199.0
9.5,5.3,276.3,111.7,25.5,28.9,409.6,199.5
9.6,5.4,276.7,111.7,25.5,28.8,408.4,199.4
9.5,5.3,277.3,111.7,25.5,28.7,408.6,199.9
9.5,5.3,277.9,111.7,25.5,28.8,408.4,199.5
9.5,5.3,276.9,111.7,25.5,28.8,407.4,199.9
9.6,5.4,276.7,111.7,25.5,28.8,408.7,199.4
9.5,5.3,277.8,111.7,25.4,28.8,408.6,199.6
9.5,5.3,277.6,111.7,25.4,28.7,407.4,200.0
9.5,5.3,278.3,111.7,25.4,28.7,408.5,199.9
9.5,5.3,277.8,111.7,25.5,28.7,406.8,200.0
9.5,5.3,277.4,111.7,25.5,28.7,407.6,200.2
9.5,5.3,277.3,111.7,25.4,28.7,409.0,200.4
9.6,5.3,277.0,111.7,25.4,28.7,409.0,200.3
9.5,5.3,277.7,111.7,25.4,28.7,407.5,200.3
9.5,5.3,277.4,111.7,25.4,28.7,408.2,200.3
9.5,5.3,277.0,111.7,25.5,28.7,411.2,200.3
9.5,5.3,278.1,111.7,25.4,28.7,409.0,200.2
9.5,5.3,277.9,111.7,25.4,28.7,407.8,200.4
9.5,5.3,277.7,111.7,25.5,28.7,409.0,199.9
9.5,5.3,276.5,111.7,25.4,28.7,409.4,199.8
9.6,5.4,277.5,111.7,25.5,28.7,407.4,199.3
9.5,5.3,276.5,111.7,25.4,28.7,407.0,199.0
9.5,5.3,277.3,111.7,25.4,28.7,409.7,198.9
9.5,5.3,277.0,111.7,25.4,28.7,407.1,199.1
9.5,5.3,276.6,111.7,25.4,28.7,408.6,199.1
9.5,5.3,276.6,111.7,25.4,28.7,402.1,199.1
9.6,5.3,276.4,111.7,25.4,28.7,408.7,199.0
9.6,5.4,276.1,111.7,25.4,28.7,408.8,199.4
9.5,5.3,277.1,111.7,25.4,28.7,409.5,200.7
9.5,5.3,277.3,111.7,25.4,28.7,408.6,200.8
9.5,5.3,277.3,111.7,25.4,28.7,409.5,201.4
9.5,5.3,278.0,111.7,25.4,28.6,407.3,201.8
9.5,5.2,277.4,111.7,25.3,28.7,406.7,201.7
9.5,5.3,278.2,111.7,25.3,28.7,407.9,201.4
9.5,5.3,277.0,111.7,25.4,28.7,407.5,201.0
9.5,5.3,277.4,111.7,25.3,28.6,409.6,200.2
9.5,5.3,278.1,111.0,25.3,28.6,408.3,200.1
9.5,5.3,277.8,111.0,25.3,28.6,410.1,199.7
9.5,5.3,276.1,111.0,25.3,28.6,410.4,199.5
9.5,5.3,276.9,111.0,25.3,28.6,408.5,199.7
9.5,5.3,276.6,111.0,25.3,28.6,410.0,199.3
9.5,5.2,276.5,111.0,25.3,28.6,409.3,200.1
9.5,5.3,276.8,111.0,25.3,28.6,409.3,200.2
9.5,5.3,278.1,111.0,25.3,28.6,407.8,200.6
9.5,5.3,278.1,111.0,25.3,28.6,409.9,200.7
9.4,5.2,278.0,111.0,25.3,28.6,410.1,200.7
9.4,5.2,277.2,111.0,25.3,28.6,407.9,200.8
9.5,5.3,276.6,111.0,25.3,28.6,407.0,200.2
9.5,5.2,277.7,111.0,25.3,28.6,409.8,199.9
9.5,5.3,276.7,111.0,25.3,28.6,408.8,200.0
9.5,5.3,276.2,111.0,25.3,28.6,408.6,199.6
9.5,5.2,277.5,111.0,25.3,28.6,406.7,199.8
9.5,5.3,276.5,111.0,25.3,28.6,410.3,199.5
9.5,5.3,277.4,111.0,25.3,28.6,410.5,199.8
9.5,5.3,276.8,111.0,25.3,28.6,408.9,199.4
9.5,5.3,276.3,111.0,25.3,28.6,407.0,199.9
9.5,5.3,276.6,111.0,25.3,28.6,408.4,199.7
9.5,5.3,276.9,111.0,25.3,28.6,407.7,200.1
9.5,5.3,276.8,111.0,25.3,28.6,408.9,200.3
9.5,5.3,277.2,111.0,25.3,28.6,407.6,200.1
9.4,5.3,276.7,111.0,25.3,28.6,409.3,200.3
9.5,5.3,276.5,111.0,25.3,28.6,409.3,199.9
9.5,5.3,276.9,111.0,25.3,28.6,408.1,199.6
9.5,5.3,276.8,111.0,25.3,28.6,410.0,199.8
9.5,5.3,276.5,111.0,25.3,28.6,406.6,199.7
9.5,5.3,276.2,111.0,25.3,28.6,409.5,199.7
9.5,5.3,277.1,111.0,25.3,28.6,407.6,200.0
9.5,5.3,275.7,111.0,25.3,28.6,409.5,200.0
9.5,5.3,276.8,111.0,25.3,28.6,408.4,199.5
9.5,5.2,276.6,111.0,25.3,28.6,410.2,200.5
9.5,5.3,277.5,111.0,25.3,28.6,408.7,200.8
9.4,5.2,275.8,111.0,25.3,28.6,407.1,200.7
9.5,5.2,277.9,111.0,25.3,28.6,408.5,200.8
9.5,5.3,277.5,111.0,25.3,28.6,408.4,200.6
9.5,5.3,277.6,111.0,25.3,28.6,409.0,200.2
9.4,5.2,277.0,111.0,25.3,28.5,407.8,200.4
9.5,5.3,277.5,111.0,25.2,28.6,407.0,200.0
9.4,5.2,277.3,111.0,25.3,28.6,401.5,199.8
9.4,5.2,277.3,111.0,25.3,28.6,408.6,199.9
9.4,5.2,276.1,111.0,25.3,28.6,407.6,200.1
9.5,5.3,277.1,111.0,25.3,28.6,407.4,199.6
9.5,5.3,276.7,111.0,25.3,28.6,408.9,199.8
9.6,5.3,277.2,111.0,25.3,28.6,408.1,199.7
9.6,5.3,276.5,111.0,25.2,28.6,407.7,199.6
9.5,5.3,277.1,111.0,25.3,28.6,407.8,199.7
9.5,5.3,277.4,111.0,25.3,28.5,408.5,199.6
9.5,5.3,275.6,111.0,25.3,28.6,409.1,199.8
9.5,5.3,277.4,111.0,25.3,28.6,409.0,200.4
9.5,5.3,277.3,111.0,25.3,28.6,410.9,200.3
9.5,5.3,277.7,111.0,25.3,28.6,409.0,200.7
9.5,5.3,277.4,111.0,25.3,28.6,409.1,200.5
9.4,5.3,277.8,111.0,25.3,28.6,406.4,200.2
9.5,5.3,276.1,111.0,25.3,28.6,407.8,200.4
9.5,5.3,276.6,111.0,25.2,28.5,408.2,200.0
9.5,5.3,276.6,111.0,25.3,28.5,407.6,199.9
9.4,5.2,276.7,111.0,25.3,28.5,408.5,200.2
9.5,5.3,276.7,111.0,25.2,28.5,410.8,200.0
9.5,5.3,276.8,111.0,25.2,28.5,409.3,199.9
9.5,5.3,277.3,111.0,25.2,28.5,409.3,200.0
9.5,5.3,276.8,111.0,25.2,28.5,408.9,199.5
9.5,5.3,276.6,111.0,25.2,28.5,406.7,199.0
9.5,5.2,275.9,111.0,25.2,28.5,406.6,199.2
9.5,5.2,277.6,111.0,25.2,28.5,408.6,199.8
9.4,5.2,277.3,111.0,25.2,28.5,408.3,199.9
9.5,5.2,277.9,111.0,25.2,28.5,410.7,200.0
9.5,5.3,277.4,111.0,25.2,28.5,408.9,199.9
9.5,5.2,278.6,111.0,25.2,28.5,408.2,200.1
9.5,5.2,277.4,111.0,25.2,28.5,407.0,199.6
9.5,5.3,276.9,111.0,25.2,28.5,407.8,199.0
9.4,5.2,276.6,111.0,25.2,28.5,408.0,198.8
9.5,5.3,276.9,111.0,25.2,28.5,409.0,198.3
9.5,5.3,276.1,111.0,25.1,28.5,407.8,198.3
9.5,5.3,275.8,111.0,25.2,28.5,408.5,197.6
9.5,5.2,275.5,111.0,25.2,28.5,408.1,198.2
9.4,5.3,276.2,111.0,25.1,28.5,407.3,197.9
9.5,5.2,276.0,111.0,25.2,28.5,407.9,198.3
9.5,5.3,275.1,111.0,25.1,28.5,410.0,198.3
9.5,5.3,275.3,110.3,25.2,28.5,408.6,199.4
9.5,5.3,276.5,111.0,25.2,28.5,408.4,199.2
9.5,5.3,276.7,111.0,25.2,28.5,402.9,198.9
9.4,5.2,276.3,110.3,25.1,28.5,408.9,199.2
9.5,5.3,276.4,111.0,25.1,28.5,407.4,198.9
9.5,5.3,276.7,111.0,25.1,28.5,408.6,199.1
9.5,5.3,276.4,111.0,25.1,28.5,409.0,199.3
9.5,5.2,277.0,111.0,25.2,28.5,409.6,199.4
9.5,5.3,276.3,111.0,25.2,28.5,408.6,199.9
9.5,5.3,276.8,110.3,25.1,28.5,409.1,199.9
9.5,5.3,277.0,111.0,25.2,28.5,406.6,199.0
9.4,5.2,276.3,110.3,25.1,28.5,407.5,198.6
9.5,5.2,276.8,110.3,25.1,28.5,408.4,198.1
9.4,5.2,276.9,110.3,25.1,28.5,409.4,197.4
9.4,5.2,277.4,110.3,25.1,28.5,408.3,197.5
9.4,5.2,276.7,110.3,25.1,28.4,408.4,197.8
9.4,5.2,277.2,110.3,25.1,28.4,408.2,197.9
9.4,5.2,276.6,110.3,25.1,28.4,407.4,197.8
9.4,5.2,277.2,110.3,25.1,28.4,408.3,197.9
9.4,5.3,277.4,110.3,25.1,28.4,410.1,197.6
9.4,5.2,277.1,110.3,25.1,28.4,410.3,197.4
9.4,5.2,277.8,110.3,25.1,28.4,408.2,197.2
9.4,5.2,276.9,110.3,25.1,28.4,407.1,197.5
9.5,5.3,276.8,110.3,25.1,28.4,408.4,196.9
9.4,5.2,276.3,110.3,25.1,28.4,409.9,197.1
9.5,5.3,276.9,110.3,25.1,28.4,410.1,196.8
9.4,5.2,276.2,110.3,25.1,28.4,408.7,197.0
9.5,5.3,276.5,110.3,25.1,28.4,409.8,197.0
9.5,5.3,276.3,110.3,25.1,28.4,407.2,197.2
9.5,5.3,276.6,110.3,25.1,28.4,407.7,197.6
9.5,5.3,277.6,110.3,25.1,28.4,409.6,197.6
9.5,5.3,277.8,110.3,25.1,28.4,407.5,193.9
9.5,5.3,277.3,109.6,25.1,28.3,407.3,194.2
9.5,5.3,277.6,109.6,25.1,28.3,411.4,193.7
9.5,5.3,277.0,109.6,25.0,28.3,409.4,193.3
9.5,5.3,275.8,109.6,25.0,28.3,408.0,193.6
9.5,5.3,276.3,109.6,25.1,28.3,408.1,193.5
9.5,5.3,277.0,109.6,25.0,28.3,408.9,193.6
9.5,5.3,277.0,109.6,25.1,28.3,408.2,193.2
9.5,5.3,276.4,109.6,25.0,28.3,408.7,192.6
9.4,5.3,275.5,109.6,25.0,28.3,408.9,193.1
9.4,5.3,275.7,109.6,25.0,28.2,407.9,193.1
9.4,5.3,277.6,109.6,25.1,28.4,409.5,193.6
9.5,5.3,276.7,110.3,25.1,28.4,409.6,193.3
9.5,5.3,276.1,110.3,25.2,28.4,408.8,193.3
9.5,5.3,276.8,110.3,25.2,28.4,408.3,193.2
9.4,5.3,275.7,110.3,25.3,28.5,408.9,193.4
9.5,5.3,276.5,110.3,25.3,28.5,408.6,193.9
9.5,5.3,277.3,110.3,25.3,28.5,410.4,193.9
9.4,5.3,277.0,111.0,25.3,28.5,409.3,194.6
9.4,5.3,278.2,111.0,25.3,28.5,408.4,194.6
9.4,5.3,277.3,111.0,25.4,28.5,408.1,194.3
9.4,5.3,276.7,111.0,25.4,28.6,408.7,193.7
9.4,5.3,276.4,111.0,25.4,28.6,407.6,193.5
9.5,5.4,276.6,111.0,25.4,28.6,406.2,193.8
9.5,5.3,275.3,111.0,25.4,28.7,401.2,194.1
9.5,5.4,276.5,111.7,25.4,28.7,407.7,193.9
9.5,5.4,276.7,111.7,25.5,28.7,406.9,193.1
9.5,5.3,275.5,111.7,25.5,28.7,408.6,192.7
9.5,5.3,275.2,111.7,25.5,28.7,407.5,192.4
9.5,5.3,276.7,111.7,25.5,28.8,407.0,192.3
9.5,5.3,275.9,111.7,25.5,28.7,408.3,191.8
9.4,5.3,275.6,111.7,25.5,28.7,409.2,192.3
9.5,5.3,275.7,111.7,25.6,28.9,409.0,192.4
9.5,5.3,275.1,111.7,25.6,28.8,409.8,193.3
9.5,5.4,275.2,111.7,25.6,28.9,408.9,193.6
9.5,5.3,276.2,111.7,25.6,28.9,409.4,194.4
9.5,5.4,277.1,112.4,25.6,28.9,407.0,194.3
9.5,5.3,276.7,112.4,25.7,28.9,408.2,194.3
9.5,5.4,275.9,112.4,25.7,28.9,408.2,194.3
9.6,5.4,275.9,112.4,25.7,28.9,410.0,194.3
9.5,5.4,276.7,112.4,25.7,28.9,408.5,194.5
9.5,5.4,275.6,112.4,25.7,29.0,409.2,193.7
9.5,5.3,276.4,112.4,25.7,29.0,408.1,193.2
9.5,5.4,275.0,112.4,25.7,29.0,407.8,193.6
9.5,5.4,275.3,112.4,25.8,29.0,408.5,193.7
9.6,5.4,276.0,112.4,25.8,29.0,409.2,193.7
9.5,5.4,274.2,112.4,25.8,29.0,408.9,193.6
9.5,5.3,275.9,112.4,25.8,29.0,410.8,194.4
9.5,5.4,276.8,112.4,25.8,29.0,409.8,195.2
9.5,5.4,277.1,112.4,25.8,29.0,407.6,195.5
9.5,5.4,276.0,113.1,25.8,29.1,408.1,195.0
9.4,5.3,276.7,113.1,25.8,29.1,408.5,195.3
9.5,5.4,277.2,113.1,25.8,29.1,409.2,194.8
9.5,5.4,276.8,113.1,25.8,29.1,409.1,194.5
9.5,5.3,275.0,113.1,25.9,29.1,408.2,194.3
9.5,5.4,277.4,113.1,25.9,29.1,407.9,194.1
9.5,5.3,276.2,113.1,25.9,29.1,408.8,193.8
9.5,5.4,275.9,113.1,25.9,29.1,409.1,193.9
9.5,5.4,274.9,113.1,26.0,29.1,409.1,192.9
9.5,5.3,275.5,113.1,25.9,29.1,409.5,193.5
9.5,5.4,275.4,113.1,25.9,29.1,407.8,193.3
9.5,5.4,275.1,113.1,25.9,29.2,407.9,195.1
9.5,5.3,275.2,113.1,25.9,29.1,406.5,194.4
9.5,5.3,275.0,113.1,26.0,29.2,408.6,194.1
9.5,5.3,275.8,113.1,25.9,29.2,408.0,193.9
9.5,5.3,274.4,113.1,26.0,29.2,408.2,193.1
9.5,5.3,273.8,113.1,26.0,29.2,408.9,193.2
9.5,5.4,274.9,113.1,26.0,29.2,407.8,193.0
9.5,5.3,274.1,113.8,26.0,29.2,407.1,193.2
9.5,5.3,274.9,113.8,26.0,29.2,409.5,192.7
9.5,5.3,274.2,113.8,26.0,29.2,408.4,192.3
9.5,5.3,273.6,113.8,26.0,29.2,409.0,193.0
9.5,5.3,274.5,113.8,26.0,29.2,408.7,193.3
9.5,5.4,274.9,113.8,26.0,29.2,407.1,193.9
9.5,5.4,274.9,113.8,26.0,29.3,407.6,193.9
9.5,5.3,274.4,113.8,26.0,29.3,410.5,194.5
9.5,5.3,276.1,113.8,26.0,29.3,404.9,195.4
9.5,5.3,276.4,113.8,26.1,29.4,403.7,196.9
9.5,5.3,277.3,113.8,26.1,29.4,408.5,198.2
9.5,5.4,276.9,113.8,26.1,29.3,408.5,198.3
9.5,5.3,277.1,113.8,26.1,29.4,408.0,198.2
9.5,5.4,276.8,113.8,26.1,29.4,409.6,197.9
9.5,5.3,276.6,113.8,26.1,29.4,408.1,197.3
9.4,5.3,277.4,113.8,26.1,29.4,408.9,200.9
9.4,5.3,277.0,114.5,26.1,29.4,408.6,201.2
9.5,5.3,276.7,114.5,26.1,29.4,406.8,204.0
9.5,5.2,275.6,114.5,26.1,29.5,408.5,203.8
9.5,5.3,276.4,115.1,26.2,29.5,407.9,203.3
9.5,5.2,275.6,115.1,26.2,29.5,409.2,202.9
9.5,5.3,275.6,115.1,26.2,29.5,408.0,202.6
9.5,5.2,276.3,115.1,26.3,29.6,408.2,203.5
9.5,5.3,275.1,115.8,26.3,29.6,407.5,203.5
9.5,5.3,275.6,115.8,26.3,29.7,407.7,203.8
9.5,5.2,276.4,115.8,26.4,29.7,410.4,203.7
9.4,5.2,275.7,115.8,26.4,29.8,409.2,203.8
9.5,5.3,275.2,115.8,26.5,29.8,409.1,204.0
9.5,5.2,275.7,116.5,26.5,29.8,407.4,204.2
9.5,5.2,276.2,116.5,26.5,29.8,409.2,204.7
9.5,5.2,276.3,116.5,26.5,29.9,409.1,204.9
9.5,5.3,275.7,116.5,26.6,29.9,408.8,204.9
9.5,5.2,277.0,116.5,26.6,29.9,407.7,205.1
9.4,5.3,276.5,116.5,26.6,30.0,406.6,205.2
9.4,5.2,276.2,116.5,26.6,30.0,408.0,205.7
9.5,5.3,276.9,117.2,26.6,30.0,409.2,205.7
9.4,5.2,277.3,117.2,26.7,30.0,408.4,205.7
9.4,5.2,277.3,117.2,26.8,30.1,409.0,205.8
9.4,5.2,276.6,117.2,26.8,30.1,410.6,207.1
9.5,5.3,277.1,117.9,26.8,30.1,407.6,207.3
9.5,5.3,278.2,117.9,26.9,30.2,409.4,207.6
9.5,5.3,277.8,117.9,26.9,30.2,408.8,207.6
9.5,5.3,277.5,117.9,26.9,30.2,410.4,207.4
9.4,5.2,278.1,117.9,26.9,30.2,409.9,207.8
9.5,5.3,277.2,117.9,26.9,30.2,409.3,207.2
9.4,5.3,277.2,117.9,27.0,30.3,407.8,206.6
9.5,5.3,276.7,118.6,27.0,30.3,408.3,206.3
9.5,5.3,276.6,118.6,27.0,30.4,409.5,205.5
9.4,5.2,276.2,118.6,27.0,30.4,409.5,205.7
9.5,5.3,276.3,118.6,27.0,30.4,407.0,205.2
9.5,5.2,275.3,118.6,27.0,30.4,408.7,204.5
9.4,5.2,276.2,118.6,27.1,30.4,407.9,206.6
9.5,5.3,275.5,118.6,27.1,30.4,408.7,206.9
9.4,5.2,276.5,119.3,27.2,30.5,410.2,206.9
9.4,5.2,276.7,119.3,27.2,30.5,409.4,208.3
9.4,5.2,277.0,119.3,27.1,30.6,406.3,208.7
9.4,5.2,277.2,119.3,27.2,30.5,408.1,209.5
9.4,5.2,276.7,119.3,27.3,30.6,411.2,209.3
9.4,5.2,276.6,119.3,27.3,30.6,407.9,209.8
9.5,5.2,276.6,119.3,27.3,30.6,408.6,209.8
9.4,5.2,277.1,120.0,27.3,30.6,409.2,209.4
9.5,5.2,277.0,120.0,27.3,30.6,409.2,208.9
9.4,5.2,276.9,120.0,27.3,30.7,408.9,208.4
9.4,5.2,276.3,120.0,27.3,30.7,409.0,208.8
9.5,5.2,276.6,120.0,27.4,30.7,409.9,209.0
9.4,5.2,276.3,120.0,27.4,30.7,406.3,209.3
9.4,5.2,277.0,120.0,27.4,30.7,402.7,209.5
9.4,5.2,277.1,120.0,27.4,30.7,406.7,209.5
9.4,5.2,277.4,120.0,27.4,30.7,409.1,210.2
9.5,5.2,277.3,120.0,27.4,30.8,409.9,210.9
9.4,5.2,277.1,120.7,27.4,30.8,407.1,211.1
9.4,5.2,277.5,120.7,27.5,30.8,408.4,211.0
9.4,5.2,277.9,120.7,27.5,30.8,409.2,210.4
9.5,5.2,277.6,120.7,27.5,30.8,409.8,210.8
9.5,5.3,277.2,120.7,27.5,30.8,408.9,210.1
9.5,5.3,276.5,120.7,27.5,30.9,408.9,210.0
9.6,5.4,276.2,120.7,27.5,30.9,409.0,209.8
9.7,5.4,276.0,120.7,27.5,30.9,409.4,209.2
9.8,5.4,276.2,120.7,27.5,30.9,410.0,209.7
9.8,5.5,277.0,120.7,27.5,31.0,408.3,209.2
9.8,5.5,276.2,120.7,27.5,31.0,408.8,209.3
9.8,5.5,274.9,120.7,27.5,31.0,408.3,208.9
9.8,5.5,275.8,120.7,27.5,31.0,407.8,209.1
9.9,5.6,276.1,121.4,27.6,31.0,410.9,209.6
9.8,5.6,276.0,121.4,27.6,30.9,406.9,209.9
9.8,5.6,276.1,121.4,27.6,31.0,408.1,215.5
9.8,5.5,276.0,122.0,27.6,31.0,405.9,219.5
9.9,5.5,276.1,122.0,27.6,31.1,408.7,219.6
9.9,5.4,275.6,122.7,27.6,31.1,407.3,219.3
9.9,5.5,275.7,122.7,27.7,31.2,410.1,226.5
10.0,5.4,276.2,123.4,27.7,31.2,407.0,227.1
10.0,5.4,275.5,123.4,27.7,31.3,408.2,226.5
9.9,5.3,274.7,123.4,27.7,31.4,409.8,226.6
9.9,5.4,275.9,123.4,27.8,31.4,408.3,227.2
10.0,5.4,275.7,124.1,27.8,31.4,409.3,226.8
10.1,5.4,275.8,123.4,27.8,31.4,407.7,225.7
10.0,5.4,275.4,123.4,27.8,31.4,409.3,226.2
10.0,5.4,276.0,124.1,27.8,31.4,408.7,231.3
10.0,5.4,276.3,124.1,27.8,31.4,407.8,231.6
10.0,5.4,277.0,124.8,27.8,31.5,409.8,233.4
10.0,5.4,276.9,124.8,27.9,31.5,406.6,233.3
10.0,5.3,276.7,124.8,27.9,31.5,408.9,234.2
10.0,5.4,277.8,124.8,27.9,31.6,409.8,236.2
10.0,5.3,276.8,124.8,27.9,31.6,408.3,236.6
10.0,5.3,277.5,125.5,27.9,31.6,410.0,237.0
10.0,5.3,277.3,125.5,27.9,31.6,406.4,238.5
10.1,5.4,276.4,125.5,27.9,31.7,407.9,238.2
10.1,5.4,277.4,125.5,27.9,31.7,407.9,239.9
10.1,5.3,276.6,125.5,27.9,31.7,409.0,239.6
10.1,5.4,277.6,126.2,27.9,31.7,409.2,239.7
10.1,5.3,277.0,125.5,28.0,31.7,409.3,239.5
10.0,5.3,276.4,125.5,27.9,31.7,409.8,240.2
10.1,5.3,277.2,126.2,28.0,31.7,408.5,239.8
10.1,5.3,275.7,126.2,28.0,31.7,408.9,239.9
10.0,5.3,277.2,126.2,28.0,31.7,408.3,240.1
10.0,5.3,277.9,126.2,28.0,31.8,408.8,240.2
10.0,5.3,276.6,126.2,28.0,31.8,406.9,241.1
10.1,5.4,277.9,126.2,28.0,31.8,409.1,240.8
10.1,5.3,277.5,126.2,28.0,31.8,408.3,241.0
10.1,5.3,276.9,126.2,28.0,31.8,407.9,240.9
10.1,5.4,276.0,126.2,28.0,31.9,408.0,243.1
10.2,5.4,277.4,126.9,28.1,31.9,408.2,242.1
10.2,5.4,277.4,126.9,28.1,32.0,406.7,242.2
10.2,5.4,276.9,126.9,28.1,31.9,406.3,242.1
10.2,5.4,276.6,126.9,28.1,32.0,409.2,242.5
10.2,5.4,278.1,126.9,28.1,32.0,404.5,241.9
10.1,5.3,277.0,126.9,28.1,32.0,409.3,241.8
10.1,5.3,276.7,126.9,28.1,32.0,409.2,243.1
10.2,5.4,277.3,126.9,28.2,32.0,410.1,243.4
10.2,5.4,277.3,126.9,28.2,32.0,407.6,242.7
10.1,5.3,277.6,126.9,28.2,32.0,408.5,243.2
10.2,5.4,277.1,126.9,28.2,32.0,407.8,242.4
10.1,5.3,277.7,126.9,28.2,32.0,409.4,242.5
10.2,5.4,278.4,127.6,28.2,32.1,410.6,242.0
10.1,5.3,276.8,127.6,28.2,32.1,407.2,241.9
10.1,5.4,278.3,127.6,28.3,32.1,408.1,241.3
10.1,5.3,277.6,127.6,28.3,32.1,408.4,241.8
10.1,5.3,277.6,127.6,28.3,32.1,409.5,241.6
10.1,5.3,278.1,126.9,28.2,32.0,407.8,241.7
10.1,5.3,277.9,126.9,28.1,32.0,408.9,241.8
10.1,5.3,277.4,126.9,28.1,31.9,409.2,242.1
10.1,5.3,278.0,126.2,28.0,31.9,410.2,241.7
10.1,5.3,277.6,126.2,27.9,31.8,407.6,241.8
10.1,5.3,278.9,125.5,27.9,31.7,407.1,241.9
10.1,5.3,278.6,125.5,27.9,31.7,407.6,241.8
10.1,5.3,278.1,125.5,27.9,31.7,406.0,240.4
10.1,5.3,277.7,125.5,27.8,31.6,407.3,240.8
10.1,5.3,278.2,125.5,27.8,31.6,410.6,240.3
10.1,5.3,277.8,124.8,27.8,31.6,407.0,240.5
10.2,5.3,278.9,124.8,27.7,31.5,409.4,241.0
10.0,5.3,277.6,124.8,27.7,31.5,408.9,240.4
10.1,5.3,279.1,124.8,27.6,31.5,408.5,240.4
10.2,5.4,278.8,124.8,27.6,31.5,407.4,239.9
10.2,5.4,278.5,124.1,27.5,31.5,410.2,239.5
10.2,5.3,277.0,124.1,27.5,31.4,408.4,239.6
10.2,5.3,278.7,124.1,27.5,31.4,409.6,240.2
10.2,5.4,279.6,124.1,27.5,31.4,408.0,239.8
10.1,5.4,277.8,123.4,27.5,31.3,408.9,240.8
10.2,5.4,278.6,124.1,27.4,31.3,409.2,240.6
10.2,5.4,279.1,124.1,27.4,31.3,409.2,240.1
10.2,5.4,278.6,123.4,27.4,31.2,408.0,239.3
10.2,5.4,278.2,123.4,27.4,31.2,408.9,238.5
10.1,5.4,277.7,123.4,27.4,31.2,408.2,237.6
10.1,5.3,277.9,123.4,27.4,31.2,407.4,237.1
10.2,5.3,278.1,123.4,27.4,31.2,409.1,237.3
10.2,5.4,277.5,123.4,27.4,31.2,408.4,237.3
10.2,5.4,277.6,123.4,27.3,31.1,407.5,237.7
10.2,5.4,277.7,123.4,27.3,31.2,406.6,238.5
10.2,5.4,278.1,123.4,27.3,31.1,408.8,238.8
10.2,5.4,279.1,123.4,27.3,31.1,409.6,239.3
10.2,5.4,278.8,122.7,27.3,31.1,408.1,239.4
10.2,5.4,278.9,122.7,27.3,31.1,407.6,239.6
10.2,5.4,279.5,122.7,27.3,31.1,407.8,240.1
10.2,5.4,279.5,122.7,27.2,31.1,407.7,241.3
10.3,5.4,278.0,122.7,27.3,31.1,407.0,240.2
10.3,5.4,277.8,123.4,27.1,31.1,404.2,240.3
10.2,5.4,278.6,122.7,27.1,31.1,407.7,242.6
10.3,5.4,278.9,123.4,27.1,31.1,408.2,242.8
10.3,5.5,278.4,122.7,27.1,31.1,407.6,242.8
10.3,5.4,279.0,122.7,27.1,31.0,407.6,246.1
10.3,5.4,278.8,123.4,27.1,31.1,408.7,246.7
10.3,5.4,279.2,123.4,27.1,31.0,408.3,249.5
10.3,5.3,278.9,123.4,27.1,31.1,408.0,248.4
10.3,5.3,279.9,123.4,27.1,31.1,408.2,248.5
10.3,5.3,278.8,123.4,27.1,31.1,409.8,248.8
10.3,5.3,278.8,123.4,27.1,31.1,408.1,249.2
10.3,5.3,278.8,123.4,27.0,31.0,408.6,249.3
10.3,5.4,278.2,123.4,27.0,31.0,409.0,249.3
10.4,5.4,278.9,123.4,27.0,31.0,410.4,248.8
10.3,5.3,277.7,123.4,27.0,31.0,408.3,251.2
10.4,5.4,277.1,123.4,27.0,31.1,407.7,249.7
10.4,5.3,277.9,123.4,27.0,31.0,409.1,248.5
10.4,5.3,278.7,123.4,26.9,31.0,406.8,247.8
10.4,5.4,277.8,122.7,27.0,31.0,408.6,247.3
10.5,5.4,278.1,122.7,26.9,31.0,408.1,246.9
10.4,5.4,277.2,122.7,26.9,30.9,407.3,246.8
10.4,5.4,277.0,122.7,26.9,30.9,407.8,246.7
10.5,5.4,276.4,122.7,26.9,30.9,407.1,246.6
10.4,5.4,276.7,122.7,26.9,30.9,407.3,247.9
10.5,5.4,277.8,122.7,26.9,30.9,409.3,248.0
10.5,5.4,277.4,122.7,26.9,30.9,408.1,249.9
10.5,5.4,278.0,123.4,26.9,30.9,406.7,249.3
10.5,5.4,276.6,122.7,26.9,30.9,409.6,249.2
10.4,5.4,277.5,122.7,26.9,30.9,408.5,249.7
10.5,5.4,277.2,122.7,26.9,30.9,417.4,247.2
10.5,5.4,277.3,120.0,26.8,30.7,390.7,248.3
10.5,5.4,277.1,120.7,26.3,30.5,386.1,247.5
10.6,5.4,276.3,120.7,26.1,30.4,386.6,247.1
10.5,5.4,276.9,120.7,26.0,30.3,386.4,247.0
10.5,5.4,276.8,120.0,26.0,30.3,384.7,247.3
10.5,5.4,277.0,120.0,26.0,30.2,387.0,248.0
10.5,5.4,276.1,120.0,26.0,30.2,385.9,248.1
10.5,5.4,277.9,120.0,26.0,30.2,387.1,248.6
10.5,5.4,277.5,120.0,26.0,30.2,385.2,249.0
10.5,5.4,277.6,120.0,26.0,30.2,384.7,249.2
10.5,5.4,277.7,120.0,25.9,30.2,385.5,249.5
10.5,5.4,278.5,120.0,25.9,30.2,385.8,249.3
10.4,5.4,278.2,120.0,26.0,30.2,384.4,250.0
10.5,5.4,278.1,120.0,26.0,30.2,388.0,250.5
10.7,5.5,278.0,120.0,25.9,30.1,385.5,249.8
10.5,5.4,278.5,120.0,25.9,30.2,386.7,249.8
10.7,5.5,278.6,120.0,25.9,30.2,386.8,250.3
10.7,5.6,277.3,120.0,25.9,30.2,385.8,249.8
10.7,5.5,278.0,120.0,25.9,30.1,386.1,249.5
10.7,5.5,278.0,120.0,25.9,30.2,386.7,249.4
10.6,5.5,277.8,120.0,25.9,30.2,387.3,249.6
10.7,5.5,278.5,120.0,25.9,30.2,385.0,249.5
10.7,5.5,278.8,120.0,25.9,30.1,384.8,249.1
10.6,5.5,278.0,120.0,25.9,30.1,386.6,248.4
10.7,5.5,278.0,120.0,25.9,30.1,385.2,249.3
10.6,5.5,277.5,120.0,25.9,30.1,386.0,249.9
10.6,5.5,278.6,120.0,25.9,30.1,383.5,249.9
10.6,5.5,278.4,120.0,25.9,30.1,386.9,249.4
10.6,5.5,278.3,120.0,25.9,30.2,386.6,249.8
10.6,5.5,278.5,120.0,25.9,30.1,385.9,249.5
10.6,5.5,278.0,120.0,25.9,30.1,385.2,249.3
10.6,5.4,278.4,120.0,25.9,30.1,385.8,249.2
10.6,5.4,276.8,120.0,26.0,30.1,385.9,248.9
10.5,5.4,277.4,120.0,25.9,30.1,386.6,249.6
10.6,5.5,278.7,120.0,25.9,30.1,386.6,249.4
10.6,5.4,277.3,120.0,25.9,30.2,385.6,249.3
10.6,5.4,278.2,120.0,25.9,30.1,385.0,248.3
10.5,5.4,278.7,120.0,25.9,30.1,386.2,251.8
10.6,5.4,278.1,120.0,26.0,30.2,383.8,252.0
10.6,5.4,278.8,120.0,26.0,30.2,385.7,251.8
10.6,5.4,279.5,120.0,25.9,30.2,385.6,252.1
10.7,5.4,278.6,120.0,25.9,30.2,385.9,252.4
10.5,5.4,277.7,120.0,26.0,30.2,385.3,252.2
10.6,5.4,278.5,120.0,25.9,30.2,385.6,252.4
10.6,5.4,278.9,120.0,25.9,30.2,384.4,251.6
10.6,5.4,278.6,120.0,25.9,30.2,385.7,250.1
10.5,5.4,278.6,120.0,25.9,30.2,384.4,249.6
10.6,5.5,278.8,120.0,25.9,30.2,385.0,249.0
10.5,5.4,279.1,120.0,25.9,30.1,385.7,248.6
10.5,5.4,278.1,120.0,25.9,30.1,385.8,248.2
10.5,5.5,279.2,119.3,25.9,30.1,388.0,248.3
10.5,5.4,277.4,119.3,25.9,30.2,385.6,248.3
10.5,5.5,278.5,120.0,25.9,30.1,386.7,248.5
10.6,5.5,278.0,120.0,25.9,30.1,384.0,248.4
10.5,5.4,279.4,120.0,25.9,30.1,386.3,249.0
10.6,5.5,278.5,120.0,25.9,30.2,386.6,249.2
10.6,5.5,279.1,120.0,26.0,30.2,386.3,249.0
10.6,5.5,278.0,120.0,25.9,30.2,385.8,249.4
10.6,5.5,279.3,120.0,26.0,30.2,384.9,249.9
10.6,5.5,279.7,120.0,26.0,30.2,387.3,249.8
10.6,5.5,279.6,120.0,25.9,30.2,384.7,250.0
10.6,5.5,279.3,120.0,25.9,30.2,385.7,249.9
10.6,5.5,279.5,120.0,26.0,30.2,386.3,250.0
10.6,5.5,279.0,120.0,26.0,30.2,385.4,249.1
10.6,5.5,279.2,120.0,26.0,30.2,385.3,248.8
10.5,5.5,279.8,120.0,26.0,30.2,386.5,248.5
10.5,5.5,278.9,120.0,26.0,30.2,385.3,248.2
10.6,5.6,278.5,120.0,26.0,30.2,385.7,248.2
10.7,5.6,278.8,120.0,26.0,30.2,382.5,247.8
10.6,5.6,278.3,120.0,26.0,30.2,386.9,248.2
10.5,5.4,278.8,120.0,26.0,30.2,385.6,248.7
10.6,5.5,278.4,120.0,26.0,30.2,385.3,249.4
10.6,5.6,278.0,120.0,26.0,30.3,387.4,249.5
10.7,5.6,279.3,120.0,26.0,30.2,385.7,248.9
10.6,5.6,278.3,120.0,26.0,30.3,385.2,247.9
10.7,5.6,278.8,120.0,26.0,30.2,386.0,247.4
10.6,5.6,278.5,120.0,26.0,30.2,386.9,247.0
10.7,5.6,278.9,120.0,26.0,30.3,384.2,247.1
10.7,5.6,277.8,120.0,26.1,30.3,386.6,247.4
10.6,5.6,278.4,120.0,26.0,30.3,385.8,247.9
10.7,5.6,278.5,120.7,26.1,30.3,385.0,247.7
10.6,5.6,278.7,120.7,26.1,30.4,384.7,248.1
10.6,5.6,279.0,120.7,26.1,30.4,384.8,248.9
10.7,5.6,277.9,120.7,26.1,30.4,385.7,249.0
10.7,5.6,278.8,120.7,26.1,30.4,385.1,250.2
10.6,5.5,279.7,120.7,26.1,30.4,384.3,250.3
10.6,5.5,279.0,120.7,26.2,30.4,386.3,251.9
10.7,5.6,279.6,120.7,26.1,30.4,385.2,251.5
10.6,5.5,279.1,121.4,26.1,30.4,385.2,251.4
10.6,5.5,279.1,120.7,26.1,30.4,385.8,250.8
10.6,5.6,277.9,120.7,26.1,30.4,383.7,250.9
10.7,5.6,279.1,120.7,26.2,30.4,383.4,250.3
10.7,5.6,278.9,121.4,26.2,30.5,386.0,250.3
10.6,5.6,278.5,121.4,26.2,30.5,384.0,250.9
10.7,5.6,278.7,121.4,26.1,30.5,385.8,251.3
10.7,5.6,278.5,121.4,26.3,30.5,385.1,251.5
10.7,5.6,279.5,121.4,26.2,30.5,385.7,251.7
10.7,5.6,279.4,121.4,26.2,30.5,384.8,251.7
10.7,5.6,279.1,121.4,26.3,30.5,386.8,251.5
10.7,5.6,279.8,121.4,26.2,30.5,385.1,251.7
10.7,5.6,279.1,121.4,26.3,30.5,385.7,252.1
10.7,5.6,279.4,121.4,26.3,30.5,384.9,251.4
10.7,5.6,280.2,121.4,26.3,30.5,384.8,251.6
10.7,5.6,278.4,121.4,26.3,30.5,384.3,251.3
10.7,5.6,278.5,121.4,26.3,30.6,385.2,251.1
10.7,5.6,279.2,121.4,26.3,30.5,385.3,251.0
10.7,5.6,279.7,121.4,26.3,30.5,384.8,250.7
10.7,5.6,278.3,121.4,26.2,30.5,386.1,250.6
10.7,5.6,279.0,121.4,26.2,30.5,383.9,250.3
10.7,5.6,278.6,121.4,26.2,30.4,384.1,249.7
10.7,5.6,279.1,120.7,26.2,30.5,386.2,249.2
10.7,5.6,278.5,120.7,26.2,30.5,385.0,248.9
10.6,5.6,278.8,120.7,26.2,30.5,386.5,249.2
10.7,5.6,278.5,120.7,26.1,30.4,384.8,249.8
10.7,5.6,278.8,121.4,26.3,30.5,385.9,250.1
10.8,5.7,278.8,120.7,26.2,30.5,387.5,250.7
10.8,5.6,279.8,121.4,26.2,30.5,386.5,253.4
10.7,5.6,279.6,121.4,26.3,30.5,385.8,253.1
10.7,5.6,277.9,121.4,26.2,30.5,384.4,252.5
10.7,5.6,277.9,121.4,26.2,30.5,386.1,252.1
10.7,5.6,278.1,121.4,26.2,30.5,384.9,252.0
10.7,5.6,277.8,121.4,26.2,30.5,386.8,252.0
10.7,5.6,278.0,121.4,26.2,30.5,385.4,252.2
10.7,5.6,278.3,121.4,26.3,30.5,386.0,250.9
10.6,5.5,278.1,121.4,26.3,30.5,385.1,251.0
10.7,5.6,277.7,121.4,26.3,30.5,385.4,250.9
10.7,5.6,278.6,121.4,26.3,30.5,386.3,251.3
10.7,5.6,278.1,121.4,26.3,30.5,385.0,250.7
10.7,5.6,278.1,121.4,26.3,30.5,385.6,250.7
10.7,5.6,278.6,121.4,26.3,30.5,386.4,250.8
10.7,5.7,278.5,121.4,26.3,30.5,385.9,251.2
10.7,5.6,278.9,121.4,26.3,30.6,386.2,250.1
10.7,5.6,279.5,121.4,26.3,30.5,384.9,249.5
10.7,5.6,277.4,121.4,26.3,30.5,384.2,249.4
10.7,5.6,279.3,121.4,26.3,30.5,385.5,249.6
10.7,5.6,278.6,121.4,26.3,30.5,385.6,249.9
10.8,5.7,278.1,121.4,26.3,30.5,385.8,249.7
10.7,5.6,276.8,121.4,26.3,30.6,385.0,250.0
10.7,5.6,278.8,121.4,26.3,30.6,386.2,250.0
10.7,5.6,278.1,121.4,26.3,30.6,387.6,250.7
10.8,5.7,278.7,121.4,26.3,30.6,385.6,250.7
10.7,5.6,278.8,121.4,26.3,30.5,384.8,250.3
10.7,5.6,278.9,121.4,26.4,30.6,385.5,249.4
10.7,5.6,277.6,121.4,26.3,30.6,385.0,248.5
10.7,5.4,264.9,121.4,26.3,30.6,348.3,248.0
10.7,5.3,257.6,122.7,26.3,30.7,354.5,248.2
10.7,5.4,264.2,122.7,26.3,30.7,352.7,248.3
10.7,5.4,263.6,122.7,26.4,30.9,354.1,248.5
10.7,5.4,263.4,122.7,26.4,30.9,354.5,248.4
10.7,5.4,262.8,122.7,26.4,30.9,355.2,248.5
10.8,5.5,262.7,122.0,26.3,30.9,353.3,248.2
10.8,5.5,262.3,122.7,26.4,30.8,355.6,248.4
10.8,5.4,262.3,122.7,26.4,30.9,354.3,248.5
10.8,5.5,262.5,122.7,26.3,30.9,355.5,248.0
10.8,5.5,262.2,122.7,26.4,30.9,354.7,247.7
10.7,5.4,262.2,122.7,26.4,30.9,354.5,248.2
10.8,5.5,261.5,122.7,26.4,30.9,353.6,248.1
10.8,5.4,262.1,122.7,26.4,30.9,354.3,248.8
10.8,5.5,262.3,122.7,26.4,30.9,355.1,249.6
10.8,5.5,262.8,122.7,26.4,30.9,355.1,249.6
10.8,5.6,261.6,122.7,26.4,30.9,354.2,249.5
10.8,5.5,262.0,122.7,26.4,31.0,355.2,249.4
10.8,5.5,261.3,122.7,26.5,31.0,355.0,249.0
10.7,5.4,263.0,122.7,26.5,31.0,354.8,249.2
10.7,5.4,262.4,122.7,26.5,31.0,354.0,248.5
10.6,5.3,262.3,122.7,26.5,31.0,354.9,249.0
10.7,5.4,262.9,122.7,26.5,31.0,353.4,248.8
10.7,5.3,260.9,123.4,26.6,31.1,353.7,248.3
10.5,5.3,262.0,123.4,26.6,31.1,354.2,247.7
10.5,5.3,262.4,123.4,26.6,31.1,353.7,247.3
10.5,5.3,261.8,123.4,26.6,31.1,354.6,246.6
10.4,5.2,261.5,123.4,26.6,31.1,354.2,246.0
10.4,5.2,260.8,123.4,26.6,31.1,354.7,246.5
10.5,5.3,261.3,123.4,26.7,31.1,354.1,246.1
10.4,5.2,260.9,123.4,26.8,31.1,354.9,245.7
10.4,5.2,260.8,123.4,26.7,31.2,354.0,245.0
10.3,5.2,260.0,124.1,26.8,31.2,353.6,244.7
10.4,5.2,260.7,123.4,26.8,31.3,353.4,244.2
10.3,5.1,262.4,123.4,26.8,31.2,355.5,244.5
10.3,5.2,260.1,124.1,26.9,31.2,353.2,244.3
10.4,5.2,262.0,124.1,26.9,31.3,353.5,242.4
10.3,5.2,260.6,123.4,26.9,31.3,354.4,238.9
10.3,5.2,262.1,123.4,26.9,31.3,354.1,238.2
10.3,5.2,261.0,123.4,26.9,31.2,355.1,234.8
10.3,5.2,260.1,123.4,26.9,31.2,354.9,235.0
10.3,5.2,260.7,123.4,27.0,31.2,353.9,234.9
10.2,5.2,261.3,122.7,27.0,31.2,354.5,233.3
10.2,5.2,261.0,122.7,27.0,31.2,352.2,233.2
10.2,5.2,262.9,122.7,27.0,31.2,354.9,233.4
10.3,5.3,261.5,123.4,27.0,31.2,352.9,233.0
10.2,5.2,261.9,123.4,27.0,31.2,354.2,230.7
10.1,5.2,261.8,123.4,27.0,31.2,353.6,231.2
10.2,5.3,262.3,122.7,27.0,31.3,353.7,229.1
10.2,5.3,262.1,122.7,27.0,31.2,354.7,229.8
10.2,5.3,262.1,122.7,27.1,31.2,353.9,229.5
10.1,5.3,262.4,122.7,27.1,31.2,353.3,229.4
10.1,5.3,262.2,123.4,27.1,31.3,353.2,229.8
10.2,5.3,262.4,123.4,27.2,31.3,354.1,228.9
10.1,5.3,262.2,122.7,27.1,31.3,353.6,229.2
10.1,5.3,262.0,122.7,27.1,31.3,353.8,229.2
10.1,5.3,261.9,122.7,27.1,31.3,355.9,228.4
10.0,5.2,262.2,122.7,27.1,31.2,354.2,228.5
10.0,5.2,262.1,122.7,27.1,31.3,354.0,228.6
10.0,5.2,261.0,123.4,27.1,31.3,353.4,228.3
10.0,5.2,261.7,122.7,27.1,31.2,353.0,228.0
10.0,5.2,261.7,123.4,27.2,31.3,353.2,227.4
10.0,5.2,261.8,122.7,27.1,31.3,353.8,227.1
10.0,5.2,261.8,122.7,27.1,31.2,353.6,227.6
10.1,5.3,261.7,123.4,27.3,31.4,355.7,227.1
10.0,5.2,261.8,123.4,27.2,31.4,354.9,227.9
10.1,5.3,262.7,123.4,27.3,31.4,354.0,228.2
10.1,5.2,260.9,123.4,27.3,31.4,353.2,228.5
10.0,5.3,260.9,123.4,27.2,31.4,355.3,228.3
10.0,5.2,262.2,123.4,27.3,31.4,355.3,228.4
10.0,5.2,262.3,123.4,27.2,31.4,352.0,228.2
10.0,5.2,262.1,123.4,27.3,31.4,354.5,228.4
10.0,5.2,261.4,123.4,27.3,31.5,355.2,228.3
10.0,5.2,261.5,123.4,27.3,31.5,353.4,227.8
10.0,5.2,261.5,123.4,27.3,31.5,355.5,228.2
10.0,5.2,261.3,123.4,27.3,31.4,354.3,227.7
10.0,5.2,261.5,123.4,27.3,31.5,355.9,227.8
10.0,5.2,261.8,123.4,27.4,31.5,355.1,227.4
9.9,5.1,262.1,123.4,27.4,31.5,355.3,226.6
10.0,5.2,260.9,123.4,27.4,31.5,352.9,225.7
9.9,5.2,262.6,123.4,27.4,31.5,356.2,226.9
10.0,5.2,261.8,123.4,27.4,31.5,354.7,225.6
9.9,5.2,262.7,123.4,27.4,31.5,354.3,225.3
10.0,5.3,263.1,123.4,27.4,31.5,354.9,225.7
9.9,5.2,262.6,123.4,27.4,31.5,354.7,225.5
9.9,5.2,263.0,123.4,27.4,31.5,354.8,221.5
10.0,5.4,262.4,122.7,27.4,31.4,354.3,220.8
10.0,5.4,262.1,122.7,27.4,31.4,355.8,220.7
10.0,5.4,262.5,122.7,27.4,31.4,354.6,219.6
9.9,5.3,262.8,122.7,27.4,31.4,354.3,219.4
9.9,5.3,261.7,122.7,27.4,31.4,354.7,218.7
10.0,5.3,261.1,122.7,27.4,31.4,356.5,218.5
10.0,5.4,261.1,122.7,27.4,31.4,352.8,218.1
10.0,5.3,261.9,122.7,27.4,31.3,352.2,217.6
9.9,5.3,260.8,122.7,27.4,31.3,352.5,217.2
9.9,5.3,261.4,122.7,27.4,31.4,356.1,217.6
9.9,5.3,261.3,122.7,27.4,31.4,355.7,217.9
9.9,5.4,261.1,122.7,27.4,31.4,353.7,217.9
9.9,5.3,261.6,122.7,27.4,31.4,355.6,218.8
10.0,5.4,261.3,122.7,27.4,31.3,353.2,219.3
10.0,5.4,261.6,122.7,27.4,31.4,352.3,220.6
10.1,5.4,261.8,122.7,27.4,31.4,356.5,219.6
9.9,5.3,261.7,123.4,27.5,31.4,352.9,219.7
9.9,5.3,261.4,123.4,27.5,31.5,354.1,219.9
10.0,5.3,262.7,123.4,27.4,31.4,355.3,220.0
10.0,5.4,262.2,123.4,27.5,31.5,353.6,219.7
10.0,5.4,261.7,123.4,27.5,31.5,354.7,219.7
10.0,5.4,262.0,123.4,27.5,31.5,352.2,220.0
10.0,5.4,261.7,123.4,27.5,31.5,352.9,219.2
9.9,5.3,261.8,123.4,27.5,31.5,353.6,219.9
10.0,5.4,262.2,123.4,27.5,31.5,355.1,219.5
10.0,5.4,261.8,123.4,27.5,31.5,354.0,218.5
9.8,5.3,262.3,122.7,27.5,31.5,353.9,218.6
9.9,5.4,261.1,123.4,27.5,31.5,355.9,219.0
9.9,5.3,261.5,123.4,27.5,31.5,356.0,218.9
9.9,5.3,261.2,123.4,27.5,31.5,354.5,219.7
9.9,5.3,260.8,123.4,27.5,31.5,354.9,223.4
9.9,5.2,261.2,124.1,27.5,31.5,354.1,223.8
9.9,5.3,260.9,124.1,27.5,31.6,355.3,223.5
9.9,5.2,261.4,124.1,27.6,31.6,355.0,223.9
10.0,5.3,261.1,124.1,27.5,31.6,354.6,223.6
9.9,5.2,261.6,124.1,27.5,31.6,353.6,223.8
9.9,5.2,261.7,124.1,27.5,31.6,354.0,224.0
9.9,5.2,262.3,124.1,27.5,31.6,353.4,224.0
9.8,5.2,262.1,124.1,27.5,31.6,354.6,224.0
9.9,5.2,261.8,124.1,27.5,31.6,353.9,224.5
9.9,5.2,262.6,124.1,27.5,31.6,354.4,224.5
9.9,5.2,262.2,124.1,27.5,31.6,354.1,225.1
10.0,5.3,261.3,124.1,27.5,31.6,353.9,224.5
9.9,5.2,262.1,124.1,27.5,31.6,355.4,224.6
9.9,5.2,262.6,124.1,27.5,31.6,354.6,224.7
9.9,5.2,262.5,124.1,27.5,31.6,353.8,224.4
9.9,5.2,261.5,124.1,27.5,31.6,351.8,224.9
9.9,5.3,261.7,124.1,27.6,31.6,353.9,224.5
10.0,5.2,261.6,124.1,27.6,31.6,354.5,224.2
9.9,5.2,261.5,124.1,27.6,31.6,354.1,224.5
9.9,5.2,262.6,124.1,27.6,31.6,354.0,223.9
9.8,5.2,261.6,124.1,27.5,31.6,354.8,224.1
9.9,5.2,262.1,124.1,27.6,31.6,354.7,224.4
10.0,5.3,261.5,124.1,27.6,31.6,353.7,223.9
9.9,5.2,261.0,124.1,27.6,31.6,355.7,224.7
9.9,5.3,260.7,124.1,27.5,31.6,353.6,224.6
10.0,5.3,262.2,124.1,27.5,31.5,354.3,224.4
10.0,5.2,261.4,124.1,27.6,31.6,354.9,224.0
10.0,5.3,262.5,124.1,27.6,31.6,353.7,223.3
9.9,5.2,261.9,124.1,27.6,31.6,354.2,223.8
9.9,5.2,261.4,124.1,27.6,31.6,354.6,223.4
10.0,5.3,261.4,124.1,27.5,31.6,354.9,223.3
9.9,5.2,260.1,124.1,27.6,31.6,354.8,223.6
10.0,5.3,261.9,124.1,27.6,31.7,352.8,222.6
9.9,5.2,260.6,124.1,27.6,31.7,355.7,223.6
10.0,5.3,261.3,124.1,27.6,31.6,354.0,223.9
10.0,5.3,262.4,124.8,27.6,31.7,353.6,224.0
10.0,5.3,261.5,124.1,27.6,31.7,353.6,224.5
9.9,5.3,261.4,124.1,27.7,31.7,352.6,225.1
10.1,5.3,262.4,124.8,27.6,31.7,354.4,225.3
10.0,5.3,261.4,124.8,27.6,31.7,354.9,225.0
9.9,5.2,262.6,124.8,27.6,31.7,355.3,224.9
9.9,5.3,262.4,124.1,27.7,31.7,353.2,225.4
10.0,5.3,261.8,124.8,27.7,31.7,355.1,224.6
9.9,5.3,261.3,124.8,27.7,31.7,353.5,224.8
10.0,5.3,261.5,124.8,27.7,31.8,354.6,224.1
9.9,5.2,261.9,124.8,27.7,31.7,355.0,224.7
10.0,5.3,260.0,124.8,27.7,31.7,353.7,223.9
10.0,5.3,260.6,124.8,27.7,31.8,354.2,223.8
10.0,5.3,260.4,124.8,27.8,31.8,352.8,224.2
10.0,5.3,260.4,124.8,27.7,31.7,354.0,223.4
9.9,5.2,261.1,124.8,27.8,31.8,355.5,222.7
9.9,5.2,260.8,124.8,27.8,31.8,354.5,223.0
9.9,5.2,260.9,124.8,27.8,31.8,354.7,223.7
10.0,5.2,261.4,124.8,27.8,31.8,356.0,223.8
10.0,5.3,260.7,124.8,27.8,31.8,356.7,224.0
9.9,5.2,260.7,124.8,27.8,31.8,353.9,224.9
10.0,5.3,261.8,125.5,27.8,31.8,355.7,224.4
10.0,5.3,261.8,124.8,27.8,31.8,354.9,224.1
9.9,5.3,260.0,124.8,27.8,31.8,354.3,224.1
9.9,5.2,261.0,124.8,27.8,31.8,356.0,224.3
10.0,5.3,261.8,124.8,27.8,31.8,352.9,224.6
10.0,5.3,260.9,125.5,27.8,31.8,355.5,224.3
10.0,5.3,261.9,124.8,27.8,31.8,355.3,224.4
10.0,5.3,261.2,125.5,27.8,31.8,355.1,223.7
9.9,5.3,261.6,124.8,27.8,31.9,351.2,223.9
10.0,5.3,260.6,124.8,27.8,31.8,354.4,223.3
10.0,5.3,261.8,124.8,27.8,31.9,355.3,223.2
10.0,5.3,260.4,125.5,27.8,31.9,356.2,223.4
10.0,5.3,260.4,125.5,27.8,31.9,355.3,223.3
10.0,5.3,261.7,125.5,27.8,31.9,353.0,223.2
10.0,5.3,260.6,125.5,27.8,31.9,355.2,223.0
10.0,5.3,261.1,125.5,27.8,31.9,354.1,223.8
10.0,5.3,261.2,125.5,27.9,31.9,357.0,223.4
10.0,5.3,261.6,124.8,27.9,31.9,353.7,223.1
10.0,5.3,260.8,125.5,27.8,31.9,355.4,224.0
10.1,5.3,261.4,125.5,27.9,31.9,354.7,224.5
10.0,5.3,260.9,125.5,27.8,31.9,354.1,225.0
10.0,5.3,261.4,125.5,27.9,31.9,355.3,224.8
10.1,5.3,261.4,125.5,27.8,31.9,355.5,224.8
9.9,5.3,262.4,125.5,27.8,31.9,353.7,225.6
10.1,5.3,261.6,125.5,27.8,31.9,354.2,225.4
10.0,5.3,261.3,125.5,27.8,31.9,354.9,226.0
10.1,5.3,261.5,125.5,27.9,31.9,354.6,225.6
10.0,5.3,262.5,125.5,27.9,31.9,355.3,226.5
10.0,5.3,262.3,125.5,27.8,31.9,355.6,226.4
10.0,5.3,262.5,125.5,27.9,31.9,354.4,227.0
10.0,5.3,262.5,125.5,27.9,31.9,354.8,226.2
10.0,5.3,261.3,125.5,27.9,31.9,354.1,226.6
10.1,5.4,262.6,125.5,27.9,32.0,353.8,226.0
10.0,5.3,262.5,125.5,27.9,32.0,354.9,225.7
10.0,5.4,261.8,126.2,27.9,31.9,355.3,225.2
10.0,5.3,261.9,125.5,27.9,32.0,354.7,225.0
10.0,5.3,261.5,125.5,27.9,32.0,353.8,226.7
10.0,5.3,261.7,126.2,27.9,32.0,353.8,226.1
10.1,5.3,261.3,126.2,27.9,32.0,354.5,225.5
10.0,5.3,261.2,126.2,27.9,32.0,354.6,226.0
10.1,5.4,261.4,126.2,27.9,32.0,354.0,226.1
10.1,5.3,261.6,126.2,28.0,32.0,355.9,226.3
10.2,5.4,261.1,126.2,28.0,32.1,355.1,227.2
10.1,5.3,262.1,126.2,28.0,32.1,354.9,227.3
10.1,5.3,262.4,126.2,28.0,32.0,354.8,228.3
10.1,5.3,262.1,126.2,27.9,32.1,353.7,228.1
10.1,5.3,262.7,126.2,27.9,32.1,356.2,228.7
10.1,5.3,262.4,126.2,28.0,32.1,355.5,228.0
10.0,5.3,261.9,126.2,28.0,32.1,355.1,227.4
10.0,5.3,261.7,126.2,27.9,32.1,354.5,227.3
10.0,5.3,263.1,126.2,28.0,32.1,355.5,227.1
10.0,5.3,262.2,126.2,28.0,32.1,355.8,226.9
10.0,5.3,262.2,126.2,28.0,32.0,355.3,227.0
10.1,5.3,261.7,126.2,28.0,32.1,354.4,226.0
10.0,5.3,261.5,126.2,28.0,32.1,355.0,226.0
10.0,5.3,261.4,126.2,28.0,32.1,355.4,226.8
10.1,5.3,262.0,126.2,28.0,32.1,354.3,226.8
10.1,5.4,261.7,126.2,28.0,32.1,354.7,227.1
10.0,5.3,262.2,126.2,28.0,32.1,354.5,227.4
10.1,5.3,261.9,126.2,28.0,32.1,354.7,227.0
10.0,5.3,261.9,126.2,28.0,32.1,354.1,227.4
10.2,5.4,262.0,126.2,28.0,32.1,352.4,226.6
10.1,5.3,261.5,126.2,28.0,32.1,356.8,226.2
10.0,5.3,261.4,126.2,28.0,32.1,357.0,229.5
10.2,5.3,261.5,126.9,28.1,32.1,359.3,228.1
10.1,5.3,261.7,126.9,28.0,32.2,357.2,228.3
10.1,5.3,261.2,126.9,28.0,32.2,358.7,228.4
10.1,5.3,261.4,126.9,28.1,32.1,356.3,228.2
10.0,5.3,261.9,127.6,28.1,32.2,349.1,228.4
10.0,5.3,260.9,127.6,28.1,32.2,351.8,228.5
10.0,5.3,261.5,126.9,28.1,32.2,351.5,228.9
10.1,5.3,261.7,126.9,28.1,32.2,357.9,228.4
10.1,5.3,260.9,126.9,28.1,32.2,357.0,228.1
10.0,5.2,261.1,126.9,28.1,32.2,355.7,228.5
10.1,5.3,261.6,126.9,28.1,32.2,353.8,228.1
10.0,5.3,261.5,126.9,28.1,32.2,354.3,228.1
10.2,5.3,260.8,126.9,28.1,32.2,354.0,227.4
10.0,5.2,261.3,126.9,28.1,32.2,353.5,227.7
10.0,5.3,260.3,126.9,28.1,32.2,353.0,227.7
10.1,5.3,261.6,126.9,28.1,32.2,354.5,227.1
10.1,5.3,260.6,126.9,28.1,32.2,353.3,227.2
10.2,5.3,260.9,126.9,28.1,32.2,352.6,226.8
10.1,5.3,261.2,126.9,28.1,32.2,354.8,226.4
10.0,5.3,260.1,126.9,28.1,32.2,352.0,227.1
10.0,5.3,260.6,126.9,28.1,32.2,352.7,227.3
10.0,5.3,261.3,126.9,28.1,32.2,354.5,227.2
10.0,5.2,261.3,126.9,28.1,32.2,352.1,228.0
10.1,5.3,261.2,126.9,28.1,32.2,352.9,228.7
10.1,5.3,261.8,126.9,28.1,32.2,352.5,229.1
10.0,5.2,261.4,126.9,28.1,32.2,353.2,230.4
10.2,5.3,261.6,127.6,28.1,32.2,352.8,230.3
10.1,5.3,261.4,127.6,28.1,32.3,353.0,230.1
10.1,5.3,261.4,127.6,28.2,32.3,354.0,230.0
10.1,5.3,262.4,126.9,28.1,32.4,353.0,229.8
10.1,5.3,261.0,127.6,28.1,32.3,353.5,229.2
10.0,5.3,261.2,127.6,28.1,32.3,355.6,228.4
10.0,5.3,261.4,126.9,28.1,32.3,355.1,228.4
10.0,5.3,261.6,126.9,28.1,32.3,353.2,228.1
10.0,5.3,261.6,127.6,28.2,32.3,354.9,228.2
10.1,5.3,261.3,127.6,28.2,32.3,353.0,228.0
10.0,5.3,260.9,127.6,28.2,32.4,353.1,228.6
10.2,5.4,262.0,127.6,28.2,32.3,354.5,228.7
10.1,5.3,261.3,127.6,28.2,32.3,353.8,229.7
10.2,5.3,261.7,127.6,28.2,32.4,353.0,229.8
10.1,5.3,262.7,127.6,28.2,32.4,351.7,229.7
10.1,5.3,261.7,127.6,28.2,32.4,352.8,229.5
10.1,5.3,261.7,127.6,28.2,32.4,354.6,229.0
10.1,5.3,260.7,127.6,28.2,32.4,352.6,229.2
10.2,5.4,260.4,127.6,28.2,32.4,352.4,229.1
10.2,5.3,261.2,127.6,28.1,32.3,352.9,228.8
10.1,5.3,261.6,127.6,28.1,32.3,352.8,228.6
10.1,5.3,261.8,127.6,28.2,32.4,353.2,228.9
10.1,5.3,262.2,127.6,28.2,32.4,354.2,228.1
10.0,5.3,261.2,127.6,28.2,32.4,354.1,228.1
10.1,5.3,261.5,127.6,28.2,32.4,353.7,228.8
10.2,5.3,260.9,127.6,28.2,32.4,353.7,228.4
10.0,5.3,261.5,127.6,28.2,32.4,351.6,228.1
10.0,5.3,261.2,127.6,28.2,32.4,353.5,229.5
10.1,5.3,261.5,127.6,28.2,32.4,353.5,229.5
10.1,5.3,261.2,127.6,28.2,32.4,351.2,229.5
10.2,5.4,261.7,127.6,28.2,32.4,352.3,229.0
10.1,5.3,260.8,128.2,28.2,32.4,352.4,228.7
10.1,5.3,260.9,127.6,28.2,32.4,354.5,228.5
10.2,5.3,261.8,127.6,28.2,32.4,355.6,228.1
10.1,5.3,260.6,127.6,28.3,32.4,354.9,227.5
10.1,5.3,260.8,127.6,28.2,32.5,353.7,228.1
10.1,5.3,261.3,127.6,28.2,32.4,354.4,228.1
10.0,5.3,261.1,127.6,28.2,32.4,354.3,227.7
10.0,5.3,260.5,127.6,28.2,32.4,351.7,227.7
10.1,5.3,261.6,127.6,28.2,32.4,354.6,227.6
10.2,5.3,260.6,127.6,28.2,32.4,353.5,227.3
10.1,5.3,260.9,127.6,28.3,32.4,353.7,227.2
10.0,5.3,261.1,127.6,28.3,32.4,353.0,227.7
10.1,5.3,260.9,127.6,28.3,32.4,353.9,228.0
10.1,5.3,261.6,127.6,28.3,32.5,354.9,228.2
10.2,5.3,261.8,128.2,28.3,32.4,354.4,227.9
10.1,5.3,260.6,127.6,28.2,32.4,354.0,227.5
10.1,5.3,262.0,128.2,28.3,32.5,351.8,227.9
10.1,5.3,261.6,128.2,28.3,32.5,353.9,228.4
10.2,5.4,261.1,128.2,28.3,32.5,353.6,228.0
10.2,5.3,261.2,128.2,28.3,32.5,353.9,227.7
10.2,5.3,260.3,128.2,28.3,32.5,352.8,228.0
10.2,5.4,261.1,128.2,28.4,32.5,355.1,228.4
10.2,5.4,260.5,128.2,28.3,32.5,354.6,228.8
10.2,5.4,260.2,128.2,28.3,32.5,354.1,228.9
10.1,5.4,261.9,128.2,28.4,32.5,352.6,229.3
10.1,5.3,262.1,128.2,28.4,32.5,354.5,229.7
10.2,5.4,261.1,128.2,28.3,32.5,353.8,230.8
10.2,5.4,261.7,128.2,28.4,32.5,354.5,230.7
10.2,5.3,262.3,128.2,28.4,32.5,355.5,231.0
10.2,5.4,260.8,128.2,28.4,32.5,353.0,230.5
10.2,5.4,261.8,128.2,28.4,32.5,353.2,230.1
10.2,5.4,261.7,128.2,28.4,32.5,354.0,229.1
10.2,5.3,260.3,128.2,28.4,32.5,353.9,228.9
10.1,5.3,261.3,128.2,28.4,32.5,353.3,229.2
10.2,5.4,260.2,128.2,28.4,32.5,353.1,228.8
10.2,5.4,260.9,128.2,28.4,32.6,354.3,228.9
10.2,5.4,260.6,128.2,28.3,32.5,354.9,228.6
10.2,5.4,259.8,128.2,28.4,32.5,353.0,228.7
10.2,5.4,261.2,128.2,28.3,32.5,354.6,228.2
10.2,5.4,260.8,128.2,28.4,32.5,354.8,227.8
10.1,5.4,261.3,128.2,28.4,32.5,353.8,228.2
10.2,5.4,260.9,128.2,28.4,32.5,354.2,227.8
10.2,5.3,260.8,128.2,28.4,32.6,353.5,228.4
10.2,5.4,261.4,128.2,28.4,32.6,354.6,228.8
10.3,5.4,260.8,128.9,28.5,32.6,354.6,228.2
10.3,5.4,261.4,128.2,28.5,32.6,354.4,227.7
10.3,5.4,260.2,128.2,28.4,32.6,351.8,228.2
10.3,5.4,260.8,128.2,28.4,32.6,353.8,229.2
10.2,5.4,261.2,128.9,28.4,32.5,354.1,228.7
10.2,5.4,259.9,128.9,28.5,32.6,353.7,228.8
10.2,5.4,260.6,128.9,28.5,32.6,353.3,228.8
10.2,5.4,261.2,128.2,28.5,32.6,353.0,229.4
10.2,5.4,261.3,128.9,28.5,32.6,354.4,230.2
10.2,5.4,262.0,128.9,28.5,32.6,353.8,230.1
10.2,5.4,260.9,128.9,28.5,32.7,353.4,230.8
10.2,5.4,261.7,128.9,28.5,32.7,354.4,232.1
10.3,5.4,262.4,128.9,28.5,32.7,352.0,233.0
10.3,5.4,263.4,128.9,28.5,32.7,355.1,232.3
10.2,5.4,263.1,128.9,28.5,32.7,353.9,232.6
10.2,5.4,263.2,128.9,28.5,32.7,354.6,232.3
10.3,5.4,262.1,129.6,28.5,32.7,354.5,232.2
10.2,5.4,262.5,128.9,28.5,32.7,354.0,233.4
10.2,5.4,261.7,129.6,28.5,32.7,354.2,234.8
10.3,5.4,262.0,129.6,28.5,32.7,356.0,234.1
10.2,5.3,260.5,129.6,28.5,32.8,353.1,233.4
10.2,5.4,260.7,129.6,28.5,32.8,355.0,236.6
10.2,5.3,260.8,130.3,28.6,32.9,353.9,236.5
10.2,5.3,261.0,130.3,28.5,32.8,354.5,235.9
10.2,5.3,261.4,130.3,28.6,32.8,353.9,236.8
10.3,5.3,260.5,130.3,28.6,32.9,353.6,236.2
10.2,5.3,260.4,130.3,28.6,32.9,354.4,237.4
10.3,5.3,260.9,130.3,28.5,32.8,352.6,236.5
10.3,5.3,260.1,130.3,28.5,32.9,353.9,235.7
10.2,5.2,260.7,130.3,28.6,32.9,355.2,236.0
10.2,5.3,260.5,130.3,28.6,32.9,353.4,237.9
10.3,5.3,260.3,130.3,28.6,32.9,353.5,236.5
10.3,5.3,260.7,130.3,28.6,32.9,353.7,235.8
10.2,5.2,260.1,130.3,28.6,32.9,354.0,236.1
10.3,5.3,260.4,130.3,28.6,32.9,354.7,235.9
10.3,5.3,260.5,130.3,28.6,32.9,353.7,235.1
10.2,5.3,260.3,130.3,28.6,32.9,352.2,234.9
10.2,5.2,259.8,130.3,28.6,32.9,355.2,235.1
10.3,5.3,259.7,130.3,28.6,32.9,354.0,234.9
10.2,5.3,259.1,130.3,28.7,32.9,352.5,235.7
10.3,5.3,259.7,130.3,28.7,33.0,354.6,235.9
10.2,5.3,259.2,130.3,28.7,33.0,353.5,236.6
10.2,5.3,260.9,130.3,28.7,33.0,354.0,239.0
10.3,5.3,261.9,131.0,28.7,33.0,352.6,238.9
10.2,5.3,262.3,130.3,28.6,33.0,353.3,238.2
10.2,5.3,261.8,130.3,28.6,33.0,354.0,238.5
10.2,5.3,261.7,130.3,28.7,33.0,352.8,238.9
10.3,5.3,261.9,131.0,28.7,33.0,354.3,237.6
10.2,5.3,261.6,130.3,28.7,33.0,354.5,237.0
10.2,5.2,261.9,130.3,28.7,33.0,353.5,237.5
10.3,5.3,261.2,131.0,28.7,33.0,351.9,236.6
10.2,5.3,260.5,131.0,28.7,33.0,353.8,236.8
10.3,5.3,260.9,131.0,28.7,33.0,353.6,235.8
10.2,5.2,261.0,130.3,28.7,33.0,353.8,236.2
10.2,5.3,261.0,131.0,28.7,33.0,353.3,235.9
10.2,5.2,260.3,130.3,28.7,33.0,350.8,236.6
10.2,5.3,261.1,131.0,28.7,33.0,353.8,236.6
10.2,5.3,260.3,131.0,28.7,33.0,353.2,237.4
10.2,5.3,261.2,131.0,28.7,33.0,355.5,237.5
10.3,5.3,261.1,130.3,28.7,33.0,352.9,238.0
10.2,5.3,261.8,130.3,28.7,33.0,351.7,237.6
10.2,5.3,262.0,131.0,28.7,33.0,353.9,237.0
10.2,5.3,261.6,131.0,28.7,33.0,354.8,234.6
10.3,5.4,261.2,130.3,28.7,33.0,354.2,234.4
10.2,5.4,261.4,130.3,28.7,33.0,354.1,233.7
10.2,5.3,261.1,130.3,28.7,33.0,354.3,233.7
10.3,5.4,259.9,130.3,28.7,33.0,352.9,232.8
10.2,5.3,260.6,130.3,28.7,33.0,354.1,233.1
10.3,5.4,260.0,131.0,28.8,33.0,354.1,231.9
10.3,5.4,260.7,130.3,28.8,33.0,355.4,231.6
10.2,5.3,259.9,130.3,28.7,33.0,352.5,231.2
10.2,5.3,260.4,130.3,28.7,33.0,353.8,231.3
10.2,5.4,260.6,130.3,28.7,33.0,353.2,231.2
10.3,5.3,260.1,130.3,28.8,33.0,353.4,230.3
10.2,5.3,259.2,130.3,28.8,33.0,352.1,230.1
10.2,5.4,259.9,130.3,28.7,33.0,354.3,229.4
10.2,5.3,259.3,130.3,28.7,33.0,354.1,229.4
10.2,5.3,259.3,130.3,28.8,33.0,353.7,230.1
10.2,5.3,259.9,130.3,28.8,33.0,353.3,231.3
10.2,5.3,260.7,130.3,28.8,33.0,354.3,232.8
10.3,5.4,260.7,130.3,28.7,33.0,352.4,232.7
10.2,5.3,260.8,130.3,28.7,33.0,354.4,234.3
10.2,5.3,262.0,130.3,28.7,33.0,352.6,234.5
10.2,5.3,261.0,130.3,28.7,33.0,351.8,234.3
10.2,5.3,262.6,130.3,28.8,33.0,353.8,235.1
10.3,5.4,260.8,130.3,28.7,33.0,354.1,234.8
10.2,5.3,260.5,130.3,28.7,33.0,353.2,234.1
10.3,5.4,261.6,130.3,28.7,33.0,353.8,233.9
10.2,5.3,261.4,130.3,28.7,33.1,354.7,234.2
10.2,5.4,262.0,130.3,28.8,33.0,353.9,234.2
10.3,5.4,260.9,130.3,28.8,33.1,352.3,233.2
10.2,5.3,262.2,130.3,28.7,33.0,352.6,233.5
10.2,5.3,260.9,130.3,28.8,33.0,352.8,233.6
10.2,5.3,261.8,131.0,28.8,33.0,352.8,234.7
10.3,5.4,261.0,131.0,28.8,33.0,354.9,234.4
10.2,5.3,261.8,131.0,28.8,33.0,354.6,234.3
10.3,5.4,262.2,130.3,28.8,33.0,352.2,234.5
10.2,5.4,261.3,130.3,28.7,33.0,352.9,234.2
10.2,5.3,261.2,130.3,28.8,33.0,354.2,230.5
10.2,5.4,260.6,129.6,28.8,33.0,352.3,229.6
10.2,5.4,261.9,130.3,28.7,33.0,354.1,229.8
10.2,5.4,261.7,130.3,28.8,33.0,353.1,230.2
10.2,5.4,262.0,130.3,28.9,33.0,353.5,228.8
10.1,5.4,261.4,130.3,28.9,32.9,353.6,229.1
10.2,5.4,261.9,130.3,28.8,33.0,355.5,228.6
10.2,5.4,261.2,130.3,28.8,33.0,352.7,228.8
10.2,5.4,261.3,129.6,28.8,33.0,352.8,229.5
10.2,5.4,261.3,130.3,28.9,33.0,353.1,229.9
10.2,5.4,262.6,130.3,28.8,33.0,353.1,230.6
10.2,5.5,261.3,130.3,28.8,33.0,353.9,230.6
10.2,5.5,261.4,130.3,28.9,33.0,355.2,229.3
10.0,5.3,262.1,130.3,28.7,33.0,354.0,229.1
10.1,5.4,261.5,130.3,28.8,32.9,352.8,228.8
10.2,5.4,262.0,130.3,28.9,33.0,354.9,229.0
10.2,5.4,261.2,130.3,28.9,33.0,353.1,228.7
10.1,5.4,262.0,130.3,28.8,33.0,353.5,228.7
10.1,5.4,262.1,129.6,28.7,32.9,351.2,229.2
10.1,5.4,261.1,130.3,28.8,32.9,354.0,229.2
10.1,5.4,260.9,129.6,28.7,32.9,352.0,228.0
10.1,5.4,261.5,129.6,28.7,32.9,352.8,228.5
10.2,5.4,260.5,129.6,28.7,32.9,352.8,228.9
10.1,5.4,261.2,130.3,28.8,33.0,353.3,229.5
10.1,5.4,261.1,130.3,28.8,32.9,350.8,230.3
10.2,5.4,261.4,130.3,28.8,33.0,353.0,230.5
10.2,5.4,263.2,130.3,28.8,33.0,352.7,229.9
10.1,5.4,262.2,130.3,28.9,33.0,353.9,230.3
10.2,5.4,262.2,130.3,28.9,33.0,355.8,229.4
10.1,5.3,261.7,130.3,28.9,33.0,354.4,229.6
10.1,5.4,261.8,130.3,28.9,33.0,353.6,229.8
10.1,5.4,262.3,130.3,28.8,33.0,354.0,229.6
10.1,5.4,261.3,130.3,28.8,33.0,352.8,230.1
10.2,5.4,262.5,130.3,28.9,33.0,354.2,229.2
10.0,5.3,261.1,130.3,28.9,33.0,352.9,229.7
10.2,5.4,261.9,130.3,28.8,33.0,354.4,228.0
10.0,5.3,261.3,130.3,28.9,33.0,353.2,227.3
10.0,5.3,261.2,130.3,28.9,33.0,353.0,228.1
10.1,5.4,261.5,130.3,28.9,32.9,351.7,228.3
10.0,5.3,260.6,130.3,28.9,33.0,353.3,228.6
10.0,5.3,262.6,130.3,28.9,32.9,353.7,229.5
10.0,5.3,262.0,130.3,28.9,33.0,353.6,229.6
10.0,5.3,261.6,130.3,28.9,33.0,350.5,230.3
10.1,5.3,262.2,130.3,28.9,33.0,353.2,230.8
10.2,5.4,262.2,130.3,28.9,33.0,355.7,230.9
10.2,5.4,261.6,130.3,28.9,33.0,353.8,231.1
10.0,5.3,261.8,130.3,28.9,33.0,352.8,231.4
10.2,5.4,261.0,130.3,28.9,33.0,353.4,231.2
10.1,5.4,262.0,130.3,28.9,33.0,353.3,230.7
10.1,5.3,261.2,130.3,28.9,33.0,353.5,230.3
10.2,5.4,262.8,130.3,28.9,33.0,353.8,230.7
10.1,5.4,261.4,130.3,28.9,33.0,351.9,229.9
10.1,5.3,261.1,130.3,28.9,33.0,353.9,229.6
10.1,5.3,260.4,130.3,28.9,33.0,354.0,230.1
10.1,5.3,261.5,130.3,28.9,33.0,353.3,230.5
10.2,5.4,261.5,130.3,28.9,33.0,352.8,230.2
10.0,5.3,262.3,130.3,28.9,33.0,351.9,230.1
10.0,5.3,261.0,130.3,28.8,33.0,353.2,230.6
10.1,5.3,261.9,130.3,28.9,33.0,354.1,230.0
10.0,5.3,262.5,130.3,28.9,33.0,353.8,231.1
10.1,5.3,262.4,130.3,28.9,33.0,354.5,231.3
10.1,5.3,261.9,130.3,28.9,33.0,354.5,231.0
10.0,5.3,262.3,130.3,28.9,33.0,352.6,231.4
10.0,5.3,261.7,130.3,28.8,33.0,353.1,231.9
10.1,5.3,263.0,130.3,28.8,33.1,352.3,231.6
10.0,5.3,261.6,130.3,28.8,33.0,353.9,231.8
10.1,5.3,262.7,130.3,28.8,33.0,352.5,231.3
10.1,5.3,262.6,130.3,28.8,33.0,353.9,231.0
10.0,5.3,262.3,130.3,28.8,33.0,352.7,231.5
10.2,5.4,262.1,130.3,28.9,33.0,352.0,231.6
10.1,5.3,261.6,130.3,28.9,33.1,347.6,230.4
10.0,5.3,262.6,130.3,28.9,33.0,353.1,230.3
10.0,5.3,262.1,130.3,28.9,33.0,353.6,229.9
10.0,5.3,262.2,130.3,28.9,33.0,353.5,229.6
10.0,5.3,261.8,130.3,28.8,33.0,355.3,229.0
9.9,5.3,260.6,130.3,28.9,33.0,353.6,229.5
10.0,5.3,261.1,130.3,28.9,33.0,352.6,229.7
10.0,5.3,261.0,130.3,28.8,33.0,352.8,230.3
10.0,5.3,262.2,130.3,28.9,33.0,353.3,230.2
10.0,5.3,261.5,130.3,28.9,33.0,352.2,229.8
10.0,5.3,261.6,130.3,28.9,33.1,354.4,230.4
10.0,5.3,261.2,130.3,28.9,33.0,355.1,230.8
10.1,5.3,262.3,130.3,28.9,33.0,352.6,230.5
10.0,5.3,262.2,130.3,28.9,33.0,352.7,230.7
10.1,5.3,261.7,130.3,28.9,33.1,354.5,230.7
10.1,5.3,261.8,130.3,28.9,33.0,352.9,230.1
10.0,5.3,261.0,130.3,28.9,33.0,351.3,230.4
10.1,5.3,261.9,130.3,28.9,33.0,353.6,230.1
10.0,5.3,260.8,130.3,28.9,33.1,353.6,230.3
10.0,5.3,261.4,130.3,28.9,33.1,354.1,230.6
10.1,5.3,262.3,130.3,28.9,33.0,352.9,230.4
10.0,5.3,262.7,130.3,28.9,33.0,353.7,230.0
9.9,5.2,262.4,130.3,28.9,33.0,354.3,229.7
10.0,5.3,261.8,130.3,28.9,33.0,352.2,228.8
10.0,5.3,261.1,130.3,28.9,33.0,354.0,228.5
10.0,5.3,260.0,130.3,28.9,33.1,353.7,227.6
9.9,5.2,260.7,130.3,28.9,33.0,353.0,227.8
10.0,5.3,260.8,130.3,28.9,33.0,352.6,228.5
10.0,5.3,261.1,130.3,28.9,33.0,352.6,228.5
10.0,5.3,261.3,130.3,28.9,33.0,352.9,229.9
10.0,5.3,261.2,130.3,28.9,33.0,354.5,229.9
10.0,5.3,261.9,130.3,28.9,33.0,348.9,231.3
10.0,5.3,262.7,131.0,28.9,33.1,349.4,231.1
10.0,5.3,263.0,130.3,28.9,33.1,354.4,231.5
10.1,5.3,262.3,131.0,28.9,33.1,352.7,231.5
10.0,5.3,261.9,130.3,29.0,33.1,353.0,232.2
10.1,5.3,262.9,131.0,29.0,33.0,354.0,230.8
10.0,5.3,262.7,130.3,28.9,33.1,352.8,230.9
10.0,5.3,261.1,130.3,28.9,33.0,354.2,230.2
10.0,5.3,262.2,130.3,28.9,33.0,353.2,229.0
9.9,5.2,260.8,130.3,29.0,33.0,355.0,227.7
10.0,5.3,260.9,130.3,28.9,33.0,353.1,227.1
9.9,5.3,261.1,130.3,29.0,33.0,353.8,227.8
10.0,5.3,260.5,130.3,29.0,33.0,353.0,227.8
10.0,5.3,262.2,130.3,28.9,33.0,352.9,227.6
10.0,5.3,260.5,130.3,28.9,33.1,353.0,228.6
10.0,5.3,261.2,130.3,28.9,33.0,354.4,228.4
10.0,5.3,261.8,130.3,29.0,33.0,353.5,228.8
10.0,5.3,262.6,130.3,28.9,33.0,355.3,229.0
9.9,5.2,262.4,130.3,28.9,33.0,353.7,229.1
9.9,5.2,261.4,130.3,28.9,33.0,352.2,229.9
10.1,5.3,262.0,131.0,29.0,33.1,354.2,229.6
10.0,5.3,261.3,130.3,29.0,33.0,353.2,229.2
9.9,5.3,262.5,130.3,29.0,33.1,354.1,228.7
10.0,5.3,261.1,130.3,28.9,33.0,353.6,228.7
10.0,5.3,261.8,130.3,29.0,33.0,351.8,227.7
9.9,5.3,261.7,130.3,28.9,33.0,355.0,227.9
10.0,5.3,262.4,130.3,28.9,33.0,353.3,228.6
10.0,5.3,261.8,130.3,28.9,33.0,353.2,228.1
9.9,5.2,260.9,130.3,28.9,33.0,353.6,228.7
10.0,5.3,262.0,130.3,28.9,33.0,355.1,228.8
10.0,5.3,261.6,130.3,28.9,33.0,354.3,227.9
9.9,5.2,262.0,130.3,28.9,33.0,354.3,228.6
10.0,5.3,261.4,130.3,28.9,33.0,352.5,228.6
9.9,5.3,262.0,130.3,28.9,33.0,351.0,228.8
10.0,5.3,261.3,130.3,28.9,33.0,349.8,228.7
10.0,5.3,262.0,130.3,28.9,33.0,354.7,228.9
10.0,5.3,261.6,130.3,28.9,33.0,354.4,229.0
10.0,5.3,260.0,130.3,28.9,33.0,354.1,228.5
10.0,5.3,261.8,130.3,29.0,33.0,354.5,228.1
10.0,5.3,262.1,130.3,28.9,33.0,354.1,228.3
10.0,5.3,261.6,130.3,28.9,33.0,355.5,228.2
10.0,5.3,260.8,130.3,28.9,33.0,354.2,228.3
10.0,5.3,261.1,130.3,28.9,33.0,352.7,228.5
10.0,5.3,261.2,130.3,28.9,33.0,354.0,228.3
10.0,5.3,262.1,130.3,28.9,33.0,353.4,227.3
10.1,5.3,261.9,130.3,28.9,32.9,352.7,224.5
9.9,5.3,261.8,129.6,28.9,32.9,353.7,224.8
10.0,5.4,261.9,129.6,28.8,32.9,354.4,224.8
10.0,5.4,261.3,129.6,28.9,32.9,351.3,224.9
10.0,5.4,261.7,129.6,28.9,32.9,354.2,226.0
10.0,5.4,262.5,129.6,28.9,32.9,353.3,225.0
9.9,5.3,262.2,129.6,28.9,32.9,353.7,225.5
9.9,5.3,262.2,129.6,28.9,32.9,354.3,225.1
10.0,5.3,261.4,129.6,28.9,32.9,353.0,225.3
10.0,5.4,261.8,129.6,28.9,32.9,354.5,225.0
10.0,5.4,261.2,129.6,28.9,32.9,350.0,224.2
10.0,5.4,261.4,129.6,28.9,32.9,354.4,223.8
10.0,5.3,261.2,129.6,28.8,32.9,353.6,223.5
9.9,5.3,261.6,129.6,28.9,32.9,353.5,223.6
10.0,5.4,261.4,129.6,28.8,32.9,351.5,224.0
10.0,5.4,261.0,129.6,28.8,32.9,354.8,224.2
10.0,5.4,260.8,129.6,28.9,32.9,352.2,225.0
10.0,5.4,261.6,129.6,28.8,32.9,353.9,224.2
9.9,5.3,261.7,129.6,28.8,32.9,354.1,224.7
9.9,5.3,261.8,129.6,28.9,32.9,355.1,224.4
9.8,5.2,262.4,129.6,28.9,32.9,349.1,225.1
10.0,5.4,262.0,129.6,28.9,32.9,352.2,224.8
10.0,5.3,261.9,129.6,28.8,32.9,354.0,224.1
9.9,5.3,261.7,129.6,28.8,32.9,352.8,224.5
9.9,5.3,261.8,129.6,28.9,32.9,353.1,223.9
9.9,5.3,261.6,129.6,28.9,32.9,353.4,223.5
9.9,5.3,261.2,129.6,28.9,32.9,353.7,223.9
9.9,5.3,261.5,129.6,28.9,32.9,353.6,224.4
9.9,5.3,261.8,129.6,28.9,32.9,353.0,224.5
9.9,5.3,261.1,129.6,28.8,32.9,352.9,224.1
9.9,5.3,261.3,129.6,28.9,32.9,352.2,224.6
10.0,5.3,261.0,129.6,28.9,32.9,353.0,224.7
9.9,5.3,263.1,129.6,28.8,32.9,354.9,224.9
9.9,5.3,260.9,129.6,28.9,32.9,352.7,224.4
9.9,5.3,261.9,129.6,28.8,32.8,352.5,225.3
9.9,5.3,262.6,129.6,28.8,32.8,353.9,225.4
9.9,5.3,262.3,129.6,28.8,32.8,352.4,225.6
9.8,5.3,263.4,129.6,28.9,32.9,353.7,224.6
9.8,5.2,262.5,129.6,28.8,32.8,353.8,224.8
9.8,5.2,262.9,128.9,28.7,32.8,353.4,224.2
9.9,5.3,261.8,128.9,28.8,32.8,353.8,220.6
9.8,5.3,261.3,128.9,28.8,32.8,353.0,220.2
9.9,5.3,261.6,128.9,28.8,32.7,354.6,216.6
9.8,5.3,261.9,128.9,28.9,32.7,353.0,216.9
9.9,5.4,261.8,128.9,28.8,32.7,354.1,215.9
9.9,5.4,261.2,128.2,28.8,32.8,353.9,215.6
9.9,5.3,261.3,128.9,28.8,32.7,353.9,215.4
9.9,5.4,260.3,128.2,28.8,32.7,354.3,216.0
9.9,5.4,260.4,128.2,28.8,32.7,348.5,216.1
9.9,5.4,260.5,128.9,28.9,32.8,349.9,215.5
9.8,5.3,260.7,128.2,28.8,32.7,353.1,216.5
9.9,5.4,261.2,128.2,28.7,32.6,354.4,215.9
9.8,5.4,261.3,128.2,28.7,32.6,352.9,216.1
9.9,5.4,261.7,128.2,28.8,32.7,354.6,216.3
9.9,5.4,260.7,128.2,28.7,32.7,353.9,215.7
9.9,5.4,260.6,128.2,28.8,32.7,354.2,215.7
9.9,5.4,260.1,128.2,28.7,32.7,353.0,215.6
9.8,5.4,261.7,128.2,28.7,32.6,355.0,215.6
9.9,5.4,259.9,128.2,28.7,32.6,354.7,216.0
9.9,5.4,260.9,128.2,28.8,32.7,354.2,215.0
9.8,5.3,261.0,128.2,28.8,32.7,353.1,214.7
9.8,5.3,260.8,128.2,28.8,32.7,353.3,214.7
9.8,5.3,261.3,128.2,28.8,32.7,353.0,215.0
9.9,5.4,260.6,128.2,28.7,32.7,353.2,215.3
9.8,5.3,261.4,128.2,28.7,32.6,353.5,214.9
9.8,5.3,261.0,128.2,28.7,32.6,352.8,215.1
9.8,5.4,260.7,128.2,28.7,32.7,352.8,215.6
10.0,5.4,260.3,128.2,28.8,32.7,352.3,214.9
10.0,5.4,259.5,128.2,28.7,32.7,353.5,214.6
9.9,5.4,260.1,128.2,28.7,32.6,352.9,213.8
9.9,5.4,260.6,128.2,28.7,32.7,353.1,213.9
9.9,5.4,260.6,128.2,28.7,32.6,353.5,214.0
9.8,5.4,260.9,128.2,28.7,32.7,354.9,214.1
9.9,5.4,260.2,128.2,28.7,32.6,353.8,214.4
9.9,5.4,259.7,128.2,28.7,32.7,353.7,214.6
9.9,5.4,260.1,128.2,28.8,32.6,349.2,214.5
9.9,5.4,260.2,128.2,28.7,32.7,353.1,214.1
9.9,5.3,260.8,128.2,28.7,32.7,355.2,214.3
9.9,5.4,259.2,128.2,28.7,32.6,353.5,214.6
9.9,5.4,260.6,128.2,28.7,32.6,352.5,214.4
9.9,5.4,259.8,128.2,28.7,32.6,354.5,215.1
9.9,5.4,261.6,128.2,28.7,32.6,353.8,215.4
9.9,5.4,260.1,128.2,28.7,32.6,352.4,216.1
9.9,5.4,261.0,128.2,28.7,32.6,354.4,216.0
9.9,5.4,261.3,128.2,28.7,32.6,350.7,215.3
9.9,5.4,259.7,128.2,28.7,32.6,352.5,216.4
10.0,5.4,260.6,128.2,28.7,32.6,354.5,215.7
9.8,5.3,260.8,128.2,28.7,32.6,354.3,216.5
10.0,5.5,261.5,128.2,28.7,32.6,354.5,216.8
10.0,5.5,261.1,128.2,28.7,32.6,353.7,216.3
9.9,5.4,261.3,128.2,28.7,32.6,354.1,216.8
9.9,5.4,261.1,128.2,28.6,32.6,352.9,216.9
9.9,5.4,261.1,128.2,28.7,32.6,352.6,216.8
9.9,5.4,262.4,128.2,28.7,32.6,353.1,216.9
9.9,5.4,261.8,128.2,28.7,32.6,353.3,217.1
9.9,5.4,260.6,128.2,28.7,32.6,353.4,216.5
9.9,5.3,261.3,128.2,28.7,32.6,353.7,216.4
9.9,5.4,261.3,127.6,28.7,32.6,352.9,215.8
9.9,5.4,260.3,127.6,28.6,32.6,354.1,216.1
9.9,5.4,262.0,128.2,28.7,32.6,353.7,216.2
9.9,5.4,260.9,128.2,28.7,32.6,352.1,216.9
9.9,5.4,260.5,128.2,28.6,32.6,353.2,216.8
9.9,5.4,262.0,128.2,28.6,32.6,354.5,217.0
9.9,5.4,262.1,127.6,28.6,32.6,353.2,217.5
9.9,5.4,261.5,127.6,28.6,32.5,349.1,217.0
9.9,5.4,260.8,128.2,28.6,32.6,349.0,216.8
9.8,5.3,261.5,128.2,28.6,32.5,353.0,217.0
9.9,5.4,261.9,128.2,28.6,32.6,352.7,216.4
9.8,5.4,261.3,127.6,28.6,32.5,351.4,215.9
9.8,5.3,261.0,127.6,28.7,32.5,353.8,215.3
9.8,5.3,261.7,127.6,28.6,32.6,354.0,215.6
9.9,5.3,260.7,127.6,28.7,32.5,351.9,215.8
9.8,5.3,261.9,127.6,28.7,32.6,353.2,215.9
9.8,5.3,262.0,127.6,28.6,32.5,354.4,216.2
9.8,5.4,262.0,127.6,28.6,32.5,353.3,216.4
9.9,5.4,261.6,127.6,28.6,32.6,354.1,216.2
9.8,5.3,262.2,127.6,28.6,32.5,352.7,212.3
9.8,5.3,262.4,127.6,28.6,32.5,354.3,212.3
9.8,5.3,261.7,126.9,28.6,32.5,355.0,212.1
9.8,5.4,261.8,127.6,28.6,32.5,352.5,211.9
9.8,5.3,261.0,127.6,28.6,32.5,353.0,211.3
9.8,5.3,261.3,126.9,28.6,32.5,353.5,211.5
9.7,5.3,261.9,126.9,28.5,32.4,353.1,211.2
9.8,5.3,261.8,126.9,28.6,32.4,353.8,211.2
9.7,5.3,260.9,127.6,28.6,32.4,352.2,211.2
9.7,5.3,261.0,126.9,28.6,32.4,352.8,211.2
9.7,5.2,261.8,126.9,28.5,32.4,354.4,211.9
9.7,5.3,261.8,126.9,28.5,32.4,354.5,212.1
9.7,5.3,261.7,126.9,28.5,32.4,353.2,212.1
9.7,5.3,261.5,126.9,28.5,32.4,354.5,212.2
9.7,5.3,262.2,126.9,28.5,32.4,351.8,211.8
9.6,5.2,262.2,126.2,28.5,32.4,352.7,212.0
9.6,5.2,261.6,126.9,28.5,32.4,353.1,211.4
9.6,5.2,261.7,126.2,28.5,32.4,353.6,210.7
9.6,5.2,261.5,126.2,28.5,32.3,352.1,210.6
9.6,5.2,260.7,126.2,28.5,32.3,352.5,210.4
9.6,5.2,261.9,126.9,28.5,32.4,352.1,210.6
9.5,5.2,261.4,126.2,28.5,32.3,352.5,210.1
9.5,5.2,261.1,126.2,28.5,32.3,353.3,211.5
9.6,5.3,277.3,126.9,28.5,32.3,353.3,211.7
9.5,5.3,276.1,125.5,28.5,32.2,380.5,211.7
9.6,5.3,277.1,125.5,28.4,32.1,385.4,211.7
9.6,5.4,276.6,125.5,28.4,32.1,386.0,212.2
9.7,5.4,276.4,125.5,28.4,32.1,385.3,213.9
9.8,5.4,276.6,126.2,28.4,32.0,385.4,215.8
9.8,5.4,276.5,125.5,28.4,32.0,383.8,217.3
9.7,5.4,276.4,125.5,28.4,32.0,385.5,217.2
9.8,5.4,276.9,125.5,28.3,32.0,385.7,218.2
9.8,5.4,276.6,125.5,28.3,32.0,385.1,220.6
9.8,5.4,277.0,126.2,28.3,32.0,384.6,220.7
9.8,5.4,276.9,125.5,28.3,32.0,385.9,221.1
9.8,5.4,277.1,126.2,28.2,32.0,385.7,221.6
9.7,5.3,277.1,125.5,28.3,32.0,384.9,225.7
9.8,5.3,276.6,126.2,28.3,32.0,385.3,225.2
9.7,5.3,278.2,126.2,28.2,32.0,385.9,225.1
9.8,5.3,277.1,125.5,28.1,32.0,384.4,225.1
9.7,5.3,278.0,125.5,28.1,31.9,385.8,226.2
9.7,5.2,277.2,125.5,28.1,32.0,386.1,226.4
9.8,5.3,278.1,125.5,28.1,32.0,386.9,232.4
9.9,5.2,277.4,126.2,28.1,32.0,386.2,231.6
9.8,5.2,277.5,126.2,28.1,32.0,385.6,231.5
9.9,5.3,277.6,126.2,28.1,32.0,385.9,230.6
9.8,5.2,277.7,126.2,28.1,32.0,384.5,230.9
9.9,5.3,277.4,126.2,28.1,32.0,385.7,230.1
9.8,5.3,277.2,126.2,28.1,31.9,385.9,229.5
9.9,5.3,276.3,126.2,28.1,32.0,385.6,229.7
9.9,5.3,276.2,125.5,28.0,31.9,385.9,229.6
9.9,5.3,276.8,125.5,28.0,31.9,383.7,229.4
9.9,5.3,276.7,125.5,28.0,31.9,387.5,229.6
9.9,5.3,276.0,126.2,28.0,31.9,385.1,228.8
9.8,5.3,276.1,125.5,28.0,31.9,386.6,229.7
10.0,5.3,277.4,125.5,28.0,31.9,386.0,229.2
9.8,5.2,277.5,125.5,27.9,31.8,385.3,230.0
9.8,5.2,277.3,125.5,28.0,31.8,385.2,229.9
9.9,5.3,275.5,125.5,28.0,31.8,384.6,229.8
9.9,5.2,276.9,125.5,28.0,31.8,385.2,229.2
9.8,5.2,276.9,125.5,27.9,31.8,385.8,229.9
9.9,5.2,276.7,125.5,28.0,31.8,383.9,228.5
9.8,5.2,276.8,125.5,27.9,31.8,383.8,229.8
9.9,5.3,276.5,125.5,27.9,31.7,383.8,229.8
9.8,5.3,276.2,125.5,27.9,31.8,384.7,229.4
9.8,5.2,277.1,125.5,27.9,31.8,386.1,229.4
9.8,5.2,275.7,124.8,27.9,31.7,387.9,230.1
9.9,5.3,277.2,125.5,27.9,31.7,383.8,229.5
9.9,5.3,276.9,125.5,27.9,31.7,385.7,229.4
9.8,5.2,276.6,124.8,27.9,31.7,384.1,229.4
9.8,5.3,277.8,124.8,27.9,31.7,386.0,229.5
9.9,5.3,277.0,124.8,27.9,31.7,385.7,229.3
9.8,5.2,277.5,124.8,27.8,31.7,385.7,229.9
9.8,5.3,276.9,124.8,27.8,31.6,387.1,230.1
9.9,5.3,276.6,124.8,27.8,31.6,387.5,229.0
9.8,5.2,277.5,124.8,27.8,31.7,385.4,229.2
9.8,5.2,277.1,124.8,27.8,31.7,384.9,229.3
9.8,5.2,276.9,124.8,27.8,31.7,385.6,228.9
9.8,5.2,277.0,124.8,27.8,31.6,384.3,229.3
9.8,5.2,277.2,124.8,27.8,31.7,384.3,229.1
9.8,5.2,277.3,124.8,27.8,31.6,383.8,229.5
9.8,5.2,276.3,124.8,27.8,31.6,385.2,229.7
9.9,5.3,275.3,124.8,27.8,31.6,384.8,230.1
9.9,5.3,277.8,124.8,27.8,31.6,385.0,229.2
9.8,5.2,276.7,124.8,27.8,31.6,386.2,229.3
9.8,5.2,276.5,124.8,27.8,31.6,384.9,229.5
9.8,5.2,277.2,124.8,27.8,31.6,385.8,229.3
9.8,5.2,276.2,124.1,27.7,31.6,385.6,230.4
9.8,5.2,277.1,124.8,27.7,31.6,385.0,230.3
9.8,5.2,276.0,124.1,27.7,31.6,385.7,229.5
9.8,5.2,276.1,124.1,27.8,31.5,384.8,229.4
9.8,5.2,276.8,124.1,27.7,31.5,383.5,229.2
9.8,5.2,277.2,124.1,27.7,31.6,385.0,229.0
9.8,5.2,275.7,124.1,27.7,31.6,384.6,229.2
9.8,5.1,276.8,124.1,27.6,31.5,384.2,229.0
9.8,5.2,276.7,124.1,27.6,31.5,385.3,229.7
9.8,5.2,276.9,124.1,27.6,31.5,384.6,229.7
9.9,5.2,276.5,124.1,27.6,31.5,385.8,229.2
9.8,5.1,276.2,124.1,27.6,31.5,383.2,229.8
9.8,5.2,276.4,124.1,27.6,31.5,385.9,229.6
9.8,5.1,277.5,124.1,27.6,31.5,383.3,229.8
9.8,5.2,277.0,124.1,27.6,31.5,385.0,229.8
9.8,5.1,276.5,124.1,27.6,31.5,384.5,229.2
9.8,5.1,277.1,124.1,27.6,31.5,384.2,230.4
9.8,5.2,277.6,124.1,27.6,31.5,385.6,229.8
9.8,5.2,277.1,124.1,27.6,31.5,384.7,229.5
9.7,5.1,276.8,124.1,27.6,31.5,385.2,229.5
9.8,5.2,277.0,124.1,27.6,31.5,385.9,229.7
9.8,5.1,277.7,124.1,27.6,31.5,383.6,230.0
9.8,5.2,277.9,124.1,27.6,31.5,386.4,232.1
9.8,5.1,275.9,124.1,27.6,31.5,384.4,232.0
9.8,5.1,276.9,124.1,27.5,31.5,384.5,231.9
9.8,5.1,276.7,124.1,27.5,31.5,385.1,232.2
9.8,5.1,277.1,124.1,27.5,31.5,385.4,231.6
9.8,5.1,276.7,124.1,27.5,31.5,384.3,234.6
9.8,5.0,276.9,124.1,27.5,31.5,384.1,234.4
9.7,5.0,277.1,124.1,27.5,31.5,384.9,234.4
9.8,5.1,276.9,124.1,27.5,31.4,383.5,234.6
9.8,5.1,276.7,124.1,27.5,31.4,385.7,234.5
9.8,5.1,277.2,124.1,27.5,31.5,384.8,234.5
9.8,5.1,276.7,124.1,27.5,31.4,387.2,234.4
9.7,5.0,277.0,124.1,27.5,31.4,385.4,234.7
9.8,5.1,276.5,124.1,27.5,31.4,385.3,234.7
9.8,5.1,277.1,124.1,27.5,31.4,383.1,234.4
9.8,5.1,275.7,124.1,27.4,31.4,384.1,234.5
9.8,5.0,276.1,124.1,27.4,31.4,385.9,234.4
9.8,5.1,275.4,124.1,27.4,31.4,386.2,234.3
9.8,5.1,276.7,123.4,27.5,31.4,387.6,234.3
9.7,5.0,276.6,124.1,27.4,31.4,386.7,233.9
9.7,5.0,276.6,123.4,27.4,31.4,385.3,233.8
9.7,5.0,276.5,124.1,27.4,31.4,383.2,233.7
9.7,5.0,276.5,123.4,27.4,31.4,386.7,234.4
9.8,5.1,276.1,124.1,27.4,31.4,384.9,233.9
9.7,4.9,277.1,123.4,27.4,31.4,385.9,234.1
9.7,5.0,276.4,123.4,27.4,31.4,386.8,233.9
9.7,4.9,276.6,124.1,27.4,31.4,385.2,234.0
9.7,5.0,276.9,123.4,27.4,31.4,385.0,234.1
9.7,5.0,276.9,123.4,27.4,31.3,382.9,233.4
9.7,4.9,277.7,123.4,27.4,31.3,385.5,233.7
9.8,5.1,276.6,123.4,27.4,31.3,385.2,232.5
9.7,4.9,276.8,123.4,27.4,31.3,384.7,232.3
9.7,5.0,276.7,123.4,27.4,31.3,385.1,231.9
9.7,4.9,276.9,123.4,27.4,31.3,385.7,231.9
9.7,5.0,275.9,123.4,27.4,31.3,384.4,232.0
9.7,5.0,275.7,123.4,27.4,31.3,384.4,232.1
9.7,5.0,276.6,123.4,27.4,31.3,384.0,232.2
9.7,5.0,276.5,123.4,27.4,31.3,384.8,230.1
9.7,5.0,276.8,123.4,27.4,31.2,384.2,227.6
9.7,5.1,276.2,122.7,27.4,31.2,385.2,225.1
9.6,5.1,276.0,122.0,27.4,31.2,385.2,224.9
9.7,5.1,277.4,122.0,27.4,31.1,385.3,224.9
9.7,5.1,276.4,122.7,27.3,31.1,386.0,225.2
9.6,5.1,276.3,122.7,27.4,31.1,385.2,225.3
9.7,5.1,276.9,122.7,27.4,31.1,385.3,225.1
9.7,5.1,276.6,122.7,27.4,31.1,384.4,225.8
9.7,5.1,276.3,122.7,27.4,31.1,386.0,225.7
9.7,5.1,277.0,122.0,27.3,31.1,385.7,222.0
9.7,5.2,277.4,122.0,27.3,31.1,384.9,222.0
9.7,5.2,277.0,122.0,27.4,31.1,385.1,222.1
9.7,5.2,275.9,122.0,27.3,31.1,384.5,221.8
9.6,5.2,277.7,122.0,27.4,31.1,385.5,220.8
9.7,5.2,277.8,121.4,27.3,31.0,384.5,221.5
9.7,5.2,277.2,122.0,27.3,31.0,387.0,220.9
9.5,5.1,277.7,121.4,27.3,31.0,385.5,220.7
9.6,5.2,277.1,121.4,27.3,31.0,385.2,220.9
9.7,5.2,277.0,121.4,27.3,31.0,384.9,219.0
9.5,5.1,277.2,121.4,27.3,31.0,385.4,218.6
9.6,5.2,276.9,121.4,27.2,30.9,386.2,218.4
9.6,5.2,277.3,121.4,27.3,30.9,384.7,218.3
9.7,5.2,275.3,121.4,27.3,30.9,383.9,219.0
9.7,5.2,276.2,121.4,27.3,31.0,384.4,218.5
9.7,5.2,276.5,121.4,27.3,31.0,384.2,218.6
9.7,5.2,276.8,121.4,27.1,31.0,385.5,218.4
9.7,5.2,277.4,121.4,27.2,30.9,385.4,217.9
9.7,5.2,275.5,121.4,27.2,30.9,385.9,217.7
9.7,5.2,276.9,121.4,27.3,30.9,384.6,218.1
9.7,5.2,276.9,121.4,27.2,30.9,384.7,218.3
9.7,5.2,277.2,120.7,27.1,30.9,383.4,218.0
9.6,5.2,275.2,121.4,27.1,30.9,383.1,218.3
9.7,5.2,276.4,120.7,27.2,30.9,386.6,218.5
9.7,5.2,277.1,121.4,27.1,30.9,384.8,218.8
9.7,5.2,277.7,121.4,27.2,30.9,383.6,218.7
9.6,5.2,276.6,121.4,27.1,30.9,387.3,218.8
9.7,5.2,275.6,120.7,27.1,30.9,385.5,218.6
9.6,5.2,276.4,121.4,27.1,30.9,382.6,218.5
9.7,5.2,276.7,121.4,27.1,30.9,384.2,218.0
9.7,5.2,276.8,120.7,27.1,30.9,384.0,217.7
9.5,5.1,276.8,120.7,27.1,30.9,386.2,217.5
9.6,5.1,276.7,120.7,27.1,30.8,384.5,218.3
9.7,5.2,275.4,120.7,27.1,30.9,385.3,217.8
9.6,5.2,276.5,120.7,27.1,30.8,387.1,217.5
9.6,5.1,277.4,120.7,27.1,30.8,385.2,217.5
9.6,5.2,276.4,120.7,27.1,30.8,387.3,217.4
9.5,5.2,276.3,120.7,27.1,30.8,384.8,218.3
9.7,5.2,276.2,120.7,27.1,30.7,384.6,218.0
9.7,5.1,277.0,120.7,27.1,30.8,384.7,218.4
9.7,5.2,276.7,120.7,27.1,30.8,383.2,218.2
9.5,5.1,277.1,120.7,27.1,30.7,385.4,218.2
9.5,5.1,277.2,120.7,27.1,30.8,385.2,218.2
9.6,5.2,277.0,120.7,27.1,30.7,385.3,218.1
9.7,5.2,276.4,120.7,27.1,30.7,385.9,217.4
9.6,5.1,275.6,120.7,27.1,30.8,384.2,217.1
9.7,5.2,276.6,120.7,27.0,30.7,381.3,217.5
9.7,5.2,276.1,120.7,27.1,30.7,386.0,217.8
9.6,5.1,276.8,120.0,27.0,30.7,387.3,217.9
9.7,5.2,275.4,120.7,27.0,30.7,385.3,217.4
9.6,5.1,276.1,120.0,27.0,30.7,387.9,217.3
9.6,5.1,275.9,120.0,27.0,30.7,384.4,217.6
9.7,5.1,276.9,120.7,27.0,30.7,385.5,217.6
9.6,5.2,276.4,120.7,27.0,30.7,385.7,217.3
9.6,5.1,275.7,120.0,27.0,30.7,385.1,217.5
9.6,5.1,276.0,120.7,27.0,30.7,385.6,217.7
9.6,5.1,276.6,120.0,27.0,30.7,385.9,218.2
9.7,5.2,275.6,120.0,27.0,30.7,384.6,218.0
9.5,5.1,276.5,120.0,27.0,30.6,383.9,218.3
9.7,5.2,276.4,120.0,26.9,30.7,385.4,218.2
9.5,5.1,277.0,120.0,27.0,30.6,385.5,218.3
9.7,5.1,276.3,120.0,26.9,30.6,384.8,218.2
9.5,5.1,275.8,120.0,27.0,30.6,385.5,219.4
9.6,5.1,277.7,120.0,27.0,30.7,384.5,218.9
9.6,5.1,276.9,120.0,27.0,30.6,386.1,218.8
9.5,5.1,277.3,120.0,26.9,30.6,385.7,219.2
9.5,5.1,277.1,120.0,26.9,30.6,383.5,218.8
9.5,5.1,276.7,120.0,26.9,30.6,385.1,218.3
9.5,5.1,276.4,120.0,26.9,30.6,383.5,217.6
9.5,5.1,276.9,119.3,26.9,30.6,387.3,217.5
9.6,5.1,275.8,120.0,26.9,30.6,383.3,216.8
9.5,5.1,276.8,120.0,26.9,30.6,384.9,217.2
9.5,5.1,275.8,120.0,26.9,30.6,385.3,216.9
9.6,5.1,275.7,119.3,26.9,30.6,384.2,217.2
9.6,5.1,275.9,120.0,26.9,30.6,386.0,216.8
9.6,5.1,274.9,120.0,26.9,30.6,385.2,216.7
9.5,5.1,275.5,120.0,26.9,30.6,386.4,216.7
9.6,5.1,274.8,120.0,26.9,30.6,386.6,217.1
9.6,5.1,276.6,120.0,26.9,30.6,384.9,216.3
9.5,5.1,275.3,120.0,26.9,30.5,384.8,216.7
9.6,5.1,275.2,119.3,26.9,30.6,384.8,217.2
9.6,5.1,276.3,120.0,26.9,30.6,386.1,217.1
9.6,5.1,275.9,119.3,26.9,30.6,384.8,216.2
9.5,5.1,275.9,119.3,26.8,30.5,385.6,216.7
9.6,5.1,276.2,120.0,26.9,30.5,385.5,216.9
9.6,5.1,275.8,120.0,26.9,30.5,384.9,216.9
9.5,5.1,276.0,119.3,26.8,30.5,384.9,216.7
9.5,5.1,276.0,119.3,26.9,30.5,385.0,216.1
9.5,5.1,276.2,119.3,26.9,30.5,384.6,216.9
9.5,5.1,276.5,119.3,26.8,30.5,384.5,217.0
9.6,5.1,275.8,120.0,26.8,30.5,386.1,215.9
9.5,5.0,276.2,119.3,26.8,30.5,385.7,216.5
9.5,5.1,276.0,119.3,26.9,30.5,384.5,216.3
9.6,5.1,275.5,119.3,26.8,30.6,384.3,216.3
9.6,5.1,275.4,119.3,26.8,30.5,385.9,216.6
9.5,5.1,275.7,119.3,26.8,30.5,385.6,216.5
9.5,5.1,275.8,119.3,26.8,30.5,385.5,217.0
9.5,5.1,276.7,119.3,26.8,30.5,383.9,217.6
9.5,5.1,276.9,120.0,26.8,30.5,386.6,217.8
9.6,5.1,276.6,119.3,26.8,30.4,385.2,217.9
9.5,5.1,276.4,119.3,26.8,30.5,386.1,218.1
9.5,5.1,276.0,119.3,26.8,30.5,385.7,218.1
9.6,5.1,275.7,119.3,26.8,30.5,386.0,217.8
9.5,5.1,277.3,119.3,26.8,30.5,385.4,218.2
9.5,5.1,277.5,119.3,26.8,30.5,385.6,218.2
9.5,5.1,277.5,119.3,26.8,30.5,385.8,217.9
9.5,5.1,277.4,119.3,26.8,30.5,383.8,217.5
9.5,5.1,276.8,119.3,26.8,30.5,384.4,217.4
9.5,5.0,276.4,119.3,26.8,30.5,384.3,217.2
9.5,5.1,277.1,119.3,26.8,30.5,383.9,217.3
9.5,5.1,277.2,119.3,26.8,30.5,384.3,217.3
9.6,5.1,275.9,119.3,26.8,30.5,384.4,216.5
9.5,5.1,276.5,119.3,26.8,30.5,385.1,213.7
9.5,5.1,276.2,119.3,26.8,30.4,386.1,214.4
9.6,5.1,277.4,118.6,26.8,30.4,385.6,213.8
9.5,5.1,277.1,118.6,26.8,30.4,385.2,214.1
9.5,5.2,277.7,118.6,26.8,30.4,386.5,213.5
9.5,5.1,275.9,118.6,26.8,30.4,384.5,213.5
9.5,5.2,277.3,118.6,26.8,30.4,386.1,213.2
9.5,5.2,277.1,118.6,26.8,30.4,384.1,213.4
9.5,5.2,277.0,118.6,26.8,30.4,385.1,213.5
9.6,5.2,276.6,118.6,26.8,30.4,384.3,213.5
9.5,5.1,277.8,118.6,26.8,30.4,383.9,214.4
9.6,5.2,276.6,118.6,26.7,30.4,385.0,214.8
9.7,5.2,276.9,118.6,26.7,30.4,386.0,214.9
9.6,5.2,277.7,118.6,26.7,30.4,386.0,214.9
9.5,5.1,277.2,118.6,26.7,30.4,384.3,215.7
9.6,5.2,278.2,118.6,26.8,30.4,384.8,214.9
9.6,5.1,276.1,118.6,26.7,30.4,385.6,214.5
9.5,5.1,277.7,118.6,26.7,30.4,386.0,214.4
9.5,5.1,276.7,118.6,26.8,30.4,384.6,213.7
9.5,5.1,277.1,118.6,26.7,30.4,383.8,214.0
9.5,5.2,276.4,118.6,26.8,30.4,384.8,213.6
9.6,5.2,276.5,118.6,26.8,30.4,384.2,213.1
9.5,5.1,276.7,118.6,26.7,30.4,383.7,213.3
9.5,5.1,276.6,118.6,26.8,30.4,385.5,213.2
9.6,5.2,276.2,118.6,26.7,30.3,386.7,212.8
9.5,5.1,275.4,118.6,26.8,30.4,385.1,213.5
9.7,5.2,275.6,118.6,26.8,30.4,384.3,213.3
9.6,5.2,275.8,118.6,26.8,30.4,385.1,213.4
9.6,5.2,276.2,118.6,26.8,30.4,385.1,214.4
9.6,5.2,276.8,118.6,26.8,30.4,383.3,214.5
9.6,5.2,278.3,118.6,26.7,30.4,385.0,214.4
9.5,5.1,277.2,118.6,26.7,30.4,385.7,214.9
9.6,5.2,276.8,118.6,26.6,30.4,384.9,214.9
9.5,5.2,277.5,119.3,26.8,30.4,384.9,214.5
9.5,5.1,276.8,118.6,26.7,30.4,384.4,214.6
9.6,5.2,275.9,118.6,26.7,30.4,385.4,214.8
9.6,5.2,276.6,118.6,26.7,30.4,386.1,214.7
9.5,5.2,276.7,118.6,26.8,30.4,385.3,214.7
9.5,5.1,277.7,118.6,26.8,30.4,387.1,214.3
9.5,5.1,277.7,118.6,26.7,30.4,388.1,214.7
9.6,5.2,277.2,118.6,26.7,30.4,386.1,211.9
9.6,5.2,277.4,118.6,26.8,30.4,382.9,212.1
9.6,5.2,276.8,118.6,26.7,30.3,386.6,211.4
9.5,5.2,276.3,118.6,26.8,30.4,385.3,211.8
9.5,5.2,276.7,118.6,26.8,30.4,384.9,211.6
9.5,5.2,276.6,117.9,26.6,30.3,386.0,211.7
9.5,5.2,276.0,118.6,26.7,30.2,383.9,211.3
9.6,5.2,276.5,117.9,26.7,30.3,385.7,211.1
9.6,5.2,276.6,117.9,26.7,30.4,385.1,211.0
9.6,5.2,276.5,117.9,26.7,30.3,385.2,210.8
9.5,5.2,276.4,117.9,26.6,30.3,385.3,211.3
9.6,5.2,276.9,117.9,26.6,30.3,383.5,210.9
9.5,5.2,276.4,117.9,26.7,30.3,386.8,211.7
9.6,5.2,276.8,117.9,26.6,30.2,384.7,211.4
9.5,5.2,276.6,117.9,26.7,30.3,385.5,211.5
9.6,5.2,277.4,118.6,26.6,30.3,384.2,211.9
9.7,5.2,277.0,117.9,26.6,30.2,385.8,211.6
9.6,5.2,277.1,117.9,26.6,30.2,382.6,211.6
9.6,5.2,276.4,117.9,26.7,30.3,385.3,211.5
9.6,5.2,276.8,117.9,26.6,30.3,387.4,211.6
9.6,5.2,276.8,117.9,26.6,30.2,385.7,211.7
9.6,5.2,276.2,117.9,26.7,30.3,384.7,211.4
9.7,5.2,276.7,118.6,26.6,30.3,385.6,210.9
9.6,5.2,276.3,117.9,26.6,30.2,386.4,210.7
9.6,5.2,276.8,117.9,26.6,30.2,384.2,213.4
9.6,5.2,276.7,118.6,26.6,30.2,384.8,213.3
9.6,5.2,275.2,118.6,26.6,30.3,384.7,213.5
9.7,5.2,276.2,118.6,26.6,30.3,384.9,212.9
9.5,5.2,276.3,117.9,26.6,30.2,385.2,213.8
9.6,5.2,276.3,118.6,26.6,30.2,385.3,213.8
9.6,5.2,277.1,117.9,26.6,30.2,385.8,214.4
9.7,5.2,277.1,118.6,26.6,30.2,385.5,215.3
9.7,5.2,276.6,118.6,26.6,30.2,384.5,215.7
9.6,5.2,278.1,118.6,26.6,30.2,386.1,215.9
9.5,5.2,276.6,118.6,26.6,30.2,386.1,216.4
9.6,5.2,277.6,117.9,26.6,30.2,385.5,216.2
9.7,5.2,278.2,118.6,26.6,30.2,386.2,216.1
9.6,5.2,277.8,117.9,26.6,30.2,385.7,215.3
9.6,5.2,276.6,117.9,26.6,30.2,385.4,213.7
9.5,5.1,276.4,117.9,26.6,30.2,384.7,214.1
9.5,5.2,275.8,117.9,26.6,30.2,384.8,213.4
9.6,5.2,276.3,117.9,26.6,30.2,385.4,212.2
9.5,5.1,275.8,117.9,26.5,30.1,385.2,212.2
9.6,5.2,275.3,117.9,26.6,30.2,385.3,211.8
9.5,5.1,275.0,117.9,26.5,30.2,385.4,211.9
9.5,5.1,275.0,117.9,26.5,30.1,384.9,212.7
9.5,5.2,276.5,117.9,26.6,30.2,384.3,213.5
9.5,5.2,276.9,117.9,26.6,30.1,384.7,213.7
9.5,5.1,277.0,117.9,26.5,30.2,384.7,214.4
9.5,5.1,276.7,117.9,26.5,30.1,384.6,214.6
9.5,5.2,277.5,117.9,26.5,30.2,386.5,214.9
9.6,5.2,276.3,117.9,26.5,30.1,383.3,215.1
9.5,5.1,277.3,117.9,26.5,30.2,386.5,214.8
9.5,5.1,277.6,117.9,26.6,30.2,386.7,214.0
9.5,5.2,276.9,117.9,26.5,30.2,384.1,213.5
9.5,5.1,276.3,117.9,26.5,30.2,382.9,213.6
9.5,5.2,275.4,117.9,26.5,30.1,386.5,213.0
9.5,5.1,276.4,117.9,26.5,30.1,387.7,212.7
9.6,5.2,276.3,117.9,26.5,30.2,385.5,213.0
9.7,5.2,275.4,117.9,26.5,30.1,384.4,212.5
9.6,5.2,275.1,117.9,26.5,30.2,385.3,212.7
9.6,5.2,275.3,117.9,26.5,30.2,383.3,213.5
9.7,5.2,276.3,117.9,26.5,30.1,386.7,214.0
9.6,5.2,276.2,117.9,26.5,30.2,386.9,214.7
9.7,5.2,276.3,117.9,26.5,30.2,384.4,214.3
9.6,5.2,277.3,117.9,26.5,30.1,385.1,214.5
9.7,5.2,276.6,117.9,26.5,30.2,385.4,214.2
9.6,5.2,277.7,117.9,26.5,30.1,385.9,214.2
9.7,5.2,276.5,117.9,26.5,30.2,385.5,213.0
9.6,5.2,275.9,117.9,26.5,30.2,386.1,212.9
9.6,5.2,276.5,117.9,26.5,30.1,385.3,212.3
9.7,5.2,275.6,117.9,26.5,30.1,383.9,211.8
9.6,5.2,275.1,117.9,26.6,30.1,384.8,211.5
9.6,5.2,275.1,117.9,26.6,30.1,384.1,211.6
9.6,5.2,274.3,117.9,26.5,30.1,384.3,211.4
9.6,5.2,274.6,117.9,26.5,30.1,383.6,211.0
9.5,5.1,274.8,117.9,26.5,30.1,387.2,211.3
9.6,5.1,275.8,117.9,26.5,30.1,385.2,211.5
9.5,5.1,275.6,117.9,26.5,30.1,384.3,211.8
9.5,5.1,276.1,117.9,26.5,30.1,386.3,212.3
9.5,5.1,275.4,117.9,26.5,30.1,384.4,213.3
9.6,5.2,276.9,118.6,26.5,30.1,384.9,213.5
9.6,5.2,276.2,117.9,26.5,30.1,386.5,213.3
9.5,5.1,276.1,117.9,26.5,30.1,384.8,214.1
9.6,5.1,276.6,117.9,26.5,30.1,385.8,214.1
9.5,5.1,275.7,117.9,26.5,30.1,385.1,213.9
9.5,5.1,277.0,117.9,26.6,30.1,385.0,213.9
9.6,5.1,276.4,117.9,26.5,30.2,384.7,213.8
9.5,5.1,275.6,117.9,26.5,30.1,386.0,213.1
9.5,5.1,276.0,117.9,26.5,30.1,383.9,213.7
9.6,5.2,275.9,117.9,26.5,30.1,384.4,213.8
9.5,5.1,277.2,117.9,26.5,30.1,384.5,213.8
9.5,5.1,276.6,117.9,26.5,30.1,383.8,214.7
9.5,5.1,276.9,117.9,26.5,30.1,384.4,215.6
9.6,5.1,277.5,117.9,26.5,30.1,386.3,215.8
9.5,5.1,277.5,117.9,26.5,30.1,384.6,216.0
9.6,5.2,278.0,117.9,26.5,30.1,385.5,215.6
9.5,5.1,277.7,117.9,26.5,30.1,385.7,215.3
9.5,5.1,277.6,117.9,26.5,30.2,384.7,214.7
9.5,5.1,276.7,117.9,26.6,30.1,386.4,214.6
9.6,5.1,276.6,117.9,26.5,30.1,386.6,214.1
9.6,5.1,277.4,117.9,26.5,30.1,385.6,213.0
9.5,5.1,275.6,117.9,26.6,30.2,384.0,212.7
9.5,5.1,275.9,117.9,26.5,30.1,384.3,212.2
9.5,5.1,276.6,117.9,26.5,30.1,384.5,211.8
9.5,5.1,275.0,117.9,26.5,30.1,385.9,211.8
9.5,5.1,275.6,117.9,26.5,30.1,384.2,212.2
9.6,5.1,274.9,117.9,26.5,30.1,384.9,212.3
9.5,5.1,276.3,117.9,26.5,30.1,385.5,212.9
9.5,5.1,276.6,117.9,26.5,30.1,384.3,213.9
9.5,5.1,275.8,117.9,26.5,30.1,385.6,214.5
9.6,5.2,276.7,117.9,26.6,30.1,384.3,213.9
9.5,5.1,276.0,117.9,26.5,30.2,386.7,214.7
9.6,5.1,276.2,117.9,26.6,30.1,385.8,214.4
9.6,5.2,276.3,117.9,26.6,30.2,385.2,213.5
9.5,5.1,276.3,117.9,26.5,30.2,384.4,213.5
9.6,5.1,276.0,117.9,26.5,30.1,385.1,212.9
9.6,5.2,275.2,117.9,26.5,30.2,386.2,212.4
9.5,5.2,275.9,117.9,26.5,30.1,384.6,212.3
9.5,5.1,275.7,117.9,26.6,30.1,384.7,212.0
9.6,5.1,275.7,117.9,26.5,30.1,384.0,212.3
9.5,5.2,274.8,117.9,26.5,30.1,384.3,212.0
9.5,5.1,275.0,117.9,26.5,30.2,386.8,213.0
9.6,5.2,275.9,117.9,26.5,30.2,386.3,213.6
9.5,5.1,275.6,117.9,26.5,30.2,385.3,214.3
9.6,5.2,276.7,117.9,26.5,30.2,384.7,214.5
9.6,5.2,277.9,117.9,26.6,30.2,384.6,214.2
9.6,5.2,277.1,117.9,26.6,30.2,385.8,213.8
9.6,5.2,276.3,117.9,26.5,30.2,384.1,213.6
9.5,5.1,275.8,117.9,26.5,30.1,384.3,213.4
9.5,5.1,276.4,117.9,26.5,30.2,386.1,213.2
9.6,5.2,275.9,117.9,26.5,30.1,387.0,212.5
9.6,5.2,276.0,117.9,26.5,30.2,386.8,212.2
9.7,5.2,276.0,117.9,26.6,30.2,385.0,211.7
9.6,5.2,275.0,117.9,26.5,30.1,385.0,211.4
9.6,5.1,274.7,117.9,26.5,30.1,385.7,211.5
9.6,5.2,274.6,117.9,26.5,30.1,385.5,211.3
9.7,5.2,275.2,117.9,26.5,30.1,384.2,211.6
9.6,5.2,275.3,117.9,26.5,30.1,385.7,212.1
9.5,5.1,275.2,117.9,26.5,30.1,382.8,212.7
9.6,5.1,275.8,117.9,26.5,30.1,382.9,213.6
9.7,5.2,275.6,117.9,26.5,30.1,384.0,213.3
9.5,5.1,277.5,117.9,26.5,30.1,384.6,213.7
9.7,5.2,276.4,117.9,26.5,30.1,384.7,213.6
9.7,5.2,275.1,117.9,26.5,30.2,383.9,213.7
9.6,5.2,275.7,117.9,26.5,30.1,384.5,214.0
9.6,5.2,276.6,117.9,26.5,30.2,386.0,214.4
9.7,5.2,276.1,117.9,26.5,30.1,383.9,213.9
9.6,5.2,276.1,117.9,26.5,30.1,384.9,213.2
9.6,5.2,276.1,117.2,26.5,30.1,386.4,213.0
9.5,5.1,276.0,117.2,26.5,30.1,385.9,213.2
9.6,5.2,275.8,117.2,26.5,30.1,384.9,213.3
9.6,5.2,276.9,117.2,26.5,30.1,385.1,213.7
9.6,5.2,277.1,117.2,26.5,30.1,384.6,214.7
9.6,5.2,278.5,117.9,26.5,30.1,386.7,214.7
9.6,5.2,276.6,117.2,26.5,30.1,384.9,214.7
9.6,5.2,276.4,117.9,26.5,30.1,383.6,215.7
9.7,5.2,276.0,117.9,26.5,30.1,384.0,215.2
9.6,5.1,276.1,117.9,26.4,30.1,385.5,215.4
9.8,5.3,275.9,117.9,26.4,30.1,382.8,217.1
9.8,5.2,276.2,117.9,26.4,30.1,386.7,219.9
9.8,5.2,275.1,118.6,26.4,30.1,385.1,223.1
9.9,5.2,274.9,118.6,26.4,30.2,384.8,222.5
9.9,5.2,275.5,119.3,26.4,30.2,384.4,221.7
9.9,5.2,274.6,118.6,26.4,30.2,384.4,221.6
9.9,5.2,274.7,118.6,26.5,30.2,385.7,221.3
10.0,5.2,274.1,118.6,26.4,30.2,385.1,220.8
9.9,5.2,274.1,118.6,26.4,30.2,385.4,221.4
9.9,5.2,275.3,118.6,26.4,30.2,384.4,221.4
9.9,5.2,274.8,118.6,26.4,30.2,384.3,222.4
9.9,5.3,274.7,118.6,26.4,30.2,385.1,222.3
9.9,5.2,274.7,118.6,26.4,30.2,384.0,222.6
9.9,5.2,274.4,118.6,26.4,30.2,385.0,223.6
10.1,5.3,275.5,119.3,26.4,30.2,385.7,225.5
10.0,5.3,275.0,119.3,26.4,30.2,383.9,225.5
10.0,5.2,275.0,119.3,26.4,30.2,385.1,226.0
10.0,5.3,275.7,119.3,26.4,30.2,385.7,226.2
10.0,5.3,275.9,118.6,26.4,30.2,384.3,228.9
10.1,5.3,275.7,119.3,26.4,30.2,384.4,229.8
10.1,5.3,276.4,119.3,26.4,30.3,385.1,229.8
10.1,5.3,277.2,119.3,26.4,30.3,385.7,234.0
10.3,5.4,277.4,120.0,26.4,30.3,385.6,237.1
10.1,5.2,277.5,120.0,26.4,30.4,386.1,237.0
10.1,5.2,277.2,120.0,26.4,30.4,383.8,237.6
10.2,5.2,276.0,120.0,26.4,30.4,385.0,237.4
10.2,5.2,277.4,120.0,26.4,30.4,385.1,236.6
10.1,5.2,276.7,120.0,26.3,30.4,385.1,236.4
10.1,5.2,276.8,120.0,26.4,30.4,384.3,235.6
10.2,5.2,276.0,120.0,26.3,30.4,384.9,235.8
10.2,5.2,276.7,120.0,26.4,30.4,384.3,235.5
10.1,5.2,276.6,120.0,26.3,30.4,384.8,236.0
10.2,5.2,276.4,120.0,26.4,30.4,385.1,236.5
10.2,5.3,276.6,120.7,26.4,30.4,384.5,235.8
10.2,5.2,276.7,120.0,26.4,30.4,384.0,239.4
10.2,5.3,276.3,120.0,26.4,30.4,384.1,238.9
10.2,5.1,275.7,120.7,26.4,30.4,385.5,238.9
10.2,5.2,276.6,120.7,26.4,30.4,385.6,243.0
10.3,5.2,276.6,121.4,26.4,30.5,386.1,243.6
10.2,5.2,276.2,121.4,26.4,30.5,385.1,243.2
10.3,5.2,276.4,121.4,26.4,30.5,385.0,243.3
10.2,5.2,275.7,121.4,26.4,30.5,386.3,243.4
10.2,5.2,276.1,120.7,26.4,30.5,383.4,243.8
10.3,5.2,275.2,121.4,26.5,30.6,387.1,243.8
10.3,5.2,277.3,120.7,26.4,30.6,386.5,244.1
10.3,5.2,277.8,121.4,26.4,30.5,384.3,244.8
10.3,5.2,277.5,121.4,26.4,30.5,385.5,244.3
10.2,5.2,278.0,121.4,26.4,30.5,385.3,246.5
10.3,5.2,277.0,121.4,26.5,30.6,385.4,246.3
10.3,5.2,277.2,121.4,26.5,30.6,385.0,246.2
10.3,5.2,276.3,121.4,26.5,30.6,383.7,246.5
10.2,5.2,277.9,121.4,26.4,30.6,384.4,249.4
10.3,5.2,277.5,122.0,26.5,30.6,383.0,250.4
10.3,5.2,277.2,122.0,26.4,30.7,384.9,249.4
10.3,5.1,277.8,122.0,26.5,30.7,385.4,248.9
10.3,5.2,276.2,122.0,26.5,30.7,386.3,247.9
10.3,5.2,277.5,122.0,26.5,30.7,385.9,247.7
10.2,5.1,277.7,122.0,26.5,30.6,387.0,247.2
10.2,5.1,278.0,122.0,26.5,30.7,385.1,246.8
10.2,5.1,277.6,121.4,26.5,30.7,385.6,248.1
10.4,5.3,278.0,122.0,26.5,30.7,385.0,247.7
10.3,5.2,276.7,122.0,26.5,30.7,384.9,247.5
10.3,5.2,278.7,122.0,26.5,30.6,389.3,247.0
10.3,5.2,277.2,121.4,26.5,30.7,383.9,246.5
10.3,5.2,277.1,121.4,26.5,30.6,385.4,246.3
10.3,5.2,277.6,121.4,26.5,30.6,386.8,246.5
10.3,5.2,277.7,121.4,26.5,30.6,383.6,246.6
10.3,5.2,278.8,121.4,26.5,30.6,385.0,246.9
10.3,5.2,278.3,121.4,26.5,30.6,386.2,247.5
10.3,5.2,279.3,121.4,26.4,30.6,383.9,247.3
10.3,5.2,278.5,121.4,26.4,30.6,384.1,247.5
10.3,5.3,279.5,121.4,26.4,30.6,384.7,246.8
10.3,5.3,278.7,121.4,26.4,30.6,384.5,248.8
10.4,5.3,277.8,122.0,26.4,30.6,385.6,248.4
10.4,5.3,278.6,121.4,26.4,30.6,384.4,248.3
10.4,5.3,278.7,121.4,26.4,30.6,384.7,248.2
10.4,5.3,277.5,121.4,26.4,30.6,384.9,247.7
10.4,5.3,279.0,121.4,26.4,30.6,384.4,247.8
10.4,5.3,278.5,121.4,26.3,30.6,385.9,247.6
10.4,5.3,278.8,121.4,26.4,30.6,386.9,247.3
10.4,5.3,279.0,121.4,26.4,30.5,385.1,248.1
10.4,5.3,279.3,122.0,26.3,30.5,353.6,248.3
10.4,5.2,268.4,122.0,26.3,30.7,354.2,248.5
10.4,5.2,264.2,122.0,26.3,30.7,353.1,248.6
10.5,5.2,264.5,122.0,26.3,30.8,352.9,247.4
10.5,5.2,263.9,122.0,26.3,30.8,354.2,247.2
10.5,5.2,263.1,122.0,26.3,30.8,352.8,247.1
10.5,5.2,262.5,122.0,26.3,30.8,353.8,246.8
10.5,5.2,262.5,122.0,26.4,30.8,353.7,246.9
10.5,5.2,263.5,122.0,26.3,30.8,354.7,247.5
10.5,5.2,263.7,122.0,26.4,30.8,352.3,247.7
10.5,5.2,263.6,122.0,26.3,30.8,354.1,248.4
10.5,5.2,263.0,122.0,26.3,30.8,353.2,248.6
10.6,5.2,263.8,122.0,26.3,30.8,353.2,248.7
10.6,5.2,264.2,122.0,26.3,30.8,353.9,250.2
10.6,5.2,263.9,122.0,26.3,30.8,356.7,250.3
10.6,5.2,263.7,122.0,26.3,30.8,354.1,250.2
10.6,5.2,264.6,122.0,26.3,30.8,353.2,250.6
10.7,5.3,263.5,122.0,26.3,30.8,352.7,249.9
10.6,5.2,262.8,122.0,26.3,30.8,353.7,249.7
10.5,5.2,262.8,122.0,26.3,30.9,353.7,250.1
10.6,5.2,263.4,122.7,26.3,30.9,354.4,250.2
10.7,5.3,263.3,122.7,26.3,30.8,354.1,249.8
10.6,5.2,263.2,122.7,26.3,30.8,354.3,249.2
10.6,5.2,262.9,122.7,26.3,30.9,354.3,249.6
10.5,5.2,263.1,122.7,26.3,30.9,354.0,250.6
10.6,5.2,263.3,122.7,26.3,30.9,354.6,250.1
10.5,5.2,262.7,122.7,26.4,30.9,355.1,249.5
10.6,5.2,263.8,122.7,26.4,30.9,352.6,249.8
10.5,5.2,263.5,122.7,26.4,30.9,353.9,249.4
10.5,5.2,263.6,122.7,26.4,30.9,353.9,249.3
10.5,5.2,263.9,122.7,26.4,30.9,354.2,248.9
10.5,5.2,263.1,122.7,26.4,30.9,353.4,249.0
10.5,5.2,263.6,122.7,26.4,30.9,354.1,248.5
10.4,5.2,263.1,122.7,26.4,30.9,354.0,247.8
10.5,5.2,264.1,122.7,26.4,30.9,353.7,247.5
10.5,5.2,261.8,122.7,26.4,30.9,352.8,246.9
10.6,5.2,261.6,122.7,26.4,30.9,353.3,247.1
10.6,5.3,261.5,122.7,26.4,30.9,354.0,247.0
10.5,5.2,262.5,122.7,26.4,31.0,352.9,246.6
10.5,5.2,260.5,122.7,26.4,30.9,352.6,245.8
10.4,5.1,261.7,122.0,26.4,30.9,353.8,245.5
10.3,5.1,261.3,122.0,26.4,30.9,353.8,244.4
10.3,5.0,261.5,122.0,26.5,30.9,352.5,244.5
10.2,5.0,262.7,122.0,26.5,30.9,354.0,243.5
10.2,4.9,262.5,122.0,26.4,30.9,353.1,243.6
10.3,5.0,262.5,122.0,26.5,30.9,352.7,242.9
10.2,5.0,261.7,122.0,26.5,30.9,355.9,242.4
10.2,5.1,261.3,122.0,26.5,30.9,353.3,242.2
10.2,5.0,261.7,122.0,26.5,30.9,354.5,242.0
10.2,5.0,261.7,122.0,26.5,30.9,353.5,241.8
10.2,5.0,261.2,122.0,26.5,30.9,355.8,241.0
10.2,5.0,260.9,122.0,26.5,30.9,354.3,240.7
10.1,4.9,261.7,122.0,26.5,30.9,354.9,241.2
10.2,5.0,262.3,122.0,26.5,30.9,354.9,240.7
10.2,5.0,262.3,122.0,26.5,30.9,352.9,240.4
10.2,4.9,261.4,122.0,26.5,30.9,351.9,240.1
10.1,5.0,262.2,120.7,26.5,30.9,353.3,227.9
10.2,5.2,262.1,120.7,26.5,30.7,353.9,227.8
10.1,5.2,262.4,120.7,26.5,30.7,354.0,228.5
10.1,5.2,261.7,120.7,26.5,30.7,354.4,229.1
10.2,5.2,262.8,120.7,26.5,30.7,354.4,228.9
10.1,5.2,262.3,120.7,26.5,30.6,353.1,228.8
10.2,5.2,263.0,120.7,26.5,30.7,354.5,227.8
10.1,5.2,262.7,120.7,26.5,30.6,353.2,224.9
10.0,5.2,262.5,120.0,26.5,30.6,354.3,224.5
10.0,5.2,262.3,120.0,26.5,30.6,353.2,218.2
10.0,5.3,262.2,119.3,26.5,30.5,353.4,218.1
10.0,5.3,262.9,119.3,26.5,30.4,354.0,218.4
10.0,5.3,261.0,119.3,26.4,30.5,351.8,218.2
10.0,5.3,261.2,119.3,26.4,30.4,351.0,217.8
10.0,5.3,262.9,119.3,26.4,30.4,353.4,218.0
10.0,5.3,262.6,119.3,26.4,30.4,352.8,218.3
10.0,5.3,262.3,119.3,26.4,30.4,353.6,215.7
10.0,5.3,261.7,118.6,26.4,30.4,355.0,215.8
10.0,5.3,262.4,118.6,26.4,30.4,353.9,215.9
10.0,5.3,262.7,118.6,26.4,30.4,353.7,215.8
10.0,5.4,262.0,118.6,26.4,30.4,353.7,215.5
10.0,5.3,263.3,118.6,26.4,30.4,354.8,215.6
10.0,5.3,261.8,118.6,26.4,30.3,352.9,215.4
10.0,5.3,262.6,118.6,26.4,30.3,354.3,215.8
10.0,5.3,261.4,118.6,26.4,30.3,353.5,215.7
10.0,5.3,262.3,118.6,26.4,30.2,353.8,215.5
10.0,5.3,263.7,118.6,26.4,30.3,354.3,215.6
9.9,5.3,262.6,118.6,26.4,30.3,353.8,215.6
10.0,5.3,263.1,118.6,26.4,30.3,354.1,215.6
10.0,5.3,262.1,118.6,26.3,30.3,354.2,215.7
10.0,5.3,262.2,118.6,26.4,30.4,355.4,215.8
9.9,5.3,263.1,118.6,26.4,30.3,352.3,216.3
10.0,5.3,263.5,118.6,26.4,30.3,353.2,216.2
9.9,5.3,263.1,117.9,26.4,30.3,354.0,216.1
10.0,5.3,262.8,118.6,26.4,30.3,354.2,216.1
10.0,5.3,263.4,117.9,26.4,30.3,353.8,216.0
10.0,5.3,262.2,117.9,26.3,30.3,353.0,215.5
10.0,5.3,262.5,117.9,26.3,30.2,352.9,215.6
10.0,5.3,261.9,117.9,26.3,30.2,352.8,215.0
9.9,5.2,261.7,117.9,26.3,30.2,354.1,215.0
10.0,5.3,261.1,117.9,26.3,30.2,353.9,214.8
9.9,5.3,261.9,117.9,26.3,30.3,351.5,214.2
9.9,5.3,262.3,117.9,26.3,30.2,354.1,214.7
10.0,5.3,261.7,117.9,26.3,30.2,352.5,214.8
10.0,5.3,261.2,117.9,26.3,30.2,353.3,214.8
10.0,5.3,262.1,117.9,26.3,30.2,352.7,214.2
10.0,5.3,261.4,117.9,26.3,30.2,350.6,214.0
9.9,5.2,261.6,117.9,26.3,30.2,353.1,214.5
10.0,5.3,261.3,117.9,26.3,30.2,354.5,215.0
10.0,5.3,262.2,117.9,26.3,30.2,353.3,214.7
10.0,5.3,261.7,117.9,26.3,30.1,353.2,215.3
10.0,5.3,262.0,117.9,26.2,30.2,353.1,215.1
10.0,5.3,262.1,117.9,26.2,30.2,353.0,215.5
10.0,5.3,263.0,117.9,26.2,30.1,353.6,215.5
10.0,5.4,262.6,117.9,26.2,30.2,354.1,214.9
10.0,5.3,262.2,117.9,26.3,30.2,353.7,214.9
10.0,5.3,262.6,117.9,26.2,30.2,352.2,214.4
10.0,5.4,262.3,117.9,26.3,30.1,353.3,213.9
10.0,5.3,261.9,117.9,26.2,30.1,353.5,214.3
10.0,5.3,262.7,117.9,26.3,30.1,354.1,214.4
10.0,5.3,261.9,117.9,26.2,30.2,354.8,214.3
10.0,5.3,262.3,117.9,26.2,30.1,353.5,215.0
10.0,5.4,262.2,117.9,26.2,30.1,353.6,214.5
9.9,5.3,262.3,117.9,26.3,30.2,353.8,215.1
9.9,5.3,262.1,117.9,26.2,30.1,353.7,213.5
10.0,5.3,262.5,117.9,26.3,30.1,354.4,213.5
10.0,5.3,263.0,117.2,26.2,30.1,354.1,213.8
10.0,5.3,263.1,117.2,26.2,30.1,353.1,211.8
9.9,5.3,262.8,117.2,26.2,30.1,353.4,212.2
10.0,5.4,262.3,117.2,26.2,30.1,354.1,212.5
10.0,5.3,262.2,117.2,26.1,30.1,353.0,208.9
9.9,5.3,262.3,117.2,26.1,30.1,353.5,209.0
9.9,5.3,263.0,116.5,26.1,30.0,351.9,208.4
9.9,5.3,261.9,116.5,26.1,30.0,352.1,209.0
9.9,5.4,261.6,116.5,26.1,30.0,353.4,209.2
9.9,5.4,263.4,116.5,26.1,30.0,352.6,209.2
9.9,5.3,262.7,116.5,26.1,30.0,353.7,208.7
9.9,5.3,261.9,116.5,26.1,30.0,353.5,205.6
9.9,5.4,262.3,116.5,26.1,29.9,354.9,205.9
9.9,5.4,262.3,116.5,26.1,29.9,354.8,205.8
9.9,5.4,262.7,116.5,26.1,29.9,352.3,205.9
9.9,5.4,262.4,116.5,26.1,29.9,353.9,203.1
9.9,5.4,263.0,115.8,26.1,29.9,352.6,202.5
9.9,5.4,263.6,115.8,26.1,29.9,352.4,202.6
9.9,5.5,263.0,115.8,26.1,29.9,353.2,202.4
9.9,5.4,262.1,115.8,26.1,29.9,353.0,198.0
9.9,5.5,262.8,115.8,26.1,29.9,354.5,197.6
9.9,5.4,263.0,115.1,26.0,29.7,353.5,198.0
9.9,5.5,262.4,115.1,26.0,29.7,353.4,197.4
9.8,5.4,262.5,115.1,26.1,29.7,353.2,197.5
9.9,5.5,261.8,115.1,26.1,29.7,353.6,197.7
9.9,5.5,261.9,115.1,26.0,29.7,353.4,197.8
9.9,5.5,262.9,115.1,26.0,29.7,353.6,198.3
9.9,5.5,262.1,115.1,26.0,29.7,353.9,198.0
9.9,5.4,263.0,115.1,26.0,29.7,355.6,198.7
10.0,5.6,263.4,115.1,26.0,29.7,354.1,198.6
10.0,5.6,263.5,115.1,26.0,29.7,352.5,198.6
9.9,5.5,263.6,115.1,26.0,29.7,353.2,198.7
9.8,5.4,263.8,115.1,26.0,29.7,352.5,199.4
9.9,5.6,263.3,115.1,26.0,29.7,352.3,199.1
9.9,5.6,264.1,115.1,26.0,29.7,353.0,199.2
10.0,5.6,262.6,115.1,26.0,29.7,353.0,198.4
9.9,5.5,262.4,115.1,26.0,29.7,353.3,198.6
10.0,5.6,262.7,115.1,26.0,29.7,353.3,198.5
10.0,5.6,261.8,115.1,26.0,29.7,353.7,198.3
9.9,5.6,262.2,115.1,26.0,29.7,355.8,198.2
9.9,5.5,262.2,115.1,26.0,29.7,352.2,198.3
9.9,5.5,262.4,115.1,26.0,29.7,353.9,198.3
9.9,5.4,263.2,115.1,26.0,29.7,353.8,198.4
9.9,5.5,262.5,115.8,26.0,29.7,351.5,199.4
9.9,5.5,261.4,115.1,26.0,29.7,352.9,199.8
9.9,5.5,263.3,115.1,26.0,29.7,354.2,199.9
9.9,5.5,263.2,115.1,26.0,29.7,355.1,199.8
9.9,5.5,262.2,115.1,26.0,29.7,353.1,200.2
10.0,5.5,262.9,115.1,26.0,29.7,353.4,199.6
9.9,5.5,262.1,115.1,26.0,29.7,354.2,199.4
9.9,5.4,263.4,115.1,26.0,29.7,354.4,199.4
9.9,5.4,261.8,115.1,26.0,29.7,352.1,201.7
9.9,5.4,262.7,115.1,26.0,29.7,353.5,201.6
9.9,5.5,261.7,115.1,26.0,29.7,352.2,201.7
9.9,5.5,262.4,115.1,26.0,29.7,355.5,201.8
9.9,5.4,262.7,115.1,26.0,29.7,352.9,201.9
9.9,5.5,262.0,115.1,26.0,29.7,353.3,201.7
9.9,5.4,261.0,115.1,25.9,29.6,353.8,201.4
9.9,5.4,262.4,115.1,25.9,29.6,353.0,201.7
9.9,5.4,261.7,115.1,25.9,29.6,351.4,201.5
9.9,5.4,262.9,115.1,25.9,29.7,352.9,201.6
10.0,5.5,263.3,115.1,25.9,29.6,353.9,201.5
10.0,5.5,262.8,115.1,25.9,29.6,351.4,201.6
10.0,5.5,262.4,115.1,25.9,29.6,352.4,202.0
10.0,5.5,263.0,115.1,25.9,29.6,353.1,201.4
10.0,5.5,261.4,115.1,25.9,29.6,354.2,201.6
10.0,5.5,261.6,115.1,25.9,29.6,354.8,201.5
10.0,5.5,262.9,115.1,25.9,29.6,354.1,201.8
10.0,5.5,262.6,115.1,25.9,29.6,353.8,201.7
10.0,5.5,262.5,115.1,25.8,29.6,354.5,201.8
10.0,5.5,262.7,115.1,25.8,29.6,352.7,201.7
10.0,5.5,262.4,115.1,25.8,29.6,353.8,201.3
9.9,5.5,262.4,115.1,25.8,29.6,352.2,204.0
10.0,5.5,261.8,115.1,25.8,29.6,353.4,204.1
10.0,5.5,262.9,115.1,25.8,29.6,354.8,203.7
9.9,5.4,262.7,115.1,25.8,29.6,351.5,204.3
10.0,5.4,263.1,115.1,25.8,29.6,354.1,204.3
10.0,5.4,261.9,115.1,25.8,29.6,351.2,206.0
10.0,5.4,263.4,115.1,25.8,29.6,353.8,205.4
9.9,5.4,262.2,115.1,25.8,29.6,354.1,205.1
10.0,5.4,262.8,115.1,25.8,29.6,353.6,204.8
10.0,5.4,261.8,115.1,25.8,29.6,351.0,204.8
10.0,5.4,262.3,115.1,25.8,29.6,354.1,204.2
9.9,5.4,262.4,115.1,25.8,29.6,352.5,204.6
9.9,5.4,261.9,115.1,25.8,29.6,352.6,204.7
10.0,5.4,262.2,115.1,25.8,29.6,352.9,204.7
9.9,5.4,262.2,115.1,25.8,29.6,353.8,204.2
9.9,5.4,262.1,115.1,25.8,29.6,352.6,204.6
9.9,5.4,262.7,115.1,25.8,29.6,354.5,204.7
9.9,5.4,263.0,115.1,25.8,29.6,353.4,204.5
9.9,5.4,262.0,115.1,25.8,29.6,353.0,204.5
9.9,5.4,263.4,115.1,25.8,29.6,354.7,205.6
9.9,5.4,262.2,115.1,25.8,29.5,352.8,206.1
9.9,5.4,263.1,115.1,25.8,29.6,353.3,206.3
9.9,5.4,263.6,115.1,25.8,29.6,354.2,206.2
9.9,5.4,263.6,115.1,25.8,29.6,353.3,206.5
9.9,5.4,263.7,115.1,25.8,29.6,353.2,206.4
9.9,5.4,263.4,115.1,25.8,29.6,354.1,206.5
9.9,5.4,262.5,115.1,25.8,29.6,351.6,206.4
9.9,5.4,262.7,115.1,25.8,29.6,353.0,206.0
9.9,5.4,263.2,115.1,25.8,29.6,353.7,206.3
9.9,5.4,263.2,115.1,25.8,29.6,352.5,206.1
9.9,5.4,262.7,115.1,25.8,29.7,354.2,205.8
9.9,5.4,262.8,115.1,25.8,29.6,353.7,205.6
9.9,5.4,262.6,115.1,25.8,29.6,353.6,205.0
9.9,5.3,262.5,115.1,25.8,29.6,353.8,204.4
9.9,5.4,261.9,115.1,25.8,29.6,353.1,204.2
9.9,5.4,261.6,115.1,25.8,29.6,354.7,203.7
9.8,5.3,262.0,115.1,25.8,29.6,354.2,203.7
9.8,5.3,263.3,115.1,25.8,29.6,354.9,204.2
9.9,5.3,262.3,115.1,25.8,29.6,354.4,204.3
9.9,5.4,261.6,115.1,25.8,29.6,353.4,204.2
9.8,5.3,262.4,115.1,25.8,29.6,352.1,204.4
9.9,5.4,261.5,115.1,25.8,29.6,354.5,204.4
9.9,5.3,262.0,115.1,25.9,29.6,353.9,204.7
9.9,5.4,262.3,115.1,25.9,29.6,352.2,204.6
9.9,5.4,261.6,115.1,25.8,29.6,347.9,204.3
9.8,5.4,262.3,115.1,25.8,29.6,353.4,204.8
9.9,5.4,261.8,115.1,25.8,29.7,351.5,204.7
9.9,5.4,262.2,115.1,25.9,29.7,352.4,204.5
9.9,5.4,262.4,115.1,25.8,29.7,354.1,204.1
9.9,5.4,261.4,115.1,25.9,29.6,352.6,203.0
9.9,5.4,261.6,115.1,25.8,29.6,354.1,203.1
9.9,5.4,261.6,115.1,25.8,29.6,354.1,200.8
10.0,5.5,262.8,115.1,25.8,29.6,351.7,200.4
9.9,5.4,262.0,115.1,25.8,29.6,352.8,200.5
9.9,5.4,262.3,115.1,25.8,29.6,353.2,200.2
9.9,5.4,260.9,115.1,25.8,29.6,352.1,200.2
9.9,5.4,261.9,114.5,25.9,29.6,353.1,200.6
9.9,5.4,261.9,114.5,25.9,29.6,352.2,200.2
9.9,5.4,261.5,115.1,25.8,29.6,351.6,200.2
9.8,5.4,262.6,114.5,25.8,29.6,353.6,200.0
9.9,5.4,261.9,115.1,25.8,29.6,353.1,200.5
9.9,5.4,261.8,115.1,25.9,29.6,353.3,200.5
9.9,5.5,261.5,114.5,25.9,29.5,353.8,200.1
9.9,5.4,262.2,115.1,25.8,29.6,353.8,199.9
9.9,5.4,261.3,115.1,25.8,29.6,353.2,200.1
9.9,5.4,261.4,115.1,25.8,29.6,354.5,199.9
9.9,5.4,261.5,115.1,25.8,29.5,353.4,199.8
9.9,5.4,260.9,114.5,25.9,29.6,353.1,200.2
9.9,5.4,261.3,115.1,25.8,29.6,352.7,199.9
9.8,5.4,261.5,114.5,25.8,29.6,354.6,200.3
9.9,5.4,262.3,114.5,25.8,29.6,353.8,200.9
9.9,5.4,262.1,115.1,25.8,29.5,352.2,200.9
9.8,5.4,262.3,114.5,25.8,29.6,354.8,201.8
10.0,5.5,262.1,115.1,25.8,29.6,354.2,201.5
9.9,5.4,263.3,115.1,25.8,29.6,352.8,201.4
9.9,5.4,263.6,115.1,25.8,29.6,352.2,201.0
9.9,5.4,262.3,115.1,25.9,29.5,351.9,200.9
9.9,5.4,263.3,115.1,25.9,29.6,352.9,201.3
9.9,5.4,261.3,115.1,25.8,29.6,352.6,201.5
9.9,5.5,262.2,115.1,25.8,29.6,356.2,201.0
9.8,5.4,261.7,115.1,25.8,29.6,352.2,201.2
9.8,5.4,262.9,115.1,25.8,29.6,352.7,201.7
9.9,5.4,261.9,115.1,25.8,29.6,352.4,201.1
9.9,5.4,262.4,115.1,25.8,29.6,352.9,201.2
9.9,5.4,262.2,115.1,25.9,29.6,353.8,200.7
9.9,5.4,261.3,115.1,25.8,29.6,354.4,200.9
9.9,5.4,262.0,115.1,25.8,29.6,355.3,200.8
9.9,5.4,262.5,114.5,25.8,29.6,353.3,199.9
9.9,5.4,260.9,114.5,25.8,29.6,353.9,200.4
9.9,5.4,261.5,114.5,25.8,29.6,353.4,200.3
9.9,5.4,262.0,115.1,25.8,29.6,352.6,200.0
9.8,5.4,261.4,114.5,25.9,29.6,352.5,200.0
9.8,5.3,262.5,114.5,25.8,29.6,354.4,200.1
9.8,5.4,262.0,115.1,25.8,29.5,352.3,200.2
9.8,5.4,261.8,115.1,25.9,29.6,354.4,200.3
9.8,5.4,261.9,115.1,25.9,29.6,353.4,200.9
9.9,5.4,262.2,115.1,25.8,29.6,353.8,200.5
9.8,5.4,261.4,115.1,25.9,29.6,354.4,200.9
9.8,5.4,261.4,115.1,25.9,29.6,351.8,200.9
9.8,5.4,261.5,115.1,25.9,29.6,352.4,200.5
9.8,5.4,262.5,115.1,25.9,29.6,353.2,200.7
9.8,5.4,262.0,115.1,25.9,29.6,351.9,200.3
9.8,5.3,261.7,115.1,25.9,29.6,353.9,200.7
9.8,5.4,261.1,114.5,25.8,29.6,353.0,201.2
9.8,5.4,262.0,115.1,25.9,29.6,353.5,201.2
9.8,5.4,262.4,115.1,25.9,29.6,353.1,200.9
9.8,5.3,262.9,114.5,25.9,29.6,352.2,200.9
9.8,5.3,262.1,114.5,25.8,29.6,353.9,201.1
9.8,5.4,262.3,115.1,25.9,29.6,353.2,200.4
9.8,5.4,261.6,115.1,25.9,29.6,352.7,200.4
9.8,5.4,261.7,115.1,25.9,29.6,353.3,199.8
9.8,5.3,261.2,115.1,25.9,29.6,352.1,199.6
9.8,5.4,261.2,115.1,25.8,29.6,352.2,199.2
9.8,5.4,260.5,115.1,25.9,29.6,353.5,198.9
9.8,5.3,261.0,115.1,25.9,29.6,352.3,198.5
9.8,5.3,260.6,115.1,25.9,29.6,353.2,198.2
9.7,5.3,261.0,115.1,25.9,29.6,351.9,199.0
9.8,5.4,261.2,115.1,25.9,29.6,352.6,198.2
9.8,5.3,261.3,115.1,25.9,29.6,352.1,198.3
9.9,5.4,260.6,115.1,26.0,29.6,355.0,199.1
9.9,5.4,261.9,115.1,25.9,29.7,353.0,196.2
9.8,5.4,262.0,114.5,26.0,29.6,351.7,195.9
9.8,5.4,261.8,115.1,25.9,29.6,353.2,193.8
9.7,5.4,262.0,114.5,25.9,29.6,353.6,194.0
9.8,5.5,261.9,114.5,25.9,29.6,352.2,193.8
9.8,5.4,261.8,114.5,25.9,29.6,354.1,193.8
9.8,5.4,261.0,114.5,25.9,29.6,353.8,193.9
9.9,5.5,261.4,114.5,25.9,29.6,352.8,193.4
9.8,5.4,261.2,114.5,25.9,29.6,354.0,193.7
9.8,5.4,261.5,114.5,26.0,29.6,353.3,193.9
9.8,5.4,261.8,114.5,25.9,29.5,353.5,193.6
9.9,5.5,261.4,114.5,25.9,29.6,353.8,192.4
9.8,5.4,261.0,114.5,25.9,29.5,352.6,192.8
9.9,5.5,260.4,114.5,25.9,29.6,353.9,193.2
9.8,5.5,261.5,114.5,25.9,29.5,352.7,193.1
9.8,5.5,260.7,114.5,25.9,29.5,352.3,193.2
9.8,5.5,261.0,114.5,25.9,29.6,351.4,192.4
9.8,5.4,260.9,114.5,26.0,29.6,353.9,193.0
9.8,5.5,261.1,114.5,26.0,29.6,353.9,193.1
9.8,5.5,261.4,114.5,26.0,29.6,354.4,193.7
9.8,5.4,261.4,114.5,25.9,29.5,353.2,193.8
9.8,5.5,261.4,114.5,26.0,29.6,354.6,193.9
9.8,5.4,261.3,114.5,26.0,29.6,354.3,193.5
9.8,5.4,261.4,114.5,26.0,29.6,352.9,193.6
9.8,5.4,261.9,114.5,25.9,29.6,353.8,193.0
9.8,5.4,260.7,114.5,26.0,29.6,351.3,192.5
9.8,5.4,261.3,114.5,26.0,29.6,350.8,192.5
9.8,5.4,261.8,114.5,25.9,29.6,352.4,192.9
9.9,5.5,261.2,114.5,25.9,29.6,352.6,192.7
9.8,5.5,261.1,114.5,26.0,29.6,353.8,192.6
9.8,5.5,261.2,114.5,26.0,29.6,353.4,192.0
9.8,5.4,261.1,114.5,25.9,29.6,352.4,192.0
9.8,5.4,260.2,114.5,25.9,29.6,352.4,191.9
9.8,5.4,259.7,114.5,26.0,29.6,353.0,191.4
9.8,5.4,260.9,114.5,26.0,29.5,352.5,191.3
9.8,5.4,260.1,114.5,26.0,29.6,352.2,191.3
9.8,5.4,258.9,114.5,26.0,29.6,354.7,191.4
9.8,5.4,260.5,114.5,26.0,29.6,352.3,191.5
9.8,5.5,259.3,114.5,26.0,29.6,354.9,191.9
9.8,5.5,260.7,114.5,26.0,29.6,353.7,191.5
9.8,5.4,260.2,114.5,26.0,29.6,352.8,191.8
9.9,5.5,260.7,114.5,26.0,29.6,352.8,191.4
9.8,5.4,260.2,114.5,25.9,29.6,352.5,192.4
9.9,5.5,260.5,114.5,26.0,29.6,352.8,192.2
9.8,5.5,260.6,114.5,26.0,29.6,353.1,192.4
9.9,5.5,261.1,114.5,26.0,29.6,352.5,192.7
9.8,5.5,260.4,114.5,26.0,29.6,348.8,192.8
9.8,5.5,260.9,115.1,26.0,29.7,348.3,193.2
9.8,5.5,261.4,114.5,26.0,29.6,353.0,193.4
9.8,5.5,260.3,115.1,26.0,29.7,354.0,193.6
9.8,5.5,261.2,114.5,26.0,29.6,352.2,194.4
9.9,5.5,262.1,115.1,26.0,29.6,354.1,194.7
9.9,5.5,261.4,115.1,26.0,29.6,353.2,194.2
9.8,5.4,260.9,115.1,26.0,29.6,353.0,194.2
9.8,5.4,261.3,115.1,26.0,29.6,353.0,194.1
9.9,5.5,261.1,115.1,26.0,29.6,351.7,195.4
9.9,5.5,261.2,115.1,26.0,29.7,354.7,195.3
9.9,5.5,261.0,115.1,26.0,29.7,352.7,197.2
9.9,5.5,260.9,115.1,26.0,29.7,354.5,197.1
9.9,5.5,260.6,115.1,26.0,29.7,352.6,196.8
9.9,5.4,260.5,115.1,26.0,29.7,353.3,197.6
9.9,5.5,261.0,115.1,26.0,29.7,352.4,197.6
9.9,5.5,261.2,115.1,26.0,29.7,354.6,197.6
9.9,5.5,261.3,115.1,26.1,29.7,353.6,197.4
9.9,5.5,261.3,115.1,26.0,29.7,352.0,197.0
9.8,5.5,260.4,115.1,26.0,29.7,353.1,197.0
9.9,5.4,260.7,115.1,26.0,29.7,353.1,196.7
9.9,5.4,260.8,115.1,26.1,29.7,353.0,196.2
9.8,5.4,260.5,115.1,26.0,29.7,354.6,196.2
9.9,5.5,260.3,115.1,26.0,29.8,354.5,195.5
9.9,5.4,260.3,115.1,26.0,29.7,354.1,195.5
9.9,5.5,260.5,115.1,26.0,29.7,354.4,195.8
9.9,5.5,260.4,115.1,26.0,29.7,353.5,196.1
9.9,5.4,260.7,115.1,26.0,29.7,354.0,196.2
9.9,5.5,260.7,115.1,26.0,29.7,353.8,196.3
9.9,5.5,260.2,115.1,26.0,29.7,353.8,196.5
9.9,5.5,260.1,115.1,26.0,29.7,353.5,197.3
9.9,5.5,260.8,115.1,26.0,29.7,353.0,198.7
9.9,5.5,261.6,115.8,26.0,29.7,350.7,199.1
9.9,5.5,261.8,115.8,26.1,29.7,352.0,200.2
9.9,5.5,262.3,115.8,26.0,29.8,353.2,200.8
9.9,5.5,262.1,115.8,26.0,29.8,354.7,201.0
9.9,5.5,262.3,115.8,26.1,29.8,354.0,200.8
9.9,5.5,262.5,115.8,26.1,29.8,354.3,200.6
9.9,5.5,262.2,115.8,26.1,29.8,354.5,200.2
9.9,5.5,260.4,115.8,26.1,29.8,352.7,199.3
9.9,5.5,260.6,115.8,26.1,29.7,354.1,199.1
9.9,5.4,260.5,115.8,26.0,29.8,353.4,199.0
9.9,5.5,261.2,115.8,26.1,29.8,353.8,203.1
10.0,5.5,260.4,115.8,26.1,29.8,353.3,202.6
9.9,5.4,259.7,115.8,26.1,29.8,353.1,202.4
10.0,5.4,260.8,115.8,26.1,29.8,353.6,202.3
10.0,5.4,260.7,116.5,26.0,29.9,353.3,202.0
10.0,5.4,260.8,115.8,26.0,29.9,352.9,201.9
10.0,5.4,260.8,115.8,26.1,29.9,353.5,202.2
9.9,5.4,260.3,115.8,26.0,29.9,351.0,202.6
9.9,5.4,260.2,115.8,26.1,29.9,353.7,203.2
9.9,5.4,261.6,116.5,26.0,29.8,354.5,203.2
9.9,5.4,260.9,116.5,26.1,29.9,354.2,203.2
10.0,5.4,261.0,116.5,26.1,29.9,353.0,202.5
9.9,5.4,260.6,115.8,26.1,29.9,353.7,202.7
9.9,5.4,259.8,115.8,26.1,29.9,352.9,202.8
9.9,5.4,260.9,115.8,26.1,29.9,353.1,202.9
9.9,5.4,260.8,115.8,26.1,29.9,352.6,202.8
9.9,5.4,261.1,115.8,26.0,29.8,352.3,202.7
9.9,5.4,260.6,115.8,26.1,29.9,353.5,202.8
9.9,5.4,259.7,116.5,26.1,29.9,355.0,203.0
9.9,5.4,261.0,115.8,26.1,29.9,352.7,203.0
9.9,5.4,261.3,116.5,26.1,29.9,353.4,203.2
9.9,5.4,261.1,116.5,26.1,29.9,353.3,203.8
9.9,5.4,261.5,115.8,26.1,29.9,353.2,204.4
9.9,5.4,262.2,116.5,26.1,29.9,353.0,204.9
10.0,5.4,261.4,116.5,26.1,29.9,353.7,205.1
10.0,5.5,261.2,116.5,26.1,29.9,354.3,204.8
10.0,5.5,261.8,116.5,26.1,29.9,352.9,204.4
9.9,5.4,261.1,116.5,26.1,29.9,353.9,203.9
9.9,5.4,261.4,116.5,26.1,29.9,353.0,203.7
10.0,5.4,260.2,116.5,26.1,29.9,353.1,203.6
9.9,5.4,261.6,116.5,26.1,29.9,354.3,202.9
9.9,5.4,260.8,116.5,26.1,29.9,352.3,202.8
9.9,5.4,260.1,116.5,26.1,29.9,352.3,202.6
10.0,5.4,260.0,116.5,26.1,29.9,353.0,202.7
10.0,5.4,260.1,116.5,26.1,29.9,353.3,203.0
10.0,5.4,260.8,116.5,26.1,29.9,353.0,203.4
10.0,5.4,261.3,115.8,26.1,29.9,353.6,203.7
10.0,5.4,261.3,115.8,26.1,29.8,351.1,203.5
9.9,5.4,260.3,115.8,26.0,29.8,353.3,204.0
10.0,5.5,260.2,115.8,26.1,29.9,353.8,204.3
10.0,5.5,260.2,115.8,26.0,29.8,354.0,204.0
10.0,5.4,261.4,115.8,26.1,29.8,354.1,203.7
9.9,5.4,260.3,115.8,26.0,29.8,351.9,204.0
9.9,5.5,261.9,115.8,26.0,29.9,347.0,204.1
10.0,5.4,261.3,115.8,26.1,29.9,353.2,203.9
9.9,5.4,261.2,115.8,26.1,29.9,354.6,203.6
9.9,5.4,260.4,115.8,26.1,29.8,353.2,204.2
10.0,5.4,260.9,115.8,26.0,29.9,354.7,203.7
9.9,5.4,261.0,116.5,26.1,29.9,353.5,203.9
10.0,5.4,260.9,115.8,26.1,29.9,354.3,203.9
9.9,5.4,260.9,115.8,26.1,29.9,354.1,204.1
10.0,5.4,261.4,115.8,26.0,29.8,353.6,204.5
9.9,5.4,261.6,115.8,26.1,29.8,354.5,205.1
10.0,5.4,261.5,115.8,26.0,29.8,353.3,204.9
10.0,5.4,261.4,115.8,26.1,29.9,354.6,205.5
10.0,5.4,261.7,115.8,26.0,29.8,352.9,205.2
10.0,5.5,260.8,115.8,26.0,29.8,355.4,205.1
10.0,5.5,261.5,115.8,26.0,29.9,353.9,204.8
10.0,5.4,260.4,115.8,26.1,29.9,351.7,205.0
10.0,5.5,260.7,115.8,26.0,29.9,353.4,204.9
10.0,5.5,260.7,115.8,26.1,29.9,354.8,204.6
9.9,5.5,260.9,115.8,26.1,29.9,352.6,204.3
10.0,5.4,261.6,115.8,26.0,29.9,354.1,204.1
10.0,5.4,261.2,115.8,26.1,29.8,354.2,204.1
10.0,5.4,260.8,116.5,26.0,29.9,354.0,204.1
10.0,5.5,260.9,115.8,26.1,29.9,350.9,204.2
10.0,5.4,260.5,116.5,26.1,29.9,352.5,204.7
10.0,5.5,261.2,116.5,26.1,29.9,351.5,209.0
10.0,5.4,261.1,116.5,26.1,30.0,351.8,208.8
10.0,5.4,261.1,116.5,26.1,30.0,352.6,208.2
10.0,5.4,260.1,116.5,26.1,29.9,353.2,208.1
10.0,5.4,261.0,116.5,26.1,29.9,353.0,208.0
10.0,5.4,260.5,116.5,26.1,29.9,354.4,207.9
10.0,5.4,260.5,116.5,26.1,29.9,353.4,207.6
9.9,5.4,260.8,116.5,26.1,29.9,354.3,207.9
10.0,5.4,261.1,116.5,26.1,30.0,353.3,207.6
10.0,5.4,260.3,116.5,26.1,30.0,354.9,208.0
10.0,5.4,260.8,116.5,26.1,30.0,353.6,208.5
10.0,5.4,261.5,116.5,26.1,29.9,354.8,208.3
10.0,5.4,259.8,116.5,26.1,29.9,355.5,208.0
10.0,5.4,261.2,116.5,26.1,30.0,353.6,207.7
10.0,5.4,259.9,116.5,26.1,30.0,354.2,208.3
9.9,5.4,261.1,116.5,26.1,30.0,354.6,208.6
10.0,5.4,261.3,116.5,26.1,30.0,355.3,208.6
10.0,5.4,259.9,116.5,26.1,30.0,352.8,208.5
10.0,5.4,261.2,117.2,26.1,30.0,352.9,208.7
10.0,5.4,260.3,117.2,26.1,30.0,350.4,208.2
10.0,5.4,260.5,116.5,26.1,30.0,353.1,208.6
10.0,5.4,261.3,117.2,26.1,30.0,352.3,208.7
10.0,5.4,261.8,117.2,26.2,30.0,354.5,211.2
10.0,5.4,262.6,117.2,26.2,30.0,352.8,211.3
10.0,5.4,262.8,117.2,26.2,30.1,355.1,210.9
10.0,5.4,261.8,117.2,26.2,30.1,353.7,210.4
10.0,5.4,261.9,117.2,26.1,30.0,352.8,209.9
10.0,5.4,261.5,117.2,26.2,30.0,353.2,209.1
9.9,5.4,261.0,117.2,26.2,30.0,351.6,208.7
10.0,5.4,261.3,117.2,26.2,30.0,354.3,208.3
10.0,5.4,260.9,117.2,26.2,30.1,353.7,207.9
10.0,5.4,260.1,117.2,26.2,30.0,353.5,207.8
10.0,5.4,259.4,117.2,26.2,30.0,354.1,208.0
10.0,5.4,261.2,117.2,26.3,30.1,354.4,207.9
10.0,5.4,260.6,117.2,26.2,30.1,354.2,208.8
10.0,5.4,259.9,117.2,26.2,30.1,355.2,209.1
10.0,5.4,260.8,117.2,26.2,30.0,353.9,209.3
10.0,5.4,259.6,117.2,26.3,30.1,353.6,209.1
10.0,5.4,259.7,117.2,26.3,30.1,354.0,208.8
10.0,5.4,260.4,117.2,26.3,30.1,354.2,207.9
10.0,5.4,260.1,117.2,26.3,30.1,351.1,207.6
10.0,5.4,259.8,117.2,26.3,30.1,354.4,207.3
10.0,5.4,259.7,117.2,26.3,30.1,354.2,207.0
10.0,5.4,259.7,117.2,26.3,30.0,354.2,207.1
10.0,5.4,259.9,117.2,26.2,30.1,353.6,207.3
10.0,5.4,260.1,117.2,26.2,30.0,352.5,207.8
10.0,5.4,260.3,117.2,26.3,30.1,353.2,208.9
10.0,5.4,260.6,117.2,26.3,30.1,352.9,209.1
10.0,5.4,261.7,117.2,26.3,30.1,352.6,209.9
10.0,5.4,261.7,117.2,26.3,30.1,352.5,210.8
10.0,5.4,261.3,117.2,26.3,30.1,354.1,210.6
10.0,5.4,261.1,117.2,26.3,30.1,352.6,210.7
10.0,5.4,261.0,117.2,26.3,30.1,354.4,210.3
10.0,5.4,261.2,117.2,26.3,30.1,354.5,210.1
10.0,5.4,261.8,117.2,26.3,30.1,353.0,209.3
10.0,5.4,261.7,117.2,26.3,30.1,352.0,208.8
10.0,5.4,260.2,117.2,26.3,30.1,354.0,208.2
10.0,5.4,259.4,117.2,26.3,30.1,353.2,207.7
9.9,5.4,260.2,117.2,26.3,30.1,353.1,207.2
10.0,5.4,259.8,117.2,26.3,30.1,353.7,207.3
10.0,5.4,260.7,117.2,26.3,30.1,353.5,207.4
9.9,5.4,259.7,117.2,26.3,30.1,353.5,207.1
9.9,5.4,259.8,117.2,26.3,30.1,353.8,207.1
9.9,5.3,260.0,117.2,26.3,30.1,353.8,208.0
9.9,5.4,260.8,117.2,26.3,30.1,355.7,208.6
9.9,5.4,260.2,117.2,26.3,30.1,354.7,208.4
10.0,5.4,260.4,117.9,26.3,30.1,352.8,208.8
10.0,5.4,259.5,117.2,26.3,30.1,352.8,208.4
10.0,5.4,259.5,117.2,26.3,30.1,353.0,208.0
10.0,5.4,259.8,117.2,26.3,30.1,355.2,207.5
10.0,5.4,259.4,117.2,26.3,30.1,352.6,207.2
10.0,5.4,259.9,117.2,26.3,30.1,354.2,207.4
10.0,5.4,260.2,117.2,26.3,30.1,353.9,207.5
10.0,5.4,258.6,117.9,26.3,30.1,354.7,207.3
10.0,5.4,259.6,117.2,26.3,30.1,353.6,207.6
10.0,5.4,260.0,117.2,26.3,30.1,352.6,208.6
10.2,5.6,260.0,117.9,26.3,30.1,354.0,208.2
10.2,5.6,259.6,117.2,26.3,30.1,353.8,208.5
10.1,5.5,260.9,117.2,26.3,30.1,352.7,210.1
10.2,5.6,259.9,117.9,26.3,30.1,349.9,210.0
10.1,5.5,261.3,117.2,26.3,30.1,353.9,212.5
10.2,5.6,261.2,117.9,26.3,30.1,354.4,212.2
10.2,5.5,261.9,117.9,26.3,30.1,354.2,211.8
10.1,5.5,261.3,117.9,26.3,30.2,354.6,211.0
10.2,5.5,260.4,117.9,26.3,30.1,353.9,210.2
10.1,5.4,259.6,117.9,26.3,30.1,354.2,210.1
10.1,5.5,259.9,117.2,26.3,30.1,354.5,209.2
10.0,5.4,259.9,117.9,26.3,30.1,353.5,210.0
10.2,5.5,259.7,117.9,26.3,30.1,352.4,213.8
10.2,5.6,260.2,117.9,26.3,30.1,351.0,214.3
10.2,5.5,261.3,117.9,26.3,30.1,354.5,214.3
10.2,5.5,260.9,117.9,26.2,30.2,353.0,214.8
10.3,5.6,260.8,117.9,26.3,30.2,354.8,215.5
10.2,5.5,259.9,117.9,26.3,30.1,352.1,215.7
10.2,5.5,260.9,117.9,26.3,30.2,354.1,215.7
10.2,5.6,261.3,117.9,26.3,30.2,354.5,215.5
10.3,5.6,260.9,117.9,26.3,30.2,355.0,215.3
10.2,5.5,260.4,117.9,26.2,30.2,354.4,214.9
10.2,5.5,259.9,117.9,26.3,30.2,355.5,214.5
10.2,5.5,260.5,117.9,26.2,30.2,353.1,214.5
10.3,5.5,260.5,117.9,26.3,30.2,354.7,214.8
10.2,5.5,260.8,117.9,26.3,30.2,355.0,214.8
10.2,5.5,261.3,117.9,26.3,30.2,351.6,215.6
10.2,5.5,261.1,117.9,26.3,30.2,353.9,215.5
10.3,5.6,260.7,117.9,26.3,30.2,354.5,216.0
10.2,5.6,261.4,118.6,26.3,30.2,354.1,215.8
10.2,5.6,262.0,117.9,26.3,30.2,353.1,215.2
10.2,5.6,260.7,117.9,26.3,30.2,355.3,218.3
10.3,5.5,260.4,118.6,26.3,30.2,351.6,217.9
10.2,5.4,261.6,118.6,26.3,30.2,353.3,217.9
10.2,5.4,261.6,118.6,26.3,30.3,353.1,218.0
10.2,5.5,261.1,118.6,26.3,30.3,353.5,217.8
10.3,5.5,261.7,118.6,26.3,30.3,354.2,217.8
10.2,5.4,261.4,118.6,26.3,30.2,353.6,217.2
10.2,5.4,260.9,118.6,26.3,30.2,353.9,216.8
10.1,5.4,260.3,118.6,26.3,30.3,354.8,216.2
10.0,5.3,259.5,117.9,26.3,30.2,354.5,216.3
10.0,5.3,261.4,118.6,26.3,30.3,352.3,217.4
10.0,5.3,261.4,118.6,26.3,30.2,352.5,217.1
10.0,5.3,261.8,117.9,26.3,30.2,353.1,218.0
10.0,5.3,262.1,118.6,26.3,30.2,354.2,216.6
9.9,5.2,262.2,117.9,26.3,30.2,352.8,216.9
9.9,5.2,262.8,118.6,26.3,30.2,352.1,217.5
10.2,5.4,262.2,118.6,26.3,30.2,353.5,218.0
10.3,5.6,261.9,118.6,26.3,30.2,353.4,219.0
10.4,5.7,261.7,118.6,26.3,30.3,355.0,219.6
10.5,5.7,262.0,119.3,26.3,30.4,349.7,223.7
10.5,5.6,262.5,119.3,26.3,30.4,354.7,224.6
10.5,5.6,263.2,119.3,26.3,30.4,352.4,224.7
10.4,5.6,263.7,119.3,26.3,30.4,354.0,225.9
10.3,5.4,263.0,119.3,26.3,30.4,354.3,225.2
10.2,5.3,263.5,119.3,26.3,30.4,353.2,225.1
10.2,5.4,263.7,119.3,26.3,30.4,355.0,225.7
10.2,5.3,263.9,119.3,26.3,30.4,353.7,225.1
10.3,5.4,263.7,119.3,26.3,30.4,352.8,224.4
10.3,5.4,262.3,119.3,26.3,30.4,355.1,224.4
10.3,5.4,262.6,119.3,26.3,30.4,353.7,224.2
10.3,5.4,262.7,119.3,26.3,30.4,354.2,224.2
10.3,5.4,262.6,119.3,26.3,30.4,353.2,224.2
10.3,5.5,262.3,119.3,26.3,30.4,353.9,224.0
10.3,5.4,263.4,119.3,26.3,30.4,355.1,224.2
10.3,5.4,261.6,119.3,26.3,30.4,354.2,224.4
10.3,5.5,262.6,120.0,26.3,30.5,353.9,224.4
10.4,5.5,263.1,120.0,26.3,30.5,353.8,225.2
10.3,5.4,263.2,119.3,26.3,30.5,354.7,225.4
10.3,5.4,263.0,120.0,26.3,30.4,352.0,225.7
10.3,5.4,264.1,120.0,26.3,30.4,354.2,226.2
10.3,5.5,264.1,120.0,26.4,30.5,354.1,225.9
10.3,5.5,264.2,120.0,26.3,30.5,352.9,225.7
10.3,5.4,263.6,120.0,26.3,30.4,354.1,226.1
10.3,5.5,263.9,120.0,26.3,30.5,355.3,225.4
10.3,5.4,263.6,120.0,26.3,30.5,353.2,225.0
10.3,5.4,262.5,120.0,26.4,30.5,352.9,224.9
10.3,5.4,262.8,120.0,26.4,30.5,354.4,224.5
10.3,5.4,263.1,120.0,26.3,30.5,353.1,223.9
10.3,5.4,262.8,120.0,26.4,30.5,354.0,223.8
10.3,5.4,262.5,120.0,26.3,30.5,351.9,223.4
10.3,5.4,262.3,119.3,26.3,30.5,353.5,223.5
10.3,5.4,262.5,119.3,26.3,30.5,353.6,224.4
10.3,5.4,263.2,120.0,26.4,30.5,354.7,224.8
10.3,5.5,263.2,120.0,26.4,30.5,354.8,225.4
10.3,5.4,263.4,120.0,26.4,30.5,354.6,225.8
10.3,5.4,263.1,120.0,26.4,30.5,353.9,225.8
10.3,5.4,264.4,120.0,26.3,30.5,352.4,226.3
10.3,5.5,263.0,120.0,26.4,30.5,353.7,226.0
10.3,5.4,263.6,120.0,26.4,30.5,355.5,225.8
10.3,5.4,263.8,120.0,26.4,30.5,352.1,225.6
10.3,5.4,263.5,120.0,26.4,30.5,353.2,225.7
10.3,5.4,263.9,120.0,26.4,30.5,353.7,225.1
10.3,5.4,263.4,120.0,26.4,30.5,353.5,224.9
10.3,5.4,263.2,120.0,26.4,30.5,353.9,224.5
10.3,5.4,262.6,120.0,26.4,30.5,353.6,224.2
10.3,5.4,264.6,120.0,26.4,30.5,352.9,223.9
10.2,5.4,262.2,119.3,26.4,30.5,351.9,224.3
10.3,5.4,262.8,120.0,26.5,30.5,354.1,223.9
10.3,5.4,263.3,120.0,26.4,30.5,353.7,223.4
10.2,5.4,263.2,120.0,26.5,30.5,354.1,224.6
10.3,5.4,262.0,120.0,26.4,30.6,354.5,225.1
10.3,5.4,263.0,120.0,26.4,30.6,352.7,225.5
10.3,5.4,263.6,120.0,26.4,30.6,353.1,225.5
10.3,5.4,263.2,120.0,26.5,30.6,353.4,225.8
10.3,5.4,263.6,120.0,26.5,30.6,355.6,225.6
10.3,5.4,262.9,120.0,26.5,30.7,352.3,225.4
10.3,5.4,262.8,120.0,26.5,30.6,354.7,225.2
10.3,5.4,263.4,120.0,26.4,30.6,355.6,224.5
10.3,5.4,261.8,120.0,26.5,30.6,353.2,224.2
10.3,5.4,262.5,120.0,26.5,30.6,353.1,223.5
10.3,5.4,261.9,120.0,26.5,30.6,354.2,223.7
10.3,5.4,262.4,120.0,26.5,30.6,356.3,223.1
10.3,5.4,262.7,120.0,26.5,30.6,354.8,223.2
10.2,5.4,262.5,120.0,26.5,30.6,353.6,223.9
10.3,5.4,262.1,120.0,26.5,30.6,354.9,224.2
10.2,5.4,263.5,120.0,26.5,30.6,354.3,224.3
10.2,5.4,263.0,120.0,26.5,30.6,355.9,224.9
10.2,5.4,263.8,120.0,26.5,30.6,352.4,225.3
10.3,5.4,262.9,120.0,26.5,30.6,354.6,225.4
10.3,5.4,263.2,120.0,26.5,30.6,352.2,225.6
10.2,5.4,262.2,120.7,26.5,30.6,351.3,225.6
10.2,5.4,262.9,120.7,26.5,30.6,354.1,226.2
10.3,5.4,262.7,120.0,26.5,30.6,351.1,225.2
10.2,5.4,263.4,120.0,26.5,30.6,353.8,224.3
10.2,5.3,262.2,120.0,26.4,30.6,353.2,223.6
10.2,5.3,262.2,120.0,26.5,30.6,353.2,223.5
10.2,5.4,261.7,120.0,26.4,30.5,353.3,222.3
10.2,5.4,261.0,120.0,26.5,30.6,354.2,220.7
10.2,5.4,261.0,120.0,26.5,30.5,353.3,220.7
10.2,5.4,262.0,120.0,26.5,30.5,353.7,220.8
10.2,5.4,261.0,120.0,26.5,30.5,353.8,220.6
10.3,5.4,260.7,119.3,26.5,30.5,353.6,221.1
10.2,5.4,262.4,120.0,26.5,30.5,353.3,221.5
10.2,5.4,261.4,120.0,26.5,30.5,353.5,221.9
10.2,5.4,261.7,120.0,26.5,30.5,355.4,221.9
10.2,5.4,261.9,120.0,26.5,30.5,350.8,221.7
10.2,5.4,261.2,120.0,26.5,30.5,353.0,221.2
10.2,5.4,262.3,120.0,26.5,30.5,352.8,220.2
10.2,5.4,261.8,120.0,26.5,30.5,352.6,220.2
10.2,5.4,262.3,119.3,26.5,30.5,353.3,218.5
10.2,5.4,261.8,119.3,26.5,30.5,353.3,218.5
10.2,5.4,262.1,119.3,26.5,30.5,353.9,218.4
10.2,5.4,261.6,119.3,26.5,30.5,353.7,215.6
10.1,5.4,260.9,118.6,26.4,30.5,354.1,215.9
10.2,5.4,261.3,118.6,26.5,30.4,352.8,215.7
10.1,5.4,260.6,118.6,26.5,30.4,355.2,214.3
10.2,5.5,262.7,118.6,26.5,30.4,353.7,214.5
10.2,5.5,261.2,118.6,26.5,30.4,354.4,213.7
10.1,5.4,261.9,118.6,26.5,30.5,353.3,213.3
10.1,5.4,260.6,118.6,26.5,30.4,354.7,212.8
10.1,5.4,261.9,118.6,26.5,30.4,353.7,213.1
10.1,5.4,261.3,118.6,26.5,30.4,353.2,210.7
10.2,5.5,261.2,118.6,26.5,30.4,355.1,210.6
10.1,5.5,260.4,118.6,26.5,30.4,353.7,210.6
10.2,5.5,261.0,118.6,26.5,30.4,353.7,210.6
10.2,5.5,261.9,118.6,26.5,30.4,354.6,209.8
10.2,5.5,260.8,118.6,26.5,30.4,353.2,209.9
10.2,5.5,261.3,118.6,26.5,30.4,354.5,210.3
10.1,5.5,261.6,118.6,26.5,30.4,353.6,210.7
10.2,5.5,261.2,118.6,26.5,30.4,353.2,211.1
10.2,5.6,261.4,118.6,26.5,30.4,354.5,211.3
10.2,5.6,261.8,118.6,26.4,30.4,352.4,211.1
10.1,5.5,262.1,118.6,26.4,30.4,353.5,211.4
10.2,5.5,261.5,118.6,26.4,30.4,352.8,211.3
10.1,5.5,262.2,118.6,26.4,30.4,351.9,211.9
10.2,5.6,262.4,118.6,26.5,30.4,354.7,211.7
10.2,5.6,260.5,118.6,26.5,30.3,354.9,211.6
10.2,5.5,261.8,118.6,26.4,30.4,354.8,211.9
10.2,5.6,261.7,118.6,26.4,30.3,353.9,211.9
10.1,5.6,261.4,118.6,26.5,30.3,350.7,211.5
10.2,5.5,261.6,118.6,26.4,30.4,354.7,211.9
10.2,5.6,261.8,118.6,26.4,30.4,354.5,211.3
10.1,5.5,261.5,118.6,26.5,30.3,354.1,211.6
10.1,5.5,261.0,118.6,26.5,30.4,353.5,211.7
10.1,5.5,261.6,118.6,26.4,30.4,351.4,211.5
10.1,5.5,261.5,118.6,26.5,30.3,353.9,211.3
10.1,5.5,261.9,118.6,26.4,30.4,353.1,211.6
10.1,5.5,262.2,118.6,26.4,30.4,350.1,212.3
10.1,5.5,262.1,118.6,26.4,30.3,354.2,212.2
10.2,5.5,261.7,118.6,26.4,30.4,353.3,211.9
10.1,5.5,261.7,118.6,26.4,30.3,354.1,212.3
10.2,5.6,261.6,118.6,26.4,30.3,352.8,211.6
10.2,5.5,261.4,118.6,26.4,30.3,352.6,211.4
10.1,5.5,261.7,118.6,26.4,30.4,354.4,211.7
10.2,5.6,260.7,118.6,26.4,30.3,354.5,211.0
10.2,5.5,260.6,118.6,26.4,30.3,354.2,210.4
10.2,5.5,260.8,117.9,26.4,30.3,354.4,210.5
10.1,5.5,260.4,118.6,26.4,30.2,353.9,210.6
10.2,5.5,261.0,118.6,26.4,30.3,352.8,210.9
10.2,5.6,260.6,118.6,26.4,30.3,353.3,211.0
10.2,5.6,260.6,117.9,26.4,30.2,353.2,210.8
10.2,5.6,261.0,117.9,26.4,30.2,353.6,211.0
10.1,5.5,260.7,117.9,26.4,30.2,353.9,211.3
10.0,5.4,262.0,117.9,26.4,30.2,354.3,212.1
10.2,5.5,261.8,117.9,26.3,30.2,354.8,211.9
10.2,5.5,262.3,117.9,26.4,30.2,353.8,212.4
10.1,5.5,261.3,117.9,26.4,30.2,353.4,212.7
10.2,5.5,262.7,117.9,26.3,30.2,354.0,212.3
10.2,5.5,260.8,117.9,26.3,30.3,351.9,211.8
10.2,5.5,262.2,117.9,26.3,30.2,354.9,211.5
10.1,5.5,261.1,117.9,26.3,30.2,354.7,211.1
10.2,5.5,260.6,117.9,26.3,30.2,354.4,211.2
10.1,5.5,261.9,117.9,26.3,30.2,353.1,211.7
10.1,5.5,261.8,117.9,26.3,30.2,354.4,212.1
10.2,5.5,261.8,117.9,26.3,30.2,354.7,212.4
10.2,5.5,261.2,117.9,26.3,30.2,352.8,212.2
10.2,5.5,261.2,117.9,26.4,30.2,352.4,212.5
10.2,5.5,261.5,117.9,26.3,30.2,354.2,212.6
10.2,5.5,262.2,117.9,26.3,30.2,352.8,212.7
10.2,5.5,261.5,117.9,26.3,30.2,354.2,212.4
10.2,5.5,261.0,117.9,26.3,30.2,353.7,213.0
10.2,5.5,262.0,117.9,26.3,30.2,351.5,212.3
10.2,5.5,260.0,117.9,26.3,30.2,353.9,216.3
10.1,5.4,260.8,118.6,26.3,30.2,353.9,215.4
10.2,5.4,259.9,118.6,26.3,30.2,350.9,215.3
10.2,5.4,260.2,118.6,26.3,30.2,353.4,215.6
10.2,5.4,261.0,117.9,26.3,30.2,354.5,215.6
10.1,5.4,260.8,118.6,26.3,30.2,354.0,216.3
10.2,5.4,261.2,118.6,26.3,30.2,354.1,216.8
10.2,5.4,261.4,118.6,26.3,30.2,354.8,216.9
10.1,5.4,261.0,118.6,26.3,30.2,354.7,217.5
10.2,5.4,261.6,117.9,26.3,30.2,353.2,217.4
10.2,5.4,262.0,118.6,26.3,30.2,353.1,217.9
10.2,5.4,262.1,118.6,26.3,30.2,355.1,217.6
10.1,5.4,261.9,118.6,26.3,30.2,352.7,216.9
10.1,5.4,261.4,117.9,26.3,30.2,353.5,217.2
10.2,5.5,261.3,117.9,26.3,30.2,354.0,217.1
10.2,5.4,260.1,118.6,26.3,30.2,353.3,216.7
10.1,5.4,261.7,118.6,26.3,30.2,353.3,216.0
10.1,5.4,261.2,117.9,26.3,30.2,351.8,216.0
10.2,5.4,260.2,117.9,26.2,30.2,349.1,216.0
10.1,5.4,260.7,118.6,26.3,30.2,354.0,216.8
10.2,5.4,260.8,118.6,26.3,30.2,353.8,217.5
10.2,5.4,261.2,118.6,26.3,30.2,353.7,217.5
10.2,5.4,261.7,118.6,26.3,30.2,354.2,217.5
10.2,5.5,260.7,118.6,26.3,30.2,354.0,217.7
10.2,5.4,261.7,117.9,26.3,30.2,353.2,217.5
10.2,5.5,261.3,118.6,26.3,30.2,352.8,217.4
10.2,5.5,261.5,118.6,26.3,30.2,352.1,217.0
10.2,5.5,261.8,118.6,26.3,30.2,354.0,216.9
10.2,5.4,261.7,117.9,26.3,30.2,354.5,217.7
10.2,5.5,261.4,118.6,26.3,30.2,353.3,217.8
10.2,5.4,261.2,118.6,26.3,30.2,353.8,217.7
10.2,5.4,261.6,118.6,26.3,30.2,354.8,218.5
10.2,5.4,262.6,117.9,26.3,30.2,352.9,217.8
10.2,5.4,261.9,117.9,26.3,30.2,353.2,217.5
10.2,5.4,262.3,117.9,26.3,30.2,354.4,217.1
10.2,5.4,261.4,117.9,26.2,30.2,354.2,216.8
10.2,5.4,261.4,117.9,26.3,30.2,355.4,216.4
10.1,5.4,261.4,117.9,26.3,30.2,353.6,215.8
10.1,5.4,260.5,117.9,26.3,30.2,353.1,216.2
10.2,5.4,260.3,117.9,26.3,30.2,354.0,216.4
10.2,5.4,260.9,117.9,26.2,30.2,354.0,217.1
10.2,5.4,261.7,117.9,26.2,30.2,352.4,217.6
10.1,5.4,262.4,117.9,26.3,30.2,355.2,217.9
10.1,5.4,261.5,118.6,26.3,30.2,353.6,218.2
10.2,5.4,261.6,118.6,26.3,30.2,352.8,217.9
10.1,5.4,261.7,117.9,26.3,30.2,355.0,217.8
10.1,5.4,261.7,117.9,26.3,30.2,353.0,217.4
10.2,5.4,260.8,117.9,26.3,30.2,354.0,217.0
10.1,5.4,261.2,118.6,26.3,30.2,353.2,217.0
10.2,5.4,260.8,118.6,26.3,30.2,353.8,216.5
10.1,5.4,260.3,118.6,26.3,30.2,354.1,216.2
10.1,5.4,261.8,117.9,26.3,30.2,352.3,216.2
10.1,5.4,260.0,117.9,26.3,30.2,354.7,216.5
10.2,5.4,260.9,118.6,26.3,30.2,354.4,216.8
10.2,5.4,261.2,117.9,26.2,30.2,352.8,216.8
10.0,5.4,260.7,117.9,26.3,30.2,354.6,217.1
10.1,5.4,261.1,117.9,26.3,30.2,353.1,217.5
10.1,5.4,261.2,118.6,26.3,30.2,355.0,217.8
10.1,5.4,260.5,117.9,26.3,30.2,354.1,217.8
10.2,5.4,261.1,117.9,26.3,30.2,351.2,217.4
10.1,5.4,261.2,117.9,26.2,30.2,353.2,216.9
10.1,5.4,260.4,117.9,26.3,30.2,355.2,215.9
10.0,5.3,260.7,117.9,26.2,30.2,353.5,216.1
10.1,5.3,260.7,117.9,26.3,30.2,353.7,215.8
10.0,5.3,260.0,117.9,26.3,30.1,354.8,216.0
10.0,5.3,260.0,117.9,26.2,30.1,353.2,216.8
10.0,5.3,260.9,117.9,26.2,30.2,353.7,217.1
10.0,5.3,261.9,117.9,26.3,30.2,352.1,216.9
10.0,5.3,260.9,117.9,26.2,30.2,352.5,217.3
10.0,5.3,260.9,117.9,26.2,30.2,352.1,217.4
10.1,5.3,261.3,117.9,26.2,30.2,350.7,217.6
10.0,5.4,260.9,118.6,26.2,30.2,353.5,217.7
10.1,5.4,262.0,117.9,26.3,30.2,352.7,217.1
10.0,5.3,262.0,117.9,26.3,30.2,352.0,217.4
10.1,5.4,262.0,117.9,26.3,30.2,353.8,217.1
10.1,5.4,262.0,118.6,26.3,30.2,353.7,216.9
10.0,5.3,261.3,117.9,26.3,30.2,353.5,216.7
10.1,5.4,261.3,117.9,26.2,30.2,352.4,216.6
10.0,5.4,260.1,118.6,26.3,30.2,354.0,216.3
10.1,5.3,260.1,117.9,26.3,30.2,354.5,216.3
10.0,5.3,261.0,117.9,26.2,30.2,354.7,216.2
10.1,5.4,261.5,117.9,26.3,30.2,354.8,216.3
10.0,5.3,261.4,117.9,26.2,30.2,353.7,216.8
10.0,5.3,261.5,117.9,26.3,30.2,353.7,216.2
10.0,5.3,261.0,117.9,26.3,30.2,352.2,216.4
10.1,5.3,261.7,117.9,26.3,30.2,352.5,216.0
10.0,5.3,261.6,117.9,26.3,30.2,355.7,216.7
10.0,5.3,261.5,117.9,26.3,30.2,354.1,216.7
10.0,5.3,261.0,117.9,26.2,30.2,353.2,216.7
10.0,5.3,261.8,117.9,26.2,30.2,353.3,217.0
10.0,5.4,261.6,117.9,26.1,30.2,355.0,216.6
10.1,5.4,261.8,117.9,26.2,30.1,354.3,217.1
10.1,5.4,262.0,117.9,26.2,30.1,354.7,216.9
10.1,5.4,261.6,117.9,26.2,30.1,352.6,216.8
10.0,5.3,260.9,117.9,26.2,30.2,353.5,217.0
10.1,5.4,261.6,117.9,26.2,30.2,353.9,217.4
10.1,5.4,260.5,117.9,26.2,30.1,352.9,216.9
10.0,5.3,261.2,117.9,26.2,30.1,354.9,216.9
10.0,5.3,260.4,117.9,26.1,30.1,354.7,216.7
10.0,5.3,260.1,117.9,26.2,30.2,352.6,216.9
10.0,5.3,260.8,117.9,26.3,30.1,353.3,216.7
10.0,5.3,261.4,117.9,26.2,30.1,351.0,216.5
10.0,5.3,260.6,117.9,26.2,30.1,352.0,216.2
10.0,5.3,260.3,117.9,26.2,30.1,354.3,216.1
9.9,5.3,261.0,117.9,26.1,30.1,353.1,216.2
9.9,5.3,261.0,117.9,26.2,30.1,354.6,216.0
9.9,5.2,261.5,117.9,26.1,30.1,353.9,216.2
9.9,5.2,261.1,117.9,26.1,30.1,353.2,216.3
9.9,5.3,261.3,117.9,26.2,30.1,353.6,216.1
9.9,5.2,261.9,117.9,26.2,30.1,352.9,215.8
9.9,5.3,260.7,117.9,26.1,30.1,352.0,215.8
9.9,5.2,261.1,117.9,26.1,30.1,355.0,215.8
9.9,5.2,261.0,117.9,26.2,30.1,354.1,215.4
9.8,5.2,261.2,117.9,26.2,30.1,353.5,215.5
9.9,5.2,261.0,117.9,26.1,30.0,354.8,214.9
9.9,5.2,259.8,117.9,26.1,30.1,354.1,214.9
9.8,5.2,260.8,117.9,26.1,30.1,353.8,214.9
9.8,5.2,261.0,117.2,26.1,30.1,354.0,214.6
9.8,5.2,260.0,117.2,26.1,30.0,353.4,211.1
9.8,5.2,260.6,117.2,26.1,30.0,353.1,209.4
9.8,5.2,261.4,116.5,26.1,30.0,352.0,209.7
9.8,5.2,260.8,117.2,26.1,30.0,354.4,209.6
9.8,5.2,260.2,116.5,26.2,30.0,355.0,209.5
9.8,5.2,260.3,116.5,26.1,30.0,352.7,209.3
9.7,5.2,260.7,117.2,26.1,30.0,350.0,209.7
9.8,5.2,260.4,117.2,26.1,30.0,354.7,209.9
9.8,5.2,260.1,116.5,26.1,30.0,352.1,209.7
9.8,5.2,261.3,116.5,26.1,30.0,353.3,203.0
9.7,5.2,260.6,115.8,26.1,29.9,353.9,202.9
9.8,5.2,260.0,115.8,26.1,29.9,355.5,202.8
9.8,5.3,260.8,116.5,26.1,29.9,353.0,202.5
9.8,5.3,260.1,116.5,26.1,29.9,354.0,202.4
9.8,5.3,259.7,115.8,26.1,29.9,353.6,202.3
9.7,5.2,260.9,115.8,26.1,29.9,355.7,202.3
9.8,5.2,260.9,115.8,26.1,29.9,354.2,202.5
9.7,5.2,260.6,115.8,26.1,29.8,354.7,202.4
9.7,5.2,261.0,115.8,26.1,29.8,353.4,202.1
9.7,5.2,259.9,115.8,26.1,29.8,353.5,202.3
9.8,5.2,259.7,115.8,26.1,29.9,352.8,202.7
9.7,5.2,261.3,115.8,26.1,29.8,354.2,202.4
9.7,5.2,259.6,115.8,26.1,29.9,354.7,201.7
9.7,5.2,260.7,115.8,26.1,29.8,352.8,201.9
9.7,5.3,261.8,115.8,26.1,29.8,354.0,202.0
9.7,5.2,260.4,115.8,26.0,29.8,353.3,198.2
9.7,5.3,261.5,115.1,26.0,29.7,353.7,197.8
9.7,5.3,260.7,115.1,26.0,29.7,352.3,198.0
9.7,5.3,260.6,115.1,26.0,29.7,352.8,198.0
9.6,5.3,261.5,115.1,26.0,29.7,353.9,197.9
9.7,5.3,261.0,115.1,26.0,29.7,354.9,196.2
9.7,5.3,261.1,115.1,26.0,29.7,354.5,196.0
9.6,5.3,261.6,115.1,26.0,29.6,353.8,195.9
9.7,5.3,260.6,115.1,26.0,29.6,354.3,195.6
9.7,5.3,259.7,115.1,26.0,29.6,352.7,195.6
9.7,5.3,261.3,115.1,26.0,29.6,351.6,195.6
9.7,5.3,261.5,115.1,26.0,29.6,354.4,195.6
9.6,5.3,261.2,115.1,26.0,29.6,354.6,195.2
9.7,5.3,259.9,115.1,26.0,29.6,354.5,195.8
9.8,5.4,261.3,115.1,26.0,29.6,352.8,195.1
9.7,5.3,260.3,115.1,26.0,29.6,353.0,194.9
9.7,5.3,260.5,114.5,26.0,29.6,353.6,195.2
9.7,5.3,260.0,115.1,26.0,29.6,354.9,194.9
9.7,5.3,259.6,114.5,26.0,29.6,353.9,194.4
9.7,5.3,260.3,114.5,25.9,29.6,352.2,192.0
9.7,5.3,259.6,114.5,26.0,29.5,353.5,192.3
9.7,5.4,259.7,114.5,26.0,29.5,355.4,192.6
9.7,5.4,259.9,114.5,26.0,29.5,353.3,192.3
9.7,5.4,259.6,114.5,26.0,29.6,354.0,192.1
9.6,5.3,259.2,114.5,26.0,29.6,354.0,192.1
9.7,5.3,260.5,114.5,26.0,29.6,353.9,192.3
9.7,5.3,260.5,114.5,26.0,29.6,351.9,192.1
9.7,5.3,260.5,114.5,26.0,29.6,355.4,192.2
9.6,5.3,261.4,114.5,26.0,29.6,352.5,192.1
9.7,5.3,260.5,114.5,26.0,29.6,352.7,191.8
9.7,5.3,259.9,114.5,26.0,29.6,354.1,192.3
9.7,5.3,259.3,114.5,26.0,29.6,353.8,192.2
9.6,5.3,259.9,114.5,26.0,29.6,353.9,192.0
9.7,5.3,259.9,114.5,26.0,29.6,353.3,192.5
9.7,5.3,261.0,114.5,26.0,29.6,352.8,192.4
9.7,5.4,260.2,114.5,26.0,29.6,354.5,192.3
9.6,5.3,260.1,114.5,26.0,29.6,355.3,192.2
9.7,5.3,260.4,114.5,26.0,29.6,352.8,192.4
9.7,5.3,260.7,114.5,26.0,29.6,353.0,192.4
9.7,5.3,260.3,114.5,26.0,29.6,354.6,192.5
9.7,5.3,259.9,114.5,26.0,29.6,352.6,192.4
9.6,5.3,261.3,114.5,26.0,29.6,353.1,192.5
9.6,5.3,260.9,114.5,26.0,29.6,351.9,192.5
9.7,5.3,260.8,114.5,26.0,29.6,351.6,192.6
9.6,5.3,260.9,114.5,26.0,29.6,352.0,192.3
9.6,5.3,260.3,114.5,26.0,29.5,352.2,192.4
9.6,5.3,259.6,114.5,26.0,29.6,352.2,192.0
9.7,5.3,260.1,114.5,26.0,29.5,354.3,191.9
9.6,5.3,259.7,114.5,26.0,29.5,353.0,191.6
9.5,5.3,259.9,114.5,26.0,29.6,353.1,191.5
9.6,5.3,260.4,114.5,26.0,29.5,353.0,191.4
9.5,5.3,259.1,114.5,26.0,29.5,353.7,191.4
9.7,5.3,260.3,114.5,26.0,29.5,353.1,191.4
9.6,5.3,260.4,114.5,26.0,29.5,354.6,191.8
9.6,5.3,260.2,114.5,26.0,29.5,354.3,191.8
9.6,5.3,259.5,114.5,26.0,29.5,289.1,182.8
9.6,5.2,236.2,115.1,25.9,29.9,287.0,183.1
9.6,5.2,260.4,115.1,25.9,29.9,283.4,184.3
9.5,5.5,264.5,115.8,25.9,30.0,334.4,183.1
9.5,5.4,263.2,113.1,25.8,29.6,347.4,183.2
9.6,5.5,262.2,113.1,25.9,29.5,346.9,183.2
9.7,5.5,261.6,113.1,25.9,29.4,346.0,185.8
9.7,5.5,261.5,113.8,25.8,29.3,344.2,185.9
9.8,5.6,261.8,113.1,25.8,29.4,375.5,185.9
9.8,5.6,262.9,112.4,25.8,29.2,375.5,185.8
9.7,5.5,262.2,112.4,25.8,29.1,376.0,186.3
9.8,5.6,261.9,112.4,25.8,29.1,375.3,186.6
9.8,5.6,262.7,112.4,25.8,29.2,375.6,186.8
9.8,5.5,263.5,112.4,25.8,29.1,375.9,187.3
9.8,5.6,263.8,112.4,25.8,29.1,374.9,187.2
9.8,5.6,264.2,112.4,25.8,29.1,375.8,189.7
9.9,5.7,264.2,112.4,25.7,29.1,374.6,190.3
9.9,5.6,264.3,112.4,25.7,29.1,374.9,189.6
9.8,5.5,264.1,112.4,25.7,29.1,374.9,189.8
9.8,5.6,263.6,112.4,25.7,29.1,374.5,189.4
9.8,5.6,264.3,112.4,25.7,29.1,374.4,189.1
9.8,5.6,262.9,112.4,25.7,29.1,375.7,189.1
9.9,5.6,263.5,112.4,25.7,29.1,374.3,189.3
9.9,5.6,264.2,112.4,25.6,29.0,374.9,189.0
9.8,5.5,264.3,112.4,25.7,29.1,375.5,189.2
9.8,5.6,263.2,112.4,25.6,29.0,376.5,189.7
9.8,5.6,263.7,112.4,25.7,29.0,373.9,189.8
9.8,5.5,264.3,112.4,25.7,29.1,375.3,189.8
9.8,5.6,264.3,112.4,25.6,29.0,374.9,189.8
9.8,5.6,265.2,112.4,25.7,29.0,376.1,189.6
9.8,5.5,264.3,112.4,25.7,29.0,374.3,189.6
9.8,5.5,264.8,112.4,25.6,29.0,374.9,193.4
9.8,5.4,264.2,113.1,25.6,29.0,376.9,192.9
9.8,5.4,264.8,113.1,25.6,29.1,376.0,193.3
9.8,5.5,263.4,113.1,25.6,29.1,376.5,193.2
9.8,5.5,264.8,113.1,25.6,29.0,376.1,193.4
9.8,5.4,264.8,113.1,25.6,29.1,376.0,193.4
9.8,5.5,265.2,112.4,25.6,29.1,374.4,192.9
9.7,5.4,266.1,112.4,25.6,29.1,376.4,193.3
9.8,5.5,265.0,113.1,25.6,29.1,375.3,193.4
9.8,5.5,265.5,113.1,25.6,29.0,377.2,194.0
9.8,5.5,265.2,113.1,25.6,29.1,377.7,193.3
9.8,5.4,266.0,113.1,25.6,29.1,375.7,193.5
9.8,5.4,265.8,113.1,25.6,29.1,374.4,193.4
9.8,5.4,265.1,112.4,25.6,29.1,375.0,192.8
9.7,5.4,264.7,112.4,25.6,29.1,374.9,192.9
9.7,5.4,266.0,112.4,25.6,29.1,375.7,193.5
9.8,5.4,266.1,112.4,25.6,29.0,374.4,193.6
9.8,5.5,265.2,113.1,25.6,29.1,373.7,193.8
9.8,5.4,265.6,113.1,25.6,29.0,374.9,193.8
9.9,5.5,266.0,113.1,25.6,29.1,375.2,193.9
9.8,5.5,265.8,113.1,25.6,29.1,374.3,193.3
9.8,5.4,266.6,112.4,25.6,29.1,374.6,193.5
9.8,5.4,265.7,113.1,25.6,29.0,376.2,193.4
9.8,5.4,265.5,112.4,25.6,29.1,374.3,193.3
9.8,5.4,265.6,112.4,25.6,29.1,375.6,193.2
9.8,5.5,266.0,113.1,25.6,29.1,375.4,193.1
9.8,5.5,265.6,113.1,25.6,29.1,377.2,193.1
9.8,5.4,265.8,112.4,25.6,29.1,375.5,192.9
9.8,5.4,264.6,112.4,25.6,29.1,375.6,192.8
9.8,5.5,266.2,112.4,25.6,29.1,375.6,192.9
9.8,5.5,265.3,112.4,25.6,29.1,373.6,193.1
9.8,5.5,266.4,112.4,25.5,29.0,377.4,192.8
9.8,5.4,265.9,112.4,25.6,29.1,376.5,192.9
9.8,5.5,265.9,112.4,25.5,29.0,374.9,193.0
9.8,5.5,266.0,112.4,25.5,29.0,374.8,193.2
9.8,5.5,266.0,112.4,25.5,29.0,374.2,192.7
9.8,5.4,266.5,112.4,25.6,29.0,375.8,193.2
9.8,5.4,266.2,112.4,25.5,29.0,373.3,193.2
9.7,5.4,266.4,112.4,25.5,29.0,375.8,193.3
9.7,5.4,266.7,112.4,25.5,29.0,374.9,193.8
9.8,5.5,265.2,112.4,25.5,29.0,376.2,193.5
9.7,5.4,266.8,112.4,25.5,29.0,373.4,194.0
9.8,5.5,267.0,112.4,25.5,29.0,377.2,194.0
9.8,5.4,266.6,112.4,25.5,29.0,376.4,193.1
9.8,5.4,266.9,112.4,25.5,29.0,374.0,192.8
9.7,5.4,266.9,112.4,25.5,29.0,375.4,192.7
9.7,5.4,265.6,112.4,25.5,29.0,377.2,192.5
9.8,5.4,265.9,112.4,25.4,29.0,374.8,192.2
9.8,5.4,266.1,112.4,25.4,28.9,377.1,192.1
9.8,5.4,266.0,112.4,25.3,29.0,375.9,191.8
9.8,5.5,265.3,112.4,25.3,28.9,376.1,191.8
9.8,5.5,266.0,112.4,25.3,29.0,375.3,191.6
9.8,5.5,264.9,112.4,25.3,28.9,374.7,191.2
9.8,5.4,265.6,112.4,25.3,29.0,375.3,191.2
9.7,5.4,265.0,112.4,25.3,28.9,375.7,191.4
9.8,5.4,265.8,112.4,25.3,29.0,373.6,191.5
9.7,5.4,265.2,112.4,25.2,28.9,375.9,191.8
9.8,5.4,265.9,112.4,25.3,28.9,375.6,191.9
9.8,5.4,267.0,112.4,25.3,28.9,375.8,192.2
9.7,5.4,266.4,112.4,25.3,28.9,374.7,192.6
9.8,5.4,266.4,112.4,25.3,28.9,374.4,192.2
9.8,5.4,266.0,112.4,25.3,28.9,375.0,191.9
9.7,5.4,266.1,111.7,25.3,28.9,376.9,191.7
9.7,5.4,266.1,111.7,25.3,28.9,377.2,191.6
9.8,5.4,266.0,111.7,25.2,28.9,376.2,191.4
9.8,5.4,265.8,111.7,25.3,28.9,374.9,191.5
9.8,5.4,266.0,111.7,25.2,28.9,375.9,191.7
9.7,5.4,267.3,111.7,25.2,28.9,376.6,191.7
9.7,5.4,265.6,111.7,25.3,28.9,375.5,191.6
9.7,5.4,266.1,111.7,25.2,28.9,376.0,191.3
9.7,5.4,265.9,111.7,25.2,28.9,375.1,191.1
9.7,5.4,266.1,111.7,25.2,28.9,373.8,191.3
9.7,5.4,265.3,111.7,25.2,28.9,375.8,191.5
9.7,5.4,266.0,111.7,25.2,28.9,375.1,191.5
9.7,5.4,266.7,111.7,25.2,28.9,373.8,191.8
9.8,5.4,266.8,111.7,25.2,28.9,375.4,191.6
9.8,5.4,266.1,111.7,25.1,28.8,376.5,191.7
9.7,5.4,266.7,111.7,25.1,28.8,374.5,191.9
9.8,5.4,266.4,111.7,25.1,28.9,376.5,191.6
9.7,5.4,266.2,111.7,25.1,28.8,373.2,191.6
9.7,5.4,266.9,111.7,25.1,28.8,376.4,192.0
9.8,5.4,266.8,111.7,25.1,28.8,373.2,191.9
9.8,5.4,266.6,111.7,25.1,28.7,374.9,191.9
9.7,5.4,266.5,111.7,25.1,28.7,375.8,191.9
9.7,5.4,266.3,111.7,25.1,28.8,376.5,192.2
9.8,5.4,266.7,111.7,25.1,28.7,375.3,192.0
9.8,5.4,267.3,111.7,25.1,28.7,374.7,191.7
9.7,5.4,266.9,111.7,25.1,28.8,374.5,191.9
9.8,5.4,266.5,111.7,25.1,28.7,375.3,191.4
9.7,5.4,266.3,111.7,25.1,28.7,377.3,191.9
9.7,5.4,266.0,111.7,25.1,28.7,375.2,191.4
9.7,5.4,265.7,111.7,25.1,28.8,375.0,191.7
9.7,5.4,266.6,111.7,25.1,28.7,375.2,191.6
9.7,5.4,265.8,111.7,25.1,28.7,374.3,191.6
9.7,5.4,267.0,111.7,25.1,28.7,376.3,191.4
9.7,5.4,265.8,111.0,25.1,28.7,376.6,191.8
9.8,5.4,266.3,111.0,25.0,28.7,376.4,191.8
9.7,5.4,266.0,111.0,25.1,28.7,374.9,191.7
9.7,5.4,267.0,111.7,25.0,28.7,374.8,192.2
9.7,5.3,266.8,111.0,25.0,28.7,374.1,192.4
9.7,5.4,267.4,111.0,25.1,28.7,375.8,192.5
9.7,5.3,267.3,111.0,25.0,28.7,373.6,192.3
9.7,5.3,267.9,111.0,25.0,28.7,375.4,192.6
9.7,5.3,267.1,111.0,25.0,28.7,374.4,192.5
9.7,5.4,266.9,111.0,25.1,28.7,376.5,191.8
9.7,5.4,266.2,111.0,25.0,28.7,375.3,192.1
9.7,5.4,266.7,111.0,25.0,28.7,375.1,191.5
9.7,5.4,266.7,111.0,25.0,28.7,374.9,192.2
9.8,5.4,267.2,111.0,25.0,28.6,374.5,192.3
9.8,5.5,266.3,111.0,25.0,28.7,376.1,192.0
9.9,5.5,266.6,111.0,25.0,28.7,375.0,192.3
9.9,5.5,266.7,111.0,25.0,28.6,375.8,192.8
9.9,5.6,267.5,111.0,25.0,28.7,375.3,192.9
9.9,5.6,266.6,111.0,25.0,28.6,374.2,193.0
9.9,5.6,266.5,111.0,25.0,28.6,375.5,194.2
9.9,5.6,266.9,111.0,25.0,28.7,374.9,196.2
9.9,5.5,265.8,111.7,24.9,28.7,376.7,196.0
9.9,5.5,267.5,111.0,24.9,28.7,376.1,196.8
9.9,5.6,280.8,111.7,24.9,28.7,374.1,218.2
10.2,5.7,280.9,113.8,25.0,28.8,373.3,217.1
10.1,5.6,280.5,113.8,24.9,28.9,373.6,216.9
10.1,5.5,280.3,113.8,24.9,29.0,376.1,216.9
10.0,5.5,281.2,113.8,25.0,29.0,376.1,217.3
10.1,5.6,281.3,113.8,24.9,29.0,378.1,217.0
10.1,5.5,281.0,113.8,24.9,29.0,373.2,217.4
10.1,5.5,280.6,113.8,24.9,29.0,374.3,217.7
10.1,5.6,280.9,113.8,24.9,29.0,375.5,217.3
10.1,5.6,281.3,113.8,24.9,29.0,374.5,217.4
10.2,5.6,279.8,113.8,24.9,29.0,375.4,217.5
10.2,5.6,280.3,113.8,24.9,29.0,375.4,217.4
10.2,5.6,280.0,113.8,24.9,29.0,376.5,217.9
10.2,5.6,280.5,113.8,24.9,29.0,375.7,217.8
10.1,5.6,281.0,113.8,24.9,29.0,374.5,218.1
10.2,5.6,280.4,113.8,24.9,29.0,374.3,217.9
10.2,5.6,280.7,113.8,24.9,29.0,374.2,218.0
10.1,5.6,280.9,113.8,24.9,29.0,373.9,218.4
10.2,5.6,280.4,113.8,24.9,29.0,373.3,217.5
10.1,5.6,279.5,113.8,24.9,29.0,377.4,217.7
10.2,5.6,279.6,113.8,24.9,29.0,376.7,219.9
10.1,5.5,280.1,113.8,24.9,29.0,374.4,219.7
10.2,5.5,279.6,114.5,24.9,29.0,375.7,220.2
10.2,5.5,280.2,114.5,24.9,29.1,377.3,220.1
10.2,5.5,280.1,114.5,24.9,29.1,375.5,220.1
10.2,5.5,279.3,113.8,24.9,29.0,376.1,220.2
10.2,5.5,280.7,113.8,24.9,29.1,375.5,220.6
10.2,5.5,279.6,113.8,25.0,29.1,376.5,221.0
10.2,5.6,279.7,114.5,24.9,29.1,374.5,221.2
10.2,5.5,279.9,114.5,25.0,29.0,373.9,221.9
10.2,5.5,279.8,114.5,25.0,29.1,375.8,221.5
10.2,5.5,279.6,114.5,24.9,29.1,376.1,221.0
10.1,5.5,279.5,114.5,24.9,29.1,373.9,221.4
10.2,5.5,279.9,114.5,24.9,29.1,374.8,221.2
10.2,5.5,279.7,114.5,25.0,29.1,375.0,221.5
10.3,5.6,279.8,114.5,25.0,29.1,375.8,223.6
10.3,5.5,279.3,114.5,24.9,29.1,376.5,223.7
10.3,5.6,279.1,115.1,25.0,29.1,375.4,224.0
10.3,5.5,280.1,114.5,25.0,29.1,375.7,224.0
10.2,5.5,278.9,114.5,25.0,29.2,375.3,223.5
10.1,5.4,279.5,114.5,25.0,29.2,372.8,222.9
10.0,5.3,281.0,114.5,25.0,29.2,374.0,223.1
10.0,5.3,279.6,114.5,25.0,29.1,374.9,222.5
9.9,5.2,279.2,114.5,25.0,29.1,374.2,222.8
9.9,5.3,280.0,114.5,25.0,29.1,374.4,222.9
9.9,5.3,279.6,114.5,25.0,29.2,376.2,223.1
9.9,5.3,279.4,114.5,25.0,29.1,374.9,223.0
9.9,5.2,279.7,114.5,25.0,29.1,373.8,223.0
9.9,5.2,280.4,114.5,25.0,29.1,373.8,223.0
9.8,5.3,281.0,114.5,25.0,29.2,375.2,222.0
9.9,5.3,278.2,114.5,25.0,29.1,375.8,221.2
9.8,5.2,279.7,114.5,25.0,29.2,374.3,220.9
9.9,5.2,279.4,114.5,25.0,29.2,376.6,219.3
9.8,5.2,278.5,114.5,25.0,29.2,375.0,218.5
9.9,5.2,278.5,113.8,25.1,29.1,374.4,218.1
9.8,5.2,279.0,113.8,25.1,29.2,374.2,218.2
9.8,5.2,278.3,114.5,25.0,29.1,376.8,218.2
9.8,5.2,278.3,114.5,25.1,29.1,376.6,218.3
9.8,5.2,277.5,114.5,25.0,29.1,374.9,219.1
9.8,5.2,278.3,114.5,25.0,29.1,374.0,219.5
9.8,5.2,279.5,113.8,25.0,29.1,375.7,220.0
9.8,5.2,279.7,114.5,25.0,29.1,373.9,220.6
9.8,5.2,279.6,114.5,25.0,29.1,374.3,220.1
9.8,5.2,280.2,114.5,25.0,29.1,375.6,220.2
9.8,5.2,280.4,114.5,25.0,29.1,376.9,220.2
9.8,5.2,279.8,114.5,25.0,29.1,376.9,219.9
9.8,5.2,279.5,113.8,25.0,29.1,373.8,220.2
9.8,5.2,279.9,114.5,25.1,29.1,377.0,218.9
9.7,5.2,280.3,113.8,25.0,29.1,375.0,216.8
9.7,5.2,279.5,113.8,25.0,29.1,374.4,215.0
9.7,5.2,279.7,113.8,25.1,29.0,374.5,214.5
9.7,5.2,279.9,113.8,25.0,29.0,374.3,214.5
9.7,5.2,280.2,113.1,25.0,29.0,372.8,214.9
9.7,5.2,280.1,113.1,25.0,29.0,371.7,211.8
9.7,5.3,280.5,113.1,25.0,29.0,377.6,211.8
9.7,5.2,279.7,113.1,25.0,29.0,374.2,211.8
9.7,5.2,279.6,113.1,25.0,29.0,376.8,211.9
9.7,5.2,279.0,113.1,25.0,28.9,376.3,211.7
9.7,5.2,280.6,113.1,25.0,28.9,374.0,211.9
9.7,5.2,280.2,113.1,25.0,28.9,375.4,211.7
9.7,5.3,279.1,113.1,25.0,28.9,376.3,211.3
9.7,5.2,279.8,113.1,24.9,28.9,374.4,206.1
9.7,5.3,279.3,112.4,24.9,28.9,374.4,203.3
9.6,5.3,278.9,111.7,24.9,28.8,376.8,202.6
9.6,5.3,278.3,112.4,24.9,28.7,375.8,203.4
9.7,5.3,279.0,111.7,24.9,28.7,375.5,199.6
9.7,5.3,278.4,111.7,24.9,28.7,372.6,199.5
9.7,5.3,279.1,111.7,24.9,28.7,375.2,199.8
9.7,5.4,277.9,111.7,24.9,28.7,373.9,199.9
9.7,5.3,278.1,111.7,24.9,28.7,376.3,199.9
9.6,5.3,278.9,111.0,24.9,28.7,376.8,199.8
9.6,5.3,279.6,111.7,24.9,28.7,377.1,200.1
9.7,5.4,279.2,111.0,24.9,28.6,376.4,199.8
9.7,5.3,279.5,111.0,24.9,28.6,374.5,199.8
9.6,5.3,279.6,111.0,24.8,28.6,375.9,199.5
9.7,5.3,278.9,111.0,24.8,28.6,374.7,198.6
9.6,5.4,279.7,111.0,24.8,28.6,376.5,198.4
9.6,5.3,279.5,111.0,24.8,28.6,375.0,197.6
9.6,5.4,278.3,111.0,24.8,28.6,375.1,195.5
9.5,5.3,279.2,111.0,24.8,28.5,375.2,195.9
9.6,5.4,279.3,110.3,24.8,28.5,376.2,195.8
9.6,5.4,279.7,110.3,24.8,28.5,375.2,196.1
9.5,5.3,279.4,110.3,24.7,28.5,374.7,196.3
9.5,5.3,278.4,110.3,24.7,28.4,374.9,196.5
9.5,5.3,278.6,110.3,24.7,28.5,376.6,196.8
9.6,5.3,280.6,110.3,24.7,28.4,374.9,196.7
9.6,5.4,280.2,110.3,24.7,28.4,375.2,196.9
9.6,5.3,279.7,110.3,24.6,28.4,374.9,196.9
9.6,5.3,280.4,110.3,24.6,28.4,374.5,196.6
9.5,5.3,280.5,110.3,24.6,28.4,375.0,196.0
9.5,5.3,279.9,109.6,24.6,28.4,375.5,195.6
9.6,5.3,278.2,109.6,24.6,28.4,375.2,195.5
9.6,5.3,278.9,109.6,24.6,28.3,373.6,195.1
9.6,5.3,278.6,109.6,24.6,28.3,376.0,194.8
9.6,5.4,278.7,109.6,24.6,28.3,376.1,194.7
9.6,5.4,278.2,109.6,24.6,28.3,373.8,194.5
9.5,5.3,278.7,109.6,24.6,28.3,376.7,194.3
9.6,5.3,278.3,109.6,24.6,28.3,374.3,195.1
9.6,5.3,278.9,109.6,24.5,28.2,375.8,194.9
9.5,5.3,278.7,109.6,24.5,28.2,374.7,195.2
9.5,5.3,279.7,109.6,24.6,28.2,375.0,195.6
9.5,5.3,279.0,109.6,24.5,28.2,375.3,195.3
9.5,5.3,278.9,109.6,24.5,28.2,377.3,195.0
9.5,5.3,278.4,109.6,24.5,28.2,375.7,194.9
9.5,5.3,278.9,109.6,24.5,28.2,375.1,194.4
9.5,5.3,278.9,109.6,24.5,28.2,375.1,193.9
9.5,5.3,279.2,108.9,24.5,28.2,376.7,190.2
9.5,5.3,278.6,108.9,24.4,28.1,375.4,190.2
9.5,5.3,278.0,108.9,24.4,28.1,375.8,190.2
9.5,5.3,278.6,108.9,24.5,28.1,375.9,191.0
9.5,5.3,278.6,108.9,24.4,28.1,374.5,190.4
9.5,5.3,279.0,108.9,24.4,28.1,374.3,190.5
9.5,5.3,279.5,108.3,24.4,28.0,375.4,190.7
9.5,5.3,279.8,108.3,24.3,28.0,375.5,187.9
9.4,5.3,279.6,108.3,24.3,27.9,375.3,187.9
9.5,5.4,280.0,108.3,24.4,27.9,374.4,187.7
9.5,5.4,279.2,107.6,24.3,27.9,376.8,187.3
9.5,5.4,278.8,107.6,24.3,27.9,374.4,186.6
9.5,5.4,278.4,107.6,24.3,27.9,374.5,186.5
9.6,5.4,278.9,107.6,24.2,27.9,373.9,186.4
9.5,5.4,279.0,107.6,24.2,27.8,374.4,186.5
9.5,5.4,278.8,107.6,24.2,27.9,375.5,185.9
9.4,5.3,277.3,107.6,24.2,27.9,375.7,187.0
9.5,5.4,278.4,107.6,24.1,27.9,375.3,186.8
9.5,5.4,278.2,107.6,24.2,27.8,374.4,186.6
9.4,5.3,278.6,107.6,24.2,27.8,376.2,186.4
9.5,5.4,279.0,107.6,24.1,27.8,374.6,186.3
9.5,5.4,278.9,107.6,24.1,27.8,374.7,185.9
9.5,5.4,278.1,106.9,24.1,27.8,376.9,185.7
9.5,5.4,278.0,106.9,24.1,27.7,376.1,186.0
9.5,5.4,279.1,106.9,24.1,27.7,374.5,186.4
9.5,5.4,277.9,106.9,24.1,27.8,375.0,186.4
9.5,5.4,278.8,106.9,24.1,27.8,375.7,185.9
9.5,5.4,278.4,106.9,24.0,27.7,373.9,185.9
9.5,5.4,278.3,106.9,24.1,27.7,374.1,185.8
9.4,5.3,278.5,106.9,24.0,27.6,374.1,185.9
9.4,5.3,278.6,106.9,24.0,27.6,376.2,185.9
9.5,5.4,279.4,106.9,24.0,27.6,375.3,186.0
9.5,5.4,278.4,106.9,24.1,27.6,376.1,185.8
9.5,5.3,279.0,106.9,24.0,27.6,374.8,185.9
9.5,5.4,278.9,106.2,23.9,27.6,374.7,186.0
9.4,5.3,279.1,106.2,24.0,27.5,376.7,186.7
9.5,5.4,278.8,106.9,23.9,27.6,375.4,187.1
9.5,5.3,279.6,106.2,24.0,27.6,374.7,187.5
9.4,5.4,280.1,106.2,24.0,27.6,374.0,187.9
9.5,5.4,280.5,106.2,23.9,27.5,373.8,188.6
9.5,5.4,280.3,106.9,23.9,27.5,375.5,188.1
9.5,5.3,280.8,106.2,23.9,27.5,375.1,188.2
9.5,5.4,281.2,106.9,23.9,27.5,374.6,187.8
9.5,5.4,279.6,106.2,23.9,27.5,376.4,187.4
9.5,5.4,280.1,106.2,23.9,27.5,377.3,186.9
9.5,5.4,278.5,106.2,23.8,27.5,375.8,186.5
9.5,5.4,279.1,106.2,23.9,27.5,375.1,186.3
9.4,5.3,279.3,106.2,23.9,27.5,374.8,185.3
9.5,5.4,278.6,106.2,23.9,27.5,375.9,185.1
9.5,5.4,278.0,106.2,23.9,27.5,376.2,185.0
9.5,5.3,278.1,106.2,23.9,27.5,378.2,185.2
9.5,5.3,279.2,106.2,23.8,27.4,374.4,185.7
9.4,5.3,279.4,106.2,23.8,27.4,376.0,186.4
9.5,5.4,280.3,106.2,23.8,27.4,374.1,186.2
9.5,5.4,278.8,106.2,23.8,27.4,375.7,186.4
9.5,5.3,279.5,106.2,23.8,27.4,374.7,186.3
9.4,5.3,278.6,105.5,23.8,27.4,374.6,186.3
9.5,5.3,279.3,105.5,23.8,27.4,374.2,186.0
9.4,5.3,278.4,105.5,23.7,27.4,376.4,185.9
9.5,5.4,279.2,105.5,23.8,27.4,374.8,184.8
9.5,5.3,278.5,105.5,23.8,27.4,373.9,184.3
9.5,5.3,279.0,105.5,23.7,27.4,374.2,184.2
9.5,5.3,278.5,105.5,23.7,27.3,374.2,184.7
9.5,5.4,279.1,105.5,23.7,27.4,373.4,184.8
9.5,5.4,278.1,105.5,23.7,27.3,376.0,185.2
9.5,5.4,277.9,105.5,23.6,27.3,375.7,185.1
9.5,5.4,278.7,105.5,23.7,27.3,374.2,186.4
9.6,5.4,279.8,105.5,23.7,27.3,376.8,187.0
9.5,5.4,278.9,105.5,23.6,27.3,374.0,187.3
9.5,5.4,280.0,105.5,23.6,27.3,375.4,187.6
9.5,5.4,280.8,105.5,23.7,27.3,377.0,187.6
9.5,5.4,279.9,105.5,23.7,27.3,374.7,187.0
9.5,5.4,280.7,105.5,23.6,27.3,373.4,186.4
9.5,5.4,278.8,105.5,23.6,27.3,377.0,186.0
9.5,5.3,279.8,105.5,23.6,27.2,374.2,185.2
9.5,5.3,278.2,105.5,23.6,27.3,375.8,185.0
9.5,5.4,279.0,105.5,23.6,27.3,374.9,184.5
9.4,5.3,277.7,105.5,23.6,27.2,373.7,184.6
9.5,5.4,277.6,104.8,23.6,27.2,375.3,184.2
9.5,5.3,277.8,104.8,23.6,27.3,375.2,184.9
9.4,5.3,278.3,104.8,23.6,27.2,374.0,185.4
9.5,5.4,278.5,104.8,23.6,27.3,374.3,185.6
9.5,5.4,278.2,104.8,23.6,27.2,373.8,185.9
9.5,5.3,278.9,104.8,23.6,27.2,375.3,186.3
9.5,5.4,278.9,104.8,23.5,27.1,375.6,185.8
9.5,5.4,279.1,104.8,23.5,27.1,373.4,185.7
9.5,5.4,279.4,104.8,23.5,27.1,375.9,185.7
9.6,5.4,278.6,104.8,23.6,27.1,374.2,185.3
9.5,5.4,278.7,104.8,23.6,27.1,374.9,184.9
9.5,5.4,278.8,104.8,23.5,27.1,377.4,184.5
9.5,5.4,277.9,104.8,23.5,27.1,372.7,184.1
9.5,5.4,278.2,104.8,23.5,27.1,374.9,184.6
9.5,5.4,278.5,104.8,23.5,27.1,373.9,184.9
9.5,5.4,278.1,104.8,23.5,27.1,375.8,185.0
9.6,5.4,278.7,104.8,23.5,27.1,375.5,185.0
9.5,5.4,277.7,104.8,23.5,27.1,373.4,185.4
9.5,5.4,279.0,104.8,23.5,27.1,374.9,186.1
9.5,5.4,278.4,104.8,23.5,27.1,375.8,186.7
9.5,5.4,279.5,104.8,23.5,27.1,374.6,187.2
9.6,5.4,280.2,104.8,23.5,27.1,375.0,187.3
9.5,5.4,280.2,104.8,23.5,27.1,375.8,186.6
9.5,5.4,280.3,104.8,23.5,27.1,373.5,186.6
9.6,5.4,279.5,104.8,23.5,27.1,374.2,186.1
9.6,5.4,279.5,104.8,23.4,27.1,374.0,186.8
9.8,5.6,279.2,104.8,23.5,27.1,375.2,186.4
9.8,5.6,278.7,104.8,23.5,27.1,373.9,187.6
9.8,5.6,277.6,104.8,23.5,27.1,374.5,186.8
9.9,5.6,276.9,104.8,23.4,27.1,374.0,186.1
9.8,5.6,278.3,104.8,23.5,27.1,375.4,186.0
9.8,5.6,278.1,104.8,23.4,27.1,374.3,190.3
9.8,5.6,278.3,105.5,23.4,27.1,376.4,190.6
9.9,5.6,278.6,105.5,23.4,27.1,375.7,191.5
9.9,5.6,280.1,105.5,23.4,27.1,341.2,192.4
9.9,5.6,267.5,106.2,23.4,27.3,340.3,192.6
9.8,5.4,264.8,107.6,23.4,27.5,310.1,192.9
9.9,5.4,265.5,107.6,23.4,27.6,307.3,193.2
9.9,5.5,265.8,107.6,23.4,27.7,308.1,193.1
9.9,5.5,265.3,107.6,23.4,27.8,309.2,192.4
9.8,5.4,265.2,107.6,23.5,27.8,308.8,191.6
9.7,5.3,264.8,106.9,23.4,27.8,308.9,191.3
9.7,5.3,265.4,107.6,23.5,27.8,310.1,190.7
9.7,5.3,265.9,106.9,23.4,27.8,309.0,191.1
9.9,5.4,265.4,107.6,23.4,27.8,308.7,191.5
10.0,5.5,263.7,107.6,23.4,27.8,308.1,192.2
10.0,5.6,263.8,107.6,23.4,27.8,309.1,192.5
10.0,5.6,272.5,107.6,23.4,27.8,310.2,192.1
9.8,5.5,275.6,106.9,23.4,27.7,336.6,191.9
9.8,5.5,274.6,106.2,23.4,27.5,336.2,192.1
9.8,5.5,275.4,106.2,23.4,27.5,337.4,192.1
9.8,5.6,274.6,106.2,23.4,27.5,337.0,195.8
9.9,5.6,275.3,106.9,23.4,27.5,337.2,195.3
9.9,5.6,275.6,106.9,23.5,27.5,338.7,195.1
9.9,5.6,274.4,106.9,23.5,27.6,338.0,195.6
10.0,5.6,275.7,106.9,23.4,27.5,335.9,196.3
10.0,5.6,275.4,106.9,23.4,27.6,338.5,196.7
10.0,5.7,275.7,106.9,23.4,27.5,337.3,200.8
10.1,5.7,276.2,107.6,23.4,27.6,336.5,202.2
10.2,5.7,276.2,107.6,23.4,27.6,337.2,207.3
10.2,5.6,276.4,108.3,23.4,27.7,338.0,209.7
10.3,5.7,275.5,108.3,23.4,27.8,337.9,214.5
10.3,5.7,276.2,108.9,23.4,27.8,338.4,214.7
10.3,5.6,275.5,108.9,23.4,27.8,336.8,214.6
10.3,5.6,276.1,108.9,23.4,27.9,337.1,214.5
10.3,5.6,275.5,108.9,23.4,27.9,338.3,214.7
10.3,5.6,275.8,108.9,23.4,27.8,334.9,214.4
10.3,5.6,275.6,108.9,23.3,27.8,336.6,213.8
10.3,5.6,275.2,108.9,23.4,27.8,336.9,212.4
10.3,5.6,275.6,107.6,23.4,27.7,368.2,212.5
10.3,5.6,275.0,107.6,23.3,27.5,370.8,211.3
10.2,5.5,275.2,105.5,23.4,27.1,465.3,211.8
10.3,5.6,275.3,106.2,23.6,27.0,465.2,211.6
10.2,5.5,275.6,106.2,23.6,27.1,464.9,211.5
10.1,5.4,275.4,106.2,23.6,27.1,462.5,211.8
10.2,5.5,275.3,106.2,23.6,27.1,464.7,211.6
10.1,5.4,275.4,108.3,23.8,27.1,403.2,212.8
10.2,5.5,276.3,108.3,23.8,27.5,403.0,213.1
10.1,5.4,276.2,108.3,23.8,27.5,401.3,213.0
10.1,5.4,275.1,108.3,23.8,27.6,403.6,213.2
10.0,5.4,276.6,108.3,23.9,27.7,403.7,212.8
10.0,5.4,276.3,108.9,23.9,27.7,405.3,212.7
10.0,5.4,275.2,108.9,23.9,27.8,401.4,212.9
10.2,5.4,275.6,108.9,24.0,27.8,403.8,212.7
10.1,5.5,275.7,108.9,24.0,27.8,400.8,212.6
10.2,5.5,276.0,108.9,24.0,27.9,400.1,212.7
10.2,5.6,275.1,109.6,24.1,27.9,402.2,213.2
10.2,5.5,275.8,109.6,24.1,27.9,401.8,212.9
10.2,5.5,275.6,109.6,24.1,28.0,403.4,212.2
10.1,5.5,274.9,109.6,24.1,28.0,404.0,213.1
10.2,5.5,276.1,109.6,24.2,28.0,403.4,213.1
10.1,5.4,275.0,109.6,24.2,28.0,401.0,213.5
10.1,5.4,275.3,110.3,24.3,28.0,395.5,213.7
10.1,5.4,275.7,110.3,24.3,28.1,404.4,213.5
10.0,5.4,275.3,110.3,24.3,28.1,404.1,213.0
10.1,5.4,275.0,110.3,24.4,28.1,404.9,213.1
10.1,5.4,275.6,111.0,24.5,28.1,403.2,213.4
10.1,5.5,276.0,111.0,24.5,28.3,401.7,213.9
10.1,5.5,275.6,111.0,24.5,28.3,402.2,214.4
10.2,5.5,275.0,111.0,24.6,28.4,404.2,214.8
10.2,5.5,275.7,111.7,24.7,28.4,403.5,215.2
10.2,5.6,276.2,111.7,24.7,28.5,404.5,215.2
10.1,5.5,275.6,111.7,24.8,28.5,403.8,215.0
10.1,5.5,276.3,112.4,24.8,28.6,403.0,215.0
10.1,5.5,275.3,112.4,24.9,28.6,396.2,214.8
10.1,5.5,274.6,112.4,24.9,28.7,396.8,214.6
10.1,5.5,275.7,112.4,24.9,28.7,403.4,214.3
10.1,5.5,274.0,113.1,25.0,28.7,402.7,214.4
10.1,5.4,274.3,113.1,25.1,28.8,403.4,214.8
10.0,5.5,276.6,113.1,25.1,28.9,403.7,214.4
10.1,5.5,275.8,113.1,25.1,28.9,401.4,214.0
10.1,5.5,273.6,113.1,25.1,29.0,402.1,213.9
10.1,5.5,275.2,113.8,25.2,29.0,402.6,214.6
10.1,5.5,274.2,113.8,25.2,29.0,403.0,221.1
10.1,5.5,274.5,114.5,25.3,29.0,399.3,220.9
10.2,5.4,275.0,115.1,25.3,29.2,394.4,220.6
10.1,5.4,274.9,115.1,25.4,29.2,403.9,221.2
10.1,5.4,275.2,115.1,25.4,29.2,400.9,221.5
10.1,5.4,275.8,115.1,25.5,29.3,404.6,222.2
10.1,5.4,275.6,115.8,25.5,29.4,404.2,222.3
10.1,5.4,275.2,115.8,25.5,29.4,404.5,222.3
10.2,5.4,274.8,115.8,25.6,29.5,402.5,222.3
10.1,5.4,275.7,115.8,25.6,29.5,403.0,222.2
10.2,5.4,275.6,115.8,25.6,29.5,404.6,221.7
10.1,5.4,275.6,115.8,25.7,29.5,403.2,221.5
10.1,5.4,275.6,116.5,25.7,29.6,397.2,221.2
10.1,5.4,275.6,116.5,25.8,29.7,403.5,221.3
10.1,5.4,275.0,116.5,25.9,29.7,403.3,223.1
10.1,5.4,274.8,117.2,25.9,29.7,407.1,223.4
10.1,5.4,274.9,117.2,25.9,29.8,403.1,223.7
10.1,5.4,274.3,117.2,25.9,29.8,403.0,223.6
10.1,5.4,275.8,117.2,25.9,29.8,403.9,223.8
10.2,5.4,275.9,117.2,26.0,29.9,403.9,224.4
10.1,5.4,275.8,117.2,26.0,29.9,403.8,225.0
10.1,5.4,274.9,117.9,26.0,29.9,404.6,225.2
10.1,5.4,276.3,117.9,26.1,30.0,405.4,225.6
10.1,5.4,275.7,117.9,26.1,30.0,402.8,225.1
10.1,5.4,276.6,118.6,26.1,30.0,397.1,225.5
10.1,5.4,275.4,118.6,26.1,30.1,402.4,224.2
10.1,5.4,274.4,118.6,26.1,30.1,403.7,224.2
10.2,5.4,274.3,118.6,26.2,30.1,405.7,223.8
10.2,5.5,274.2,118.6,26.3,30.1,404.2,222.7
10.2,5.4,274.4,118.6,26.3,30.2,402.0,221.7
10.1,5.4,273.2,118.6,26.3,30.2,402.4,221.7
10.0,5.4,273.6,118.6,26.4,30.2,403.6,222.0
10.1,5.4,274.6,119.3,26.4,30.2,402.4,222.8
10.0,5.4,274.4,119.3,26.4,30.3,402.4,222.5
10.0,5.4,274.5,119.3,26.4,30.2,403.7,222.6
10.0,5.3,273.8,119.3,26.5,30.3,397.8,222.7
10.0,5.4,274.1,119.3,26.5,30.4,396.4,222.5
10.0,5.3,273.4,119.3,26.5,30.4,404.1,222.5
10.0,5.4,274.8,119.3,26.6,30.4,403.0,222.7
10.0,5.4,274.2,120.0,26.6,30.5,403.5,222.2
10.0,5.4,274.4,120.0,26.6,30.5,404.0,221.8
10.0,5.4,274.5,120.0,26.6,30.5,403.1,221.6
10.0,5.4,273.3,120.0,26.7,30.6,404.8,221.8
10.0,5.4,273.1,120.0,26.8,30.6,404.5,221.6
10.0,5.4,273.8,120.0,26.8,30.6,404.2,221.3
10.0,5.4,272.8,120.7,26.8,30.6,396.2,221.4
10.0,5.3,273.5,120.0,26.7,30.6,404.4,221.1
10.0,5.3,273.6,120.0,26.7,30.6,403.9,221.3
10.0,5.3,274.4,120.0,26.7,30.6,403.8,221.3
9.9,5.3,273.8,120.0,26.6,30.5,403.9,222.2
10.0,5.3,274.9,120.0,26.6,30.5,402.9,222.3
10.0,5.3,273.9,120.0,26.6,30.5,404.3,222.7
9.9,5.3,273.5,120.0,26.6,30.4,404.3,222.8
10.0,5.4,273.9,120.0,26.6,30.5,403.9,221.9
9.9,5.3,274.5,119.3,26.5,30.4,403.0,222.3
10.0,5.3,274.4,119.3,26.5,30.4,404.1,222.7
10.0,5.4,274.4,120.0,26.6,30.4,396.6,222.7
10.0,5.4,274.0,120.0,26.5,30.4,397.9,222.5
10.0,5.4,274.2,119.3,26.6,30.4,403.6,222.7
10.0,5.4,273.2,119.3,26.6,30.4,403.9,222.7
10.0,5.4,273.8,119.3,26.5,30.4,403.6,223.1
10.0,5.4,273.9,120.0,26.6,30.4,403.1,223.4
10.0,5.4,275.9,120.0,26.6,30.4,400.9,223.2
10.0,5.4,275.8,119.3,26.6,30.4,403.9,223.3
10.0,5.3,274.7,119.3,26.5,30.4,402.5,223.3
10.0,5.4,274.3,119.3,26.5,30.4,404.5,223.8
10.0,5.4,274.8,119.3,26.5,30.4,399.4,223.6
10.0,5.4,275.9,119.3,26.5,30.4,398.1,223.8
10.0,5.4,275.4,119.3,26.5,30.4,402.3,223.1
10.0,5.3,274.6,119.3,26.5,30.4,402.7,222.8
10.0,5.4,275.2,118.6,26.4,30.3,401.8,222.7
10.0,5.3,274.5,118.6,26.4,30.2,402.7,223.9
10.0,5.6,296.2,118.6,26.3,30.2,401.6,223.7
10.0,5.6,297.4,117.2,26.3,29.9,489.3,224.7
10.1,5.6,294.8,117.2,26.3,29.7,488.5,225.8
10.1,5.6,295.5,116.5,26.3,29.7,489.1,226.3
10.1,5.6,296.5,116.5,26.2,29.6,488.3,226.7
10.2,5.7,295.7,116.5,26.2,29.6,491.5,226.5
10.2,5.6,294.7,116.5,26.1,29.6,489.1,227.0
10.2,5.7,296.1,116.5,26.1,29.6,482.1,226.5
10.2,5.7,295.4,116.5,26.1,29.5,488.0,226.3
10.2,5.7,295.4,115.8,26.1,29.5,488.1,226.4
10.2,5.6,295.0,115.8,26.0,29.5,487.6,226.1
10.2,5.6,295.2,115.8,26.0,29.4,489.1,226.3
10.2,5.7,296.3,115.8,26.0,29.4,488.2,226.7
10.2,5.7,295.1,115.8,26.0,29.4,490.9,231.4
10.3,5.7,296.4,115.8,25.9,29.4,488.8,233.0
10.3,5.7,296.2,115.8,25.9,29.4,489.5,234.0
10.4,5.7,294.4,115.8,25.8,29.4,489.7,234.8
10.4,5.7,295.3,115.8,25.8,29.4,489.4,234.4
10.3,5.6,295.0,115.8,25.8,29.3,488.5,234.5
10.4,5.7,296.8,115.8,25.7,29.2,488.4,237.9
10.4,5.6,295.8,115.8,25.7,29.2,489.9,238.9
10.4,5.6,294.8,115.8,25.7,29.2,487.9,239.4
10.4,5.6,295.2,115.8,25.7,29.2,486.8,239.0
10.4,5.6,295.4,115.8,25.7,29.2,489.1,241.0
10.4,5.6,296.3,115.8,25.6,29.2,488.0,242.3
10.4,5.6,296.7,115.8,25.6,29.2,483.3,241.8
10.4,5.6,296.2,115.8,25.6,29.2,490.3,242.3
10.5,5.6,297.0,115.8,25.5,29.2,490.3,242.0
10.5,5.6,295.5,115.8,25.5,29.2,488.4,241.7
10.5,5.6,295.9,115.8,25.5,29.2,490.5,244.7
10.5,5.6,296.7,115.8,25.5,29.2,490.3,244.0
10.5,5.6,294.9,115.8,25.5,29.2,489.2,245.0
10.5,5.6,295.6,115.8,25.5,29.2,491.0,245.0
10.5,5.6,295.7,115.8,25.5,29.2,488.2,245.2
10.5,5.6,296.6,115.8,25.5,29.1,490.4,246.4
10.5,5.6,295.8,115.8,25.4,29.1,492.8,247.3
10.5,5.6,296.4,115.8,25.4,29.1,487.5,247.7
10.5,5.5,296.0,115.8,25.4,29.1,490.3,247.8
10.5,5.5,296.7,115.8,25.4,29.1,490.2,247.8
10.5,5.6,297.2,115.8,25.4,29.1,488.2,248.0
10.5,5.5,295.7,115.8,25.4,29.1,489.8,247.7
10.5,5.5,296.1,115.1,25.4,29.1,489.3,247.3
10.5,5.5,297.0,115.1,25.4,29.0,489.9,247.3
10.5,5.6,296.6,115.1,25.3,29.0,486.7,247.1
10.5,5.5,296.3,115.1,25.3,29.0,483.1,246.5
10.5,5.5,296.6,115.1,25.3,29.0,489.6,245.9
10.4,5.5,297.1,115.1,25.3,29.0,488.9,246.4
10.5,5.5,296.4,115.1,25.3,29.0,488.2,246.6
10.5,5.5,295.6,115.1,25.3,29.0,488.9,246.1
10.5,5.5,296.2,115.1,25.3,29.0,489.9,246.5
10.5,5.5,295.6,115.1,25.3,29.0,489.7,245.8
10.5,5.5,296.1,115.1,25.3,29.0,489.5,245.9
10.4,5.5,296.0,115.1,25.3,29.0,490.7,245.9
10.4,5.5,295.7,115.1,25.3,29.0,488.9,246.3
10.4,5.5,295.8,115.1,25.3,29.0,491.6,246.2
10.4,5.5,295.4,115.1,25.3,29.0,488.1,245.6
10.4,5.5,296.4,115.1,25.3,29.0,491.0,245.5
10.4,5.5,297.0,115.1,25.3,28.9,489.0,245.6
10.4,5.5,295.6,115.1,25.3,29.0,489.7,244.9
10.5,5.5,296.0,114.5,25.3,29.0,490.9,244.6
10.5,5.6,296.1,114.5,25.3,29.0,487.7,244.7
10.5,5.6,296.1,115.1,25.3,28.9,489.5,244.3
10.4,5.5,295.7,115.1,25.3,29.0,490.0,245.0
10.5,5.6,295.1,115.8,25.4,29.0,483.6,245.2
10.5,5.6,296.5,115.8,25.4,29.1,489.4,245.7
10.4,5.5,297.0,115.8,25.5,29.1,489.8,245.8
10.5,5.6,295.3,115.8,25.5,29.2,488.7,246.6
10.5,5.6,296.7,115.8,25.6,29.2,489.9,246.4
10.5,5.6,296.3,116.5,25.6,29.2,485.9,248.0
10.5,5.6,296.5,116.5,25.6,29.3,489.9,246.5
10.5,5.5,286.7,116.5,25.7,29.3,491.2,245.9
10.5,5.4,286.4,116.5,25.7,29.4,492.1,245.6
10.4,5.4,286.6,116.5,25.7,29.4,488.5,245.6
10.4,5.4,286.3,116.5,25.8,29.4,488.9,245.2
10.4,5.4,286.6,116.5,25.7,29.4,489.7,244.5
10.4,5.4,286.3,116.5,25.8,29.4,488.7,244.5
10.4,5.4,286.0,116.5,25.8,29.5,487.4,244.1
10.4,5.4,285.7,116.5,25.8,29.5,490.2,244.1
10.4,5.4,287.5,115.8,25.8,29.4,514.9,245.3
10.4,5.4,286.7,117.9,25.9,29.5,458.4,244.1
10.4,5.4,286.9,116.5,25.6,29.5,458.0,244.8
10.5,5.4,286.2,116.5,25.6,29.4,456.6,245.0
10.4,5.4,287.3,116.5,25.5,29.4,457.7,245.3
10.5,5.4,287.8,116.5,25.5,29.4,457.2,245.5
10.4,5.4,287.1,116.5,25.5,29.4,457.0,245.7
10.5,5.4,287.2,116.5,25.6,29.4,456.9,245.5
10.4,5.4,286.7,116.5,25.6,29.4,457.2,244.8
10.3,5.4,287.9,116.5,25.5,29.4,456.7,245.4
10.3,5.3,285.3,116.5,25.6,29.4,457.7,245.1
10.3,5.4,287.2,116.5,25.6,29.5,457.8,245.0
10.4,5.4,287.4,116.5,25.6,29.5,459.0,245.1
10.3,5.3,286.4,116.5,25.6,29.5,456.3,245.3
10.4,5.4,287.1,116.5,25.6,29.5,456.6,245.5
10.4,5.4,287.3,117.2,25.6,29.5,456.6,245.1
10.4,5.4,286.7,116.5,25.7,29.5,455.8,245.0
10.4,5.4,287.1,116.5,25.7,29.5,456.0,245.2
10.4,5.3,287.2,117.2,25.7,29.5,457.2,245.7
10.4,5.4,287.1,117.2,25.7,29.5,455.5,246.0
10.4,5.4,287.5,117.2,25.7,29.5,456.3,245.4
10.4,5.4,286.7,116.5,25.7,29.5,457.7,245.4
10.4,5.4,288.0,117.2,25.7,29.5,458.1,245.0
10.3,5.3,288.5,117.2,25.7,29.5,456.1,244.9
10.4,5.4,287.7,117.2,25.8,29.5,456.6,245.2
10.3,5.4,288.0,117.2,25.8,29.6,457.2,245.0
10.3,5.4,288.3,117.2,25.8,29.6,457.3,244.9
10.4,5.4,288.0,117.2,25.8,29.6,457.3,244.5
10.3,5.3,287.9,117.2,25.8,29.6,458.5,244.8
10.4,5.4,287.8,117.2,25.8,29.6,456.4,244.6
10.3,5.4,288.6,117.2,25.8,29.6,456.6,243.8
10.3,5.3,287.9,117.2,25.8,29.6,457.3,245.2
10.3,5.3,289.0,117.2,25.8,29.7,457.6,245.5
10.4,5.3,287.3,117.2,25.8,29.7,455.4,246.0
10.4,5.4,288.7,117.9,25.9,29.6,457.1,246.8
10.4,5.4,289.0,117.9,25.9,29.7,458.0,247.6
10.4,5.4,288.6,117.9,25.9,29.7,456.9,247.5
10.3,5.4,288.7,117.9,25.9,29.7,457.5,248.3
10.4,5.4,289.7,117.9,25.9,29.7,456.5,248.5
10.4,5.4,289.3,117.9,25.9,29.7,456.2,248.5
10.4,5.4,289.8,117.9,25.9,29.7,457.4,248.3
10.4,5.4,288.8,117.9,25.9,29.7,457.2,247.4
10.4,5.4,289.6,117.9,25.9,29.7,456.4,247.4
10.5,5.4,287.7,117.9,25.9,29.8,457.0,246.6
10.4,5.4,287.5,117.9,25.9,29.8,457.1,246.9
10.5,5.5,287.5,117.9,25.9,29.8,455.3,246.9
10.6,5.5,287.4,117.9,25.9,29.8,458.3,247.8
10.6,5.5,287.5,118.6,25.9,29.8,458.2,250.0
10.5,5.5,286.8,118.6,26.0,29.8,459.4,250.8
10.6,5.5,287.8,118.6,26.0,29.9,456.1,253.2
10.6,5.4,288.0,118.6,26.0,29.9,457.7,251.4
10.5,5.4,287.8,118.6,26.0,29.9,458.1,251.1
10.5,5.4,287.6,118.6,26.0,29.9,458.1,250.6
10.4,5.4,287.8,118.6,26.0,30.0,455.2,250.4
10.4,5.4,289.2,118.6,26.0,29.9,459.3,250.1
10.5,5.4,288.3,118.6,26.0,29.9,456.3,250.2
10.5,5.4,288.5,118.6,26.0,30.0,456.7,250.3
10.4,5.4,288.4,118.6,26.0,30.0,456.6,249.9
10.4,5.4,288.5,119.3,26.0,29.9,457.7,249.1
10.4,5.4,288.2,118.6,26.0,30.0,458.4,248.6
10.4,5.4,288.1,118.6,26.1,30.0,458.0,248.5
10.4,5.4,288.2,118.6,26.1,30.0,456.5,248.3
10.4,5.4,287.8,118.6,26.1,30.0,458.4,249.2
10.4,5.4,287.6,119.3,26.1,30.0,456.4,249.3
10.4,5.4,288.3,119.3,26.1,30.0,457.6,250.0
10.5,5.4,288.2,119.3,26.1,30.1,456.8,250.1
10.5,5.4,288.1,119.3,26.1,30.0,457.0,249.8
10.4,5.4,287.5,119.3,26.1,30.0,457.5,250.0
10.5,5.4,288.0,119.3,26.1,30.0,459.3,249.9
10.5,5.4,287.8,119.3,26.1,30.1,455.7,249.9
10.5,5.4,287.8,119.3,26.3,30.1,458.1,249.4
10.5,5.4,287.3,119.3,26.3,30.1,457.6,249.3
10.5,5.4,288.4,120.0,26.3,30.1,456.8,249.2
10.4,5.4,287.4,119.3,26.3,30.1,456.1,248.9
10.5,5.4,287.4,119.3,26.3,30.1,457.1,249.0
10.4,5.4,287.1,120.0,26.3,30.1,456.3,249.0
10.4,5.4,287.6,119.3,26.3,30.1,456.4,249.1
10.4,5.4,287.0,119.3,26.3,30.2,457.8,249.6
10.4,5.4,286.5,120.0,26.3,30.1,457.8,249.8
10.4,5.4,285.9,120.0,26.3,30.1,458.0,250.0
10.4,5.4,287.5,119.3,26.3,30.2,457.8,250.5
10.5,5.4,286.5,120.0,26.3,30.1,459.1,250.3
10.5,5.4,287.4,120.0,26.3,30.2,456.6,250.6
10.5,5.4,287.1,120.0,26.3,30.2,456.0,250.2
10.4,5.4,286.7,120.0,26.3,30.2,457.4,250.4
10.4,5.4,286.8,120.0,26.3,30.2,457.5,250.5
10.5,5.4,286.8,120.0,26.4,30.2,458.1,250.3
10.5,5.4,286.2,120.0,26.4,30.2,459.8,250.3
10.5,5.4,287.0,120.0,26.4,30.2,458.4,249.4
10.4,5.4,286.0,120.0,26.3,30.2,458.6,249.2
10.5,5.4,286.5,120.0,26.4,30.2,459.0,248.8
10.4,5.4,286.7,120.0,26.4,30.2,456.6,248.9
10.5,5.4,286.1,120.0,26.4,30.2,457.1,248.9
10.5,5.5,286.6,120.0,26.4,30.2,458.6,249.2
10.5,5.4,286.3,120.0,26.4,30.3,458.2,248.8
10.5,5.4,285.3,120.0,26.4,30.3,457.5,249.4
10.5,5.4,285.7,120.0,26.4,30.3,459.3,248.9
10.5,5.4,286.1,120.0,26.4,30.3,457.3,248.8
10.5,5.4,286.4,120.0,26.4,30.2,455.8,248.4
10.5,5.4,285.8,120.0,26.4,30.3,456.0,248.5
10.4,5.4,286.9,120.0,26.4,30.3,458.0,248.1
10.5,5.4,286.2,120.0,26.4,30.3,458.3,248.5
10.5,5.5,285.6,120.7,26.4,30.3,458.2,248.2
10.5,5.5,285.9,120.0,26.5,30.4,457.7,248.5
10.5,5.5,285.6,120.7,26.5,30.4,457.3,248.8
10.5,5.4,286.6,120.0,26.5,30.4,457.7,249.2
10.5,5.4,286.5,120.0,26.5,30.4,458.8,249.5
10.5,5.4,285.6,120.0,26.4,30.3,455.4,249.0
10.5,5.5,287.1,120.0,26.5,30.4,458.8,248.9
10.5,5.4,285.8,120.7,26.5,30.4,457.8,249.0
10.5,5.4,285.8,120.7,26.5,30.4,455.1,248.7
10.5,5.5,285.4,120.7,26.5,30.4,457.7,249.0
10.5,5.5,286.0,120.7,26.5,30.4,457.8,249.2
10.5,5.4,285.5,120.7,26.5,30.4,460.8,249.5
10.4,5.4,285.5,120.7,26.5,30.4,457.4,248.7
10.4,5.4,286.4,120.0,26.5,30.4,458.9,249.2
10.5,5.4,286.2,120.7,26.5,30.4,456.3,249.6
10.5,5.4,285.0,120.7,26.5,30.4,458.4,249.6
10.5,5.4,286.4,120.7,26.5,30.4,457.0,249.3
10.5,5.4,286.3,120.7,26.5,30.4,456.5,248.5
10.5,5.4,286.2,120.7,26.5,30.4,456.1,248.5
10.5,5.4,285.5,120.7,26.5,30.4,459.4,248.3
10.5,5.5,287.3,120.7,26.5,30.4,457.3,248.1
10.5,5.5,286.3,120.7,26.5,30.4,456.3,248.3
10.5,5.5,285.8,120.7,26.5,30.4,459.6,247.8
10.4,5.4,285.3,120.7,26.5,30.4,457.1,248.0
10.5,5.4,285.5,120.7,26.5,30.4,457.1,247.7
10.5,5.4,286.1,120.7,26.5,30.4,458.4,247.4
10.5,5.5,285.4,120.7,26.5,30.4,459.3,247.4
10.5,5.5,284.5,120.7,26.5,30.4,457.2,247.4
10.4,5.4,286.1,120.7,26.5,30.4,459.3,247.7
10.4,5.4,285.4,120.0,26.5,30.4,456.8,248.4
10.4,5.4,285.1,120.7,26.5,30.4,458.1,248.3
10.5,5.4,285.6,120.7,26.6,30.4,458.9,248.5
10.4,5.4,285.9,120.7,26.5,30.4,457.9,248.9
10.5,5.4,286.0,120.7,26.6,30.4,457.6,248.4
10.4,5.4,285.9,120.7,26.6,30.4,459.9,248.6
10.5,5.5,285.8,120.7,26.6,30.4,459.3,248.6
10.5,5.4,284.6,120.7,26.6,30.4,459.3,248.9
10.5,5.4,286.0,120.7,26.6,30.5,455.2,248.6
10.4,5.4,285.4,120.7,26.6,30.4,458.0,248.6
10.4,5.4,285.4,120.7,26.6,30.4,458.6,248.8
10.5,5.4,285.9,120.7,26.6,30.4,457.9,248.0
10.4,5.4,287.2,120.7,26.6,30.4,459.3,247.4
10.4,5.4,285.4,120.7,26.5,30.4,459.6,247.3
10.5,5.5,285.5,120.7,26.6,30.4,458.4,246.1
10.4,5.4,285.3,120.7,26.5,30.4,458.5,246.3
10.4,5.4,285.7,120.7,26.6,30.4,457.7,245.4
10.4,5.4,285.2,120.0,26.6,30.4,458.6,245.1
10.4,5.4,284.7,120.0,26.5,30.4,458.2,245.2
10.5,5.5,285.4,120.0,26.5,30.4,457.1,245.2
10.5,5.5,285.2,120.0,26.5,30.4,457.0,244.5
10.4,5.4,284.7,120.0,26.5,30.4,458.1,244.6
10.4,5.4,285.0,120.0,26.6,30.4,458.0,244.8
10.4,5.4,284.7,120.0,26.5,30.4,458.8,244.8
10.4,5.4,285.8,120.0,26.6,30.4,456.9,245.3
10.4,5.4,284.8,120.0,26.5,30.4,457.7,245.7
10.4,5.5,285.9,120.0,26.5,30.4,455.9,245.5
10.4,5.4,284.2,120.0,26.5,30.4,456.5,245.3
10.4,5.4,285.2,120.0,26.5,30.3,458.1,246.0
10.4,5.4,285.1,120.0,26.5,30.4,457.7,246.4
10.4,5.4,284.7,120.0,26.5,30.3,458.8,246.7
10.5,5.5,284.7,120.0,26.5,30.3,457.7,246.4
10.4,5.4,285.0,120.0,26.5,30.4,457.3,246.4
10.4,5.5,285.9,120.0,26.5,30.4,457.5,245.8
10.5,5.5,285.2,120.0,26.5,30.4,458.0,245.7
10.5,5.5,285.2,120.0,26.5,30.4,457.0,244.8
10.4,5.4,284.7,120.0,26.5,30.4,458.0,245.6
10.5,5.5,283.5,120.0,26.5,30.4,458.3,244.6
10.4,5.4,284.8,120.0,26.5,30.4,457.3,245.6
10.5,5.5,284.0,120.7,26.5,30.4,458.1,245.5
10.5,5.5,284.3,120.0,26.5,30.4,458.0,245.3
10.4,5.4,284.0,120.0,26.5,30.4,459.2,246.4
10.5,5.5,284.9,120.0,26.5,30.4,460.0,248.4
10.4,5.4,284.7,120.7,26.5,30.4,456.9,248.9
10.4,5.4,284.9,120.7,26.5,30.4,455.4,249.2
10.5,5.4,285.2,120.7,26.5,30.4,454.2,249.8
10.5,5.4,284.4,120.7,26.5,30.4,458.6,249.6
10.4,5.4,284.7,120.7,26.5,30.4,457.4,249.1
10.4,5.4,284.9,120.7,26.5,30.4,456.1,248.9
10.4,5.4,283.8,120.7,26.5,30.4,457.2,248.3
10.4,5.4,283.9,120.7,26.5,30.4,457.2,248.3
10.5,5.4,285.1,120.0,26.5,30.4,459.0,248.3
10.5,5.4,284.2,120.7,26.5,30.4,457.9,248.1
10.4,5.4,285.1,120.7,26.5,30.4,457.0,248.1
10.4,5.4,284.2,120.7,26.5,30.4,458.7,247.9
10.4,5.4,284.4,120.7,26.5,30.4,457.2,247.1
10.5,5.4,284.6,120.7,26.5,30.4,457.9,247.1
10.4,5.4,283.5,120.7,26.5,30.4,457.4,247.6
10.5,5.4,284.0,120.7,26.5,30.4,459.8,248.1
10.5,5.4,283.6,120.7,26.5,30.4,459.8,249.1
10.5,5.4,284.7,120.7,26.5,30.5,456.3,248.6
10.5,5.4,283.8,120.7,26.6,30.4,457.9,248.8
10.4,5.4,283.6,120.7,26.5,30.4,458.2,248.9
10.5,5.4,284.4,120.7,26.6,30.4,458.1,249.0
10.4,5.4,284.4,120.7,26.6,30.5,458.1,248.9
10.4,5.4,283.8,120.7,26.6,30.5,458.8,249.0
10.4,5.4,284.7,120.7,26.6,30.5,458.1,248.9
10.4,5.4,283.9,120.7,26.5,30.4,458.1,248.8
10.5,5.4,283.3,120.7,26.6,30.5,455.5,249.1
10.5,5.4,283.6,120.7,26.6,30.5,457.0,248.6
10.4,5.4,283.9,120.7,26.6,30.5,456.7,247.8
10.4,5.3,283.6,120.7,26.6,30.5,457.9,248.3
10.5,5.4,283.9,121.4,26.6,30.5,459.9,248.4
10.5,5.4,284.8,120.7,26.6,30.5,458.2,249.2
10.5,5.4,284.8,121.4,26.6,30.5,459.5,249.5
10.5,5.5,285.4,121.4,26.6,30.5,458.1,249.7
10.5,5.4,284.8,121.4,26.6,30.5,457.1,249.3
10.4,5.4,284.7,121.4,26.7,30.5,455.4,249.2
10.4,5.4,285.0,121.4,26.6,30.5,458.0,248.8
10.5,5.4,284.8,121.4,26.6,30.5,455.9,248.4
10.5,5.4,285.2,120.7,26.6,30.5,457.6,248.0
10.5,5.4,284.8,121.4,26.7,30.5,455.9,248.7
10.5,5.5,284.3,121.4,26.7,30.6,458.4,248.3
10.5,5.5,284.6,121.4,26.7,30.6,457.1,247.6
10.4,5.4,284.0,121.4,26.6,30.5,456.7,247.7
10.5,5.5,284.8,121.4,26.7,30.6,456.9,250.8
10.5,5.4,284.1,121.4,26.7,30.6,458.2,250.4
10.5,5.4,284.6,121.4,26.7,30.6,457.0,249.9
10.4,5.3,284.2,121.4,26.8,30.6,458.4,251.2
10.5,5.4,283.9,121.4,26.7,30.6,454.2,251.2
10.5,5.4,284.3,121.4,26.8,30.6,456.5,251.5
10.5,5.4,285.3,121.4,26.7,30.6,456.1,251.4
10.5,5.4,284.4,121.4,26.7,30.6,457.7,251.3
10.5,5.4,285.0,122.0,26.8,30.6,459.1,251.3
10.5,5.4,284.1,122.0,26.7,30.6,457.5,251.2
10.5,5.4,284.8,122.0,26.8,30.7,457.4,251.4
10.5,5.4,284.2,122.0,26.8,30.6,457.9,250.8
10.4,5.4,284.2,122.0,26.8,30.7,459.3,250.2
10.5,5.4,284.6,122.0,26.8,30.6,458.6,249.1
10.5,5.4,285.0,121.4,26.8,30.7,457.4,248.5
10.5,5.4,284.3,121.4,26.8,30.7,457.7,248.4
10.6,5.5,284.5,121.4,26.8,30.7,458.8,248.3
10.5,5.5,284.9,122.0,26.8,30.7,456.5,248.7
10.6,5.6,285.7,121.4,26.8,30.7,458.3,248.7
10.5,5.4,285.0,121.4,26.8,30.7,456.2,249.0
10.5,5.4,285.1,122.0,26.8,30.7,458.0,249.7
10.5,5.5,285.2,122.0,26.8,30.7,458.0,250.0
10.5,5.5,285.0,122.0,26.8,30.7,458.7,250.5
10.5,5.5,285.4,122.0,26.8,30.7,459.5,250.3
10.6,5.5,284.4,122.0,26.8,30.7,459.3,250.5
10.5,5.5,285.5,122.0,26.9,30.7,457.4,251.5
10.6,5.5,285.0,122.0,26.8,30.7,455.8,250.7
10.5,5.5,285.5,122.0,26.8,30.7,457.8,250.5
10.5,5.4,285.4,122.0,26.9,30.7,458.5,250.9
10.5,5.5,285.4,122.0,26.8,30.7,458.6,251.3
10.6,5.5,285.8,122.0,26.9,30.7,455.8,251.4
10.5,5.5,285.4,122.0,26.9,30.7,456.9,250.9
10.5,5.5,285.0,122.0,26.9,30.7,457.5,251.1
10.6,5.5,285.3,122.7,26.9,30.8,457.4,250.8
10.5,5.5,286.0,122.7,26.9,30.9,456.9,250.9
10.5,5.5,284.8,122.0,26.9,30.9,458.0,251.3
10.6,5.6,285.7,122.7,27.0,30.9,459.9,250.5
10.5,5.4,285.8,122.0,26.9,30.7,458.8,250.4
10.6,5.5,284.5,122.0,26.9,30.8,458.7,249.9
10.6,5.5,285.2,122.0,26.9,30.8,458.6,249.9
10.5,5.5,285.7,122.0,26.9,30.8,458.3,250.1
10.5,5.5,285.5,122.0,26.9,30.8,457.8,250.4
10.6,5.5,285.4,122.0,27.0,30.8,457.9,249.7
10.5,5.5,285.3,122.0,26.9,30.8,456.1,249.2
10.5,5.5,285.3,122.0,26.9,30.8,457.7,249.3
10.5,5.6,285.5,122.0,27.0,30.8,457.0,249.1
10.6,5.6,284.9,122.0,26.9,30.8,458.0,249.3
10.6,5.6,285.6,122.0,27.0,30.9,458.1,249.4
10.6,5.6,285.2,122.0,27.0,30.9,459.1,251.6
10.5,5.5,285.2,122.7,27.0,30.9,460.1,252.2
10.6,5.5,285.5,122.7,27.0,30.9,459.9,251.8
10.5,5.4,285.3,122.7,27.0,30.9,459.0,252.1
10.6,5.5,285.7,122.7,27.0,30.9,459.0,252.2
10.6,5.5,285.7,122.7,27.0,30.9,457.5,251.5
10.6,5.5,285.6,122.7,27.0,30.9,456.1,251.8
10.6,5.6,284.9,122.7,27.0,30.9,459.2,251.4
10.5,5.5,285.5,122.7,27.0,30.9,457.2,250.6
10.5,5.5,285.0,122.7,27.0,30.9,457.5,250.3
10.5,5.5,285.0,122.7,27.0,30.9,458.2,250.3
10.5,5.5,286.0,122.7,27.0,30.9,457.9,250.4
10.5,5.5,286.2,122.7,27.0,30.9,458.7,250.6
10.5,5.5,285.9,122.7,27.0,30.9,458.4,250.2
10.5,5.5,286.1,122.7,27.0,30.9,457.3,250.5
10.6,5.5,285.3,122.7,27.0,30.9,458.9,250.0
10.5,5.5,285.5,122.7,27.0,30.9,457.9,249.4
10.5,5.5,285.2,122.7,27.0,30.9,457.5,249.3
10.5,5.5,286.0,122.7,27.0,30.9,457.5,249.8
10.6,5.5,285.2,122.7,27.0,30.9,457.9,249.6
10.5,5.5,286.0,122.7,27.0,30.9,458.3,250.3
10.5,5.5,286.0,122.7,27.0,30.9,456.2,250.7
10.5,5.5,285.0,123.4,27.1,30.9,456.0,250.5
10.6,5.5,285.0,122.7,27.0,31.0,458.0,252.5
10.6,5.5,284.9,123.4,27.0,31.0,457.0,252.0
10.5,5.5,285.4,123.4,27.1,31.0,459.6,251.5
10.5,5.4,285.8,123.4,27.1,31.0,458.4,251.1
10.5,5.4,285.1,123.4,27.1,31.0,456.6,251.7
10.5,5.5,286.1,123.4,27.1,31.0,456.9,252.5
10.5,5.4,286.2,122.7,27.1,31.0,457.4,253.3
10.5,5.5,285.0,123.4,27.1,31.0,458.3,254.0
10.5,5.5,286.8,123.4,27.1,31.0,458.8,254.4
10.5,5.4,286.9,123.4,27.1,31.1,457.3,255.4
10.6,5.5,287.1,123.4,27.1,31.0,457.7,255.1
10.5,5.4,286.4,123.4,27.1,31.0,457.6,255.7
10.5,5.4,287.0,123.4,27.1,31.0,460.2,256.0
10.5,5.4,286.9,123.4,27.1,31.1,459.1,255.4
10.5,5.4,287.3,123.4,27.1,31.0,458.3,255.4
10.5,5.4,285.9,123.4,27.1,31.1,459.6,254.7
10.5,5.5,286.4,123.4,27.1,31.1,458.4,254.2
10.5,5.5,287.2,123.4,27.1,31.1,457.1,253.8
10.5,5.5,286.8,123.4,27.1,31.1,457.3,253.3
10.5,5.4,286.0,123.4,27.1,31.1,457.7,253.2
10.6,5.5,286.6,123.4,27.2,31.1,457.5,252.9
10.5,5.4,286.0,123.4,27.2,31.1,460.0,253.0
10.5,5.4,286.6,123.4,27.2,31.1,459.2,252.7
10.5,5.4,287.1,123.4,27.1,31.1,457.2,253.0
10.5,5.4,287.1,123.4,27.2,31.1,456.9,253.1
10.5,5.5,286.3,123.4,27.2,31.1,459.0,253.3
10.5,5.5,286.9,124.1,27.2,31.1,440.9,253.6
10.5,5.4,288.2,124.8,27.3,31.2,421.7,253.8
10.5,5.5,287.1,124.8,27.3,31.4,419.2,254.0
10.5,5.5,287.6,124.8,27.3,31.4,417.0,254.2
10.4,5.4,287.9,124.8,27.3,31.4,415.3,254.6
10.5,5.4,286.4,124.8,27.3,31.4,415.9,254.7
10.5,5.4,287.7,124.8,27.3,31.5,415.3,255.2
10.5,5.5,288.4,124.8,27.3,31.5,416.7,255.5
10.5,5.5,288.6,124.8,27.3,31.5,416.5,255.1
10.5,5.5,288.0,125.5,27.3,31.5,417.1,253.9
10.5,5.5,288.1,124.8,27.3,31.5,414.3,253.1
10.5,5.5,287.6,124.8,27.3,31.5,416.3,253.2
10.5,5.5,288.3,124.8,27.3,31.5,416.5,254.3
10.5,5.5,287.7,125.5,27.3,31.5,415.1,254.6
10.5,5.6,288.5,125.5,27.4,31.5,415.7,254.5
10.6,5.6,287.3,125.5,27.4,31.5,415.8,253.5
10.5,5.5,287.8,125.5,27.4,31.5,416.4,253.1
10.5,5.5,288.1,125.5,27.3,31.5,416.4,253.5
10.6,5.6,287.0,125.5,27.3,31.5,416.0,252.7
10.5,5.5,287.7,125.5,27.4,31.5,418.0,253.0
10.5,5.5,287.5,125.5,27.4,31.5,414.0,252.0
10.4,5.5,287.9,124.8,27.4,31.5,414.4,252.6
10.6,5.6,287.5,125.5,27.3,31.6,416.8,252.1
10.5,5.6,287.3,125.5,27.3,31.6,416.7,251.5
10.5,5.6,288.1,125.5,27.4,31.5,416.6,250.9
10.7,5.6,287.5,125.5,27.4,31.5,415.5,251.1
10.5,5.6,287.1,125.5,27.4,31.5,415.8,251.2
10.6,5.6,286.3,125.5,27.4,31.5,414.6,251.8
10.6,5.6,287.8,125.5,27.4,31.6,417.0,252.7
10.6,5.6,287.3,125.5,27.4,31.5,418.1,253.6
10.6,5.6,287.8,125.5,27.4,31.6,415.1,253.0
10.6,5.6,287.3,125.5,27.4,31.6,416.2,253.4
10.6,5.6,288.0,125.5,27.4,31.5,416.2,253.7
10.6,5.6,288.2,125.5,27.4,31.6,414.9,254.3
10.7,5.6,286.8,125.5,27.4,31.6,418.0,253.9
10.6,5.6,287.7,125.5,27.4,31.6,416.7,253.5
10.6,5.6,286.8,125.5,27.4,31.6,416.7,253.6
10.6,5.6,288.5,125.5,27.4,31.6,416.2,253.8
10.7,5.6,287.3,125.5,27.4,31.5,414.8,253.9
10.6,5.6,288.2,125.5,27.4,31.5,414.3,254.3
10.6,5.7,288.2,125.5,27.4,31.5,415.5,254.1
10.7,5.7,288.1,125.5,27.4,31.6,417.0,254.8
10.7,5.7,288.7,125.5,27.4,31.6,416.3,255.0
10.7,5.7,288.3,125.5,27.4,31.6,414.8,255.2
10.7,5.7,288.1,125.5,27.4,31.6,414.4,255.3
10.7,5.7,288.1,125.5,27.4,31.6,418.2,254.5
10.7,5.7,287.2,125.5,27.4,31.6,416.9,253.8
10.7,5.7,288.3,125.5,27.4,31.6,417.0,253.0
10.7,5.7,287.6,125.5,27.4,31.6,418.0,252.4
10.7,5.7,287.3,125.5,27.4,31.6,416.2,251.7
10.7,5.7,288.0,125.5,27.4,31.6,417.5,251.4
10.7,5.7,288.1,125.5,27.4,31.6,416.2,251.2
10.6,5.7,287.5,125.5,27.4,31.5,417.1,251.4
10.7,5.7,287.0,125.5,27.4,31.6,416.7,251.2
10.7,5.7,287.8,125.5,27.4,31.6,415.8,250.8
10.7,5.7,286.4,125.5,27.4,31.6,416.6,250.4
10.7,5.7,287.8,125.5,27.4,31.6,416.3,250.8
10.7,5.7,288.3,125.5,27.4,31.6,416.9,251.0
10.7,5.7,287.5,125.5,27.4,31.6,417.4,251.5
10.8,5.8,288.6,125.5,27.4,31.6,416.2,251.8
10.7,5.8,287.2,125.5,27.4,31.6,415.8,252.7
10.8,5.8,287.3,125.5,27.5,31.6,416.6,252.3
10.8,5.7,288.0,125.5,27.5,31.6,415.3,252.9
10.8,5.8,288.2,126.2,27.5,31.6,417.1,255.7
10.8,5.7,287.1,126.2,27.5,31.7,416.9,255.3
10.7,5.7,287.8,126.2,27.5,31.7,416.1,255.2
10.8,5.7,287.2,126.2,27.5,31.7,415.8,255.1
10.8,5.7,288.2,126.2,27.5,31.7,416.4,255.5
10.8,5.7,286.9,126.2,27.5,31.7,417.8,255.3
10.8,5.7,287.1,126.2,27.5,31.7,417.2,255.5
10.8,5.7,286.8,126.2,27.5,31.7,417.4,255.4
10.7,5.7,287.3,126.2,27.5,31.8,416.9,257.1
10.8,5.7,287.6,126.2,27.5,31.7,415.7,257.6
10.8,5.7,287.1,126.2,27.5,31.8,416.3,256.7
10.7,5.7,288.5,126.2,27.5,31.7,415.1,256.4
10.7,5.7,287.6,126.2,27.5,31.8,415.6,255.5
10.8,5.7,287.6,126.2,27.5,31.8,416.8,255.4
10.8,5.7,286.9,126.2,27.5,31.8,413.4,255.1
10.8,5.7,288.0,126.2,27.5,31.7,416.2,254.6
10.8,5.7,286.6,126.2,27.5,31.7,418.3,254.3
10.7,5.7,288.0,126.2,27.5,31.8,415.8,253.8
10.7,5.7,287.9,126.2,27.5,31.7,416.9,253.4
10.7,5.7,287.4,126.2,27.5,31.7,416.0,253.0
10.7,5.7,288.4,126.2,27.5,31.7,416.5,252.5
10.7,5.7,287.0,126.2,27.6,31.7,415.8,251.7
10.8,5.7,287.2,126.2,27.5,31.7,416.4,251.4
10.8,5.7,287.5,126.2,27.5,31.7,416.4,251.9
10.7,5.7,287.8,126.2,27.5,31.7,416.8,251.5
10.8,5.7,286.6,126.2,27.5,31.7,418.3,252.1
10.7,5.7,287.8,126.2,27.5,31.7,417.0,252.4
10.7,5.7,287.0,126.2,27.5,31.7,414.9,251.6
10.7,5.7,286.7,126.2,27.5,31.7,415.0,251.8
10.7,5.7,287.4,126.2,27.5,31.7,416.9,252.5
10.8,5.7,287.8,126.2,27.5,31.7,416.4,252.4
10.7,5.7,287.1,126.2,27.5,31.8,416.6,252.5
10.7,5.7,287.1,126.2,27.5,31.7,416.8,251.9
10.7,5.7,287.5,126.2,27.5,31.7,416.5,251.3
10.7,5.7,287.9,126.2,27.5,31.7,417.2,251.8
10.7,5.7,286.4,126.2,27.5,31.7,417.0,252.5
10.6,5.7,287.7,126.2,27.5,31.7,417.2,252.4
10.7,5.7,286.8,126.2,27.6,31.7,415.3,252.0
10.7,5.7,287.3,126.2,27.6,31.7,416.7,252.0
10.6,5.7,288.3,126.2,27.5,31.7,416.5,252.1
10.6,5.7,287.7,126.2,27.6,31.7,418.0,252.3
10.6,5.7,288.3,125.5,27.5,31.7,416.4,251.8
10.6,5.7,287.6,125.5,27.5,31.7,416.4,250.7
10.6,5.7,287.6,125.5,27.5,31.6,416.3,250.4
10.7,5.7,289.0,125.5,27.5,31.7,417.0,249.3
10.6,5.7,287.7,125.5,27.5,31.7,416.8,248.0
10.6,5.7,287.8,125.5,27.5,31.7,416.2,247.7
10.6,5.7,288.0,125.5,27.5,31.6,414.8,247.2
10.6,5.7,287.1,125.5,27.5,31.6,416.3,247.5
10.5,5.7,287.4,125.5,27.5,31.6,415.1,247.4
10.6,5.7,288.6,125.5,27.5,31.6,416.0,247.3
10.6,5.7,287.5,125.5,27.5,31.6,418.2,247.9
10.6,5.7,288.4,125.5,27.5,31.6,416.7,248.0
10.6,5.7,287.8,125.5,27.5,31.6,414.7,248.2
10.5,5.7,287.6,125.5,27.5,31.6,415.7,248.5
10.5,5.7,287.4,125.5,27.5,31.6,415.3,251.2
10.5,5.6,287.6,125.5,27.5,31.6,416.7,251.5
10.5,5.6,287.8,125.5,27.5,31.6,416.0,251.4
10.5,5.6,288.8,125.5,27.5,31.6,416.4,251.6
10.6,5.6,287.1,125.5,27.5,31.6,415.4,251.3
10.5,5.6,287.1,125.5,27.5,31.7,416.0,251.4
10.5,5.6,286.7,125.5,27.5,31.7,415.9,251.3
10.6,5.6,287.1,125.5,27.5,31.6,415.6,250.9
10.5,5.6,287.2,125.5,27.5,31.6,414.9,250.7
10.5,5.6,287.2,125.5,27.5,31.6,416.9,251.2
10.5,5.6,286.3,125.5,27.5,31.6,416.7,250.4
10.5,5.6,287.6,125.5,27.5,31.7,416.6,252.5
10.5,5.6,286.4,128.2,27.5,31.7,331.5,249.7
10.5,5.3,267.3,127.6,27.4,32.1,331.9,249.0
10.5,5.3,266.7,127.6,27.3,32.2,329.9,249.2
10.6,5.4,267.4,127.6,27.3,32.2,330.9,248.7
10.5,5.4,267.1,127.6,27.3,32.2,330.6,248.4
10.6,5.4,267.4,127.6,27.3,32.2,330.0,247.8
10.6,5.4,266.5,127.6,27.3,32.2,331.1,247.6
10.6,5.4,266.7,127.6,27.3,32.2,331.1,247.7
10.6,5.4,267.0,127.6,27.2,32.2,330.5,248.1
10.7,5.4,267.2,127.6,27.3,32.2,330.2,248.1
10.7,5.5,267.2,127.6,27.3,32.2,331.2,247.9
10.7,5.5,267.2,127.6,27.3,32.2,331.3,248.7
10.7,5.5,267.6,127.6,27.3,32.2,331.1,249.7
10.8,5.6,266.0,127.6,27.3,32.2,329.7,249.8
10.8,5.6,266.5,127.6,27.3,32.2,331.9,250.2
10.8,5.6,267.1,127.6,27.4,32.3,330.7,250.6
10.9,5.6,267.1,128.2,27.3,32.2,328.9,250.0
10.8,5.6,266.5,127.6,27.3,32.2,330.6,249.9
10.9,5.6,266.4,128.2,27.4,32.3,329.4,250.6
10.8,5.6,265.7,128.2,27.4,32.3,329.9,250.9
10.9,5.7,266.6,128.2,27.4,32.4,330.0,250.5
10.8,5.6,266.5,128.2,27.4,32.4,330.9,250.7
10.8,5.6,266.9,128.2,27.4,32.4,329.4,250.4
10.7,5.5,266.8,128.2,27.4,32.4,330.2,250.3
10.7,5.5,266.1,128.2,27.5,32.4,330.8,250.1
10.7,5.5,266.5,128.2,27.5,32.4,329.8,250.4
10.7,5.5,266.3,128.2,27.5,32.4,329.8,250.5
10.7,5.5,266.5,128.2,27.5,32.5,328.9,250.4
10.7,5.5,265.9,128.2,27.5,32.5,329.9,250.2
10.7,5.5,265.3,128.9,27.5,32.5,328.5,250.3
10.7,5.5,265.7,128.9,27.5,32.5,329.9,250.6
10.7,5.5,265.7,128.9,27.6,32.5,332.3,249.8
10.7,5.5,265.2,128.9,27.5,32.5,328.6,249.8
10.6,5.4,264.5,128.9,27.6,32.5,331.1,249.2
10.7,5.5,266.0,128.9,27.6,32.5,329.4,249.4
10.7,5.5,264.6,128.9,27.6,32.5,329.0,248.8
10.7,5.5,264.9,128.9,27.6,32.6,330.0,248.7
10.6,5.5,265.4,128.9,27.6,32.5,330.2,246.0
10.6,5.5,265.1,128.9,27.6,32.6,330.7,245.7
10.7,5.5,264.1,128.9,27.7,32.6,330.7,245.7
10.7,5.5,264.3,128.9,27.7,32.5,332.4,245.7
10.6,5.4,264.3,128.9,27.6,32.5,330.5,245.6
10.7,5.5,264.6,128.9,27.7,32.6,329.6,246.1
10.6,5.4,264.6,128.9,27.7,32.5,330.5,245.8
10.6,5.4,265.4,128.9,27.7,32.6,330.7,245.6
10.6,5.4,264.3,128.9,27.7,32.6,331.1,245.4
10.5,5.4,263.5,128.9,27.8,32.6,329.5,245.0
10.5,5.4,264.4,128.9,27.8,32.6,330.5,244.7
10.5,5.4,263.7,128.9,27.8,32.6,331.3,244.8
10.5,5.4,264.0,128.9,27.8,32.6,329.1,244.0
10.4,5.4,264.5,128.9,27.8,32.6,330.8,243.2
10.5,5.4,263.6,128.9,27.8,32.6,330.9,243.7
10.4,5.4,264.5,128.9,27.8,32.6,330.6,244.1
10.4,5.4,264.6,128.9,27.8,32.6,325.3,244.3
10.5,5.4,265.0,128.9,27.8,32.6,330.9,243.2
10.4,5.4,264.8,128.9,27.8,32.6,330.2,243.1
10.4,5.4,264.9,128.9,27.9,32.6,330.8,243.1
10.4,5.4,265.7,128.9,27.9,32.6,330.8,243.7
10.4,5.4,265.0,128.9,27.9,32.6,330.2,243.6
10.4,5.4,264.2,128.9,27.8,32.7,330.5,243.4
10.4,5.4,264.2,128.9,27.9,32.6,329.3,243.1
10.4,5.4,265.9,128.9,27.9,32.6,330.3,242.3
10.4,5.4,263.8,128.9,27.9,32.6,329.2,238.6
10.4,5.4,264.0,128.9,27.9,32.6,331.6,238.0
10.4,5.4,264.1,128.9,27.9,32.7,329.8,233.5
10.3,5.4,263.8,128.2,27.9,32.6,333.2,233.2
10.4,5.5,264.9,128.2,27.9,32.6,330.8,232.8
10.3,5.4,264.1,128.2,27.9,32.6,328.9,233.4
10.3,5.4,264.3,128.2,27.9,32.5,330.0,233.8
10.3,5.4,263.8,128.2,27.9,32.6,330.4,234.1
10.3,5.4,264.5,128.2,27.9,32.6,332.8,234.8
10.3,5.4,264.8,128.2,27.9,32.6,331.1,235.2
10.3,5.4,265.0,128.2,27.9,32.6,329.6,236.4
10.4,5.4,265.7,128.2,27.9,32.6,330.0,236.7
10.3,5.4,265.2,128.2,28.0,32.6,329.1,236.3
10.3,5.4,264.7,128.2,27.9,32.6,329.2,236.3
10.3,5.4,265.4,128.2,27.9,32.6,330.2,236.5
10.3,5.4,264.9,128.9,28.0,32.6,328.1,235.9
10.3,5.4,264.6,128.2,27.9,32.6,329.8,235.1
10.3,5.4,264.7,128.2,27.9,32.6,330.3,235.0
10.3,5.4,264.3,128.9,28.0,32.6,325.8,234.7
10.3,5.4,264.4,128.2,28.0,32.6,332.5,234.7
10.3,5.4,265.2,128.2,28.0,32.6,330.2,234.6
10.3,5.4,264.6,128.9,28.0,32.6,330.3,234.7
10.3,5.4,263.7,128.2,28.0,32.6,329.2,234.5
10.3,5.4,263.8,128.2,28.0,32.6,330.2,235.7
10.3,5.4,264.9,128.9,28.0,32.6,330.5,236.3
10.3,5.4,264.1,128.9,28.0,32.6,329.9,236.9
10.3,5.4,265.4,128.9,28.0,32.6,328.8,236.7
10.3,5.4,265.7,128.9,28.0,32.6,330.4,236.7
10.3,5.4,265.5,128.2,28.0,32.6,330.5,237.4
10.3,5.4,265.2,128.9,28.0,32.7,329.0,237.5
10.3,5.4,265.7,128.9,28.0,32.6,329.4,236.9
10.3,5.4,265.0,128.9,28.0,32.7,331.1,236.6
10.2,5.3,265.9,128.9,28.0,32.6,328.8,235.8
10.2,5.3,264.8,128.9,27.9,32.6,330.4,235.6
10.2,5.4,264.1,128.9,28.0,32.7,328.6,234.7
10.2,5.3,264.4,128.2,28.0,32.6,329.2,234.4
10.2,5.3,264.7,128.9,28.0,32.6,332.0,233.8
10.2,5.3,263.7,128.9,28.0,32.6,330.6,234.4
10.2,5.3,264.7,128.9,28.0,32.6,329.6,233.3
10.2,5.3,264.1,128.2,28.0,32.6,329.8,233.3
10.2,5.3,264.3,128.2,28.0,32.6,330.7,231.8
10.2,5.3,264.1,128.2,28.0,32.6,330.7,231.2
10.2,5.4,264.3,128.2,28.0,32.6,330.6,231.2
10.2,5.4,264.7,128.2,28.0,32.6,330.9,231.3
10.1,5.3,264.5,128.2,28.0,32.6,330.4,231.0
10.2,5.4,264.7,128.2,28.0,32.5,324.7,230.9
10.2,5.4,264.3,128.2,28.0,32.6,326.5,230.9
10.1,5.3,264.6,128.2,27.9,32.6,329.7,230.4
10.2,5.3,264.2,128.2,28.0,32.6,330.5,231.0
10.2,5.3,264.3,128.2,28.0,32.5,330.9,231.4
10.1,5.3,264.6,128.2,28.0,32.6,330.3,231.6
10.1,5.3,265.3,128.2,28.0,32.6,330.4,231.8
10.1,5.3,265.2,128.2,28.0,32.6,329.1,231.8
10.1,5.3,265.2,128.2,28.0,32.6,330.7,231.6
10.1,5.3,265.0,128.2,28.0,32.6,330.0,231.5
10.1,5.3,264.6,128.2,28.0,32.6,329.0,231.1
10.1,5.3,265.1,128.2,28.0,32.6,328.9,230.5
10.1,5.3,264.7,128.2,28.0,32.6,331.7,230.4
10.1,5.3,263.8,128.2,28.0,32.6,329.8,230.5
10.1,5.3,263.6,128.2,28.0,32.6,328.8,230.2
10.0,5.3,264.5,128.2,28.0,32.6,330.1,230.6
10.0,5.3,264.0,128.2,28.0,32.6,331.2,231.0
10.1,5.3,264.2,128.2,28.0,32.5,329.8,229.1
10.0,5.3,265.7,127.6,28.0,32.5,329.9,229.0
10.0,5.3,265.7,127.6,28.0,32.5,331.9,228.7
10.0,5.3,265.0,127.6,28.0,32.5,331.2,225.8
10.0,5.3,263.5,127.6,28.0,32.5,329.3,226.0
10.0,5.3,265.2,127.6,28.0,32.5,331.6,226.7
10.0,5.3,264.8,127.6,28.0,32.5,331.1,226.0
10.0,5.3,265.7,127.6,28.0,32.5,331.6,226.1
10.0,5.4,265.2,127.6,27.9,32.5,331.7,225.7
10.0,5.3,264.2,126.9,28.0,32.5,330.3,222.2
10.0,5.4,265.4,126.9,28.0,32.5,325.8,222.5
10.0,5.4,265.0,126.9,28.0,32.4,329.5,221.7
10.0,5.4,263.7,126.9,28.0,32.4,330.0,221.6
10.0,5.4,264.7,126.9,28.0,32.4,330.7,221.5
10.0,5.4,264.6,126.9,28.0,32.4,330.9,221.1
10.0,5.4,264.0,126.9,28.0,32.4,329.8,220.8
10.0,5.4,264.1,126.9,28.0,32.4,330.8,220.8
9.9,5.4,264.6,126.9,28.0,32.4,330.4,221.0
10.0,5.4,264.9,126.9,27.9,32.3,330.3,220.9
10.0,5.4,264.3,126.9,28.0,32.4,330.9,221.1
10.0,5.4,264.0,126.9,27.9,32.4,330.0,222.0
10.0,5.4,264.4,126.9,27.9,32.4,330.4,222.3
10.0,5.4,264.7,126.9,28.0,32.4,331.0,222.6
10.0,5.4,265.3,126.9,27.9,32.4,332.0,222.9
10.0,5.4,264.6,126.9,27.9,32.4,328.9,223.2
10.0,5.4,264.7,126.9,28.0,32.4,330.1,223.4
10.0,5.4,265.4,126.9,28.0,32.4,331.6,223.3
10.0,5.4,264.9,126.9,27.9,32.4,333.0,222.9
10.0,5.4,264.7,126.9,27.9,32.4,329.3,222.2
10.0,5.4,264.1,126.9,27.9,32.4,330.7,221.6
10.0,5.4,265.0,126.9,28.0,32.4,330.2,220.8
10.0,5.4,264.1,126.9,27.9,32.4,329.0,220.7
10.0,5.4,264.3,126.9,27.9,32.4,328.8,220.4
10.0,5.4,264.8,126.2,27.9,32.4,329.7,219.6
10.0,5.4,263.4,126.2,27.9,32.4,329.9,220.1
10.0,5.4,263.0,126.2,27.9,32.3,328.8,219.9
10.0,5.4,263.8,126.2,27.9,32.3,329.4,220.5
10.0,5.4,264.8,126.2,27.9,32.4,330.5,222.0
10.0,5.4,264.5,126.9,27.9,32.4,325.3,222.7
10.0,5.4,264.8,126.9,27.9,32.3,332.6,222.7
10.0,5.4,265.3,126.9,27.9,32.3,328.4,222.7
10.0,5.4,264.8,126.2,27.9,32.4,330.4,222.6
10.0,5.4,265.3,126.9,27.9,32.4,329.8,222.4
10.0,5.4,265.0,126.9,27.9,32.4,330.6,222.1
10.0,5.4,264.8,126.2,27.9,32.4,330.0,221.9
10.1,5.4,264.1,126.9,27.9,32.4,330.2,221.8
10.2,5.5,264.2,126.9,27.9,32.3,331.2,222.5
10.3,5.6,264.8,126.9,27.9,32.4,327.6,222.2
10.2,5.6,263.9,126.2,27.9,32.4,331.1,222.2
10.3,5.6,264.3,126.9,27.9,32.4,330.3,222.0
10.3,5.6,264.6,126.9,27.9,32.3,330.2,222.0
10.3,5.6,264.2,126.9,27.9,32.3,328.7,222.2
10.3,5.7,265.0,126.9,27.9,32.3,327.7,223.5
10.3,5.6,263.8,126.9,27.9,32.3,329.7,223.4
10.3,5.6,264.8,126.9,27.9,32.3,331.6,224.3
10.3,5.6,265.1,126.9,27.9,32.3,329.3,223.5
10.1,5.5,264.1,126.9,27.9,32.4,330.8,222.9
10.1,5.5,264.7,126.9,27.9,32.3,330.9,222.9
10.1,5.4,265.3,126.2,27.9,32.3,331.0,222.7
10.0,5.4,264.3,126.2,27.9,32.3,330.5,222.5
10.0,5.4,265.0,126.2,27.9,32.3,330.0,221.8
10.0,5.4,264.8,126.2,27.9,32.3,329.3,222.2
10.1,5.4,264.9,126.2,27.9,32.3,328.3,221.5
10.0,5.4,264.5,126.2,27.9,32.2,329.0,221.8
10.1,5.4,264.8,126.2,27.9,32.2,331.2,222.1
10.1,5.4,264.6,126.2,27.8,32.2,330.2,222.1
10.2,5.5,264.1,126.2,27.9,32.2,326.7,222.9
10.2,5.5,264.2,126.2,27.8,32.2,329.4,223.3
10.2,5.5,264.9,126.2,27.8,32.2,330.8,223.2
10.2,5.6,266.0,126.9,27.9,32.2,328.7,223.9
10.2,5.6,264.7,126.2,27.8,32.3,329.9,223.0
10.2,5.5,264.6,126.2,27.9,32.2,330.2,223.0
10.1,5.5,265.3,126.2,27.8,32.3,331.1,222.0
10.1,5.5,265.0,126.2,27.9,32.2,330.1,221.7
10.1,5.5,264.8,126.2,27.9,32.4,330.5,221.2
10.1,5.5,263.8,126.2,27.9,32.3,329.7,221.6
10.1,5.4,265.4,126.2,27.8,32.2,331.2,221.6
10.1,5.5,265.3,126.2,27.8,32.3,331.5,222.2
10.1,5.5,265.1,126.2,27.9,32.2,328.5,222.5
10.1,5.4,265.9,126.2,27.8,32.2,328.8,222.3
10.1,5.5,265.0,126.2,27.9,32.3,330.3,223.0
10.2,5.5,265.4,126.2,27.9,32.3,330.0,223.6
10.2,5.5,265.3,126.2,27.8,32.2,330.1,223.8
10.1,5.5,264.7,126.2,27.8,32.3,330.8,223.9
10.2,5.5,265.7,126.2,27.9,32.3,330.6,224.4
10.2,5.6,265.6,126.9,27.9,32.3,327.4,227.1
10.2,5.6,265.6,126.9,27.9,32.3,328.7,226.8
10.2,5.5,266.2,126.9,27.8,32.3,330.7,226.2
10.2,5.4,265.4,126.9,27.9,32.4,329.8,226.7
10.2,5.5,265.2,126.9,27.8,32.3,328.1,226.1
10.2,5.5,265.3,126.9,27.9,32.3,329.2,225.3
10.2,5.5,265.5,126.9,27.9,32.4,330.2,224.3
10.1,5.4,264.9,126.9,27.8,32.3,330.4,224.8
10.2,5.4,265.3,126.9,27.9,32.4,331.4,224.3
10.1,5.4,264.2,126.9,27.9,32.4,329.5,224.3
10.2,5.4,264.6,126.9,27.9,32.3,330.1,223.8
10.2,5.5,264.2,126.9,27.9,32.3,329.6,224.4
10.2,5.4,264.6,126.9,27.9,32.3,330.9,224.9
10.2,5.5,264.7,126.9,27.9,32.4,325.2,225.2
10.2,5.5,264.5,126.9,27.9,32.4,329.5,225.7
10.2,5.5,265.0,126.9,27.9,32.4,329.4,225.5
10.2,5.4,264.8,126.9,27.9,32.4,329.7,225.8
10.1,5.4,264.9,126.9,27.9,32.4,331.5,226.1
10.2,5.5,265.1,126.9,27.9,32.4,331.4,225.6
10.1,5.4,265.9,126.9,27.9,32.4,329.9,225.0
10.2,5.4,264.7,126.9,27.9,32.3,330.5,224.5
10.2,5.5,265.0,126.9,27.9,32.4,329.3,224.6
10.2,5.5,265.1,126.9,27.9,32.4,331.8,224.1
10.2,5.4,264.2,126.9,27.9,32.4,328.9,224.4
10.1,5.4,264.9,126.9,27.9,32.3,329.5,225.0
10.2,5.4,263.9,126.9,27.9,32.4,331.1,224.8
10.1,5.4,266.0,126.9,27.9,32.4,330.6,226.0
10.2,5.5,265.2,126.9,27.9,32.3,330.9,226.1
10.2,5.5,266.1,126.9,27.8,32.4,331.3,226.2
10.2,5.5,265.4,126.9,27.9,32.3,327.2,226.0
10.2,5.4,265.6,126.9,27.9,32.3,328.4,225.7
10.2,5.4,265.2,126.9,27.9,32.4,328.6,225.4
10.2,5.4,265.0,126.9,27.9,32.4,330.1,224.6
10.2,5.5,264.4,126.9,27.8,32.4,330.5,223.9
10.2,5.4,264.4,126.9,27.8,32.3,330.3,223.6
10.2,5.4,264.6,126.9,27.9,32.3,330.6,223.7
10.2,5.5,264.5,126.9,27.8,32.3,330.7,224.4
10.2,5.5,264.8,126.9,27.8,32.3,329.6,224.7
10.2,5.5,264.7,126.9,27.8,32.3,326.7,224.7
10.1,5.4,264.9,126.2,27.8,32.4,330.3,225.0
10.2,5.4,266.1,126.9,27.8,32.3,330.8,225.3
10.1,5.4,266.6,126.2,27.8,32.3,329.5,225.2
10.2,5.4,265.2,126.9,27.8,32.3,330.3,225.6
10.1,5.4,264.7,126.9,27.9,32.3,329.6,225.1
10.1,5.4,264.8,126.9,27.9,32.3,329.7,225.2
10.2,5.5,265.1,126.9,27.8,32.3,330.6,225.2
10.2,5.5,263.6,126.9,27.8,32.3,330.0,225.5
10.2,5.4,264.6,126.9,27.8,32.3,330.3,225.2
10.2,5.5,265.2,126.2,27.8,32.3,329.7,225.4
10.2,5.5,264.5,126.2,27.8,32.3,330.5,228.7
10.2,5.4,264.3,126.9,27.8,32.4,329.5,228.7
10.2,5.4,264.7,126.9,27.8,32.4,329.1,227.9
10.2,5.4,264.4,126.9,27.8,32.4,329.0,230.3
10.2,5.4,265.0,127.6,27.8,32.4,332.6,230.3
10.2,5.3,264.3,127.6,27.8,32.4,330.9,230.8
10.2,5.3,265.0,127.6,27.8,32.3,330.2,231.1
10.1,5.3,265.3,127.6,27.8,32.4,329.3,231.4
10.2,5.3,265.1,127.6,27.8,32.4,331.7,231.3
10.2,5.4,265.2,126.9,27.8,32.4,329.2,231.7
10.2,5.4,264.3,126.9,27.8,32.4,330.2,231.6
10.2,5.4,266.2,126.9,27.8,32.4,329.5,231.2
10.2,5.4,265.6,126.9,27.8,32.3,330.2,231.0
10.2,5.4,265.0,127.6,27.8,32.4,330.5,230.3
10.2,5.4,265.7,126.9,27.8,32.4,330.1,229.9
10.2,5.4,264.8,127.6,27.8,32.4,330.8,229.8
10.2,5.4,264.9,127.6,27.8,32.3,329.4,229.5
10.1,5.3,264.7,126.9,27.8,32.4,329.6,229.2
10.2,5.3,264.8,126.9,27.8,32.4,330.6,228.7
10.2,5.3,264.8,126.9,27.8,32.4,329.6,228.4
10.2,5.3,264.0,126.9,27.8,32.4,325.6,228.8
10.0,5.3,265.2,127.6,27.8,32.4,326.9,229.2
10.1,5.3,264.6,126.9,27.8,32.4,330.0,229.8
10.1,5.3,264.9,126.9,27.8,32.4,329.5,230.0
10.1,5.3,264.8,126.9,27.8,32.4,331.6,230.8
10.1,5.3,265.3,127.6,27.8,32.4,329.5,230.6
10.1,5.3,265.3,126.9,27.8,32.4,329.3,229.8
10.0,5.3,264.7,126.9,27.8,32.4,330.6,230.0
10.1,5.3,264.9,126.9,27.8,32.4,329.3,229.5
10.0,5.3,264.7,126.9,27.8,32.4,327.8,229.2
10.0,5.3,265.1,126.9,27.8,32.4,330.0,228.0
10.0,5.2,264.6,126.9,27.8,32.4,329.1,227.8
10.0,5.3,263.1,126.9,27.8,32.3,330.3,227.9
10.0,5.3,264.3,126.9,27.8,32.4,329.3,227.9
10.0,5.2,264.1,126.9,27.8,32.3,329.6,228.5
9.9,5.2,265.1,126.9,27.8,32.4,331.3,229.1
10.0,5.2,264.6,126.9,27.8,32.3,329.2,228.7
9.9,5.2,263.8,126.9,27.8,32.4,329.3,228.7
9.9,5.2,264.8,126.9,27.8,32.4,328.4,228.9
9.9,5.2,265.8,126.9,27.8,32.4,328.5,229.1
9.9,5.2,264.6,126.9,27.8,32.3,331.5,224.6
9.9,5.2,265.0,126.9,27.8,32.4,327.2,225.0
9.9,5.3,265.4,126.9,27.9,32.3,328.5,224.5
9.9,5.2,264.8,126.2,27.8,32.3,329.7,224.3
9.9,5.2,264.3,126.9,27.8,32.3,331.1,221.6
9.8,5.3,264.2,126.2,27.8,32.3,329.7,221.6
9.9,5.3,264.9,126.2,27.8,32.2,329.7,218.2
9.8,5.3,264.3,125.5,27.8,32.2,330.3,218.5
9.9,5.3,264.5,125.5,27.8,32.1,330.9,218.0
9.8,5.3,265.2,125.5,27.8,32.1,331.7,218.5
9.9,5.3,264.9,125.5,27.8,32.1,331.3,218.6
9.9,5.3,264.1,125.5,27.8,32.1,329.4,218.4
9.8,5.3,264.9,125.5,27.8,32.1,328.9,218.9
9.8,5.3,266.2,125.5,27.8,32.1,325.8,218.5
9.9,5.3,265.4,125.5,27.8,32.1,329.6,218.4
9.8,5.3,265.4,125.5,27.8,32.1,330.6,218.4
9.8,5.3,264.3,125.5,27.8,32.0,330.9,218.2
9.8,5.3,264.7,125.5,27.8,32.1,329.4,213.0
9.8,5.3,265.2,124.8,27.7,32.0,329.7,213.0
9.8,5.3,264.6,124.8,27.8,32.0,329.1,213.1
9.8,5.3,265.0,124.8,27.8,32.0,329.7,213.0
9.8,5.3,264.9,124.8,27.8,32.0,329.4,212.5
9.8,5.3,264.3,124.8,27.7,32.0,329.8,212.4
9.8,5.3,264.6,124.8,27.8,32.0,330.0,212.0
9.8,5.3,263.8,124.8,27.7,31.9,329.8,212.5
9.8,5.3,264.7,124.8,27.7,31.9,331.2,212.4
9.8,5.3,265.4,124.8,27.7,31.9,329.1,212.8
9.8,5.3,265.0,124.8,27.7,31.9,330.1,213.1
9.8,5.3,266.1,124.8,27.7,31.9,329.6,211.1
9.7,5.3,265.2,124.1,27.6,31.9,329.7,211.4
9.8,5.3,265.4,124.1,27.7,31.9,328.6,211.2
9.8,5.3,264.9,124.1,27.6,31.9,328.3,211.2
9.7,5.3,265.5,124.1,27.6,31.9,328.7,211.5
9.8,5.3,266.3,124.1,27.6,31.8,329.9,211.8
9.7,5.3,263.8,124.1,27.6,31.9,328.6,204.8
9.7,5.4,265.7,123.4,27.6,31.8,329.9,204.6
9.7,5.4,265.3,123.4,27.6,31.7,329.3,204.4
9.8,5.4,265.6,123.4,27.6,31.8,330.9,203.8
9.7,5.4,265.1,123.4,27.6,31.7,329.4,203.7
9.7,5.4,265.9,123.4,27.6,31.7,328.7,203.0
9.7,5.4,265.2,123.4,27.6,31.7,329.2,203.0
9.8,5.4,264.6,123.4,27.6,31.7,324.8,202.7
9.8,5.4,264.9,123.4,27.6,31.7,330.0,202.0
9.8,5.4,264.4,123.4,27.6,31.7,329.2,202.5
9.8,5.4,265.1,123.4,27.6,31.7,330.8,202.5
9.8,5.4,264.5,123.4,27.6,31.7,327.7,202.7
9.7,5.4,264.3,122.7,27.6,31.7,328.3,203.2
9.8,5.4,265.0,123.4,27.5,31.6,328.4,203.6
9.7,5.4,265.5,122.7,27.5,31.7,330.8,203.1
9.7,5.4,263.8,122.7,27.5,31.6,331.2,203.4
9.7,5.3,265.6,122.7,27.5,31.6,330.3,203.6
9.7,5.4,265.7,122.7,27.5,31.6,329.7,203.7
9.8,5.4,264.4,122.7,27.5,31.7,329.4,203.8
9.7,5.4,264.9,122.7,27.6,31.6,330.2,203.9
9.7,5.4,264.5,122.7,27.5,31.6,329.1,203.6
9.7,5.4,264.9,122.7,27.5,31.6,328.3,203.2
9.7,5.3,264.6,122.7,27.5,31.7,331.1,203.2
9.8,5.4,265.1,122.7,27.5,31.6,331.2,202.8
9.8,5.4,264.7,122.7,27.5,31.6,329.6,202.9
9.7,5.4,263.6,122.7,27.5,31.6,328.7,203.0
9.8,5.4,265.4,122.7,27.5,31.6,330.0,203.0
9.7,5.4,265.1,122.7,27.5,31.6,328.1,203.9
9.8,5.4,264.9,122.7,27.5,31.6,330.2,204.0
9.8,5.4,265.3,122.7,27.5,31.6,329.8,203.7
9.7,5.4,265.2,122.7,27.4,31.6,328.6,203.6
9.7,5.4,264.6,122.7,27.5,31.6,330.2,203.0
9.7,5.4,265.4,122.7,27.5,31.5,329.8,202.7
9.7,5.4,264.9,122.7,27.4,31.5,330.6,202.6
9.7,5.4,264.7,122.7,27.4,31.6,329.5,202.3
9.7,5.4,263.4,122.7,27.5,31.5,329.5,200.1
9.7,5.4,264.7,122.0,27.5,31.5,329.2,200.5
9.8,5.4,263.9,122.7,27.5,31.5,326.6,200.4
9.7,5.4,264.4,122.0,27.4,31.5,331.1,200.6
9.8,5.4,264.8,122.0,27.4,31.5,331.1,200.7
9.7,5.4,265.1,122.0,27.4,31.5,329.9,201.1
9.8,5.4,265.5,122.0,27.4,31.5,330.8,201.2
9.8,5.5,265.4,122.0,27.4,31.5,328.9,200.9
9.8,5.4,264.8,122.0,27.4,31.5,328.9,200.7
9.7,5.4,265.3,122.0,27.4,31.5,330.7,200.2
9.8,5.4,264.6,122.0,27.4,31.5,330.7,199.9
9.7,5.4,264.8,122.0,27.4,31.5,330.0,199.7
9.8,5.4,265.0,122.0,27.4,31.5,330.9,199.4
9.8,5.4,264.0,122.0,27.4,31.5,330.6,195.9
9.7,5.5,264.1,121.4,27.4,31.4,330.2,195.5
9.7,5.5,265.0,121.4,27.4,31.4,328.9,196.1
9.7,5.5,265.0,121.4,27.4,31.4,329.5,196.4
9.8,5.5,265.1,121.4,27.4,31.4,330.5,196.5
9.8,5.5,265.0,121.4,27.4,31.4,329.0,196.4
9.8,5.5,265.8,121.4,27.4,31.4,329.9,191.7
9.7,5.6,264.9,120.7,27.4,31.3,331.4,191.9
9.7,5.5,265.6,120.7,27.4,31.2,330.2,192.2
9.7,5.6,265.3,120.7,27.3,31.2,329.5,191.8
9.7,5.6,265.4,120.7,27.3,31.2,330.1,191.4
9.7,5.6,263.8,120.7,27.3,31.2,329.8,191.0
9.7,5.6,265.6,120.7,27.3,31.2,329.2,190.6
9.7,5.5,264.2,120.7,27.3,31.2,330.2,190.4
9.7,5.6,264.6,120.7,27.3,31.2,329.5,190.1
9.7,5.6,264.7,120.7,27.3,31.2,328.8,190.3
9.7,5.6,264.3,120.7,27.3,31.2,328.7,190.9
9.7,5.6,265.6,120.7,27.3,31.2,330.3,190.6
9.7,5.5,264.5,120.7,27.3,31.2,330.6,191.0
9.8,5.6,265.5,120.7,27.3,31.1,329.5,191.0
9.8,5.6,264.2,120.7,27.3,31.1,328.8,190.7
9.7,5.6,263.5,120.7,27.3,31.1,328.9,190.8
9.7,5.6,264.8,120.7,27.3,31.1,329.9,190.9
9.7,5.6,264.5,120.7,27.2,31.2,325.5,190.8
9.7,5.6,264.4,120.7,27.3,31.1,329.8,190.3
9.7,5.5,264.8,120.0,27.2,31.1,329.3,190.7
9.7,5.6,263.8,120.7,27.2,31.1,329.8,190.5
9.7,5.6,264.7,120.0,27.2,31.1,329.9,190.6
9.7,5.6,263.3,120.0,27.2,31.1,329.3,190.4
9.8,5.6,264.9,120.7,27.2,31.1,329.5,190.2
9.7,5.6,265.0,120.0,27.3,31.1,329.8,189.8
9.7,5.6,265.1,120.0,27.2,31.1,328.9,189.5
9.7,5.5,264.1,120.0,27.2,31.1,329.3,189.6
9.7,5.6,264.7,120.0,27.2,31.1,327.3,189.7
9.7,5.5,264.6,120.0,27.2,31.1,329.3,189.8
9.7,5.6,263.8,120.0,27.3,31.1,330.1,189.8
9.7,5.5,263.9,120.0,27.2,31.1,330.8,190.5
9.8,5.6,263.5,120.0,27.1,31.1,329.3,190.7
9.7,5.5,265.1,120.0,27.1,31.1,329.2,190.9
9.7,5.6,264.8,120.0,27.2,31.1,330.0,190.8
9.7,5.5,264.4,120.0,27.2,31.1,330.0,191.1
9.7,5.6,264.6,120.0,27.1,31.1,329.8,192.6
9.7,5.5,265.2,120.0,27.1,31.1,328.6,192.3
9.7,5.6,265.0,120.0,27.1,31.1,330.7,192.4
9.8,5.6,265.3,120.0,27.1,31.1,329.6,192.3
9.7,5.5,265.3,120.0,27.1,31.1,329.1,192.4
9.7,5.5,265.0,120.0,27.1,31.1,329.0,192.2
9.7,5.5,264.8,120.7,27.1,31.1,325.3,192.5
9.7,5.5,264.3,120.0,27.1,31.1,330.1,192.2
9.7,5.5,263.8,120.0,27.1,31.1,330.1,193.9
9.7,5.5,264.7,120.7,27.1,31.1,329.5,193.6
9.7,5.4,264.9,120.0,27.1,31.1,330.0,193.4
9.7,5.4,264.1,120.0,27.1,31.1,330.1,193.2
9.6,5.4,264.9,120.0,27.1,31.1,328.9,193.7
9.7,5.5,264.3,120.0,27.1,31.1,329.1,193.5
9.7,5.5,264.6,120.0,27.1,31.1,330.6,193.4
9.7,5.4,264.6,120.0,27.1,31.1,330.7,193.5
9.8,5.5,264.6,120.7,27.1,31.1,329.8,194.4
9.7,5.5,264.4,120.7,27.1,31.1,330.4,194.5
9.8,5.5,264.2,120.7,27.1,31.1,329.6,194.4
9.7,5.5,265.1,120.7,27.1,31.1,330.5,194.9
9.8,5.5,264.2,120.7,27.1,31.1,328.6,194.3
9.7,5.5,264.9,120.7,27.1,31.1,328.9,194.9
9.8,5.5,265.2,120.7,27.1,31.1,329.8,194.5
9.7,5.5,264.1,120.7,27.1,31.1,329.8,194.3
9.7,5.5,265.2,120.0,27.1,31.1,329.5,194.5
9.7,5.5,264.7,120.0,27.1,31.1,330.1,195.2
9.8,5.5,264.8,120.0,27.1,31.1,329.4,194.9
9.7,5.5,264.9,120.0,27.1,31.0,328.2,194.7
9.7,5.4,265.9,120.0,27.1,31.1,329.0,194.7
9.7,5.4,263.8,120.0,27.1,31.1,330.3,194.6
9.7,5.5,264.7,120.0,27.1,31.1,328.9,194.5
9.7,5.4,264.2,120.0,27.1,31.1,328.2,194.5
9.7,5.5,264.7,120.0,27.1,31.1,328.4,194.4
9.7,5.4,263.7,120.0,27.1,31.0,330.3,194.8
9.8,5.5,264.9,120.0,27.1,31.1,329.5,194.8
9.7,5.5,264.3,120.0,27.1,31.0,327.9,194.4
9.7,5.5,264.6,120.0,27.1,31.1,329.7,194.6
9.7,5.4,265.2,120.0,27.1,31.0,328.1,193.8
9.7,5.4,264.4,120.0,27.0,31.1,326.8,194.0
9.7,5.4,264.2,120.0,27.0,31.1,329.4,194.1
9.7,5.5,264.6,120.0,27.1,31.0,330.0,194.3
9.7,5.5,264.4,120.0,27.1,31.1,329.9,194.3
9.7,5.4,264.9,120.0,27.0,31.0,328.7,194.1
9.7,5.4,266.0,120.0,27.0,31.0,329.1,194.1
9.7,5.5,264.6,120.0,27.0,31.0,329.0,194.4
9.7,5.5,264.3,120.0,27.0,31.0,330.0,194.2
9.7,5.4,264.8,120.0,27.1,31.0,329.8,194.1
9.7,5.5,264.9,120.0,27.0,31.0,330.5,193.6
9.7,5.4,265.0,120.0,27.1,31.0,330.0,193.9
9.7,5.5,264.2,120.0,27.1,31.0,328.6,193.5
9.7,5.5,264.5,120.0,27.1,31.0,329.5,193.4
9.7,5.5,264.1,120.0,27.0,31.0,326.9,193.0
9.7,5.4,264.1,120.0,27.1,31.0,329.1,192.5
9.7,5.4,264.4,120.0,27.0,31.0,328.4,192.9
9.7,5.4,264.2,120.0,27.0,31.0,331.1,192.8
9.6,5.4,265.1,120.0,27.0,31.0,330.2,193.0
9.7,5.5,264.2,120.0,27.0,31.0,328.7,192.7
9.7,5.4,264.5,120.0,27.0,31.0,330.9,192.8
9.7,5.5,263.5,120.0,27.0,31.0,330.8,192.9
9.7,5.5,263.3,120.0,27.0,31.0,329.8,192.9
9.7,5.4,264.2,119.3,27.0,31.0,328.3,193.0
9.7,5.4,264.4,119.3,27.0,31.0,329.3,192.8
9.7,5.4,264.8,120.0,27.0,31.0,328.6,193.3
9.7,5.5,264.3,120.0,27.0,31.0,328.4,192.9
9.7,5.5,263.6,120.0,27.0,30.9,330.3,193.0
9.7,5.4,264.2,120.0,27.0,31.0,330.8,192.7
9.7,5.5,264.1,119.3,27.0,31.0,328.0,192.3
9.7,5.4,263.9,119.3,27.0,30.9,330.3,193.4
9.8,5.5,265.0,120.0,27.0,30.9,330.7,193.2
9.7,5.4,264.2,119.3,27.0,30.9,329.7,192.9
9.7,5.4,264.2,119.3,27.0,31.0,331.6,192.9
9.7,5.4,264.2,119.3,27.0,30.9,331.6,192.8
9.6,5.4,264.6,119.3,27.0,30.9,324.8,192.8
9.7,5.4,263.6,119.3,27.0,30.9,328.1,192.9
9.7,5.4,264.1,119.3,27.0,30.9,329.0,193.2
9.7,5.4,264.5,119.3,26.9,30.9,329.4,193.1
9.7,5.4,264.0,119.3,27.0,30.9,329.6,192.7
9.6,5.4,265.4,119.3,27.0,30.9,328.9,193.5
9.7,5.4,264.7,119.3,27.0,30.9,329.3,193.7
9.7,5.4,265.3,119.3,27.0,30.9,329.7,193.7
9.6,5.4,264.1,119.3,26.9,30.9,329.5,199.3
9.6,5.3,264.8,120.0,26.9,30.9,329.4,199.3
9.6,5.3,265.4,120.0,26.9,30.9,331.0,199.3
9.7,5.3,265.8,120.0,26.9,31.0,330.0,199.6
9.7,5.3,264.5,120.0,26.9,31.0,329.4,199.6
9.7,5.4,265.8,120.0,26.9,31.0,330.1,199.5
9.7,5.4,264.6,120.0,26.9,31.0,329.2,199.2
9.7,5.3,264.6,120.0,27.0,31.0,330.5,199.0
9.7,5.3,265.5,120.0,26.9,30.9,329.2,199.7
9.7,5.4,263.8,120.0,26.9,31.0,331.7,199.8
9.6,5.3,264.1,120.0,26.9,31.0,330.6,200.0
9.7,5.3,264.5,120.0,26.9,31.0,329.3,200.3
9.7,5.3,265.1,120.0,26.9,31.0,330.3,200.0
9.6,5.3,264.5,120.0,26.9,30.9,328.9,199.7
9.6,5.3,265.5,120.0,26.9,31.0,329.6,199.6
9.6,5.3,264.0,120.0,26.9,30.9,327.8,199.3
9.5,5.3,264.9,120.0,26.9,30.9,330.2,199.0
9.6,5.3,264.4,120.0,26.9,30.9,329.6,198.5
9.7,5.3,264.4,120.0,26.8,30.9,328.7,198.0
9.6,5.3,264.9,119.3,26.9,30.9,327.7,198.2
9.6,5.3,263.7,120.0,26.8,30.9,328.8,198.3
9.6,5.3,264.9,120.0,26.9,30.9,329.8,198.4
9.6,5.3,264.7,119.3,26.9,30.9,328.7,198.4
9.6,5.3,265.0,119.3,26.8,30.9,329.2,199.1
9.5,5.3,265.3,120.0,26.9,30.9,325.4,199.3
9.6,5.3,265.6,120.0,26.8,30.9,328.8,199.4
9.6,5.3,266.1,120.0,26.9,30.9,330.6,199.0
9.6,5.3,264.6,120.0,26.9,30.9,330.2,199.7
9.7,5.3,265.8,120.0,26.9,30.9,330.4,199.3
9.6,5.3,264.1,119.3,26.9,30.9,328.4,198.8
9.6,5.3,264.2,119.3,26.9,30.9,329.8,198.6
9.6,5.3,264.8,119.3,26.8,30.9,327.5,198.3
9.7,5.3,264.1,119.3,26.8,30.9,329.0,198.5
9.5,5.3,265.0,119.3,26.8,30.9,329.8,198.6
9.5,5.3,264.1,119.3,26.9,30.9,328.2,198.0
9.5,5.2,265.2,119.3,26.8,30.8,329.5,198.9
9.5,5.3,265.0,119.3,26.8,30.8,328.4,198.7
9.6,5.3,264.5,119.3,26.8,30.9,331.0,199.1
9.5,5.3,265.3,119.3,26.8,30.9,330.1,198.3
9.5,5.2,265.1,119.3,26.8,30.8,329.2,198.0
9.5,5.3,265.5,119.3,26.8,30.8,329.6,198.1
9.6,5.3,265.4,119.3,26.8,30.8,330.3,197.5
9.5,5.3,264.5,119.3,26.8,30.8,329.4,197.4
9.5,5.3,264.0,119.3,26.8,30.8,329.0,197.1
9.5,5.3,264.9,119.3,26.8,30.8,329.4,197.1
9.5,5.2,265.2,119.3,26.8,30.8,328.6,197.0
9.5,5.3,265.6,119.3,26.8,30.7,330.1,196.9
9.5,5.3,264.3,118.6,26.8,30.7,330.2,196.8
9.5,5.3,265.0,119.3,26.8,30.7,330.3,197.1
9.5,5.2,265.0,119.3,26.8,30.7,329.8,197.7
9.5,5.2,265.1,119.3,26.8,30.7,324.1,197.7
9.5,5.3,265.6,118.6,26.7,30.7,329.2,197.5
9.5,5.2,265.4,119.3,26.7,30.7,328.1,197.0
9.5,5.2,264.6,118.6,26.8,30.7,328.5,197.1
9.5,5.3,264.7,118.6,26.8,30.7,328.7,192.2
9.5,5.3,264.8,118.6,26.8,30.7,330.9,192.2
9.5,5.3,265.9,118.6,26.8,30.7,329.4,191.7
9.4,5.3,264.7,117.9,26.7,30.6,329.2,191.8
9.5,5.3,265.7,118.6,26.8,30.6,329.0,191.3
9.4,5.3,266.0,117.9,26.7,30.6,331.3,191.7
9.5,5.3,265.3,117.9,26.6,30.6,329.7,191.3
9.5,5.3,264.9,117.9,26.7,30.6,328.2,191.3
9.5,5.3,263.9,117.9,26.7,30.6,327.5,191.3
9.5,5.3,264.6,117.9,26.6,30.6,328.8,186.8
9.4,5.3,265.0,117.2,26.6,30.5,328.6,187.7
9.5,5.4,265.2,117.9,26.6,30.5,330.4,188.0
9.5,5.4,266.0,117.2,26.6,30.5,328.8,188.2
9.5,5.4,265.1,117.2,26.6,30.5,327.6,187.9
9.5,5.4,265.7,117.2,26.6,30.5,329.2,187.8
9.5,5.4,266.0,117.2,26.6,30.4,328.4,187.9
9.5,5.4,264.6,117.2,26.6,30.5,327.7,188.0
9.5,5.4,264.7,117.2,26.6,30.5,329.4,187.2
9.4,5.3,264.5,117.2,26.6,30.4,331.8,186.8
9.4,5.3,264.7,117.2,26.6,30.4,327.4,186.9
9.5,5.4,264.3,117.2,26.6,30.4,330.2,186.3
9.5,5.4,264.6,117.2,26.6,30.4,329.7,185.8
9.4,5.3,264.6,117.2,26.6,30.4,329.5,186.0
9.5,5.4,265.6,117.2,26.6,30.4,330.7,186.0
9.5,5.4,264.0,117.2,26.6,30.4,330.7,185.7
9.5,5.4,264.4,117.2,26.5,30.4,329.4,185.8
9.5,5.4,263.8,117.2,26.5,30.4,325.3,186.3
9.5,5.4,264.3,117.2,26.5,30.4,329.6,185.4
9.5,5.3,263.8,117.2,26.5,30.4,330.5,185.7
9.6,5.4,264.6,116.5,26.5,30.4,331.2,185.8
9.4,5.4,263.9,116.5,26.5,30.4,329.3,186.1
9.5,5.4,264.6,116.5,26.5,30.3,329.6,186.2
9.5,5.4,265.1,117.2,26.5,30.4,330.2,186.3
9.5,5.4,264.6,116.5,26.5,30.3,328.6,186.8
9.5,5.4,264.6,116.5,26.5,30.3,329.1,186.7
9.4,5.3,264.9,116.5,26.5,30.3,329.8,186.7
9.5,5.4,265.4,116.5,26.5,30.3,329.1,184.1
9.4,5.4,264.7,116.5,26.5,30.2,330.1,184.4
9.5,5.4,264.7,116.5,26.5,30.2,330.2,184.3
9.5,5.4,264.6,116.5,26.4,30.2,330.6,184.0
9.5,5.4,264.7,116.5,26.4,30.2,329.6,183.6
9.4,5.4,264.8,115.8,26.4,30.1,331.0,177.5
9.5,5.6,266.1,115.8,26.4,30.1,330.0,177.6
9.4,5.5,264.8,115.1,26.4,30.1,329.6,177.2
9.5,5.5,265.2,115.1,26.4,30.0,330.6,176.9
9.4,5.5,264.7,115.1,26.4,30.0,329.1,176.8
9.4,5.5,264.7,115.1,26.4,30.0,329.9,176.9
9.5,5.5,265.3,115.1,26.4,30.0,328.5,177.2
9.5,5.6,264.6,115.1,26.4,30.0,329.4,177.0
9.4,5.5,265.4,115.1,26.3,30.0,329.4,177.8
9.5,5.6,265.3,115.1,26.4,30.0,328.8,177.7
9.5,5.6,265.2,115.1,26.3,30.0,330.3,177.6
9.5,5.5,264.7,114.5,26.3,30.0,329.3,177.6
9.5,5.6,264.3,115.1,26.3,30.0,331.0,177.3
9.4,5.5,265.5,114.5,26.3,30.0,328.2,177.2
9.5,5.5,265.1,114.5,26.3,29.9,329.3,177.1
9.5,5.6,265.0,114.5,26.3,29.9,327.8,177.1
9.5,5.6,264.4,114.5,26.2,30.0,329.5,181.4
9.5,5.4,264.8,115.1,26.2,29.9,324.9,182.0
9.5,5.4,265.5,115.1,26.2,30.0,324.6,182.3
9.5,5.4,264.5,115.1,26.1,30.0,330.8,185.2
9.5,5.4,264.9,115.1,26.1,30.0,328.2,185.4
9.5,5.4,264.1,115.1,26.1,30.0,327.2,186.2
9.5,5.4,265.5,115.8,26.2,30.0,327.8,186.7
9.5,5.4,264.5,115.1,26.1,30.0,329.7,186.7
9.5,5.4,265.0,115.1,26.1,30.0,329.7,186.9
9.5,5.4,264.9,115.1,26.1,30.0,327.0,186.6
9.5,5.3,264.7,115.1,26.1,30.0,331.5,186.2
9.5,5.4,264.6,115.1,26.1,29.9,326.3,185.8
9.5,5.3,265.3,115.1,26.1,29.9,329.3,186.1
9.5,5.4,264.3,115.1,26.1,30.0,328.5,186.4
9.7,5.4,265.3,115.1,26.1,29.9,329.7,187.2
9.8,5.6,265.1,115.8,26.1,30.0,328.9,188.0
9.8,5.6,265.1,115.1,26.0,30.0,329.8,192.4
9.8,5.6,266.3,115.8,26.1,30.0,329.6,191.6
9.8,5.5,265.2,115.8,26.1,30.0,329.2,192.4
9.8,5.6,265.7,115.8,26.1,30.0,328.6,192.1
9.8,5.5,265.9,115.8,26.1,30.0,328.9,192.7
9.9,5.6,266.4,115.8,26.0,30.0,329.4,191.9
9.8,5.6,266.0,115.8,26.0,29.9,328.6,191.6
9.7,5.5,266.5,115.8,26.0,30.0,328.7,192.2
9.8,5.6,265.0,115.1,26.0,29.9,328.3,191.9
9.8,5.6,265.3,115.1,26.0,29.9,328.2,190.7
9.7,5.5,266.0,115.1,26.0,29.9,331.3,190.8
9.8,5.5,266.0,115.1,25.9,29.9,327.7,191.1
9.8,5.6,265.5,115.1,25.9,29.9,328.7,190.3
9.8,5.6,265.6,115.1,25.9,29.9,328.1,190.6
9.8,5.6,265.1,115.1,25.9,29.9,329.6,189.5
9.7,5.4,266.0,115.1,25.9,29.8,329.4,189.8
9.7,5.4,265.3,115.1,25.9,29.8,330.1,189.7
9.5,5.3,266.4,115.1,25.9,29.9,326.2,189.9
9.5,5.3,264.8,115.1,25.9,29.8,324.7,189.8
9.5,5.3,266.1,114.5,25.9,29.8,329.1,190.0
9.5,5.3,266.0,115.1,25.9,29.8,330.5,190.8
9.5,5.3,265.9,115.1,25.9,29.8,329.4,191.2
9.5,5.3,266.4,115.1,25.9,29.8,329.4,191.2
9.5,5.4,266.1,115.1,25.9,29.8,329.8,191.0
9.5,5.3,265.6,115.1,25.9,29.8,330.3,190.7
9.5,5.3,266.1,114.5,25.9,29.8,329.3,190.5
9.5,5.3,265.4,114.5,25.8,29.7,328.5,189.9
9.5,5.3,266.1,114.5,25.9,29.8,329.4,190.0
9.6,5.4,265.5,114.5,25.8,29.7,330.4,189.6
9.6,5.3,265.3,114.5,25.8,29.7,328.9,189.2
9.6,5.3,265.6,114.5,25.8,29.7,329.5,189.3
9.5,5.3,266.2,114.5,25.8,29.7,330.9,188.8
9.5,5.3,264.2,114.5,25.8,29.6,329.8,189.2
9.5,5.3,266.2,114.5,25.8,29.6,330.2,189.8
9.5,5.3,265.7,114.5,25.8,29.6,329.7,189.6
9.4,5.3,265.1,114.5,25.8,29.7,328.3,189.7
9.4,5.2,266.2,114.5,25.8,29.7,330.3,189.9
9.4,5.3,267.4,114.5,25.8,29.6,328.4,189.9
9.4,5.2,266.0,114.5,25.7,29.6,328.6,189.4
9.4,5.2,266.5,114.5,25.7,29.6,328.2,189.1
9.4,5.3,266.2,113.8,25.7,29.6,329.6,188.6
9.4,5.3,265.5,113.8,25.8,29.6,329.0,188.0
9.4,5.2,265.4,113.8,25.7,29.6,330.0,187.9
9.4,5.2,265.4,113.8,25.7,29.6,329.6,187.8
9.4,5.2,265.0,113.8,25.7,29.6,330.8,187.7
9.4,5.2,265.0,113.8,25.7,29.6,330.0,184.7
9.4,5.3,264.4,113.8,25.6,29.5,324.5,184.7
9.4,5.2,265.3,113.1,25.6,29.6,326.6,184.9
9.4,5.3,265.8,113.1,25.6,29.5,327.1,184.7
9.3,5.2,265.5,113.1,25.6,29.5,326.6,184.8
9.4,5.2,265.5,113.1,25.6,29.5,328.5,185.7
9.4,5.2,266.1,113.1,25.6,29.5,328.1,185.9
9.3,5.2,265.8,113.1,25.6,29.4,329.4,178.4
9.4,5.4,266.3,112.4,25.6,29.3,329.0,178.0
9.4,5.3,264.9,112.4,25.6,29.3,329.1,177.5
9.3,5.3,266.3,112.4,25.6,29.2,328.1,177.5
9.4,5.3,266.0,112.4,25.5,29.2,328.6,176.9
9.3,5.3,265.7,111.7,25.5,29.2,329.6,176.9
9.4,5.3,266.1,111.7,25.5,29.2,329.0,176.9
9.4,5.3,266.0,111.7,25.5,29.2,330.2,176.4
9.3,5.3,266.1,111.7,25.5,29.1,329.3,176.3
9.4,5.4,265.5,111.7,25.5,29.2,329.6,170.5
9.3,5.4,264.8,111.0,25.5,29.1,328.8,171.4
9.4,5.4,266.2,111.0,25.5,29.0,329.7,171.5
9.4,5.4,264.4,111.0,25.5,29.0,328.3,172.1
9.4,5.4,266.2,111.0,25.5,29.0,329.8,172.2
9.4,5.5,266.1,111.0,25.4,29.0,329.5,172.3
9.4,5.5,267.4,111.0,25.4,29.0,328.8,171.8
9.4,5.5,266.0,111.0,25.4,29.0,330.1,171.6
9.4,5.5,266.1,110.3,25.4,29.0,330.1,171.1
9.4,5.5,265.3,110.3,25.4,28.9,329.8,170.4
9.4,5.4,266.9,110.3,25.4,28.9,330.6,170.4
9.4,5.5,266.0,110.3,25.4,28.9,329.1,169.6
9.4,5.4,265.4,110.3,25.3,28.9,328.9,168.8
9.3,5.4,264.1,110.3,25.3,28.9,328.9,168.8
9.4,5.4,264.2,110.3,25.3,28.8,330.2,168.6
9.4,5.5,265.4,110.3,25.3,28.8,328.8,168.9
9.4,5.5,265.4,110.3,25.3,28.8,326.2,168.9
9.3,5.5,265.0,110.3,25.3,28.9,325.9,169.1
9.3,5.4,265.3,110.3,25.2,28.7,329.4,169.6
9.4,5.5,264.7,110.3,25.3,28.8,329.4,170.1
9.4,5.4,265.2,110.3,25.2,28.8,330.0,170.1
9.3,5.4,266.3,110.3,25.3,28.7,329.0,170.5
9.4,5.5,265.0,110.3,25.2,28.8,328.1,170.1
9.3,5.4,265.9,109.6,25.2,28.8,328.2,169.8
9.3,5.4,265.6,109.6,25.2,28.7,329.4,169.8
9.2,5.3,265.7,109.6,25.2,28.7,330.7,169.9
9.3,5.4,265.2,109.6,25.2,28.7,328.7,169.9
9.4,5.4,264.9,110.3,25.2,28.7,329.6,169.7
9.4,5.4,264.8,109.6,25.2,28.7,329.6,169.6
9.4,5.4,265.3,110.3,25.2,28.7,328.6,169.7
9.4,5.5,265.2,109.6,25.2,28.7,330.3,169.4
9.4,5.5,265.4,109.6,25.2,28.7,327.6,170.1
9.5,5.6,265.3,110.3,25.2,28.7,329.9,171.2
9.5,5.6,265.9,109.6,25.1,28.7,328.8,172.0
9.5,5.6,266.8,109.6,25.1,28.7,328.4,172.4
9.5,5.6,265.3,109.6,25.1,28.7,328.9,172.5
9.6,5.6,265.6,109.6,25.1,28.7,329.6,172.6
9.7,5.7,265.7,109.6,25.1,28.7,328.4,172.1
9.6,5.6,265.2,109.6,25.1,28.7,330.1,172.2
9.7,5.7,266.0,109.6,25.1,28.7,329.1,179.9
9.7,5.6,266.3,111.0,25.1,28.7,329.7,179.6
9.7,5.6,265.3,111.0,25.1,28.8,328.7,185.7
9.7,5.5,265.8,111.7,25.1,28.9,329.4,185.6
9.7,5.4,264.3,111.7,25.0,28.9,330.0,186.0
9.7,5.5,265.4,111.0,25.1,28.9,329.3,185.7
9.7,5.4,265.1,111.0,25.1,28.9,328.8,185.7
9.7,5.4,265.2,111.0,25.0,28.9,329.1,185.9
9.7,5.4,264.6,111.0,25.0,28.9,329.2,186.8
9.7,5.4,265.1,111.0,25.0,28.9,328.1,187.3
9.6,5.4,265.8,111.0,25.0,28.9,329.5,187.3
9.6,5.4,266.0,111.0,25.0,28.9,324.9,187.1
9.5,5.3,265.2,111.0,24.9,28.9,329.4,186.5
9.5,5.3,265.0,111.0,25.0,28.9,328.5,186.2
9.5,5.3,266.0,111.0,25.0,28.9,329.2,185.9
9.6,5.3,265.3,111.0,25.0,28.9,327.8,185.5
9.5,5.3,264.9,111.0,25.0,28.8,328.5,185.4
9.5,5.3,264.6,111.0,25.0,28.9,329.9,184.7
9.4,5.3,264.3,111.0,25.0,28.9,328.2,184.5
9.4,5.3,265.9,111.0,25.0,28.9,328.7,184.2
9.4,5.3,264.4,111.0,25.0,28.9,329.1,183.9
9.4,5.2,265.4,111.0,25.0,28.8,328.6,184.0
9.4,5.2,265.2,111.0,25.0,28.8,328.3,184.8
9.4,5.2,265.5,111.0,25.0,28.8,328.0,185.4
9.4,5.2,265.7,111.0,25.0,28.8,328.7,185.8
9.3,5.2,265.7,111.0,24.9,28.8,329.0,186.3
9.4,5.2,266.1,111.0,25.0,28.8,328.7,186.3
9.4,5.3,266.2,111.0,25.0,28.8,329.9,185.6
9.4,5.2,265.3,111.0,24.9,28.8,327.4,185.5
9.4,5.2,265.1,111.0,24.9,28.7,328.9,185.2
9.5,5.3,264.9,111.0,24.9,28.8,329.0,184.9
9.5,5.3,264.8,111.0,25.0,28.7,328.6,185.2
9.6,5.4,264.4,111.0,25.0,28.8,328.5,185.0
9.6,5.4,265.4,111.0,24.9,28.8,329.7,184.7
9.7,5.4,265.1,111.0,24.9,28.8,328.9,184.8
9.7,5.4,264.4,111.0,24.9,28.7,329.5,184.5
9.7,5.4,265.1,111.0,24.9,28.7,328.8,184.9
9.7,5.4,265.5,111.0,24.9,28.8,329.9,184.4
9.7,5.4,264.6,111.0,24.9,28.7,324.4,185.0
9.7,5.4,264.7,111.0,24.9,28.8,330.6,184.6
9.7,5.4,266.0,111.0,24.9,28.7,328.4,184.8
9.7,5.4,265.4,111.0,24.9,28.7,329.6,184.1
9.7,5.4,264.8,110.3,24.9,28.7,327.9,184.0
9.7,5.4,264.3,111.0,24.9,28.7,328.5,183.7
9.7,5.5,264.2,111.0,24.9,28.7,327.7,183.3
9.7,5.4,264.6,110.3,24.9,28.7,328.4,183.2
9.7,5.5,264.5,110.3,24.9,28.7,330.1,183.1
9.7,5.4,264.6,110.3,24.9,28.7,328.8,182.9
9.7,5.5,263.4,110.3,24.9,28.7,330.4,182.1
9.7,5.4,262.5,110.3,24.9,28.7,330.3,182.6
9.7,5.4,264.0,110.3,24.9,28.7,328.5,182.6
9.7,5.5,263.7,110.3,24.9,28.7,330.1,182.5
9.8,5.5,263.8,110.3,24.9,28.7,330.0,182.5
9.7,5.5,263.9,110.3,24.9,28.7,330.4,182.4
9.7,5.5,264.4,110.3,24.9,28.7,330.5,182.8
9.8,5.6,263.6,110.3,24.9,28.7,329.8,183.5
9.8,5.6,264.2,110.3,24.9,28.7,329.2,183.1
9.8,5.5,265.0,110.3,24.9,28.7,329.3,183.8
9.8,5.6,263.5,111.0,24.9,28.7,328.3,184.0
9.8,5.6,264.0,110.3,24.9,28.7,330.3,183.9
9.8,5.5,263.5,111.0,24.9,28.7,329.8,183.6
9.8,5.5,264.6,110.3,24.9,28.7,329.6,184.1
9.8,5.6,263.5,111.0,24.9,28.7,330.1,184.0
9.8,5.6,265.0,111.0,24.9,28.7,328.1,183.8
9.8,5.6,263.6,111.0,24.9,28.7,327.1,184.0
9.8,5.6,264.4,111.0,24.9,28.8,330.4,183.8
9.8,5.6,264.8,111.0,24.9,28.7,328.6,184.0
9.8,5.5,264.9,110.3,24.9,28.7,328.9,183.9
9.8,5.5,263.5,110.3,24.9,28.7,324.0,184.6
9.8,5.6,264.3,111.0,24.9,28.7,330.5,184.3
9.8,5.6,264.6,111.0,24.9,28.7,330.2,184.3
9.8,5.6,264.1,111.0,24.9,28.7,329.1,184.7
9.9,5.6,263.8,111.0,24.9,28.8,329.0,184.4
9.8,5.6,264.3,111.0,24.9,28.7,330.4,184.8
9.8,5.6,265.1,111.0,24.9,28.7,328.6,184.6
9.8,5.6,264.3,111.0,24.9,28.7,330.3,184.7
9.8,5.6,264.6,111.0,24.9,28.7,329.1,185.1
9.8,5.6,265.0,111.0,24.9,28.7,330.2,185.1
9.8,5.6,265.5,111.0,24.9,28.7,330.5,185.6
9.8,5.6,264.4,111.0,24.9,28.7,327.2,185.2
9.8,5.6,265.2,111.0,24.9,28.8,328.8,185.7
9.9,5.6,265.7,111.0,24.9,28.8,329.5,186.4
9.8,5.6,265.0,111.0,24.9,28.8,330.5,186.8
9.8,5.6,265.8,111.0,24.9,28.7,326.1,186.9
9.8,5.6,264.7,111.0,24.9,28.7,328.5,187.9
9.8,5.6,265.1,111.0,24.9,28.8,327.7,189.5
9.9,5.6,266.3,111.0,24.9,28.8,328.4,188.8
9.9,5.6,265.8,111.0,24.9,28.8,329.7,191.3
9.9,5.5,266.2,111.7,24.9,28.8,332.7,191.7
9.9,5.6,265.4,111.7,24.9,28.9,329.1,194.4
10.0,5.6,265.3,111.7,24.9,28.9,330.2,194.4
9.9,5.6,264.9,111.7,24.9,28.9,328.5,193.6
9.9,5.5,264.9,111.7,24.9,28.9,330.2,193.0
9.9,5.5,266.0,111.7,24.9,28.9,327.7,195.8
9.9,5.5,265.5,111.7,24.9,28.9,328.7,195.8
9.9,5.4,265.1,111.7,24.9,28.9,329.6,195.6
9.9,5.5,264.6,111.7,24.9,28.9,328.4,195.7
9.9,5.5,265.0,111.7,24.9,28.9,330.2,195.6
9.9,5.5,263.6,111.7,24.9,29.0,327.2,195.5
10.0,5.5,264.5,111.7,24.9,29.0,328.7,198.3
10.0,5.5,264.1,112.4,24.9,29.0,329.3,198.5
10.0,5.5,263.7,112.4,24.9,29.0,328.8,198.6
9.9,5.4,264.6,112.4,24.9,29.0,329.2,204.8
10.0,5.4,265.1,113.1,24.9,29.0,328.8,205.1
10.0,5.4,265.4,113.1,24.9,29.1,327.6,205.9
10.0,5.4,265.4,113.1,24.9,29.1,327.2,206.1
10.0,5.4,264.8,113.1,24.9,29.1,330.7,206.2
10.0,5.4,265.8,113.1,24.9,29.1,328.3,206.1
10.0,5.4,265.5,113.1,24.9,29.1,327.4,206.0
10.0,5.4,265.6,113.1,25.0,29.1,329.6,206.5
10.0,5.4,264.2,113.1,24.9,29.2,330.4,206.6
10.0,5.4,265.3,113.1,24.9,29.1,330.4,206.7
10.0,5.4,264.8,113.1,25.0,29.2,324.4,206.1
10.0,5.4,264.9,113.1,24.9,29.2,328.8,205.2
10.0,5.4,265.8,113.1,25.0,29.2,328.9,205.5
10.0,5.4,265.6,113.1,25.0,29.2,329.6,205.5
10.0,5.4,264.4,113.1,25.0,29.2,328.3,209.4
10.0,5.4,265.3,113.8,25.0,29.2,330.0,208.4
10.0,5.3,265.2,113.8,25.0,29.2,329.1,208.3
10.0,5.3,264.8,113.8,25.0,29.2,329.5,208.7
10.0,5.4,264.7,113.8,25.0,29.2,327.4,208.5
10.0,5.3,265.6,113.8,25.0,29.2,330.0,209.8
10.0,5.3,265.1,113.8,25.0,29.3,327.9,210.0
10.0,5.3,264.9,113.8,25.0,29.3,329.9,210.3
10.0,5.4,265.5,113.8,25.0,29.3,329.0,210.3
10.0,5.3,264.9,113.8,24.9,29.3,330.2,210.2
10.0,5.3,265.3,113.8,25.0,29.2,328.9,209.7
10.0,5.3,264.6,113.8,25.0,29.3,328.8,209.3
10.0,5.3,264.6,113.8,25.0,29.3,328.3,209.9
10.0,5.4,265.0,113.8,25.1,29.3,330.5,209.6
10.0,5.4,265.5,113.8,25.0,29.2,326.7,209.3
10.0,5.3,263.8,113.8,25.0,29.3,329.7,209.4
10.0,5.3,264.6,113.8,25.1,29.2,328.0,209.8
10.0,5.4,265.1,113.8,25.1,29.3,328.8,209.6
10.0,5.3,264.7,113.8,25.0,29.3,328.7,209.4
10.0,5.3,264.5,113.8,25.1,29.4,329.4,209.9
10.0,5.4,264.4,113.8,25.0,29.4,329.5,213.4
10.0,5.3,265.3,114.5,25.1,29.4,329.4,213.3
10.0,5.3,265.2,114.5,25.1,29.4,330.6,214.0
10.0,5.3,265.3,114.5,25.1,29.4,328.5,214.4
10.0,5.3,266.1,114.5,25.1,29.4,329.5,214.6
9.9,5.3,265.4,114.5,25.1,29.5,327.6,215.2
10.0,5.3,265.7,114.5,25.1,29.5,330.0,214.7
10.0,5.3,265.8,114.5,25.1,29.5,327.6,213.8
10.0,5.3,265.2,114.5,25.1,29.5,329.5,212.5
9.9,5.2,265.1,114.5,25.1,29.5,329.5,212.1
10.0,5.3,264.9,114.5,25.1,29.4,327.7,211.8
9.9,5.3,264.3,114.5,25.1,29.4,330.5,211.8
10.0,5.3,263.4,114.5,25.1,29.4,328.3,211.4
10.0,5.3,264.1,114.5,25.1,29.5,329.3,211.1
10.1,5.3,263.8,114.5,25.2,29.5,329.6,211.5
10.1,5.4,264.4,114.5,25.1,29.4,329.3,211.4
10.2,5.4,264.7,114.5,25.1,29.5,330.8,211.6
10.2,5.4,264.0,115.1,25.1,29.5,329.8,211.5
10.2,5.4,263.9,115.1,25.2,29.5,328.8,211.7
10.2,5.5,264.6,115.1,25.2,29.5,329.4,211.7
10.2,5.5,264.5,115.1,25.2,29.5,328.5,211.3
10.2,5.4,264.8,115.1,25.2,29.6,329.8,211.3
10.2,5.5,264.7,115.1,25.2,29.5,330.2,211.4
10.2,5.4,265.0,115.1,25.3,29.5,329.6,211.5
10.3,5.5,263.8,115.1,25.3,29.6,328.9,210.7
10.1,5.4,264.6,115.1,25.3,29.5,329.5,210.1
10.0,5.3,264.6,115.1,25.3,29.6,328.8,210.3
9.9,5.3,264.7,115.1,25.3,29.6,329.2,209.9
9.9,5.3,264.3,115.1,25.4,29.6,329.5,210.6
9.9,5.3,264.7,115.1,25.4,29.6,329.7,210.3
9.9,5.2,263.7,115.1,25.4,29.6,328.2,211.3
10.0,5.3,265.1,115.1,25.4,29.6,329.8,211.4
9.9,5.3,265.0,115.1,25.4,29.7,329.7,212.3
9.9,5.3,267.9,115.8,25.4,29.6,328.5,212.5
9.9,5.4,286.4,113.1,25.4,29.4,413.3,212.9
9.9,5.4,286.2,113.8,25.5,29.2,413.1,213.9
10.0,5.5,286.5,113.8,25.6,29.2,413.9,214.1
10.0,5.6,285.4,113.8,25.6,29.2,415.2,214.2
10.0,5.6,285.8,114.5,25.6,29.2,414.3,218.8
10.1,5.5,286.7,114.5,25.6,29.2,414.2,218.4
10.1,5.6,286.8,114.5,25.6,29.3,412.9,218.4
10.1,5.6,286.7,114.5,25.6,29.2,414.3,218.2
10.2,5.6,285.6,114.5,25.6,29.3,412.4,218.2
10.1,5.6,286.4,114.5,25.5,29.3,414.5,218.0
10.2,5.6,285.0,114.5,25.5,29.3,414.6,218.8
10.2,5.6,286.2,114.5,25.6,29.4,414.6,219.1
10.1,5.6,286.9,115.1,25.5,29.2,413.5,224.6
10.1,5.4,287.1,115.1,25.5,29.4,412.5,224.9
10.1,5.5,287.2,115.1,25.5,29.4,413.3,225.4
10.2,5.5,287.2,115.8,25.5,29.4,414.0,228.6
10.2,5.4,287.1,115.8,25.5,29.4,414.3,228.6
10.2,5.4,287.2,115.8,25.5,29.4,413.6,228.5
10.2,5.4,287.4,115.1,25.5,29.4,410.6,228.7
10.2,5.4,286.9,115.8,25.5,29.4,412.7,228.5
10.2,5.4,287.5,115.1,25.5,29.4,412.6,228.4
10.2,5.4,288.9,115.1,25.5,29.4,414.8,228.8
10.2,5.5,287.5,115.8,25.5,29.4,415.1,228.7
10.2,5.5,288.0,115.1,25.5,29.4,413.8,229.0
10.2,5.4,288.0,115.1,25.5,29.3,413.6,229.1
10.2,5.5,288.2,115.1,25.5,29.3,413.2,229.6
10.2,5.5,288.6,115.1,25.5,29.4,412.0,229.7
10.2,5.5,288.9,115.1,25.5,29.4,412.5,230.2
10.2,5.5,288.8,115.1,25.5,29.4,413.5,230.3
10.3,5.5,288.0,115.8,25.5,29.4,414.2,230.6
10.3,5.6,288.2,115.8,25.5,29.4,413.4,230.8
10.3,5.5,288.8,115.8,25.5,29.4,414.1,232.5
10.3,5.5,288.2,115.8,25.5,29.4,413.6,231.9
10.2,5.4,288.6,115.8,25.5,29.5,413.9,231.6
10.2,5.4,289.6,115.8,25.5,29.4,413.9,231.2
10.2,5.4,288.5,115.8,25.5,29.4,411.6,233.8
10.3,5.4,288.6,115.8,25.5,29.4,413.8,233.4
10.2,5.4,288.6,115.8,25.5,29.5,412.7,234.1
10.3,5.4,288.3,115.8,25.5,29.5,413.5,233.9
10.3,5.4,288.4,115.8,25.5,29.4,413.0,234.0
10.3,5.4,288.0,116.5,25.5,29.5,414.6,233.9
10.2,5.4,287.2,116.5,25.5,29.5,415.1,233.8
10.3,5.4,288.1,115.8,25.5,29.5,414.1,236.4
10.2,5.4,287.9,116.5,25.6,29.5,414.7,236.1
10.2,5.3,288.9,116.5,25.6,29.5,416.6,236.3
10.3,5.4,287.8,116.5,25.6,29.5,414.6,235.8
10.3,5.4,287.0,116.5,25.6,29.5,411.5,235.9
10.3,5.4,286.4,116.5,25.5,29.6,414.2,238.7
10.3,5.3,287.0,116.5,25.5,29.5,413.1,241.6
10.3,5.3,288.1,117.2,25.6,29.6,412.7,241.1
10.3,5.3,287.3,117.2,25.6,29.6,411.6,242.0
10.3,5.3,287.6,117.2,25.6,29.6,413.4,241.9
10.3,5.3,287.9,117.2,25.6,29.6,410.8,241.7
10.3,5.3,287.6,117.2,25.5,29.6,411.2,242.3
10.3,5.3,287.5,117.2,25.6,29.6,412.3,242.7
10.3,5.3,286.9,117.2,25.6,29.7,412.7,242.3
10.4,5.3,287.7,117.2,25.6,29.6,414.6,242.0
10.3,5.3,287.1,117.2,25.6,29.6,413.4,241.7
10.3,5.3,286.6,117.2,25.6,29.6,411.9,242.5
10.3,5.4,287.7,117.2,25.6,29.6,413.7,242.4
10.3,5.3,286.5,117.2,25.7,29.7,413.9,242.9
10.3,5.3,286.9,117.2,25.6,29.7,414.3,243.2
10.3,5.4,288.0,117.2,25.6,29.6,413.8,242.8
10.3,5.3,287.8,117.2,25.6,29.7,413.6,242.4
10.3,5.3,287.1,117.2,25.7,29.7,412.5,242.3
10.3,5.4,287.1,117.2,25.7,29.7,412.5,241.7
10.3,5.3,287.1,117.9,25.7,29.7,413.1,241.8
10.3,5.3,287.8,117.9,25.7,29.8,412.7,242.0
10.3,5.3,287.1,117.9,25.7,29.7,415.0,242.0
10.3,5.3,286.7,117.9,25.7,29.7,413.5,242.1
10.3,5.3,286.8,117.2,25.7,29.7,414.7,242.4
10.3,5.3,287.6,117.9,25.7,29.7,414.6,242.7
10.3,5.3,286.5,117.9,25.7,29.7,413.3,242.8
10.3,5.3,286.7,117.9,25.8,29.8,414.5,243.0
10.3,5.3,286.4,117.9,25.7,29.7,412.4,242.6
10.3,5.3,286.4,117.9,25.8,29.8,414.3,242.1
10.3,5.3,286.8,117.9,25.8,29.8,412.2,241.8
10.3,5.3,286.0,117.9,25.8,29.8,412.6,241.8
10.3,5.3,285.5,117.9,25.8,29.7,412.4,241.7
10.3,5.4,286.2,117.9,25.8,29.8,414.2,241.7
10.3,5.3,285.8,117.9,25.8,29.8,412.3,241.6
10.3,5.3,286.1,117.9,25.8,29.8,415.5,241.8
10.3,5.4,284.3,117.9,25.8,29.8,415.3,241.0
10.3,5.3,285.8,117.9,25.8,29.8,413.4,240.7
10.3,5.3,285.1,117.9,25.8,29.8,413.2,240.4
10.2,5.3,285.3,117.9,25.8,29.8,414.5,240.2
10.3,5.3,285.7,117.9,25.8,29.9,412.9,240.6
10.2,5.3,285.1,117.9,25.8,29.8,412.0,240.0
10.2,5.3,284.6,117.9,25.8,29.9,412.6,240.0
10.2,5.3,285.1,117.9,25.9,29.9,412.1,240.4
10.2,5.3,285.4,117.9,25.9,29.9,414.4,241.0
10.3,5.3,284.5,117.9,25.9,29.9,412.4,240.9
10.2,5.2,285.0,117.9,25.9,29.9,415.6,240.8
10.2,5.2,283.6,117.9,25.9,29.9,411.3,240.1
10.2,5.3,285.2,117.9,25.9,29.9,412.2,239.7
10.2,5.3,284.7,117.9,25.9,29.9,413.0,238.7
10.2,5.2,285.0,117.9,25.9,29.9,412.1,239.0
10.3,5.3,285.0,117.9,25.9,29.9,413.3,238.6
10.2,5.3,284.3,117.9,25.9,29.9,416.1,238.6
10.2,5.2,284.1,117.9,26.0,29.9,414.8,238.7
10.2,5.2,285.1,117.9,26.0,29.9,414.5,239.0
10.2,5.3,284.6,118.6,26.0,29.9,413.3,239.5
10.2,5.3,285.0,117.9,26.0,30.0,413.4,239.4
10.2,5.3,285.4,118.6,26.0,29.9,410.8,239.3
10.2,5.3,285.2,118.6,26.0,30.0,412.5,238.9
10.2,5.3,285.8,118.6,26.0,30.0,412.8,238.7
10.1,5.2,285.3,118.6,26.0,30.0,414.7,238.8
10.2,5.2,284.5,118.6,26.0,30.0,413.4,237.9
10.1,5.2,283.9,118.6,26.0,30.0,412.5,234.6
10.0,5.2,284.8,117.9,26.0,30.0,414.6,233.3
10.1,5.3,285.2,117.9,26.0,30.0,413.2,234.0
10.2,5.3,284.5,117.9,26.1,29.9,413.8,234.2
10.2,5.3,284.8,117.9,26.0,29.9,413.4,234.6
10.2,5.3,285.2,117.9,26.0,30.0,413.5,234.4
10.2,5.3,284.8,117.9,26.0,29.9,414.6,234.1
10.2,5.3,284.9,117.9,26.0,29.9,414.0,233.7
10.1,5.3,284.5,117.9,26.0,29.9,413.3,233.9
10.1,5.3,285.8,117.9,26.0,29.9,413.9,232.4
10.1,5.3,284.1,117.9,25.4,29.9,415.3,232.6
10.1,5.4,284.6,117.9,25.0,29.9,411.8,231.9
10.0,5.3,284.1,117.2,25.0,29.9,414.0,232.1
10.1,5.3,284.5,117.9,25.0,29.9,413.5,232.4
10.1,5.3,284.6,117.9,25.1,29.9,413.1,232.2
10.1,5.3,285.0,117.9,25.0,30.0,413.5,232.3
10.1,5.3,285.8,117.9,25.0,30.0,413.0,232.5
10.1,5.3,286.5,117.9,25.0,29.9,414.3,231.9
10.1,5.3,284.9,117.9,25.0,29.9,413.8,232.3
10.1,5.3,284.7,117.9,25.0,29.9,411.3,232.4
10.1,5.4,283.5,117.9,25.0,29.9,412.7,232.2
10.1,5.3,283.9,117.9,25.0,29.9,413.2,232.2
10.1,5.4,284.4,117.9,25.0,29.9,413.2,232.3
10.1,5.3,285.2,117.9,25.0,29.9,414.8,232.3
10.0,5.3,284.5,117.9,25.0,29.9,413.5,232.2
10.0,5.3,284.9,117.9,25.0,29.9,413.7,232.6
10.0,5.3,284.8,117.9,25.0,29.9,415.8,233.3
10.1,5.3,284.6,117.9,24.9,30.0,413.5,232.9
10.0,5.3,284.1,117.9,25.0,29.9,413.5,232.9
10.0,5.3,284.6,117.9,24.9,29.9,414.5,233.2
10.1,5.3,285.0,117.9,24.9,29.9,415.0,233.0
10.1,5.3,284.7,117.9,24.9,29.9,412.9,232.8
10.1,5.4,285.3,117.9,24.9,30.0,415.3,233.1
10.2,5.4,284.3,117.9,24.9,30.0,411.7,232.9
10.2,5.4,286.0,117.9,24.8,29.9,414.5,233.5
10.2,5.4,284.7,117.9,24.9,29.9,412.2,233.6
10.2,5.4,285.0,117.9,24.8,30.0,414.4,234.2
10.3,5.4,285.0,117.9,24.7,30.0,412.2,234.3
10.2,5.4,285.2,117.9,24.6,30.0,413.2,234.7
10.2,5.4,285.5,117.9,24.5,30.0,414.9,234.6
10.3,5.4,285.2,117.9,23.9,30.0,411.6,234.4
10.2,5.4,285.8,117.9,24.3,30.0,414.0,234.0
10.2,5.4,285.1,117.9,24.6,30.0,414.0,233.8
10.3,5.4,285.4,117.9,24.8,30.0,414.0,233.2
10.2,5.4,284.8,117.9,24.5,30.0,412.5,233.7
10.2,5.4,284.4,118.6,24.7,30.0,412.8,234.3
10.3,5.4,286.2,117.9,24.3,30.0,414.4,234.4
10.2,5.4,285.2,118.6,24.9,30.0,412.6,234.2
10.3,5.4,285.0,117.9,24.9,30.0,413.6,234.0
10.2,5.4,285.1,117.9,24.9,30.0,414.1,233.1
10.2,5.4,285.0,117.9,24.8,30.0,414.2,232.6
10.1,5.4,284.4,118.6,24.6,30.0,415.1,232.2
10.2,5.4,285.3,117.9,24.9,30.0,412.8,232.0
10.2,5.4,283.9,117.9,24.8,30.0,414.7,232.3
10.2,5.4,285.6,117.9,24.8,30.0,413.7,233.1
10.3,5.4,284.7,117.9,24.1,30.0,415.6,233.7
10.2,5.4,284.4,117.9,24.6,30.0,414.8,233.4
10.2,5.4,284.9,117.9,24.6,30.0,415.0,233.4
10.2,5.4,284.1,117.9,24.6,30.0,414.2,233.1
10.2,5.4,284.8,117.9,24.5,30.0,415.2,233.5
10.2,5.4,284.9,117.9,24.8,30.0,413.0,233.8
10.2,5.4,285.0,117.9,24.7,30.0,412.9,234.0
10.2,5.5,284.5,117.9,24.6,30.0,414.1,233.9
10.2,5.4,285.2,118.6,24.5,30.0,414.9,233.8
10.3,5.4,286.1,118.6,24.5,30.0,414.1,233.7
10.2,5.4,284.6,118.6,24.6,30.0,413.1,233.1
10.2,5.4,285.1,118.6,24.6,30.0,414.7,233.4
10.2,5.4,285.2,118.6,24.7,30.0,412.7,233.2
10.2,5.4,285.7,117.9,24.6,30.0,412.3,233.7
10.3,5.4,285.5,117.9,24.6,30.0,412.3,233.2
10.3,5.4,285.0,117.9,24.6,30.0,413.7,232.3
10.2,5.4,284.0,117.9,24.6,30.0,415.5,232.2
10.2,5.4,284.4,117.9,24.6,30.0,413.4,232.0
10.2,5.4,284.8,118.6,24.4,30.0,414.3,232.0
10.2,5.4,284.9,118.6,24.1,30.0,411.9,232.3
10.2,5.4,284.2,117.9,24.1,30.0,413.4,232.1
10.2,5.4,285.9,117.9,24.4,30.0,414.6,232.4
10.3,5.4,284.3,118.6,24.4,30.0,411.7,231.5
10.2,5.4,284.8,117.9,24.4,30.0,414.3,232.0
10.3,5.4,285.2,117.9,25.0,30.0,414.9,232.2
10.3,5.4,284.5,117.9,25.1,30.0,414.1,232.0
10.3,5.4,284.0,117.9,25.1,30.0,414.9,232.3
10.3,5.5,284.7,118.6,25.1,30.0,411.9,232.2
10.2,5.4,286.0,118.6,25.1,30.0,416.2,232.7
10.3,5.4,285.1,118.6,25.2,30.0,414.2,233.5
10.2,5.4,285.3,118.6,25.2,30.1,413.6,233.6
10.3,5.5,284.5,118.6,25.2,30.0,414.9,234.0
10.3,5.4,284.6,118.6,25.3,30.0,412.6,234.2
10.2,5.4,285.3,118.6,25.3,30.1,414.8,234.6
10.3,5.4,285.8,118.6,25.3,30.1,413.0,235.3
10.3,5.5,284.5,118.6,25.3,30.1,412.8,234.4
10.3,5.4,285.0,118.6,25.3,30.1,415.0,234.4
10.3,5.4,285.9,118.6,25.3,30.1,412.5,234.3
10.3,5.4,284.3,118.6,25.3,30.1,414.2,235.4
10.3,5.4,285.6,118.6,25.3,30.1,415.1,235.3
10.3,5.4,285.1,118.6,25.3,30.1,412.9,235.3
10.3,5.4,284.0,118.6,25.3,30.1,413.6,234.6
10.2,5.4,285.1,118.6,25.4,30.1,413.2,235.1
10.2,5.4,285.3,118.6,25.3,30.1,414.7,235.0
10.3,5.4,285.0,119.3,25.4,30.1,413.9,234.2
10.2,5.4,285.3,118.6,25.4,30.1,415.2,234.6
10.2,5.4,284.5,118.6,25.4,30.1,414.3,235.9
10.3,5.4,285.4,118.6,25.4,30.1,414.1,235.5
10.1,5.3,285.0,118.6,25.4,30.1,412.8,236.1
10.2,5.4,285.3,118.6,25.4,30.1,413.2,236.5
10.2,5.4,285.1,118.6,25.3,30.1,415.7,237.2
10.2,5.4,284.7,118.6,25.4,30.1,412.3,237.3
10.2,5.4,284.8,118.6,25.4,30.1,413.5,237.4
10.2,5.4,285.0,118.6,25.4,30.1,416.9,237.3
10.2,5.4,285.0,118.6,25.4,30.1,414.8,236.8
10.2,5.3,284.8,118.6,25.4,30.1,412.6,236.4
10.2,5.4,285.4,118.6,25.4,30.1,414.2,235.5
10.2,5.4,285.5,118.6,25.4,30.1,414.2,235.6
10.2,5.4,285.4,118.6,25.4,30.1,414.3,235.1
10.2,5.4,285.1,118.6,25.4,30.1,413.2,234.8
10.2,5.3,284.2,118.6,25.4,30.1,414.5,234.5
10.2,5.4,283.8,118.6,25.4,30.1,413.9,235.5
10.2,5.4,284.9,118.6,25.4,30.1,414.2,235.5
10.3,5.4,283.7,118.6,25.4,30.1,414.6,236.0
10.2,5.4,284.4,118.6,25.4,30.1,415.2,239.8
10.2,5.3,284.8,119.3,25.4,30.2,414.0,239.1
10.2,5.3,284.9,118.6,25.4,30.2,415.5,239.8
10.3,5.4,285.7,119.3,25.4,30.2,413.5,239.9
10.3,5.3,286.0,119.3,25.4,30.2,413.3,239.3
10.2,5.3,286.1,119.3,25.4,30.2,414.5,238.9
10.2,5.3,285.0,119.3,25.4,30.2,414.5,238.6
10.2,5.3,284.5,119.3,25.4,30.2,413.7,238.6
10.2,5.3,285.1,119.3,25.4,30.2,414.6,238.2
10.2,5.3,285.1,119.3,25.4,30.2,414.1,238.1
10.2,5.3,284.9,119.3,25.4,30.2,413.3,238.1
10.2,5.3,285.9,119.3,25.4,30.2,414.9,238.8
10.2,5.3,284.5,119.3,25.4,30.2,413.3,239.1
10.2,5.3,285.1,119.3,25.4,30.2,414.2,239.4
10.2,5.3,285.3,119.3,25.5,30.2,414.1,239.7
10.2,5.3,285.2,119.3,25.4,30.2,413.3,239.8
10.3,5.3,284.7,119.3,25.4,30.2,415.3,239.6
10.2,5.3,285.9,119.3,25.5,30.2,413.9,239.7
10.2,5.3,284.8,119.3,25.5,30.2,416.1,239.3
10.2,5.3,285.3,119.3,25.4,30.3,412.1,238.0
10.2,5.3,284.1,119.3,25.5,30.3,413.3,237.8
10.2,5.3,284.8,119.3,25.4,30.3,413.5,236.9
10.2,5.3,285.0,119.3,25.4,30.2,413.3,237.3
10.2,5.3,284.6,119.3,25.4,30.2,414.8,237.6
10.2,5.3,284.8,119.3,25.4,30.2,414.0,237.7
10.2,5.3,284.7,119.3,25.5,30.2,416.2,238.3
10.1,5.3,285.0,119.3,25.5,30.2,415.4,239.1
10.2,5.3,285.4,119.3,25.5,30.2,414.6,239.3
10.1,5.3,284.8,119.3,25.5,30.3,412.9,239.5
10.2,5.3,285.3,119.3,25.5,30.3,414.4,239.7
10.2,5.3,285.1,119.3,25.5,30.3,413.7,239.9
10.2,5.3,285.2,119.3,25.5,30.3,412.6,239.9
10.2,5.3,284.3,119.3,25.5,30.3,412.9,239.4
10.2,5.4,284.0,120.0,25.5,30.3,414.9,239.0
10.2,5.3,284.8,119.3,25.5,30.3,415.1,238.7
10.2,5.3,284.6,119.3,25.5,30.3,414.5,238.3
10.2,5.3,284.6,119.3,25.5,30.3,413.7,238.2
10.2,5.4,283.9,120.0,25.5,30.3,413.8,238.3
10.2,5.3,285.0,120.0,25.5,30.4,414.2,238.8
10.2,5.3,284.7,119.3,25.5,30.4,413.6,239.4
10.2,5.3,285.1,119.3,25.5,30.3,414.6,239.5
10.2,5.3,284.7,120.0,25.5,30.3,414.2,239.9
10.3,5.4,284.6,119.3,25.5,30.3,412.3,240.0
10.2,5.3,284.8,119.3,25.5,30.3,412.6,240.0
10.2,5.3,285.5,119.3,25.4,30.3,412.6,240.2
10.3,5.3,283.6,119.3,25.5,30.2,414.2,240.2
10.2,5.3,284.7,119.3,25.5,30.2,413.7,240.0
10.2,5.3,284.3,119.3,25.4,30.2,415.3,239.7
10.2,5.3,285.0,119.3,25.5,30.3,417.2,239.5
10.3,5.3,285.2,119.3,25.5,30.3,413.8,239.0
10.2,5.3,284.5,119.3,25.5,30.3,414.4,238.6
10.2,5.3,284.4,119.3,25.5,30.2,414.9,238.1
10.2,5.3,284.7,119.3,25.5,30.2,415.0,237.6
10.3,5.4,284.8,119.3,25.5,30.2,411.5,237.3
10.3,5.4,283.5,119.3,25.5,30.3,414.6,237.3
10.2,5.3,284.8,119.3,25.5,30.2,414.2,237.1
10.2,5.3,285.2,119.3,25.5,30.2,411.8,237.0
10.2,5.3,283.8,119.3,25.5,30.2,415.0,237.0
10.2,5.3,284.3,119.3,25.5,30.3,415.8,237.4
10.2,5.4,284.6,119.3,25.5,30.3,414.4,238.1
10.2,5.3,284.9,119.3,25.5,30.3,414.8,238.7
10.3,5.4,284.6,119.3,25.5,30.3,413.0,238.4
10.2,5.4,283.9,119.3,25.5,30.3,414.9,236.9
10.3,5.4,284.8,119.3,25.5,30.3,416.1,236.6
10.2,5.4,284.7,119.3,25.5,30.3,414.1,235.3
10.2,5.4,283.8,119.3,25.5,30.2,413.6,235.5
10.2,5.4,283.2,119.3,25.5,30.2,412.7,235.9
10.2,5.4,284.6,119.3,25.5,30.3,415.2,235.8
10.3,5.4,284.3,119.3,25.5,30.3,412.0,235.9
10.3,5.4,284.5,119.3,25.5,30.3,416.0,236.0
10.3,5.4,284.4,119.3,25.5,30.3,413.7,236.4
10.3,5.4,283.0,119.3,25.5,30.2,413.5,236.5
10.3,5.4,285.0,119.3,25.5,30.3,414.3,236.6
10.3,5.4,283.9,119.3,25.5,30.3,413.9,236.1
10.2,5.4,283.5,119.3,25.5,30.3,415.6,236.5
10.3,5.4,284.6,119.3,25.5,30.3,413.9,235.9
10.2,5.4,282.8,119.3,25.5,30.2,414.3,236.5
10.3,5.4,285.3,119.3,25.5,30.3,415.0,236.1
10.2,5.4,284.4,119.3,25.5,30.3,415.4,236.5
10.3,5.4,285.3,120.0,25.5,30.3,414.6,235.7
10.2,5.4,284.3,119.3,25.5,30.4,415.3,234.2
10.2,5.4,284.8,119.3,25.5,30.3,414.9,234.9
10.3,5.5,284.6,119.3,25.6,30.4,413.2,234.3
10.3,5.4,284.5,119.3,25.5,30.3,413.9,234.2
10.2,5.4,284.2,119.3,25.5,30.3,414.4,234.5
10.3,5.4,284.7,119.3,25.5,30.3,412.9,234.3
10.2,5.4,285.1,119.3,25.6,30.4,414.0,234.2
10.3,5.4,284.5,119.3,25.6,30.3,414.5,234.8
10.3,5.5,284.8,119.3,25.5,30.3,414.6,234.8
10.3,5.5,284.8,119.3,25.6,30.4,413.2,234.0
10.2,5.4,284.8,119.3,25.6,30.3,415.2,234.1
10.3,5.4,283.4,119.3,25.6,30.4,414.2,234.3
10.2,5.4,284.2,119.3,25.5,30.3,414.9,234.5
10.3,5.5,284.9,120.0,25.6,30.4,415.3,234.5
10.2,5.4,285.3,119.3,25.6,30.4,412.9,233.9
10.2,5.4,284.9,120.0,25.5,30.3,413.8,233.7
10.2,5.4,284.8,119.3,25.6,30.4,414.6,234.1
10.3,5.4,285.2,120.0,25.6,30.3,414.0,233.5
10.2,5.4,284.7,119.3,25.6,30.4,414.1,233.8
10.3,5.5,284.2,120.0,25.6,30.4,414.1,234.0
10.3,5.5,285.1,120.0,25.6,30.4,415.1,233.9
10.3,5.4,284.9,120.0,25.6,30.4,412.7,234.5
10.3,5.4,285.6,120.0,25.6,30.4,415.3,234.7
10.3,5.4,285.7,120.0,25.6,30.4,414.9,235.1
10.2,5.4,285.3,120.0,25.6,30.4,413.3,235.7
10.3,5.5,284.7,120.0,25.6,30.4,414.9,235.9
10.3,5.5,286.4,120.0,25.6,30.4,413.5,235.8
10.3,5.5,285.7,120.0,25.6,30.4,413.6,235.9
10.3,5.5,285.9,120.0,25.6,30.4,412.9,235.3
10.2,5.5,286.3,120.0,25.6,30.4,413.6,234.8
10.3,5.4,286.0,120.0,25.6,30.4,413.4,234.2
10.3,5.5,285.4,120.0,25.6,30.4,416.1,233.8
10.2,5.4,286.0,120.0,25.6,30.4,414.6,234.2
10.3,5.5,286.2,120.0,25.7,30.4,415.3,234.1
10.3,5.5,285.2,120.0,25.6,30.4,416.4,234.1
10.3,5.4,286.6,120.0,25.6,30.4,415.3,234.4
10.2,5.5,286.8,120.0,25.7,30.4,415.3,232.7
10.2,5.4,287.1,120.0,25.7,30.4,415.3,233.0
10.2,5.5,286.4,120.0,25.7,30.4,415.2,232.6
10.2,5.5,286.5,120.0,25.6,30.4,413.9,232.4
10.2,5.4,286.7,120.0,25.7,30.4,413.1,231.7
10.2,5.4,285.9,120.0,25.7,30.4,413.2,232.0
10.2,5.5,285.7,120.0,25.7,30.4,414.5,232.0
10.3,5.6,286.5,120.0,25.7,30.4,413.6,231.2
10.2,5.5,286.1,120.0,25.8,30.4,414.4,231.7
10.3,5.5,285.8,120.0,25.8,30.5,414.0,231.4
10.2,5.5,285.9,120.0,25.8,30.5,414.9,231.5
10.3,5.5,287.1,120.7,25.8,30.5,412.5,231.9
10.3,5.5,284.9,120.7,25.8,30.6,414.3,232.4
10.3,5.6,285.2,120.0,25.8,30.6,413.9,232.7
10.3,5.5,286.6,120.7,25.8,30.6,415.1,233.2
10.3,5.6,286.9,120.7,25.8,30.6,415.5,233.4
10.3,5.6,286.5,120.7,25.9,30.6,414.9,233.6
10.3,5.6,285.6,120.7,25.9,30.6,413.8,233.5
10.3,5.6,285.9,120.7,25.9,30.6,413.9,233.4
10.3,5.6,286.2,120.7,25.8,30.6,413.4,232.8
10.3,5.6,285.2,120.7,25.8,30.5,411.5,232.9
10.3,5.6,286.4,120.7,25.8,30.5,414.5,232.5
10.3,5.5,286.1,120.7,25.8,30.6,413.4,232.5
10.3,5.6,286.2,120.7,25.9,30.6,413.4,241.1
10.3,5.4,285.7,120.7,25.8,30.6,412.7,240.8
10.3,5.4,285.6,121.4,25.8,30.6,415.3,241.3
10.3,5.4,286.1,121.4,25.9,30.7,416.0,240.9
10.3,5.4,285.2,121.4,25.8,30.7,413.2,240.5
10.3,5.4,285.4,121.4,25.9,30.7,412.7,240.7
10.3,5.4,284.9,121.4,25.8,30.7,415.5,240.7
10.3,5.4,285.9,121.4,25.9,30.7,415.2,240.6
10.3,5.4,285.9,121.4,25.9,30.7,414.9,240.9
10.4,5.4,285.8,121.4,25.9,30.7,413.6,244.1
10.3,5.4,285.8,122.0,25.9,30.7,413.8,243.9
10.3,5.4,285.1,122.0,25.9,30.7,413.0,243.9
10.3,5.4,286.3,122.0,25.9,30.8,414.7,244.2
10.3,5.4,287.1,122.0,25.9,30.7,414.9,244.3
10.3,5.3,287.0,122.0,25.9,30.8,414.3,244.2
10.3,5.3,287.3,122.0,25.9,30.8,415.2,244.7
10.3,5.3,287.5,122.0,25.9,30.8,414.3,244.5
10.3,5.3,287.3,122.0,25.9,30.7,413.6,245.3
10.3,5.3,287.2,122.0,25.9,30.8,413.5,245.7
10.3,5.3,288.0,122.0,25.9,30.8,414.4,246.3
10.3,5.4,287.7,122.0,25.9,30.8,413.5,247.1
10.3,5.4,287.7,122.0,25.9,30.8,414.3,247.9
10.3,5.4,287.0,122.0,25.9,30.9,414.4,247.8
10.3,5.3,288.0,122.0,25.9,30.8,413.5,248.3
10.3,5.3,286.9,122.0,25.9,30.9,412.7,248.1
10.3,5.3,288.5,122.0,25.9,30.8,414.6,247.9
10.3,5.3,287.9,122.0,26.0,30.8,415.5,247.8
10.3,5.3,286.8,122.0,25.9,30.8,414.0,247.2
10.3,5.4,288.3,122.0,25.9,30.9,412.6,246.2
10.3,5.3,286.9,122.0,25.9,30.8,412.7,245.7
10.3,5.3,287.1,122.0,25.9,30.8,416.1,245.7
10.3,5.4,287.6,122.0,25.9,30.7,416.4,244.8
10.2,5.3,287.6,122.0,25.9,30.8,416.1,245.3
10.3,5.4,286.7,122.0,25.9,30.8,412.7,245.4
10.3,5.4,286.5,122.0,25.9,30.8,414.9,245.7
10.3,5.4,286.0,122.0,26.0,30.8,414.1,245.8
10.3,5.4,287.6,122.0,26.0,30.8,413.8,246.4
10.3,5.4,287.2,122.0,25.9,30.8,412.1,245.8
10.3,5.3,287.6,122.0,25.9,30.8,414.0,246.0
10.3,5.3,286.7,122.0,25.9,30.8,415.2,246.1
10.3,5.3,287.0,122.0,25.9,30.8,415.4,246.8
10.3,5.4,287.8,122.0,25.9,30.8,414.9,246.9
10.3,5.3,286.1,122.0,25.9,30.9,413.6,247.3
10.3,5.4,286.7,122.0,25.9,30.9,414.6,246.4
10.3,5.4,287.4,122.0,25.9,30.9,414.6,246.2
10.3,5.4,287.7,122.0,25.9,30.9,415.2,245.4
10.3,5.4,286.8,122.0,25.9,30.8,412.8,244.9
10.3,5.4,287.5,122.0,25.9,30.9,413.8,244.7
10.3,5.4,286.5,122.0,25.9,30.8,414.7,244.4
10.3,5.4,287.5,122.0,26.0,30.9,415.3,245.0
10.3,5.4,288.7,122.0,25.9,30.9,413.2,245.2
10.3,5.4,287.1,122.0,26.0,30.9,414.5,245.6
10.3,5.4,286.9,122.0,25.9,30.9,413.8,246.6
10.3,5.4,287.4,122.0,25.9,30.8,414.2,247.4
10.3,5.4,287.7,122.0,25.9,30.9,412.1,247.4
10.3,5.4,287.3,122.0,25.9,30.9,415.5,246.8
10.3,5.4,286.7,122.0,25.9,30.8,412.9,246.4
10.3,5.4,287.5,122.0,25.9,30.9,412.3,245.7
10.3,5.4,287.0,122.0,25.9,30.8,412.7,246.2
10.3,5.4,286.8,122.0,25.9,30.8,414.9,245.6
10.3,5.4,287.8,122.0,25.9,30.8,413.5,245.6
10.4,5.4,287.3,122.0,25.9,30.8,415.6,246.0
10.3,5.4,288.0,122.0,25.9,30.9,414.0,245.6
10.3,5.4,287.5,122.0,25.9,30.8,415.7,246.0
10.3,5.4,287.0,122.0,25.9,30.9,414.3,245.9
10.3,5.4,287.7,122.0,25.9,30.8,415.0,245.9
10.4,5.4,287.3,122.0,25.9,30.8,414.0,246.2
10.4,5.4,288.0,122.0,25.9,30.8,414.4,249.5
10.4,5.4,286.1,122.0,25.9,30.9,413.8,249.8
10.3,5.3,287.0,122.0,25.9,30.8,412.7,250.2
10.3,5.3,287.3,122.7,25.9,30.9,415.0,250.2
10.3,5.4,287.1,122.7,26.0,30.9,413.2,249.1
10.4,5.4,287.1,122.7,26.0,30.9,413.0,248.9
10.3,5.4,286.7,122.7,26.0,30.9,412.3,249.5
10.4,5.4,287.4,122.7,26.0,30.9,415.0,249.9
10.4,5.4,287.2,122.7,26.0,30.9,412.7,248.9
10.3,5.4,287.4,122.7,25.9,31.0,412.3,248.7
10.3,5.3,287.3,122.7,26.0,30.9,414.6,249.5
10.4,5.4,287.2,122.7,26.0,30.9,413.1,249.7
10.4,5.4,287.6,122.7,25.9,31.0,413.2,249.7
10.3,5.4,287.4,122.7,26.0,31.0,413.4,250.3
10.4,5.4,287.8,122.7,26.0,30.9,413.9,250.8
10.4,5.4,287.7,122.7,26.0,30.9,414.0,251.6
10.4,5.4,288.1,123.4,26.0,31.0,415.9,251.6
10.3,5.4,287.7,122.7,26.0,31.0,414.0,251.7
10.3,5.4,288.2,122.7,26.1,31.0,414.7,251.4
10.4,5.4,288.5,122.7,26.1,31.0,414.6,250.6
10.4,5.4,287.5,122.7,26.0,31.0,416.1,250.0
10.3,5.4,286.9,122.7,26.0,31.1,413.7,249.3
10.4,5.4,287.0,122.7,26.0,31.1,413.9,248.8
10.3,5.4,288.1,122.7,26.0,31.0,414.2,248.3
10.4,5.4,287.5,123.4,26.1,31.0,412.5,248.1
10.3,5.4,287.0,122.7,26.1,31.0,413.3,248.2
10.3,5.4,286.5,123.4,26.1,31.0,416.2,248.5
10.4,5.5,287.9,123.4,26.1,31.1,411.9,248.4
10.4,5.5,287.3,123.4,26.1,31.1,413.4,248.8
10.4,5.5,286.9,123.4,26.1,31.1,415.6,249.7
10.4,5.5,288.1,123.4,26.1,31.0,414.9,253.0
10.4,5.4,288.2,123.4,26.1,31.1,412.9,253.1
10.4,5.4,288.2,123.4,26.1,31.1,415.4,252.9
10.5,5.5,287.7,123.4,26.1,31.1,412.8,252.2
10.4,5.4,287.6,123.4,26.1,31.1,414.4,252.3
10.5,5.5,288.0,123.4,26.1,31.1,414.5,252.2
10.5,5.5,287.1,123.4,26.1,31.1,413.2,251.9
10.5,5.5,286.6,123.4,26.1,31.1,414.4,252.0
10.5,5.5,287.5,124.1,26.1,31.1,412.6,252.0
10.6,5.6,287.3,124.1,26.1,31.1,414.1,252.1
10.5,5.5,287.7,123.4,26.1,31.1,413.9,252.5
10.5,5.5,286.8,124.1,26.2,31.2,414.7,253.8
10.5,5.5,287.2,124.1,26.1,31.2,414.3,254.2
10.5,5.4,287.5,124.1,26.2,31.2,413.5,254.5
10.6,5.5,288.6,124.1,26.1,31.2,412.2,255.5
10.5,5.5,287.7,124.1,26.2,31.2,415.5,255.5
10.5,5.5,287.6,124.1,26.2,31.2,414.7,255.5
10.6,5.6,286.9,124.1,26.2,31.2,416.2,255.6
10.5,5.5,287.7,124.1,26.2,31.2,414.4,255.1
10.5,5.5,287.7,124.1,26.2,31.2,413.9,254.2
10.5,5.5,286.7,124.1,26.2,31.2,416.5,253.9
10.5,5.6,287.4,124.1,26.3,31.2,412.9,253.9
10.6,5.6,286.7,124.1,26.2,31.2,412.7,253.2
10.7,5.6,287.1,124.1,26.2,31.2,412.8,252.9
10.5,5.6,287.3,124.1,26.3,31.2,415.3,252.6
10.6,5.6,287.7,124.1,26.3,31.2,414.4,252.7
10.6,5.6,288.0,124.1,26.3,31.2,414.7,252.5
10.7,5.6,286.7,124.1,26.3,31.2,414.8,252.5
10.6,5.6,287.9,124.1,26.3,31.2,414.9,251.8
10.6,5.6,287.3,124.1,26.2,31.2,414.2,252.2
10.6,5.6,287.2,124.8,26.3,31.2,416.0,252.7
10.6,5.6,287.5,124.1,26.3,31.3,413.6,252.8
10.7,5.6,287.6,124.8,26.3,31.2,414.5,253.7
10.7,5.6,286.5,124.8,26.3,31.3,414.5,253.6
10.7,5.6,287.9,124.8,26.3,31.3,413.5,254.0
10.6,5.6,286.5,124.8,26.3,31.3,414.8,254.1
10.6,5.6,287.4,124.8,26.3,31.3,414.8,254.2
10.7,5.6,287.3,124.8,26.3,31.4,414.8,255.1
10.7,5.6,288.2,124.8,26.3,31.4,416.1,255.0
10.7,5.6,286.3,124.8,26.3,31.4,413.3,255.1
10.7,5.6,287.2,124.8,26.3,31.4,414.6,256.2
10.8,5.7,287.5,124.8,26.4,31.4,414.2,256.3
10.8,5.7,287.4,124.8,26.4,31.4,416.0,256.7
10.8,5.7,287.5,124.8,26.4,31.4,416.1,257.1
10.8,5.7,287.4,124.8,26.4,31.4,415.1,257.6
10.7,5.7,287.9,125.5,26.4,31.5,413.6,257.6
10.8,5.7,287.3,124.8,26.4,31.4,414.7,256.9
10.7,5.6,287.0,124.8,26.4,31.5,414.2,256.1
10.8,5.7,287.8,124.8,26.4,31.5,414.8,255.7
10.7,5.7,287.4,124.8,26.4,31.4,416.4,255.1
10.7,5.7,286.7,124.8,26.4,31.4,414.1,254.3
10.7,5.7,286.3,124.8,26.4,31.5,414.7,253.7
10.8,5.7,287.5,124.8,26.4,31.5,414.9,253.8
10.8,5.7,286.6,124.8,26.3,31.4,414.7,253.9
10.8,5.7,287.1,124.8,26.4,31.5,414.3,253.6
10.8,5.7,287.5,124.8,26.4,31.4,415.3,254.0
10.8,5.7,286.7,124.8,26.4,31.5,414.4,253.8
10.8,5.7,286.6,124.8,26.4,31.5,415.7,254.0
10.8,5.7,287.9,124.8,26.4,31.4,414.5,254.2
10.7,5.7,286.6,124.8,26.4,31.4,414.3,253.9
10.8,5.7,287.1,124.8,26.4,31.4,414.8,253.9
10.7,5.7,288.0,124.8,26.4,31.5,413.3,253.9
10.8,5.7,287.0,124.8,26.4,31.4,414.2,254.0
10.7,5.7,286.3,124.8,26.4,31.4,413.8,254.3
10.8,5.7,287.6,124.8,26.4,31.4,414.6,254.0
10.7,5.7,287.5,124.8,26.4,31.4,415.2,254.0
10.8,5.7,287.6,124.8,26.4,31.5,415.9,253.8
10.8,5.7,287.7,124.8,26.4,31.5,414.4,253.8
10.8,5.7,286.6,124.8,26.4,31.5,415.7,253.7
10.7,5.7,287.6,124.8,26.4,31.5,413.9,254.2
10.8,5.7,286.8,125.5,26.4,31.5,414.5,254.9
10.7,5.7,287.1,125.5,26.4,31.5,416.4,255.2
10.8,5.7,288.1,125.5,26.5,31.5,414.3,255.0
10.8,5.7,286.9,125.5,26.4,31.5,414.4,255.4
10.8,5.7,287.7,125.5,26.5,31.5,414.5,253.8
10.7,5.7,288.1,124.8,26.4,31.5,416.3,254.1
10.8,5.7,288.5,124.8,26.4,31.5,416.7,253.5
10.7,5.7,287.4,124.8,26.4,31.5,415.2,253.8
10.8,5.8,287.0,124.8,26.4,31.5,414.6,253.4
10.8,5.7,286.9,125.5,26.5,31.5,413.9,254.0
10.8,5.7,287.3,124.8,26.5,31.5,415.0,254.1
10.8,5.7,287.2,124.8,26.4,31.5,415.3,253.5
10.7,5.7,287.8,124.8,26.4,31.5,415.0,253.9
10.8,5.7,287.3,124.8,26.5,31.5,412.8,254.1
10.7,5.7,287.4,124.8,26.4,31.5,413.2,254.6
10.7,5.7,286.5,124.8,26.4,31.5,412.8,254.7
10.7,5.7,287.9,124.8,26.4,31.5,413.1,254.9
10.8,5.7,286.6,124.8,26.4,31.4,414.7,254.3
10.7,5.7,287.8,124.8,26.4,31.5,412.9,254.3
10.8,5.7,286.6,124.8,26.4,31.5,415.3,253.8
10.7,5.7,287.3,124.8,26.4,31.4,414.6,253.3
10.7,5.7,286.3,124.8,26.4,31.4,413.5,252.9
10.8,5.7,288.0,124.8,26.4,31.4,415.1,252.1
10.7,5.7,286.5,124.8,26.4,31.4,415.1,252.2
10.7,5.7,287.0,124.8,26.4,31.4,415.1,252.9
10.8,5.7,286.5,124.8,26.4,31.4,412.5,252.9
10.8,5.7,286.9,124.8,26.4,31.4,414.0,253.4
10.7,5.7,286.9,124.8,26.4,31.4,414.5,253.8
10.7,5.7,287.1,124.8,26.4,31.4,416.8,253.9
10.7,5.7,286.8,124.8,26.4,31.4,415.7,253.4
10.7,5.7,287.0,124.8,26.4,31.5,414.1,253.8
10.7,5.7,287.6,124.8,26.4,31.4,413.6,253.2
10.7,5.7,286.6,124.8,26.4,31.4,416.5,253.4
10.7,5.7,287.5,124.8,26.4,31.4,413.7,253.6
10.7,5.7,287.7,124.8,26.4,31.4,413.4,253.2
10.7,5.7,286.6,124.8,26.4,31.4,414.1,252.4
10.7,5.7,287.7,124.8,26.4,31.4,414.6,252.6
10.7,5.7,286.3,124.8,26.4,31.4,413.9,252.1
10.7,5.7,286.9,124.8,26.4,31.4,416.8,251.0
10.7,5.7,287.2,124.8,26.4,31.4,415.0,251.2
10.7,5.7,287.9,124.8,26.4,31.4,412.9,251.8
10.8,5.7,287.0,124.8,26.4,31.4,413.0,251.8
10.7,5.7,286.1,124.8,26.4,31.4,415.8,251.6
10.7,5.7,287.2,124.1,26.4,31.4,415.1,251.6
10.6,5.6,286.3,124.8,26.4,31.4,415.0,251.7
10.7,5.7,286.6,124.8,26.4,31.4,412.5,251.7
10.7,5.6,287.6,124.8,26.4,31.4,415.7,251.4
10.6,5.6,286.2,124.1,26.4,31.4,413.9,252.0
10.7,5.7,286.8,124.8,26.3,31.4,412.7,251.6
10.7,5.7,286.8,124.8,26.4,31.4,415.0,251.7
10.7,5.6,286.8,124.8,26.4,31.4,415.3,251.0
10.7,5.6,286.7,124.8,26.3,31.4,414.2,251.3
10.7,5.6,287.1,124.1,26.3,31.4,413.2,251.3
10.6,5.6,286.6,124.8,26.3,31.4,413.9,251.5
10.7,5.6,285.8,124.1,26.3,31.3,415.0,252.0
10.7,5.6,287.0,124.8,26.4,31.4,414.6,251.9
10.6,5.6,287.0,124.1,26.3,31.4,415.8,252.0
10.6,5.6,287.3,124.1,26.4,31.4,415.2,252.5
10.6,5.6,286.4,124.8,26.3,31.4,414.4,252.2
10.6,5.6,287.2,124.8,26.3,31.4,416.5,252.2
10.5,5.6,286.6,124.1,26.3,31.3,414.3,252.7
10.6,5.6,287.2,124.8,26.4,31.4,412.4,253.0
10.6,5.6,287.5,124.8,26.3,31.4,415.1,253.1
10.6,5.6,287.7,124.8,26.4,31.4,414.2,253.0
10.6,5.6,286.8,124.8,26.4,31.4,414.6,252.2
10.5,5.6,286.7,124.8,26.4,31.4,414.0,251.1
10.5,5.6,287.3,124.8,26.4,31.4,412.5,251.1
10.6,5.6,286.7,124.8,26.4,31.4,414.9,250.4
10.6,5.6,287.1,124.8,26.4,31.4,417.3,250.2
10.6,5.6,285.2,124.8,26.4,31.4,414.1,251.0
10.5,5.6,286.8,124.8,26.4,31.4,414.5,251.3
10.5,5.6,286.0,124.8,26.4,31.4,414.0,251.9
10.6,5.6,286.3,124.8,26.4,31.4,415.3,252.1
10.5,5.6,286.4,124.8,26.4,31.4,414.7,252.6
10.5,5.6,286.3,124.8,26.4,31.4,415.3,252.7
10.6,5.6,286.9,124.8,26.4,31.4,414.2,252.8
10.5,5.6,287.5,124.8,26.4,31.4,415.5,252.9
10.5,5.6,286.2,124.8,26.4,31.4,414.9,252.5
10.5,5.5,287.1,124.8,26.4,31.4,416.1,252.4
10.5,5.5,287.2,124.8,26.5,31.5,415.9,251.2
10.5,5.6,287.7,124.8,26.5,31.4,413.4,250.8
10.5,5.6,287.1,124.8,26.4,31.4,417.6,250.0
10.5,5.6,287.3,124.1,26.4,31.4,416.1,250.7
10.5,5.6,286.6,124.8,26.5,31.5,415.0,251.2
10.5,5.6,287.6,124.8,26.5,31.4,415.5,251.6
10.5,5.6,287.2,124.8,26.4,31.4,414.7,251.7
10.5,5.6,287.3,124.8,26.4,31.4,413.4,251.6
10.5,5.6,286.4,124.8,26.5,31.4,415.8,251.5
10.5,5.6,287.8,124.8,26.4,31.4,415.7,251.3
10.5,5.6,287.1,124.8,26.5,31.5,414.8,251.5
10.5,5.6,288.1,124.8,26.5,31.5,414.1,251.1
10.5,5.6,287.1,124.8,26.5,31.5,412.1,250.3
10.5,5.6,288.3,124.8,26.5,31.5,415.0,250.5
10.5,5.6,287.8,124.8,26.5,31.5,413.6,250.3
10.5,5.6,288.2,124.8,26.5,31.5,414.1,249.9
10.5,5.6,287.6,124.8,26.5,31.5,413.9,249.8
10.6,5.6,288.3,124.8,26.5,31.5,414.9,249.4
10.5,5.7,287.1,124.8,26.5,31.5,416.2,249.0
10.6,5.7,287.9,124.8,26.5,31.5,415.2,248.4
10.5,5.6,287.1,124.8,26.5,31.5,416.1,248.0
10.5,5.6,287.4,124.8,26.5,31.5,414.6,248.6
10.5,5.6,286.9,124.8,26.5,31.4,416.3,248.5
10.5,5.6,287.3,124.8,26.5,31.5,414.9,249.5
10.5,5.6,288.5,124.8,26.5,31.5,413.5,249.6
10.5,5.6,287.4,124.8,26.5,31.5,413.3,249.9
10.5,5.6,287.0,124.8,26.5,31.5,416.6,249.9
10.5,5.6,288.5,124.8,26.5,31.5,414.2,249.9
10.5,5.6,287.6,124.8,26.5,31.5,413.7,249.9
10.5,5.6,287.7,124.8,26.5,31.5,415.2,250.3
10.5,5.6,287.8,125.5,26.5,31.5,415.2,249.3
10.5,5.6,287.5,124.8,26.5,31.5,416.2,248.8
10.5,5.6,288.4,124.8,26.5,31.5,414.0,248.5
10.5,5.6,286.4,124.8,26.5,31.5,414.5,249.4
10.5,5.6,287.7,124.8,26.6,31.5,416.1,250.1
10.5,5.6,287.4,124.8,26.5,31.5,415.3,250.1
10.5,5.6,287.5,125.5,26.5,31.5,415.8,250.8
10.6,5.6,287.3,125.5,26.5,31.5,414.1,250.6
10.5,5.6,287.8,124.8,26.5,31.5,414.9,251.6
10.5,5.6,287.8,124.8,26.5,31.5,415.5,251.6
10.5,5.6,287.2,124.8,26.5,31.5,414.9,252.0
10.5,5.6,287.2,125.5,26.5,31.5,415.6,254.6
10.5,5.5,288.1,125.5,26.5,31.5,413.4,254.6
10.5,5.5,287.6,125.5,26.5,31.5,413.1,255.1
10.5,5.6,287.8,125.5,26.5,31.6,415.9,254.5
10.5,5.5,287.0,125.5,26.5,31.6,414.1,254.8
10.6,5.6,287.6,125.5,26.5,31.5,415.1,253.9
10.4,5.5,287.2,125.5,26.5,31.5,414.4,253.7
10.5,5.5,287.0,125.5,26.5,31.6,413.5,253.6
10.5,5.5,286.7,125.5,26.5,31.6,415.0,253.7
10.5,5.5,287.9,125.5,26.5,31.5,416.0,253.9
10.6,5.6,287.7,125.5,26.5,31.6,414.2,254.3
10.6,5.6,286.9,125.5,26.5,31.6,415.0,254.5
10.5,5.5,287.4,125.5,26.5,31.5,416.0,254.7
10.5,5.5,287.8,125.5,26.5,31.6,413.6,255.1
10.5,5.6,286.8,125.5,26.5,31.6,413.4,255.7
10.5,5.6,287.9,125.5,26.5,31.6,414.3,254.7
10.5,5.5,287.8,125.5,26.5,31.6,413.0,254.8
10.5,5.5,287.6,125.5,26.5,31.6,414.6,254.5
10.5,5.5,288.2,125.5,26.5,31.5,413.6,253.4
10.5,5.5,287.0,125.5,26.5,31.5,415.2,252.9
10.4,5.4,286.7,125.5,26.5,31.5,413.7,252.0
10.4,5.5,286.5,125.5,26.5,31.5,416.3,251.4
10.4,5.5,287.7,125.5,26.5,31.5,413.2,250.7
10.4,5.5,285.9,124.8,26.5,31.5,415.1,250.7
10.4,5.5,287.7,125.5,26.5,31.5,416.5,250.9
10.4,5.5,287.6,125.5,26.5,31.5,414.2,250.8
10.5,5.5,287.4,125.5,26.5,31.5,415.1,251.1
10.4,5.4,286.2,125.5,26.5,31.5,415.5,251.9
10.5,5.5,287.2,125.5,26.5,31.5,411.3,252.7
10.4,5.5,288.0,125.5,26.5,31.5,415.1,253.2
10.5,5.6,286.3,125.5,26.6,31.6,412.4,253.6
10.5,5.5,288.2,125.5,26.5,31.6,414.1,253.6
10.5,5.6,286.9,125.5,26.5,31.6,416.8,253.5
10.5,5.6,287.1,125.5,26.5,31.6,414.4,253.3
10.5,5.6,286.1,125.5,26.5,31.5,415.7,252.5
10.5,5.6,286.5,125.5,26.5,31.5,416.5,251.6
10.5,5.6,286.1,125.5,26.5,31.5,414.4,250.6
10.5,5.6,286.5,125.5,26.5,31.6,414.7,249.4
10.5,5.6,285.1,125.5,26.5,31.6,413.1,248.9
10.5,5.5,285.2,124.8,26.5,31.5,415.3,248.7
10.5,5.5,284.1,125.5,26.5,31.5,414.6,250.3
10.5,5.6,285.3,125.5,26.5,31.5,414.3,249.6
10.5,5.5,283.9,125.5,26.5,31.5,415.5,249.8
10.5,5.6,283.8,125.5,26.5,31.5,415.7,249.4
10.4,5.4,283.5,124.8,26.5,31.5,415.1,252.2
10.5,5.6,282.9,125.5,26.5,31.5,415.5,252.8
10.5,5.5,282.4,125.5,26.5,31.6,413.9,252.6
10.5,5.4,283.0,125.5,26.5,31.5,415.7,251.5
10.4,5.4,283.5,125.5,26.5,31.6,413.3,251.0
10.3,5.3,282.9,124.8,26.5,31.5,415.3,250.5
10.3,5.3,282.2,124.8,26.5,31.5,414.9,250.3
10.3,5.3,283.2,124.8,26.5,31.5,415.4,249.8
10.3,5.3,283.5,124.8,26.5,31.5,413.6,249.7
10.3,5.3,282.6,124.8,26.5,31.5,413.2,249.2
10.3,5.3,283.4,124.8,26.5,31.5,412.9,249.4
10.3,5.3,282.9,124.8,26.5,31.5,415.4,251.3
10.4,5.4,282.7,124.8,26.5,31.5,415.1,250.9
10.4,5.3,282.4,124.8,26.4,31.5,415.8,252.6
10.4,5.3,283.1,125.5,26.5,31.5,413.7,253.3
10.3,5.3,283.3,124.8,26.5,31.5,413.3,253.7
10.4,5.3,283.9,125.5,26.5,31.5,413.7,253.8
10.3,5.3,283.2,125.5,26.4,31.4,415.0,253.4
10.3,5.3,282.5,124.8,26.5,31.5,414.3,252.9
10.3,5.3,281.8,124.8,26.4,31.4,414.8,252.7
10.3,5.2,283.8,124.8,26.4,31.5,416.5,252.3
10.2,5.2,283.3,124.8,26.4,31.4,415.3,251.1
10.2,5.2,283.6,124.8,26.4,31.4,413.2,250.5
10.2,5.2,282.9,124.8,26.4,31.4,413.5,250.2
10.2,5.2,283.7,124.8,26.4,31.4,413.6,249.7
10.2,5.2,282.4,124.1,26.4,31.4,415.8,249.4
10.1,5.2,283.5,124.1,26.4,31.4,414.9,249.3
10.1,5.2,283.3,124.1,26.4,31.4,416.1,249.5
10.2,5.2,283.5,124.1,26.4,31.4,414.1,249.0
10.1,5.2,284.1,124.1,26.4,31.4,414.2,249.3
10.1,5.2,284.0,124.1,26.4,31.4,415.1,248.8
10.2,5.2,282.3,124.1,26.4,31.4,414.3,249.1
10.1,5.2,283.1,124.1,26.4,31.4,413.0,248.7
10.0,5.1,284.0,124.1,26.4,31.3,415.1,248.5
10.0,5.1,283.2,124.1,26.4,31.3,415.8,248.8
10.1,5.1,283.7,124.1,26.4,31.3,414.5,249.2
10.1,5.1,283.7,124.1,26.4,31.3,415.0,250.0
10.2,5.2,284.0,124.1,26.3,31.3,412.4,251.0
10.2,5.3,284.5,124.1,26.3,31.3,415.2,250.7
10.3,5.3,283.6,124.1,26.3,31.3,414.7,250.5
10.2,5.2,282.8,124.1,26.3,31.3,413.9,249.7
10.0,5.1,283.0,124.1,26.3,31.3,412.6,249.2
10.0,5.1,282.8,123.4,26.3,31.2,415.1,248.9
10.0,5.1,283.9,124.1,26.3,31.2,413.2,248.4
10.0,5.1,283.5,123.4,26.3,31.2,414.2,248.6
10.0,5.1,284.5,123.4,26.3,31.2,413.9,249.0
10.0,5.1,283.4,123.4,26.3,31.2,414.5,248.9
9.9,5.0,284.0,123.4,26.3,31.2,415.0,248.3
9.9,5.1,283.6,123.4,26.3,31.2,416.5,247.0
9.9,5.0,282.6,123.4,26.2,31.2,413.8,246.8
10.0,5.1,284.0,123.4,26.3,31.2,415.5,245.7
9.9,5.1,283.3,123.4,26.3,31.2,415.6,246.0
9.9,5.1,283.4,123.4,26.3,31.1,415.1,245.5
9.9,5.1,283.9,123.4,26.3,31.1,416.3,244.7
9.9,5.1,283.4,122.7,26.3,31.1,413.8,244.1
9.9,5.1,282.6,122.7,26.2,31.1,414.6,243.0
9.9,5.1,282.5,122.7,26.3,31.1,413.0,240.7
10.0,5.2,282.7,122.7,26.2,31.1,413.6,239.7
9.9,5.2,282.4,122.7,26.2,31.1,416.8,239.5
9.9,5.1,282.9,122.7,26.2,31.0,414.8,240.2
9.9,5.1,283.4,122.7,26.2,31.0,412.4,241.0
10.0,5.1,283.8,122.0,26.2,31.0,415.1,240.6
9.8,5.1,282.8,122.0,26.2,31.0,413.7,240.9
9.9,5.1,282.8,122.0,26.1,31.0,414.6,240.5
9.9,5.1,282.5,122.0,26.1,31.0,413.8,240.7
9.9,5.1,283.1,122.0,26.1,31.0,415.2,240.2
9.9,5.1,285.2,122.0,26.1,31.0,414.0,239.5
9.8,5.1,283.6,122.0,26.1,31.0,414.6,239.3
9.9,5.1,283.6,122.0,26.1,31.0,414.2,238.6
9.9,5.1,284.1,122.0,26.1,30.9,412.8,238.2
9.8,5.1,283.9,122.0,26.1,31.0,414.9,238.5
9.9,5.1,283.1,122.0,26.1,30.9,415.1,238.8
9.9,5.1,283.6,122.0,26.1,30.9,413.4,239.1
9.9,5.1,283.3,122.0,26.0,30.9,414.4,239.3
9.8,5.1,284.6,122.0,26.1,30.9,414.0,239.2
9.9,5.1,284.4,122.0,26.1,30.9,412.3,239.7
9.8,5.1,283.6,122.0,26.1,30.9,415.1,240.0
9.9,5.1,283.8,122.0,26.0,30.9,413.0,240.2
9.9,5.1,283.3,122.0,26.0,30.9,413.8,238.1
9.8,5.0,283.4,121.4,26.0,30.9,415.1,237.8
9.8,5.0,283.5,121.4,26.0,30.8,415.0,235.6
9.8,5.1,283.1,121.4,26.0,30.8,414.8,235.1
9.8,5.1,282.7,121.4,26.0,30.7,414.3,234.3
9.7,5.1,283.1,120.7,26.0,30.8,415.9,233.7
9.8,5.1,284.6,120.7,26.0,30.7,414.4,232.6
9.8,5.1,283.3,120.7,26.0,30.7,413.0,232.6
9.8,5.1,283.1,120.7,25.9,30.7,415.4,232.9
9.8,5.2,283.5,120.7,25.9,30.7,413.2,233.7
9.8,5.2,283.7,120.7,25.9,30.7,413.3,233.3
9.8,5.1,283.2,120.7,25.9,30.7,415.0,233.9
9.8,5.1,283.1,120.7,25.9,30.7,415.4,233.5
9.8,5.1,283.4,120.7,25.9,30.7,414.3,233.2
9.8,5.1,283.1,120.7,25.9,30.6,412.3,233.9
9.9,5.2,283.3,120.7,25.9,30.7,415.0,231.7
9.8,5.1,284.3,120.0,25.8,30.6,415.2,229.6
9.8,5.2,283.9,120.0,25.8,30.6,415.0,229.4
9.8,5.2,283.2,120.0,25.9,30.6,416.1,228.2
9.8,5.2,283.0,120.0,25.8,30.5,415.2,227.7
9.8,5.2,282.8,120.0,25.8,30.5,417.1,227.1
9.8,5.2,283.2,120.0,25.8,30.5,416.3,224.0
9.8,5.2,282.3,119.3,25.8,30.5,412.3,224.0
9.8,5.3,282.6,119.3,25.8,30.5,411.7,223.7
9.9,5.3,283.7,119.3,25.8,30.4,413.4,223.8
9.8,5.3,282.6,119.3,25.8,30.4,413.5,223.3
9.8,5.2,282.1,119.3,25.8,30.4,410.8,223.3
9.8,5.3,283.1,119.3,25.8,30.4,414.0,223.1
9.8,5.2,282.2,119.3,25.8,30.4,415.6,222.9
9.8,5.2,282.3,118.6,25.7,30.4,415.7,222.8
9.7,5.2,283.3,118.6,25.7,30.4,413.4,223.6
9.8,5.2,283.8,118.6,25.7,30.3,414.7,220.6
9.8,5.3,283.5,118.6,25.7,30.3,412.7,220.9
9.8,5.3,283.2,118.6,25.7,30.3,413.8,220.7
9.9,5.3,283.3,118.6,25.7,30.2,415.0,220.2
9.8,5.3,282.4,118.6,25.6,30.3,413.7,219.8
9.9,5.3,283.2,118.6,25.6,30.2,416.4,216.2
9.8,5.3,282.9,117.9,25.6,30.2,412.4,216.6
9.8,5.4,283.2,117.9,25.6,30.2,413.9,215.8
9.8,5.3,283.2,117.2,25.6,30.1,414.3,215.2
9.7,5.2,283.9,117.2,25.6,30.1,413.5,215.3
9.7,5.3,283.4,117.9,25.6,30.1,415.2,215.1
9.7,5.3,283.5,117.9,25.6,30.1,413.2,215.4
9.7,5.3,283.5,117.2,25.6,30.1,413.0,215.3
9.7,5.3,282.4,117.2,25.6,30.1,416.2,214.5
9.6,5.2,282.7,117.2,25.6,30.0,413.7,215.1
9.7,5.2,283.2,117.2,25.5,30.0,415.6,214.6
9.6,5.2,283.7,117.2,25.5,30.0,411.8,214.7
9.7,5.2,282.8,117.2,25.5,30.0,413.9,214.9
9.6,5.2,282.4,117.2,25.5,30.0,413.5,215.0
9.7,5.3,283.3,117.2,25.5,30.0,415.3,215.0
9.7,5.2,282.3,117.2,25.5,30.0,413.5,214.6
9.7,5.2,283.1,117.2,25.4,30.0,413.2,214.3
9.7,5.2,282.1,117.2,25.5,30.0,414.3,213.7
9.6,5.2,282.8,116.5,25.5,30.0,414.6,213.7
9.6,5.2,282.1,116.5,25.5,29.9,413.7,213.1
9.6,5.2,282.8,116.5,25.4,30.0,414.1,213.6
9.6,5.2,283.2,116.5,25.4,29.9,413.2,210.5
9.5,5.2,282.8,116.5,25.4,29.9,414.1,210.6
9.5,5.2,282.5,115.8,25.4,29.8,413.8,210.8
9.6,5.2,283.4,116.5,25.4,29.9,415.0,210.7
9.5,5.2,282.7,115.8,25.4,29.9,412.2,210.7
9.5,5.2,282.7,115.8,25.4,29.8,415.0,210.4
9.5,5.2,283.0,115.8,25.4,29.8,411.9,210.5
9.5,5.2,282.8,115.8,25.4,29.8,413.8,210.9
9.5,5.2,283.2,115.8,25.4,29.8,414.5,210.2
9.4,5.1,282.9,115.8,25.4,29.8,415.5,211.0
9.4,5.1,283.8,115.8,25.3,29.7,413.5,209.8
9.4,5.1,283.7,115.8,25.3,29.7,413.4,210.2
9.5,5.1,283.9,115.8,25.3,29.7,414.1,210.9
9.6,5.2,283.9,115.8,25.3,29.7,413.2,210.9
9.6,5.2,284.5,115.8,25.3,29.7,413.4,210.8
9.5,5.2,284.5,115.8,25.2,29.7,415.0,210.6
9.7,5.3,284.4,115.8,25.3,29.7,412.4,211.3
9.7,5.3,284.6,115.8,25.3,29.7,413.9,211.1
9.7,5.3,284.4,115.8,25.2,29.7,414.8,211.2
9.7,5.3,283.7,115.1,25.2,29.7,413.1,211.3
9.7,5.4,284.8,115.1,25.2,29.7,413.5,211.8
9.7,5.3,284.1,115.8,25.2,29.7,412.2,211.6
9.7,5.3,284.2,115.1,25.2,29.6,413.6,211.4
9.7,5.3,283.3,115.1,25.2,29.6,412.6,211.9
9.7,5.3,283.9,115.1,25.2,29.7,412.1,211.8
9.7,5.3,284.7,115.1,25.1,29.6,412.7,211.7
9.7,5.3,284.9,115.1,25.2,29.6,414.1,211.8
9.7,5.3,283.5,115.1,25.1,29.6,414.0,212.3
9.8,5.4,283.6,115.1,25.1,29.6,411.9,212.5
9.8,5.4,284.4,115.1,25.1,29.6,413.6,212.3
9.8,5.4,285.4,115.1,25.1,29.6,412.3,212.7
9.8,5.4,284.9,115.1,25.1,29.6,413.7,212.3
9.8,5.4,284.4,115.1,25.1,29.6,412.5,212.6
9.8,5.4,284.4,115.1,25.1,29.6,413.8,212.0
9.8,5.4,284.0,115.1,25.1,29.6,414.4,212.6
9.8,5.4,284.0,115.1,25.1,29.6,414.3,212.6
9.9,5.5,283.7,115.1,25.1,29.6,413.9,213.1
9.8,5.4,284.1,115.1,25.1,29.5,413.8,213.9
9.9,5.5,285.3,115.1,25.1,29.5,416.2,215.0
9.9,5.5,283.1,115.1,25.0,29.6,412.0,214.9
9.9,5.5,284.1,115.1,25.1,29.6,414.6,217.6
9.9,5.4,283.8,115.8,25.0,29.6,413.0,217.6
9.9,5.4,284.3,115.8,25.0,29.6,413.7,217.5
10.0,5.5,285.0,115.8,25.0,29.6,414.5,219.5
10.0,5.5,283.3,115.8,25.0,29.6,415.0,219.6
9.9,5.4,283.4,115.8,25.0,29.6,415.6,224.2
10.1,5.4,283.7,116.5,25.0,29.6,414.2,223.6
10.0,5.4,283.6,116.5,25.0,29.6,414.4,223.6
10.0,5.4,284.9,115.8,25.0,29.6,413.0,224.0
10.0,5.4,285.0,115.8,25.0,29.6,413.8,223.9
10.0,5.4,284.7,115.8,25.0,29.6,413.9,224.1
10.0,5.4,284.1,115.8,25.0,29.6,414.8,224.5
10.0,5.4,284.0,116.5,25.0,29.6,412.3,224.6
10.0,5.4,283.5,115.8,25.0,29.6,412.8,224.4
10.0,5.4,283.9,115.8,25.0,29.6,413.0,226.0
10.1,5.4,284.3,116.5,24.9,29.6,412.3,226.4
10.1,5.4,284.2,116.5,25.0,29.7,414.0,225.4
10.1,5.4,284.0,116.5,25.0,29.7,412.9,228.1
10.1,5.4,284.6,116.5,25.0,29.7,414.2,229.5
10.0,5.3,284.5,116.5,25.0,29.7,415.9,228.4
10.0,5.3,284.6,116.5,24.9,29.7,415.1,231.9
10.1,5.3,283.1,117.2,24.9,29.7,413.8,230.8
10.1,5.3,284.3,117.2,24.9,29.7,415.0,230.6
10.0,5.3,283.5,116.5,25.0,29.7,412.4,231.1
10.1,5.3,284.6,117.2,24.9,29.7,413.6,231.9
10.2,5.4,283.9,117.2,25.0,29.7,412.2,232.6
10.2,5.3,284.5,117.2,25.0,29.7,414.8,232.0
10.1,5.3,284.3,117.2,25.0,29.8,415.8,233.8
10.1,5.3,283.5,117.2,25.0,29.7,413.9,234.6
10.2,5.4,284.4,117.9,25.0,29.8,412.7,233.9
10.1,5.3,284.5,117.2,25.0,29.8,415.1,234.2
10.1,5.3,284.0,117.2,25.0,29.8,414.5,235.2
10.2,5.3,283.0,117.2,25.0,29.8,414.5,235.2
10.1,5.3,283.7,117.9,25.1,29.9,415.4,235.1
10.1,5.3,284.4,117.9,25.0,29.9,413.6,235.1
10.2,5.3,284.4,117.9,25.1,29.9,414.4,234.4
10.1,5.3,285.2,117.9,25.1,29.9,414.2,234.5
10.2,5.3,284.0,117.9,25.1,29.9,414.6,233.7
10.1,5.3,284.3,117.9,25.1,29.9,414.3,234.5
10.2,5.3,283.4,118.6,25.2,30.0,414.6,237.7
10.2,5.3,285.0,118.6,25.2,30.0,414.9,238.2
10.2,5.3,284.8,118.6,25.2,30.0,414.5,237.3
10.1,5.2,284.3,118.6,25.2,30.1,413.6,237.2
10.0,5.2,284.7,118.6,25.3,30.1,414.7,237.8
10.1,5.2,285.0,118.6,25.3,30.1,415.9,237.4
10.1,5.2,284.3,118.6,25.3,30.1,413.6,238.2
10.2,5.3,284.7,119.3,25.3,30.1,414.5,239.0
10.1,5.3,284.8,119.3,25.3,30.2,413.2,239.1
10.1,5.2,284.0,119.3,25.4,30.2,414.4,239.2
10.2,5.3,285.0,119.3,25.4,30.2,412.4,239.5
10.2,5.3,285.0,120.0,25.4,30.2,413.4,239.4
10.2,5.3,285.4,120.0,25.4,30.2,414.1,238.7
10.2,5.3,284.8,120.0,25.4,30.4,414.4,239.4
10.1,5.3,285.1,120.0,25.5,30.3,413.0,238.7
10.1,5.3,284.6,120.0,25.5,30.4,416.2,239.0
10.2,5.3,285.4,120.0,25.5,30.4,413.7,238.7
10.1,5.3,284.4,120.0,25.5,30.4,414.6,239.3
10.1,5.3,285.3,120.0,25.5,30.4,414.0,239.5
10.1,5.2,284.5,120.0,25.6,30.4,414.6,240.8
10.2,5.2,284.7,120.7,25.6,30.5,417.2,240.3
10.2,5.3,284.4,120.7,25.6,30.5,414.9,240.4
10.1,5.2,284.9,120.7,25.6,30.5,415.4,240.1
10.2,5.3,284.2,120.7,25.7,30.5,415.6,239.9
10.1,5.3,284.7,120.7,25.7,30.5,414.9,240.3
10.2,5.3,284.2,120.7,25.7,30.6,413.9,239.8
10.2,5.3,284.7,120.7,25.7,30.6,415.5,240.7
10.2,5.3,283.9,121.4,25.7,30.6,414.6,240.4
10.1,5.3,285.3,121.4,25.8,30.7,415.3,240.3
10.1,5.3,284.2,121.4,25.8,30.7,414.6,240.3
10.1,5.3,284.7,121.4,25.8,30.7,415.6,240.5
10.0,5.3,284.9,121.4,25.8,30.7,413.9,240.5
10.1,5.3,284.4,121.4,25.9,30.7,414.3,239.9
10.1,5.3,284.8,121.4,25.9,30.7,414.9,239.4
10.1,5.3,285.0,121.4,25.9,30.7,414.5,238.3
10.1,5.3,284.7,121.4,25.9,30.8,413.6,238.6
10.1,5.3,284.4,121.4,25.9,30.8,413.4,237.9
10.2,5.3,283.7,121.4,25.9,30.8,412.3,238.2
10.1,5.3,283.6,122.0,26.0,30.8,412.8,237.7
10.1,5.3,283.9,122.0,26.0,30.9,414.4,237.5
10.2,5.3,283.4,122.0,26.0,30.9,413.5,237.4
10.1,5.3,283.8,122.0,26.0,30.9,414.1,237.2
10.1,5.3,284.5,122.0,26.0,30.9,414.1,237.5
10.2,5.3,284.1,122.0,26.1,31.0,414.2,237.7
10.1,5.3,283.8,122.0,26.1,31.0,415.8,238.4
10.1,5.3,284.0,122.7,26.1,31.0,413.0,237.6
10.0,5.3,282.6,122.7,26.0,31.0,416.6,238.4
10.1,5.3,283.7,122.7,26.1,31.0,414.9,238.5
10.1,5.3,283.7,122.7,26.1,31.1,413.9,238.9
10.2,5.3,284.4,122.7,26.2,31.1,414.3,238.5
10.1,5.3,284.5,122.7,26.1,31.1,416.3,239.1
10.1,5.3,284.4,122.7,26.2,31.1,415.0,238.6
10.1,5.3,285.2,122.7,26.2,31.1,416.2,238.7
10.2,5.3,284.6,123.4,26.3,31.2,414.2,238.3
10.1,5.3,283.6,123.4,26.3,31.1,415.3,238.4
10.1,5.3,284.9,123.4,26.3,31.2,414.9,238.5
10.1,5.3,284.7,123.4,26.3,31.1,413.8,238.7
10.1,5.3,284.0,123.4,26.3,31.2,414.9,238.8
10.1,5.3,283.7,123.4,26.3,31.2,413.2,239.4
10.1,5.3,284.9,123.4,26.3,31.3,414.7,239.6
10.2,5.3,284.6,123.4,26.3,31.2,414.3,241.1
10.2,5.3,283.9,123.4,26.4,31.3,412.8,240.8
10.2,5.3,284.6,124.1,26.4,31.3,413.5,239.9
10.2,5.3,284.5,124.1,26.4,31.4,415.2,239.4
10.1,5.3,284.7,124.1,26.4,31.4,413.5,239.9
10.2,5.4,284.2,124.1,26.4,31.4,415.3,239.5
10.2,5.3,283.9,124.1,26.4,31.3,413.0,240.6
10.2,5.3,284.3,124.1,26.4,31.4,415.3,239.8
10.2,5.3,284.2,124.1,26.5,31.5,414.5,239.5
10.1,5.3,284.5,124.1,26.5,31.4,415.8,239.7
10.1,5.3,284.7,124.1,26.5,31.4,413.3,239.9
10.2,5.3,283.9,124.1,26.5,31.4,413.8,240.5
10.1,5.3,285.0,124.1,26.5,31.5,417.0,240.5
10.1,5.3,285.0,124.1,26.5,31.5,415.2,241.0
10.2,5.4,284.7,124.8,26.6,31.5,415.0,241.3
10.1,5.3,284.1,124.8,26.5,31.5,414.3,241.8
10.2,5.3,284.6,124.8,26.6,31.5,415.2,243.3
10.1,5.3,285.3,124.8,26.6,31.5,415.1,243.7
10.1,5.3,285.2,124.8,26.6,31.5,415.4,244.3
10.1,5.3,285.8,124.8,26.6,31.6,414.5,244.7
10.2,5.3,284.6,124.8,26.6,31.6,414.5,246.1
10.2,5.3,284.5,125.5,26.6,31.6,415.4,245.5
10.3,5.4,285.1,125.5,26.6,31.6,412.5,246.8
10.2,5.3,285.0,125.5,26.6,31.6,415.7,248.2
10.2,5.3,284.6,125.5,26.7,31.7,413.5,247.0
10.2,5.3,284.2,125.5,26.7,31.7,415.2,246.4
10.1,5.3,285.4,125.5,26.7,31.7,415.6,245.5
10.2,5.3,284.7,125.5,26.7,31.7,415.5,245.2
10.2,5.3,284.3,125.5,26.8,31.8,415.3,245.4
10.2,5.3,283.9,126.2,26.8,31.8,413.2,246.0
10.2,5.3,283.9,126.2,26.8,31.8,414.7,247.3
10.2,5.3,285.2,126.2,26.8,31.8,415.4,247.2
10.2,5.3,284.4,126.2,26.8,31.8,411.3,249.2
10.1,5.2,284.4,126.2,26.8,31.8,414.6,249.5
10.1,5.3,284.7,126.2,26.8,31.8,413.4,250.0
10.2,5.2,284.6,126.2,26.8,31.9,415.2,250.8
10.2,5.2,284.8,126.9,26.9,31.9,415.3,251.1
10.2,5.3,285.0,126.9,26.9,32.0,416.4,251.1
10.2,5.2,284.9,126.9,26.9,31.9,414.5,251.0
10.2,5.3,284.0,126.9,26.9,31.9,413.3,251.6
10.2,5.2,284.2,126.9,26.9,32.0,414.1,250.5
10.2,5.2,284.3,126.9,26.9,32.0,415.2,250.3
10.2,5.2,285.1,127.6,27.0,32.0,414.8,250.1
10.1,5.2,284.5,126.9,27.0,32.0,413.1,250.6
10.2,5.2,284.9,126.9,27.0,32.0,415.0,250.6
10.1,5.2,284.5,126.9,27.0,32.0,415.5,250.7
10.1,5.2,284.9,127.6,26.9,32.0,415.7,251.2
10.2,5.3,284.9,127.6,27.0,32.0,416.2,251.6
10.1,5.2,285.2,127.6,27.0,32.1,414.1,251.1
10.2,5.3,283.8,127.6,27.0,32.1,413.5,250.6
10.1,5.2,285.0,127.6,27.0,32.1,412.6,251.0
10.1,5.2,283.6,127.6,27.0,32.1,415.6,250.6
10.2,5.3,285.1,127.6,27.0,32.1,415.3,249.4
10.1,5.2,284.6,127.6,27.1,32.2,413.7,249.4
10.1,5.2,284.9,127.6,27.1,32.1,414.6,249.8
10.2,5.3,285.0,127.6,27.1,32.1,416.2,249.6
10.1,5.2,284.6,127.6,27.1,32.1,413.8,250.2
10.2,5.3,285.4,127.6,27.1,32.2,415.5,251.1
10.2,5.3,285.5,128.2,27.1,32.2,414.4,251.1
10.2,5.3,284.2,128.2,27.1,32.2,414.3,251.6
10.2,5.3,283.6,128.2,27.1,32.2,414.4,251.1
10.2,5.3,285.4,128.2,27.1,32.2,414.7,251.0
10.2,5.3,284.2,128.2,27.1,32.2,413.9,251.1
10.2,5.3,283.6,128.2,27.1,32.3,414.6,250.7
10.2,5.3,284.2,128.2,27.2,32.2,413.3,250.4
10.2,5.3,284.3,128.2,27.1,32.2,415.3,250.3
10.2,5.3,284.8,128.2,27.1,32.2,415.1,251.4
10.3,5.3,284.0,128.2,27.2,32.3,416.4,250.7
10.2,5.3,283.6,128.2,27.3,32.4,413.9,250.8
10.2,5.3,285.2,128.2,27.2,32.3,415.5,251.4
10.1,5.3,285.1,128.2,27.3,32.3,413.1,251.3
10.1,5.2,284.8,128.2,27.3,32.3,413.8,251.9
10.2,5.3,285.0,128.2,27.3,32.4,414.3,251.5
10.2,5.3,284.6,128.2,27.2,32.3,414.9,251.3
10.2,5.3,283.8,128.2,27.3,32.3,413.6,250.8
10.2,5.3,284.7,128.2,27.3,32.4,414.8,250.4
10.2,5.3,284.9,128.2,27.3,32.3,412.3,250.8
10.2,5.3,285.8,128.9,27.3,32.4,412.5,250.5
10.2,5.3,284.4,128.9,27.3,32.4,414.3,250.9
10.2,5.3,285.5,128.9,27.3,32.4,414.2,251.1
10.2,5.3,284.7,128.9,27.3,32.4,413.0,250.8
10.2,5.3,285.5,128.9,27.4,32.5,414.4,250.7
10.2,5.3,284.6,128.9,27.3,32.4,414.4,249.9
10.2,5.3,285.5,128.9,27.3,32.4,414.3,249.2
10.1,5.3,284.3,128.9,27.3,32.4,412.7,249.3
10.2,5.3,285.4,128.9,27.4,32.4,416.4,249.6
10.2,5.3,284.8,128.9,27.3,32.5,414.8,250.1
10.2,5.3,285.7,128.9,27.4,32.5,415.2,251.0
10.2,5.3,284.5,128.9,27.3,32.5,415.9,251.3
10.2,5.3,284.7,128.9,27.4,32.5,414.4,250.9
10.2,5.2,284.8,128.9,27.4,32.5,413.4,251.2
10.2,5.3,285.1,128.9,27.4,32.5,413.8,251.7
10.3,5.3,285.9,128.9,27.4,32.5,413.5,251.3
10.2,5.3,284.6,129.6,27.4,32.5,414.2,251.0
10.2,5.3,285.4,128.9,27.4,32.5,415.6,250.4
10.1,5.3,284.9,129.6,27.4,32.5,415.7,250.3
10.2,5.3,284.9,128.9,27.4,32.5,414.9,250.2
10.2,5.3,284.8,129.6,27.4,32.5,413.6,250.1
10.2,5.3,285.5,129.6,27.4,32.5,415.8,249.8
10.2,5.3,285.2,129.6,27.4,32.5,414.0,250.5
10.2,5.3,284.6,129.6,27.4,32.5,413.5,251.1
10.3,5.4,284.6,129.6,27.5,32.5,415.2,251.3
10.2,5.3,284.9,128.9,27.4,32.5,413.4,251.6
10.2,5.3,284.7,129.6,27.4,32.5,412.9,252.0
10.2,5.3,285.1,129.6,27.4,32.5,415.5,251.7
10.2,5.3,286.2,129.6,27.5,32.6,414.3,251.4
10.2,5.3,284.6,129.6,27.4,32.6,413.8,251.3
10.2,5.3,286.1,129.6,27.4,32.6,415.2,251.1
10.2,5.3,284.6,129.6,27.4,32.6,414.2,251.8
10.2,5.3,285.1,129.6,27.4,32.6,414.2,251.5
10.2,5.3,285.1,129.6,27.4,32.6,412.7,251.4
10.2,5.3,284.6,129.6,27.5,32.5,413.5,252.0
10.2,5.3,285.0,129.6,27.4,32.6,414.0,251.5
10.2,5.3,284.5,129.6,27.5,32.6,413.5,252.0
10.2,5.3,285.1,129.6,27.5,32.6,415.3,251.9
10.2,5.3,285.0,129.6,27.5,32.6,413.1,252.2
10.2,5.3,285.4,129.6,27.5,32.6,414.4,252.3
10.2,5.3,285.1,129.6,27.5,32.6,413.8,252.1
10.2,5.3,285.3,129.6,27.5,32.6,415.0,252.3
10.2,5.4,285.9,129.6,27.5,32.6,416.2,251.4
10.2,5.4,284.2,129.6,27.5,32.6,414.9,251.1
10.2,5.3,285.0,129.6,27.5,32.6,416.4,251.4
10.2,5.3,284.9,129.6,27.5,32.6,414.9,250.9
10.2,5.3,285.7,129.6,27.5,32.6,414.6,251.7
10.2,5.4,285.0,130.3,27.5,32.6,414.4,251.9
10.2,5.3,285.0,129.6,27.5,32.6,414.9,252.6
10.2,5.3,285.5,130.3,27.5,32.6,414.2,252.6
10.2,5.3,285.5,129.6,27.5,32.7,413.7,252.3
10.2,5.3,285.6,130.3,27.5,32.6,414.4,252.4
10.2,5.4,285.9,130.3,27.5,32.7,413.4,252.2
10.2,5.3,285.4,130.3,27.5,32.7,414.2,252.4
10.2,5.3,286.6,130.3,27.5,32.6,414.4,252.6
10.2,5.3,284.9,130.3,27.5,32.7,415.0,251.9
10.2,5.3,285.7,130.3,27.5,32.7,414.2,251.8
10.2,5.3,286.2,129.6,27.5,32.7,414.0,251.7
10.2,5.3,285.2,130.3,27.5,32.7,412.4,252.2
10.2,5.3,285.6,130.3,27.6,32.7,415.7,252.4
10.2,5.3,284.9,130.3,27.5,32.7,412.4,252.5
10.2,5.3,285.4,130.3,27.5,32.7,415.3,252.8
10.1,5.3,285.6,130.3,27.6,32.7,412.8,252.8
10.2,5.3,285.0,130.3,27.5,32.7,415.5,252.1
10.1,5.3,284.9,130.3,27.6,32.7,414.4,252.2
10.2,5.3,285.8,130.3,27.6,32.7,415.9,252.1
10.2,5.3,284.5,130.3,27.6,32.8,414.7,252.5
10.2,5.4,286.2,130.3,27.6,32.8,413.7,251.8
10.1,5.3,285.3,130.3,27.6,32.8,412.7,252.1
10.2,5.3,286.0,130.3,27.6,32.8,414.8,251.7
10.2,5.3,284.6,130.3,27.6,32.7,415.2,251.6
10.2,5.4,285.5,130.3,27.6,32.9,416.0,250.5
10.1,5.3,285.8,130.3,27.6,32.9,415.3,250.5
10.2,5.3,286.1,130.3,27.6,32.8,415.7,250.3
10.2,5.3,285.9,130.3,27.7,32.8,415.8,250.2
10.2,5.3,285.4,130.3,27.6,32.8,416.3,250.4
10.2,5.3,285.2,130.3,27.6,32.8,413.1,250.9
10.2,5.3,286.0,130.3,27.6,32.9,414.0,250.5
10.1,5.3,285.0,130.3,27.6,32.8,415.3,250.8
10.2,5.3,285.0,130.3,27.6,32.9,415.7,249.7
10.1,5.3,285.0,130.3,27.6,32.9,414.8,249.0
10.2,5.3,286.1,130.3,27.6,32.9,412.9,248.9
10.2,5.3,285.8,130.3,27.6,32.8,413.7,249.2
10.2,5.3,285.7,130.3,27.6,32.8,414.0,249.5
10.2,5.4,285.7,131.0,27.6,32.9,413.9,249.1
10.2,5.3,284.8,130.3,27.6,32.9,415.4,249.1
10.1,5.3,285.0,130.3,27.6,32.9,414.6,249.1
10.1,5.3,285.0,130.3,27.6,32.9,414.4,250.0
10.2,5.4,285.2,130.3,27.6,32.8,416.7,250.3
10.2,5.4,284.5,131.0,27.7,32.9,417.2,250.1
10.0,5.3,285.4,131.0,27.7,32.9,415.5,250.2
10.2,5.4,285.7,131.0,27.6,32.9,415.3,250.3
10.2,5.4,285.4,131.0,27.6,32.9,415.0,249.5
10.2,5.3,284.8,131.0,27.6,32.9,415.5,249.6
10.2,5.4,284.8,130.3,27.6,32.9,412.5,249.5
10.2,5.4,285.0,130.3,27.6,32.9,412.9,249.1
10.2,5.4,285.3,130.3,27.6,32.9,412.7,248.8
10.2,5.4,285.2,130.3,27.6,32.9,414.6,248.8
10.1,5.3,284.8,130.3,27.5,32.9,415.5,248.4
10.2,5.4,285.2,131.0,27.6,32.9,415.1,248.6
10.2,5.4,285.6,130.3,27.6,32.9,415.3,248.0
10.1,5.3,284.8,130.3,27.6,32.9,414.7,247.8
10.1,5.4,284.7,130.3,27.5,32.9,414.2,247.7
10.2,5.4,284.6,130.3,27.5,32.9,414.8,247.8
10.2,5.4,285.5,130.3,27.5,32.9,414.5,247.6
10.2,5.4,285.8,130.3,27.6,32.9,414.4,246.9
10.1,5.4,285.5,130.3,27.5,32.9,415.8,246.5
10.1,5.4,285.1,130.3,27.5,32.9,415.5,247.2
10.2,5.4,285.3,130.3,27.5,32.9,414.4,247.3
10.2,5.4,285.0,130.3,27.5,32.9,415.4,247.7
10.2,5.4,285.2,130.3,27.4,32.8,415.4,247.7
10.2,5.4,285.9,130.3,26.6,32.9,414.9,248.2
10.2,5.5,285.1,130.3,26.5,32.9,414.9,247.8
10.2,5.4,285.4,130.3,26.6,32.9,412.9,247.9
10.2,5.4,284.4,130.3,26.8,32.9,413.2,247.7
10.2,5.4,285.0,131.0,26.6,32.9,415.4,247.2
10.2,5.4,285.1,131.0,27.3,32.9,415.0,246.6
10.2,5.4,285.6,130.3,27.4,32.9,414.7,246.7
10.2,5.4,284.8,130.3,27.5,32.9,413.8,247.5
10.2,5.4,285.3,130.3,27.5,32.9,415.1,248.2
10.2,5.4,284.9,130.3,27.5,32.9,414.8,248.7
10.2,5.4,285.8,130.3,27.4,32.9,414.4,249.2
10.2,5.4,285.9,131.0,27.4,32.9,416.1,249.3
10.2,5.4,285.3,131.0,27.5,32.9,413.4,248.8
10.2,5.4,286.1,131.0,27.4,32.9,413.9,248.5
10.1,5.4,284.0,131.0,27.4,32.9,414.2,248.2
10.2,5.4,285.6,130.3,27.4,32.9,414.9,247.4
10.2,5.4,285.2,131.0,27.4,33.0,414.8,247.4
10.2,5.4,285.4,131.0,27.1,32.9,415.1,247.0
10.2,5.4,285.6,130.3,27.2,32.9,415.8,246.7
10.2,5.4,285.4,130.3,27.4,33.0,413.4,247.2
10.2,5.4,283.7,131.0,27.4,33.0,415.2,247.0
10.2,5.4,285.4,131.0,27.4,32.9,415.3,247.2
10.2,5.4,284.6,131.0,27.2,32.9,414.1,248.5
10.2,5.4,283.9,131.0,26.8,32.9,415.6,248.2
10.1,5.4,285.1,131.0,26.8,33.0,414.6,249.0
10.2,5.4,284.9,131.0,26.9,33.0,413.7,249.2
10.2,5.4,285.1,131.0,26.8,33.0,414.3,249.1
10.2,5.4,285.3,131.0,27.3,33.0,416.8,249.2
10.2,5.4,285.6,131.0,27.4,32.9,415.4,250.2
10.2,5.4,284.3,131.0,27.3,33.0,414.5,250.6
10.2,5.4,285.9,131.0,27.2,33.0,412.2,249.2
10.2,5.3,284.9,131.0,26.7,33.0,413.6,249.1
10.2,5.4,284.7,131.0,26.8,33.0,414.4,249.8
10.2,5.4,284.6,131.0,27.0,33.0,414.2,249.1
10.1,5.3,285.3,131.0,27.0,33.0,414.1,249.2
10.2,5.4,285.0,131.0,27.0,33.0,414.8,248.4
10.1,5.3,285.4,131.0,26.8,33.0,415.8,250.4
10.2,5.3,284.5,131.0,27.0,33.0,415.6,250.3
10.1,5.3,284.3,131.0,27.0,33.0,413.1,250.6
10.2,5.4,284.4,131.7,27.0,33.0,413.6,250.5
10.2,5.4,284.9,131.0,26.9,33.0,413.2,250.9
10.2,5.4,285.3,131.0,26.9,33.0,416.3,250.6
10.2,5.3,285.5,131.0,26.8,33.0,414.2,250.3
10.2,5.4,285.1,131.0,26.9,33.0,414.6,250.2
10.2,5.4,284.6,131.7,26.9,33.0,414.8,250.2
10.2,5.4,285.0,131.7,27.0,33.1,415.5,251.1
10.2,5.4,285.0,131.7,27.0,33.1,412.9,252.1
10.3,5.4,284.6,131.7,27.0,33.1,414.9,254.8
10.3,5.4,284.6,131.7,27.1,33.1,413.2,254.1
10.2,5.3,285.3,131.7,27.0,33.1,415.3,254.2
10.3,5.4,284.5,131.7,27.0,33.1,414.0,254.1
10.3,5.4,284.7,131.7,27.0,33.1,413.4,253.6
10.2,5.4,284.3,131.7,26.8,33.1,413.6,252.5
10.2,5.3,284.9,131.7,26.8,33.1,414.7,252.6
10.2,5.3,284.0,131.7,26.9,33.0,414.7,252.7
10.2,5.4,285.4,131.7,27.0,33.1,413.6,253.1
10.2,5.4,284.7,131.7,26.9,33.1,414.4,253.5
10.2,5.4,284.9,131.7,26.9,33.1,412.8,253.2
10.2,5.4,285.3,131.7,26.9,33.1,414.9,252.8
10.3,5.4,285.5,131.7,27.0,33.1,414.9,252.6
10.2,5.4,284.3,131.7,27.1,33.1,414.0,252.1
10.2,5.4,285.1,131.7,26.9,33.1,415.7,252.2
10.3,5.4,285.2,131.7,26.9,33.1,414.7,252.0
10.4,5.5,285.6,131.7,26.9,33.1,414.0,251.1
10.3,5.4,286.1,131.7,27.0,33.1,414.2,251.2
10.3,5.4,285.3,131.7,26.9,33.1,414.6,250.9
10.3,5.4,285.8,131.7,27.0,33.1,415.2,251.3
10.3,5.5,285.1,131.7,27.0,33.1,414.6,251.7
10.3,5.4,285.3,131.7,27.0,33.1,412.9,252.6
10.3,5.4,285.9,131.7,27.0,33.1,413.9,253.1
10.3,5.4,285.0,131.7,26.9,33.1,412.0,254.4
10.3,5.4,285.1,131.7,26.8,33.1,414.1,254.8
10.3,5.4,286.4,131.7,27.0,33.1,414.2,254.4
10.3,5.4,284.6,131.7,27.0,33.1,414.2,254.0
10.3,5.4,286.3,131.7,27.3,33.1,413.6,253.6
10.3,5.4,285.8,131.7,27.2,33.1,414.1,253.1
10.3,5.4,286.1,131.7,27.6,33.1,414.7,252.6
10.3,5.4,286.2,131.7,27.6,33.1,414.8,252.0
10.3,5.4,285.4,131.7,27.6,33.1,414.0,251.3
10.3,5.4,287.0,131.7,27.7,33.1,414.9,250.9
10.3,5.4,285.6,131.7,27.8,33.1,414.6,250.7
10.3,5.4,285.2,131.7,27.7,33.1,414.2,251.5
10.4,5.5,286.2,131.7,27.7,33.1,414.3,251.8
10.4,5.5,284.9,131.7,27.7,33.1,413.1,251.8
10.3,5.4,285.7,131.7,27.6,33.1,413.7,253.3
10.3,5.5,286.0,131.7,27.7,33.1,415.5,253.6
10.4,5.5,285.7,131.7,27.7,33.1,414.7,253.2
10.3,5.4,286.0,131.7,27.7,33.1,413.7,253.8
10.3,5.5,285.9,131.7,27.6,33.1,412.5,253.1
10.3,5.4,286.5,131.7,27.7,33.1,412.6,252.8
10.3,5.4,286.6,131.7,27.7,33.1,416.1,252.6
10.3,5.4,285.3,131.7,27.7,33.1,416.6,252.9
10.3,5.5,286.0,131.7,27.6,33.1,414.1,252.5
10.3,5.5,285.6,131.7,27.6,33.1,414.1,251.9
10.3,5.5,285.5,131.7,27.6,33.1,416.3,252.1
10.3,5.5,285.1,131.7,27.7,33.1,413.7,251.8
10.3,5.5,285.6,131.7,27.7,33.1,415.7,251.7
10.4,5.5,285.8,131.7,27.7,33.1,412.7,252.4
10.4,5.5,286.6,131.7,27.8,33.1,415.5,253.8
10.4,5.5,286.0,132.4,27.7,33.1,413.0,254.3
10.3,5.5,286.0,131.7,27.7,33.1,413.8,255.5
10.3,5.5,286.3,132.4,27.8,33.1,412.5,256.2
10.4,5.5,285.8,132.4,27.8,33.2,414.2,255.8
10.4,5.5,286.0,132.4,27.8,33.1,415.1,255.8
10.4,5.5,286.1,132.4,27.8,33.1,415.7,254.9
10.4,5.5,285.4,132.4,27.8,33.1,413.2,254.1
10.4,5.5,285.8,132.4,27.7,33.1,414.2,253.3
10.4,5.6,285.2,131.7,27.8,33.2,413.5,252.7
10.4,5.5,284.1,132.4,27.8,33.1,414.3,251.7
10.4,5.5,284.2,132.4,27.8,33.1,414.2,251.8
10.4,5.5,284.3,132.4,27.8,33.2,414.8,253.4
10.4,5.5,282.1,132.4,27.8,33.2,415.2,254.5
10.4,5.6,282.3,132.4,27.8,33.2,413.7,253.9
10.4,5.4,282.5,132.4,27.8,33.2,414.9,253.5
10.2,5.3,282.8,132.4,27.8,33.2,416.2,253.4
10.1,5.2,283.7,132.4,27.8,33.2,415.0,252.7
10.0,5.2,282.8,131.7,27.7,33.2,412.1,252.2
10.0,5.2,283.4,132.4,27.8,33.2,413.9,252.0
10.0,5.2,282.4,131.7,27.8,33.1,414.0,251.7
10.0,5.2,283.9,131.7,27.8,33.2,415.8,250.9
10.0,5.2,283.2,131.7,27.8,33.1,414.1,250.6
10.1,5.2,283.2,131.7,27.8,33.2,414.1,250.3
10.1,5.2,281.8,132.4,27.8,33.2,415.1,249.9
10.1,5.3,283.2,132.4,27.8,33.2,414.5,250.1
10.1,5.3,282.7,132.4,27.8,33.2,413.9,250.8
10.2,5.3,283.0,132.4,27.8,33.2,414.4,250.7
10.2,5.3,283.2,132.4,27.8,33.2,414.4,251.6
10.2,5.3,283.5,132.4,27.8,33.2,412.7,253.3
10.1,5.3,283.2,132.4,27.8,33.2,412.8,252.8
10.2,5.3,283.4,132.4,27.8,33.2,414.9,253.2
10.1,5.3,282.4,132.4,27.8,33.2,413.3,252.5
10.0,5.2,283.2,132.4,27.8,33.2,413.6,252.3
10.0,5.2,283.7,132.4,27.8,33.2,415.0,252.6
10.0,5.2,283.0,132.4,27.8,33.2,414.1,251.7
10.0,5.2,283.0,131.7,27.8,33.1,415.1,251.3
10.0,5.2,283.2,132.4,27.8,33.1,415.0,251.2
10.0,5.2,282.9,132.4,27.8,33.2,415.9,251.1
10.1,5.2,282.6,132.4,27.8,33.2,415.8,250.6
10.0,5.2,283.1,132.4,27.8,33.2,413.3,249.7
9.9,5.2,284.3,131.7,27.7,33.1,413.2,248.7
9.9,5.1,283.6,131.7,27.6,33.2,415.4,248.8
9.9,5.1,282.8,131.7,27.5,33.2,413.8,248.7
9.9,5.1,282.9,131.7,27.5,33.1,413.2,248.7
9.9,5.1,283.7,131.7,27.5,33.1,414.2,248.0
9.8,5.1,282.9,131.7,27.0,33.1,413.8,247.4
9.8,5.1,283.0,131.0,27.0,33.1,413.8,246.9
9.8,5.1,283.5,131.0,27.0,33.1,415.3,245.9
9.8,5.1,283.7,131.0,27.0,33.1,414.2,243.9
9.8,5.1,284.0,131.0,27.0,33.0,412.6,240.6
9.7,5.1,283.3,130.3,26.9,33.1,414.4,239.8
9.7,5.1,283.4,130.3,26.9,33.0,413.2,239.7
9.7,5.1,282.4,130.3,26.8,33.0,414.2,239.1
9.7,5.1,282.1,130.3,26.9,33.0,414.0,238.6
9.7,5.1,283.0,130.3,27.0,32.9,414.8,238.9
9.8,5.1,282.9,130.3,26.9,32.9,415.0,238.3
9.7,5.1,283.0,130.3,27.0,33.0,413.8,238.9
9.7,5.1,283.7,130.3,26.9,32.9,414.0,238.8
9.7,5.1,282.0,130.3,27.0,32.9,415.3,238.6
9.7,5.1,282.1,129.6,27.0,32.9,415.0,233.1
9.7,5.1,282.7,129.6,27.0,32.9,413.6,233.0
9.7,5.1,282.5,129.6,26.9,32.8,412.0,233.1
9.7,5.1,283.3,129.6,26.9,32.8,414.0,233.0
9.7,5.1,282.7,129.6,26.9,32.8,413.1,232.4
9.6,5.1,282.0,129.6,27.0,32.8,414.7,232.6
9.7,5.1,283.1,128.9,26.9,32.7,415.7,232.5
9.7,5.2,283.3,129.6,26.9,32.8,414.0,233.0
9.7,5.2,282.7,129.6,26.9,32.7,413.0,233.4
9.8,5.3,283.2,129.6,26.9,32.7,414.8,233.4
9.8,5.2,283.2,128.9,26.9,32.7,413.1,233.6
9.8,5.3,283.0,128.9,26.9,32.7,413.6,233.7
9.9,5.3,282.7,128.9,26.8,32.7,413.9,233.2
9.8,5.3,282.7,128.2,26.8,32.6,415.5,232.4
9.8,5.3,281.8,128.2,26.6,32.5,413.3,230.8
9.8,5.3,283.5,126.9,26.5,32.4,413.0,231.0
9.8,5.3,282.9,126.9,26.4,32.3,415.4,231.5
9.8,5.3,283.5,126.2,26.4,32.1,412.9,230.9
9.8,5.3,283.5,125.5,26.1,32.0,415.0,228.4
9.8,5.3,283.9,124.8,26.1,31.9,414.1,228.7
9.9,5.3,283.1,124.8,26.0,31.9,414.5,228.6
9.9,5.3,283.2,124.1,26.0,31.7,414.2,228.7
9.9,5.4,283.7,124.1,26.0,31.7,415.1,228.8
9.9,5.4,283.3,124.1,26.0,31.6,413.2,229.0
10.0,5.4,284.6,123.4,25.9,31.6,414.1,228.8
9.9,5.4,284.0,123.4,25.9,31.5,413.6,228.7
10.0,5.4,283.8,123.4,25.8,31.4,415.2,228.2
9.9,5.4,284.0,122.7,25.8,31.4,415.4,227.9
10.0,5.4,284.1,121.4,25.8,31.2,461.3,228.1
10.0,5.4,283.6,121.4,25.7,31.0,460.6,227.9
10.0,5.4,283.6,120.7,25.5,30.9,459.9,227.7
10.0,5.4,282.7,120.7,25.5,30.8,461.5,227.5
10.0,5.4,283.1,120.7,25.4,30.7,460.0,227.8
10.0,5.4,284.6,120.0,25.3,30.7,461.0,227.3
9.9,5.3,283.6,120.0,25.2,30.6,460.0,227.2
10.0,5.4,283.6,120.0,25.2,30.6,460.1,227.1
10.0,5.4,284.0,119.3,25.1,30.5,462.6,227.0
10.2,5.6,283.3,119.3,25.0,30.5,458.6,230.5
10.2,5.4,284.5,120.0,24.9,30.4,460.7,230.5
10.2,5.5,283.6,119.3,24.9,30.4,460.0,231.3
10.2,5.4,283.8,119.3,24.8,30.3,462.0,230.9
10.1,5.4,284.7,119.3,24.8,30.3,463.3,230.3
10.0,5.4,283.7,118.6,24.7,30.2,459.6,230.8
10.1,5.4,284.6,118.6,24.6,30.2,459.8,231.0
10.1,5.4,284.0,118.6,24.6,30.1,457.4,230.7
10.2,5.4,285.1,117.9,24.6,30.1,458.0,230.4
10.1,5.4,284.9,117.9,24.5,30.1,462.1,229.8
10.1,5.4,284.5,117.9,24.6,30.0,462.0,229.5
10.2,5.4,283.7,117.9,24.5,30.0,460.0,229.3
10.2,5.4,283.9,117.2,24.5,30.0,462.6,231.1
10.2,5.5,284.8,117.2,24.5,29.9,459.8,231.6
10.2,5.4,284.4,117.2,24.4,29.9,462.5,231.7
10.2,5.4,283.3,117.2,24.4,29.9,460.5,231.3
10.2,5.4,284.3,117.2,24.4,29.8,460.5,230.8
10.2,5.4,284.0,117.2,24.4,29.7,462.5,230.8
10.2,5.4,283.3,117.2,24.3,29.7,458.6,231.0
10.2,5.4,284.3,116.5,24.3,29.7,459.1,234.2
10.2,5.4,284.5,117.2,24.3,29.6,461.4,234.5
10.2,5.4,284.5,116.5,24.2,29.7,460.3,234.6
10.3,5.4,284.6,116.5,24.2,29.6,458.9,234.0
10.2,5.3,283.7,116.5,24.2,29.6,460.5,234.6
10.3,5.4,284.1,116.5,24.1,29.5,458.9,234.1
10.3,5.4,284.1,116.5,24.1,29.5,457.0,232.3
10.2,5.4,284.2,114.5,24.1,29.4,514.9,233.5
10.3,5.4,284.4,115.8,24.2,29.2,514.9,233.7
10.3,5.4,283.3,115.1,24.3,29.2,514.9,236.5
10.2,5.3,283.7,115.8,24.3,29.2,514.9,236.7
10.3,5.4,283.4,115.8,24.3,29.2,514.9,237.2
10.3,5.4,284.6,115.8,24.3,29.3,514.8,238.8
10.2,5.3,284.3,117.2,24.4,29.3,458.3,238.2
10.3,5.3,284.4,116.5,24.2,29.6,457.8,237.8
10.2,5.3,284.3,116.5,24.1,29.5,459.2,238.3
10.3,5.4,282.9,116.5,24.0,29.5,458.3,238.0
10.3,5.3,284.3,115.8,24.0,29.5,457.9,237.8
10.3,5.3,284.4,115.8,23.9,29.5,457.6,237.4
10.3,5.4,283.8,115.8,23.9,29.5,458.8,236.8
10.3,5.3,284.3,115.8,23.9,29.4,457.8,239.7
10.3,5.3,283.2,115.8,23.8,29.4,460.4,239.9
10.3,5.3,283.5,115.8,23.8,29.4,459.6,239.1
10.3,5.3,283.8,115.8,23.8,29.3,460.3,238.9
10.3,5.3,284.0,115.8,23.7,29.3,457.4,239.0
10.3,5.3,284.8,115.8,23.7,29.2,456.6,238.6
10.3,5.3,284.4,115.8,23.8,29.2,461.2,238.4
10.3,5.3,284.1,115.1,23.7,29.2,458.9,237.7
10.2,5.3,284.3,115.1,23.6,29.2,458.7,238.2
10.3,5.3,283.9,115.1,23.6,29.2,459.5,238.5
10.3,5.3,283.3,115.1,23.6,29.1,458.1,239.1
10.3,5.3,284.5,115.1,23.6,29.2,458.6,239.6
10.3,5.3,284.7,115.1,23.5,29.2,458.1,239.2
10.3,5.3,285.1,115.1,23.5,29.1,458.0,239.6
10.3,5.4,285.0,115.1,23.5,29.1,459.9,239.2
10.3,5.3,284.0,114.5,23.6,29.1,459.7,238.9
10.3,5.3,284.2,114.5,23.6,29.1,460.1,238.5
10.3,5.4,284.8,114.5,23.6,29.0,458.7,237.7
10.3,5.3,284.2,114.5,23.6,29.1,457.9,237.6
10.4,5.4,283.9,114.5,23.6,29.1,459.9,237.4
10.4,5.4,283.7,114.5,23.6,29.1,457.8,237.3
10.4,5.4,283.3,114.5,23.6,29.0,458.6,237.0
10.3,5.3,283.4,114.5,23.6,29.0,452.6,236.9
10.3,5.3,283.1,114.5,23.6,29.0,455.0,236.3
10.3,5.3,283.2,114.5,23.6,29.0,458.3,236.8
10.3,5.3,283.2,114.5,23.6,29.0,459.2,236.8
10.3,5.3,284.1,114.5,23.6,29.0,458.3,236.4
10.3,5.3,283.0,114.5,23.7,29.0,456.7,236.3
10.2,5.3,282.7,114.5,23.6,29.0,459.8,236.2
10.3,5.3,283.2,114.5,23.6,29.0,457.9,236.3
10.3,5.3,283.0,114.5,23.6,29.0,458.1,235.6
10.3,5.3,283.6,114.5,23.6,29.0,458.2,235.8
10.3,5.3,283.2,113.8,23.6,29.0,459.3,235.7
10.3,5.3,284.0,114.5,23.6,29.0,461.9,236.9
10.4,5.4,282.9,114.5,23.5,29.0,457.0,236.3
10.3,5.3,283.4,114.5,23.5,29.0,459.6,236.4
10.3,5.3,282.7,114.5,23.6,29.0,457.7,236.7
10.3,5.3,283.2,114.5,23.6,29.0,459.3,236.4
10.3,5.3,282.7,114.5,23.5,29.0,459.7,236.7
10.3,5.3,284.5,113.8,23.5,28.9,460.1,237.3
10.3,5.3,283.6,114.5,23.4,29.0,458.4,237.2
10.3,5.3,282.6,113.8,23.5,28.9,462.7,239.7
10.3,5.3,283.3,114.5,23.4,29.0,453.6,239.6
10.3,5.3,283.3,114.5,23.5,29.0,453.9,239.2
10.3,5.3,283.7,114.5,23.5,29.0,457.6,238.5
10.2,5.2,283.4,113.8,23.4,28.9,457.0,238.6
10.3,5.3,283.3,114.5,23.4,28.9,458.1,238.0
10.3,5.3,284.1,113.8,23.4,28.9,457.4,238.1
10.3,5.3,283.7,113.8,23.4,28.9,460.7,237.8
10.3,5.3,283.6,113.8,23.4,29.0,458.1,237.6
10.3,5.3,282.3,113.8,23.4,28.9,460.0,237.4
10.3,5.3,283.3,114.5,23.4,28.9,457.4,237.0
10.3,5.3,282.5,114.5,23.4,28.9,457.9,237.4
10.3,5.3,284.2,114.5,23.4,29.0,458.6,237.1
10.3,5.3,283.1,113.8,23.4,28.9,457.3,237.1
10.2,5.2,283.8,113.8,23.4,28.9,458.4,237.5
10.2,5.3,284.6,113.8,23.5,28.9,458.7,237.3
10.2,5.2,283.2,113.8,23.4,28.9,457.8,236.9
10.2,5.2,282.9,113.8,23.4,28.9,458.8,236.9
10.3,5.3,283.5,113.8,23.4,28.9,459.8,237.5
10.3,5.3,283.3,113.8,23.4,28.9,460.0,237.6
10.3,5.3,283.1,113.8,23.4,28.9,459.5,238.1
10.3,5.3,282.9,113.8,23.4,28.9,459.0,237.9
10.3,5.3,284.1,113.8,23.5,28.9,459.8,238.0
10.4,5.3,283.2,114.5,23.5,29.0,453.1,237.7
10.3,5.3,283.6,113.8,23.4,29.0,460.0,237.9
10.3,5.3,282.8,113.8,23.5,29.0,458.3,237.9
10.3,5.3,282.2,114.5,23.4,29.0,460.9,238.0
10.3,5.3,283.1,113.8,23.4,29.0,456.9,238.4
10.3,5.3,283.5,113.8,23.4,28.9,459.4,238.7
10.3,5.3,283.2,114.5,23.4,29.0,458.8,239.2
10.4,5.3,283.6,114.5,23.4,28.9,460.9,239.8
10.4,5.4,284.9,114.5,23.4,29.0,457.7,241.1
10.4,5.4,284.8,114.5,23.4,29.0,458.9,241.1
10.4,5.3,284.8,114.5,23.4,29.0,457.4,239.8
10.3,5.3,283.8,113.8,23.3,28.9,460.7,240.4
10.3,5.3,284.3,114.5,23.3,29.0,457.1,240.3
10.3,5.3,284.1,114.5,23.3,29.0,456.3,240.8
10.3,5.3,284.8,114.5,23.4,29.0,460.6,241.1
10.4,5.3,283.4,114.5,23.4,28.9,456.6,242.0
10.3,5.3,283.8,114.5,23.4,29.0,457.8,242.4
10.4,5.4,283.7,114.5,23.4,29.0,459.0,242.0
10.4,5.3,284.3,114.5,23.3,28.9,459.9,241.8
10.4,5.3,284.3,114.5,23.4,29.0,457.0,241.2
10.4,5.3,283.9,114.5,23.3,29.0,458.4,241.1
10.4,5.4,284.4,114.5,23.4,29.0,456.6,241.1
10.4,5.4,283.8,114.5,23.4,29.0,458.3,241.2
10.4,5.4,283.8,115.1,23.4,29.0,453.5,245.3
10.5,5.3,284.4,114.5,23.4,29.0,458.7,244.3
10.4,5.3,284.2,114.5,23.4,29.0,461.5,244.1
10.4,5.3,284.1,115.1,23.3,29.1,447.2,244.8
10.4,5.4,283.4,115.8,23.5,29.2,445.1,245.0
10.4,5.4,283.5,115.8,23.5,29.2,445.7,246.3
10.4,5.3,283.4,115.8,23.6,29.3,443.8,246.7
10.4,5.3,284.2,115.8,23.7,29.3,447.4,246.3
10.4,5.3,282.6,115.8,23.6,29.3,446.8,246.0
10.4,5.3,282.8,115.8,23.6,29.3,446.1,246.1
10.4,5.3,283.8,115.8,23.7,29.3,446.5,246.8
10.4,5.3,283.0,115.8,23.7,29.3,445.8,247.1
10.4,5.3,283.4,115.8,23.6,29.3,446.4,247.0
10.5,5.3,284.2,115.8,23.6,29.3,446.3,245.4
10.4,5.3,282.9,115.8,23.6,29.2,445.5,245.2
10.4,5.3,284.0,115.8,23.6,29.2,444.4,245.6
10.4,5.3,283.5,115.8,23.7,29.2,446.0,247.6
10.5,5.3,283.4,115.8,23.6,29.3,446.0,246.1
10.4,5.4,283.9,115.8,23.6,29.3,445.3,245.5
10.4,5.3,283.3,115.8,23.6,29.2,444.9,245.7
10.5,5.4,282.6,115.8,23.6,29.2,447.6,245.8
10.5,5.4,283.0,115.8,23.6,29.2,444.7,246.2
10.5,5.4,282.9,115.8,23.6,29.2,444.1,246.2
10.4,5.3,284.5,115.8,23.6,29.2,445.8,246.4
10.4,5.3,282.5,115.8,23.6,29.2,444.5,246.0
10.4,5.4,282.7,115.8,23.5,29.2,447.0,246.2
10.4,5.3,283.0,115.8,23.5,29.2,446.3,245.6
10.5,5.4,283.3,115.8,24.9,29.3,446.1,245.6
10.5,5.3,283.0,115.8,25.0,29.2,445.8,245.8
10.5,5.4,283.4,115.8,24.9,29.2,447.0,245.5
10.5,5.4,284.1,115.8,24.9,29.2,446.6,246.3
10.5,5.4,282.8,115.8,24.9,29.2,446.2,246.4
10.5,5.4,283.6,115.8,25.0,29.2,445.3,246.8
10.5,5.4,283.5,115.8,24.9,29.3,446.7,248.3
10.5,5.4,283.3,115.8,25.0,29.3,445.4,247.5
10.5,5.4,282.8,115.8,25.0,29.3,444.0,247.6
10.5,5.4,283.2,115.8,25.0,29.3,447.0,246.9
10.5,5.3,283.4,115.8,25.0,29.3,446.8,246.7
10.5,5.3,284.1,115.8,24.9,29.3,445.2,246.1
10.5,5.3,283.4,115.8,25.0,29.4,444.7,245.4
10.4,5.3,283.6,115.8,25.0,29.3,448.4,245.2
10.4,5.3,283.4,115.8,25.0,29.2,445.7,244.9
10.4,5.3,283.7,115.8,25.0,29.3,445.7,244.6
10.4,5.3,283.5,115.8,25.0,29.3,446.3,244.7
10.4,5.3,283.9,115.8,25.0,29.3,445.3,245.2
10.4,5.3,284.8,115.8,25.0,29.3,446.7,245.8
10.5,5.4,283.6,115.8,25.0,29.4,446.6,245.5
10.5,5.3,284.2,115.8,25.0,29.4,448.5,245.4
10.4,5.3,282.8,115.8,25.0,29.4,446.9,245.1
10.4,5.3,283.9,115.8,25.0,29.4,444.5,245.2
10.4,5.3,283.6,115.8,25.0,29.4,445.6,245.2
10.4,5.3,283.9,115.8,25.1,29.4,446.8,245.6
10.4,5.3,283.2,115.8,25.1,29.4,448.3,245.4
10.4,5.3,283.4,115.8,25.1,29.4,444.8,245.3
10.4,5.3,284.0,115.8,25.1,29.4,447.2,245.2
10.4,5.3,283.7,115.8,25.0,29.4,446.0,245.1
10.3,5.3,284.2,115.8,25.1,29.3,444.7,244.7
10.4,5.3,283.5,115.8,25.1,29.3,445.5,244.5
10.4,5.3,282.5,115.8,25.1,29.4,446.5,244.7
10.4,5.3,283.9,115.8,25.1,29.3,445.7,245.1
10.4,5.3,284.1,115.8,25.1,29.4,448.2,244.8
10.4,5.3,283.9,115.8,25.1,29.4,447.2,245.0
10.4,5.3,283.8,115.8,25.1,29.4,448.5,244.4
10.4,5.3,282.8,115.8,25.1,29.4,448.9,244.1
10.4,5.3,283.8,115.8,25.1,29.4,446.0,244.2
10.4,5.3,283.0,115.8,25.1,29.4,446.9,244.1
10.3,5.3,282.8,115.8,25.1,29.4,445.2,243.8
10.3,5.3,282.8,115.8,25.1,29.4,446.4,243.4
10.3,5.3,282.9,115.8,25.1,29.4,443.9,243.8
10.3,5.3,283.5,115.8,25.1,29.4,446.3,244.7
10.3,5.3,283.3,115.8,25.1,29.4,446.0,244.6
10.3,5.3,282.7,115.8,25.1,29.4,447.0,245.8
10.3,5.3,284.5,116.5,25.1,29.4,449.0,246.4
10.4,5.3,283.5,116.5,25.2,29.4,447.2,248.4
10.4,5.3,283.6,116.5,25.1,29.5,445.3,247.9
10.4,5.3,282.8,116.5,25.2,29.5,446.6,248.9
10.4,5.3,283.6,116.5,25.1,29.5,445.5,248.6
10.4,5.2,282.6,116.5,25.1,29.5,446.8,247.2
10.4,5.2,283.3,116.5,25.1,29.5,444.2,247.1
10.3,5.2,283.6,116.5,25.1,29.5,446.1,247.8
10.4,5.2,282.8,116.5,25.1,29.5,445.8,248.2
10.3,5.2,283.9,116.5,25.2,29.5,447.6,248.1
10.3,5.2,283.1,116.5,25.1,29.5,447.0,248.0
10.3,5.2,282.9,116.5,25.1,29.5,446.1,247.1
10.3,5.2,284.0,116.5,25.2,29.5,448.4,247.1
10.3,5.2,283.9,116.5,25.2,29.5,444.5,247.1
10.3,5.2,283.0,116.5,25.1,29.5,445.6,246.8
10.4,5.2,282.8,116.5,25.2,29.5,446.5,246.8
10.4,5.3,283.9,116.5,25.2,29.5,445.9,246.6
10.4,5.3,283.4,116.5,25.2,29.5,445.4,246.4
10.4,5.3,283.8,116.5,25.2,29.5,447.0,246.5
10.3,5.2,283.5,116.5,25.2,29.5,444.5,246.7
10.3,5.3,284.3,116.5,25.2,29.5,445.4,247.1
10.4,5.3,283.1,116.5,25.2,29.5,444.6,247.3
10.3,5.2,283.5,116.5,25.2,29.5,447.4,247.1
10.3,5.2,284.0,116.5,25.2,29.5,447.8,247.1
10.4,5.3,284.0,116.5,25.2,29.5,447.8,246.9
10.4,5.2,282.2,117.2,25.3,29.5,445.7,247.0
10.4,5.3,283.2,117.2,25.3,29.6,446.3,246.8
10.3,5.2,283.4,116.5,25.3,29.6,446.6,246.8
10.4,5.3,283.0,117.2,25.4,29.6,445.1,246.2
10.3,5.3,283.3,116.5,25.3,29.6,448.0,245.6
10.3,5.2,282.7,116.5,25.3,29.6,446.1,245.4
10.4,5.2,282.8,116.5,25.3,29.6,449.5,248.2
10.4,5.3,283.5,119.3,25.3,30.0,357.7,247.9
10.4,5.3,283.2,119.3,25.2,30.2,355.9,248.0
10.4,5.3,283.3,120.0,25.3,30.3,358.2,247.8
10.3,5.3,282.7,119.3,25.3,30.3,357.3,248.4
10.4,5.3,283.1,119.3,25.2,30.4,357.5,248.9
10.4,5.3,284.3,120.0,25.3,30.4,359.2,248.9
10.4,5.3,283.0,120.0,25.3,30.4,357.2,248.9
10.3,5.3,283.4,120.0,25.3,30.4,356.3,248.7
10.3,5.3,283.7,120.0,25.3,30.4,356.6,248.9
10.4,5.3,283.1,120.0,25.3,30.4,356.5,248.3
10.4,5.3,284.0,120.0,25.3,30.4,357.0,248.2
10.4,5.3,283.2,120.0,25.3,30.4,357.8,247.8
10.3,5.3,283.3,119.3,25.3,30.4,355.8,247.7
10.4,5.3,282.8,119.3,25.2,30.4,357.9,247.2
10.3,5.3,282.5,120.0,25.3,30.4,356.6,246.9
10.4,5.3,281.9,119.3,25.3,30.4,358.0,246.8
10.3,5.3,283.1,119.3,25.3,30.4,357.8,246.9
10.3,5.3,282.7,119.3,25.3,30.3,358.1,247.6
10.4,5.3,283.7,119.3,25.3,30.4,356.7,247.4
10.3,5.3,282.9,119.3,25.3,30.4,355.9,247.7
10.3,5.3,284.2,120.0,25.3,30.4,355.4,247.7
10.3,5.3,283.0,120.0,25.3,30.4,356.2,246.9
10.3,5.3,283.5,120.0,25.3,30.4,356.7,247.0
10.3,5.3,282.9,120.0,25.3,30.4,357.6,246.9
10.3,5.3,283.0,120.0,25.3,30.4,359.9,246.3
10.4,5.3,282.8,120.0,25.3,30.4,357.7,245.8
10.3,5.3,283.2,120.0,25.3,30.4,357.3,245.3
10.3,5.3,282.8,120.0,25.4,30.4,356.7,244.9
10.4,5.3,283.2,120.0,25.4,30.4,357.3,245.5
10.4,5.3,282.5,120.0,25.3,30.4,355.7,245.2
10.4,5.3,282.9,120.0,25.3,30.4,357.3,245.8
10.4,5.3,283.1,120.0,25.4,30.4,358.7,245.5
10.3,5.3,282.9,120.0,25.4,30.4,357.1,245.7
10.3,5.3,282.9,120.0,25.3,30.4,358.1,246.1
10.4,5.3,282.6,120.0,25.4,30.5,356.4,246.6
10.3,5.3,283.1,120.0,25.3,30.4,357.7,247.7
10.4,5.3,283.6,120.0,25.4,30.5,357.1,247.7
10.4,5.3,283.7,120.0,25.3,30.4,357.1,247.6
10.3,5.3,284.0,120.0,25.3,30.4,355.5,247.8
10.3,5.2,283.4,120.0,25.3,30.4,356.6,247.7
10.3,5.3,282.7,120.0,25.3,30.4,357.2,248.1
10.3,5.3,283.2,120.0,25.3,30.4,356.8,247.8
10.3,5.2,283.7,120.0,25.3,30.4,357.6,247.1
10.3,5.3,282.8,120.0,25.3,30.4,356.1,246.5
10.4,5.3,282.1,120.0,25.3,30.4,357.5,245.8
10.3,5.2,282.7,120.0,25.3,30.4,357.4,245.0
10.3,5.2,281.5,120.0,25.3,30.4,356.8,244.6
10.3,5.3,282.0,120.0,25.3,30.4,355.7,244.0
10.3,5.2,282.9,120.0,25.4,30.4,357.4,243.7
10.3,5.3,281.8,120.0,25.4,30.4,358.1,244.1
10.4,5.3,282.0,120.0,25.3,30.4,358.1,244.3
10.4,5.2,281.4,120.0,25.3,30.4,357.7,244.3
10.4,5.3,282.4,120.0,25.4,30.4,357.4,244.4
10.4,5.3,281.0,120.0,25.4,30.4,355.7,244.8
10.3,5.3,282.3,120.0,25.4,30.5,355.7,245.8
10.3,5.3,282.3,120.0,25.4,30.4,355.9,246.5
10.4,5.3,282.9,120.7,25.4,30.5,357.3,248.4
10.3,5.2,283.3,120.7,25.4,30.5,354.3,249.7
10.4,5.3,282.6,120.7,25.4,30.5,357.3,250.0
10.3,5.2,283.1,120.0,25.4,30.5,356.4,250.7
10.3,5.2,283.2,120.7,25.4,30.5,355.7,251.4
10.3,5.3,284.0,120.7,25.4,30.5,354.6,251.3
10.3,5.2,283.4,120.7,25.4,30.5,357.3,251.6
10.3,5.2,283.1,120.7,25.4,30.5,356.6,251.9
10.3,5.2,283.2,120.7,25.4,30.5,355.7,251.9
10.3,5.2,283.6,120.0,25.4,30.5,356.9,251.4
10.3,5.2,283.2,120.7,25.4,30.5,357.2,250.9
10.4,5.3,282.9,120.7,25.4,30.5,356.7,250.5
10.3,5.2,283.8,120.7,25.4,30.5,355.3,249.5
10.3,5.2,283.5,120.7,25.4,30.5,355.8,248.9
10.3,5.2,282.7,120.7,25.4,30.5,356.6,248.1
10.3,5.2,282.3,120.7,25.4,30.5,356.6,248.3
10.3,5.2,283.6,120.7,25.4,30.5,356.7,248.5
10.4,5.2,282.5,120.7,25.4,30.5,357.3,248.7
10.3,5.2,281.9,120.7,25.5,30.5,354.1,248.7
10.4,5.3,282.3,120.7,25.4,30.5,354.8,248.7
10.4,5.3,282.4,120.7,25.5,30.5,357.2,248.6
10.4,5.2,282.2,120.7,25.4,30.6,356.2,249.0
10.3,5.2,282.5,120.7,25.4,30.6,357.5,249.5
10.3,5.2,284.0,120.7,25.4,30.5,356.2,249.3
10.3,5.2,283.9,120.7,25.5,30.6,357.5,249.5
10.3,5.3,283.4,120.7,25.5,30.5,356.6,248.9
10.3,5.2,282.6,120.7,25.5,30.6,357.0,248.6
10.3,5.2,283.2,120.7,25.4,30.6,359.3,249.0
10.3,5.2,283.3,120.7,25.4,30.5,356.5,249.4
10.4,5.3,283.1,120.7,25.5,30.6,355.9,249.1
10.3,5.2,282.7,120.7,25.5,30.6,356.4,248.6
10.3,5.2,283.4,120.7,25.5,30.6,356.9,248.6
10.3,5.2,283.8,120.7,25.5,30.6,356.5,249.0
10.3,5.2,283.5,120.7,25.5,30.6,356.6,248.9
10.3,5.2,282.0,120.7,25.5,30.6,357.8,249.5
10.3,5.2,283.4,120.7,25.4,30.6,357.1,249.0
10.3,5.2,282.0,120.7,25.4,30.5,355.0,249.0
10.3,5.2,283.4,120.7,25.5,30.5,356.3,249.2
10.3,5.3,283.0,120.7,25.5,30.5,356.0,249.1
10.3,5.3,282.6,120.7,25.5,30.5,355.8,249.0
10.3,5.3,282.7,120.7,25.5,30.6,356.4,248.3
10.3,5.3,283.0,120.7,25.5,30.6,356.0,247.7
10.3,5.3,282.5,120.7,25.5,30.6,354.6,247.4
10.3,5.3,283.0,120.7,25.4,30.6,355.7,247.4
10.3,5.3,283.2,120.7,25.5,30.5,356.2,247.1
10.3,5.3,282.4,120.7,25.5,30.6,356.4,247.4
10.3,5.3,282.1,120.7,25.5,30.5,356.1,247.3
10.3,5.3,283.1,120.7,25.5,30.6,356.9,247.8
10.3,5.3,283.2,120.7,25.5,30.5,356.8,247.5
10.3,5.3,283.8,120.7,25.5,30.6,357.6,247.7
10.3,5.3,283.2,120.7,25.5,30.5,355.4,247.8
10.3,5.3,283.1,120.7,25.5,30.6,354.5,247.9
10.3,5.3,283.0,120.7,25.5,30.6,356.1,247.8
10.3,5.3,283.8,120.7,25.5,30.6,355.3,247.8
10.4,5.3,282.7,120.7,25.5,30.5,356.5,248.0
10.3,5.3,283.8,120.7,25.5,30.6,357.2,247.6
10.3,5.3,283.4,120.7,25.5,30.6,356.0,247.5
10.3,5.3,283.1,120.7,25.5,30.6,355.4,247.3
10.3,5.3,283.5,120.7,25.5,30.6,357.3,247.1
10.3,5.3,283.2,120.7,25.5,30.6,358.0,247.1
10.3,5.3,283.5,120.7,25.5,30.5,354.1,247.5
10.4,5.3,281.9,120.7,25.5,30.6,356.3,247.6
10.3,5.3,283.7,120.7,25.5,30.5,356.3,248.0
10.3,5.3,283.2,120.7,25.5,30.5,354.9,248.1
10.3,5.3,283.0,120.7,25.5,30.5,356.8,248.1
10.3,5.3,283.4,120.7,25.5,30.5,354.6,248.4
10.4,5.3,283.7,120.7,25.5,30.6,358.3,248.3
10.3,5.3,283.3,120.7,25.5,30.5,356.4,248.4
10.3,5.3,283.2,120.7,25.4,30.5,356.0,248.2
10.3,5.3,282.5,120.0,25.5,30.5,357.0,248.5
10.4,5.3,284.1,120.7,25.4,30.5,356.9,247.9
10.4,5.3,283.6,120.0,25.4,30.5,355.3,248.1
10.3,5.3,282.8,120.7,25.4,30.5,354.0,248.1
10.3,5.3,283.1,120.7,25.4,30.5,356.5,247.9
10.3,5.3,283.3,120.0,25.4,30.5,356.9,247.7
10.3,5.3,282.8,120.7,25.4,30.5,357.1,247.5
10.3,5.3,283.6,120.7,25.4,30.5,355.0,247.1
10.3,5.3,282.1,120.7,25.5,30.5,356.0,246.5
10.3,5.3,282.3,120.0,25.4,30.5,355.5,246.2
10.4,5.3,283.0,120.0,25.4,30.5,356.6,246.0
10.3,5.3,282.2,120.7,25.4,30.5,355.9,246.3
10.3,5.3,282.0,120.7,25.4,30.5,355.9,246.7
10.4,5.3,283.0,120.7,25.5,30.5,356.2,247.2
10.4,5.3,282.8,120.7,25.4,30.5,356.2,247.2
10.4,5.3,282.1,120.0,25.5,30.5,356.6,248.1
10.4,5.3,282.6,120.7,25.4,30.5,356.6,247.9
10.4,5.3,282.5,120.7,25.4,30.5,357.5,247.9
10.4,5.3,283.1,120.7,25.5,30.5,355.7,248.4
10.4,5.3,282.6,120.7,25.5,30.6,357.8,248.8
10.4,5.3,283.6,120.7,25.5,30.5,356.2,249.3
10.4,5.3,282.9,120.7,25.4,30.5,354.3,248.8
10.4,5.3,283.7,120.7,25.4,30.5,355.6,249.1
10.4,5.3,283.0,120.7,25.5,30.5,355.8,248.8
10.4,5.3,283.0,120.7,25.4,30.5,357.4,248.8
10.4,5.4,282.7,120.7,25.5,30.5,355.1,248.4
10.4,5.3,282.7,120.7,25.5,30.5,355.6,248.0
10.4,5.3,283.0,120.7,25.4,30.5,355.4,247.8
10.4,5.4,282.8,120.7,25.4,30.5,357.5,247.6
10.4,5.3,282.5,120.7,25.4,30.5,354.6,248.0
10.4,5.3,282.8,120.7,25.4,30.5,356.8,248.4
10.4,5.4,282.7,120.7,25.4,30.5,357.0,251.0
10.5,5.3,282.9,120.7,25.4,30.5,355.3,250.8
10.4,5.3,282.6,120.7,25.4,30.5,355.6,249.7
10.4,5.3,283.2,120.7,25.4,30.5,357.5,249.8
10.4,5.3,283.2,120.7,25.5,30.5,356.1,249.4
10.4,5.3,282.4,120.7,25.5,30.6,355.8,248.5
10.4,5.4,283.1,120.7,25.5,30.6,356.0,248.0
10.4,5.3,282.5,120.7,25.5,30.6,354.8,247.9
10.4,5.4,282.6,120.7,25.5,30.6,357.7,248.6
10.5,5.4,283.2,120.7,25.5,30.6,357.4,247.8
10.4,5.3,282.5,120.7,25.5,30.5,355.8,248.0
10.4,5.3,282.1,120.7,25.4,30.5,356.9,248.2
10.5,5.4,282.1,120.7,25.4,30.5,357.5,248.4
10.5,5.4,282.6,120.7,25.5,30.6,354.6,248.9
10.5,5.4,282.8,120.7,25.4,30.5,355.0,249.3
10.5,5.4,282.9,120.7,25.5,30.6,356.8,249.5
10.5,5.4,282.2,120.7,25.5,30.6,357.5,249.8
10.5,5.4,283.6,120.7,25.5,30.6,355.9,249.9
10.5,5.4,283.0,120.7,25.5,30.6,357.2,249.4
10.5,5.4,282.5,120.7,25.4,30.6,356.3,249.4
10.5,5.4,283.8,120.7,25.5,30.6,355.1,248.8
10.5,5.4,282.0,120.7,25.5,30.6,356.4,248.4
10.5,5.4,282.4,120.7,25.5,30.6,356.2,247.8
10.5,5.4,282.5,120.7,25.5,30.6,356.5,247.3
10.5,5.4,282.0,120.7,25.5,30.6,357.6,247.2
10.5,5.4,281.6,120.7,25.5,30.5,357.5,247.7
10.5,5.4,283.4,120.7,25.5,30.6,357.4,248.1
10.5,5.4,282.3,120.7,25.4,30.5,356.2,248.4
10.5,5.4,282.7,120.7,25.4,30.5,356.2,249.3
10.5,5.4,282.8,120.7,25.4,30.5,356.8,249.8
10.5,5.4,282.1,120.7,25.5,30.5,355.5,250.0
10.5,5.4,283.6,120.7,25.5,30.6,356.9,250.2
10.5,5.5,282.5,120.7,25.4,30.5,357.3,249.7
10.6,5.5,282.7,120.7,25.4,30.5,358.1,249.0
10.6,5.5,283.2,120.7,25.4,30.5,357.7,248.2
10.5,5.4,283.1,120.7,25.5,30.6,357.5,247.6
10.6,5.4,282.3,120.7,25.4,30.6,355.5,247.2
10.6,5.4,282.2,120.7,25.4,30.5,356.1,246.3
10.5,5.4,282.0,120.7,25.4,30.5,355.1,245.5
10.6,5.5,281.6,120.7,25.4,30.5,355.4,245.5
10.5,5.5,282.5,120.7,25.4,30.5,356.6,245.5
10.6,5.5,281.8,120.7,25.4,30.5,356.7,245.0
10.5,5.4,281.6,120.7,25.4,30.5,357.5,244.9
10.6,5.4,280.6,120.0,25.4,30.5,354.8,244.9
10.5,5.4,281.6,120.7,25.4,30.5,355.7,244.6
10.5,5.4,282.1,120.7,25.4,30.5,359.0,245.1
10.5,5.4,282.8,120.7,25.4,30.5,356.7,245.8
10.5,5.4,281.2,120.7,25.4,30.5,355.9,246.4
10.5,5.4,281.7,120.7,25.5,30.5,357.1,248.1
10.5,5.4,282.3,120.7,25.4,30.5,355.8,248.0
10.5,5.4,283.1,120.7,25.4,30.5,354.1,247.8
10.5,5.4,282.7,120.7,25.4,30.5,357.1,247.6
10.5,5.4,282.1,120.7,25.4,30.5,355.3,248.6
10.5,5.4,280.8,120.7,25.4,30.5,355.6,249.1
10.6,5.4,282.0,120.7,25.4,30.5,356.5,248.7
10.6,5.4,281.7,120.7,25.4,30.5,356.7,248.8
10.6,5.4,281.7,120.7,25.4,30.5,357.3,248.4
10.6,5.4,282.3,120.7,25.3,30.5,357.7,250.1
10.6,5.4,282.5,120.7,25.4,30.5,354.7,249.5
10.6,5.4,282.3,120.7,25.4,30.5,356.0,249.8
10.6,5.4,283.0,120.7,25.4,30.5,356.0,250.0
10.5,5.4,281.8,120.7,25.3,30.5,356.1,250.4
10.5,5.4,282.8,120.7,25.3,30.4,356.9,250.8
10.5,5.4,282.3,120.7,25.3,30.5,358.9,250.3
10.5,5.4,281.8,120.7,25.4,30.5,356.8,249.6
10.5,5.4,281.4,120.7,25.4,30.5,356.3,251.9
10.5,5.4,281.8,120.7,25.4,30.5,355.0,251.9
10.5,5.3,281.8,120.7,25.4,30.5,356.7,252.1
10.5,5.4,282.2,120.7,25.4,30.5,355.4,251.8
10.5,5.3,282.6,120.7,25.4,30.5,357.5,251.9
10.5,5.4,281.7,120.7,25.4,30.5,358.7,251.8
10.5,5.4,282.1,120.7,25.4,30.5,355.6,251.8
10.5,5.4,281.3,120.7,25.4,30.5,357.0,251.9
10.5,5.4,282.6,120.7,25.4,30.5,356.5,251.5
10.5,5.4,283.2,120.7,25.3,30.5,356.3,251.0
10.5,5.4,282.4,120.7,25.4,30.5,354.7,250.8
10.5,5.4,281.6,120.7,25.4,30.5,357.7,250.2
10.5,5.3,281.8,120.7,25.4,30.5,357.0,249.6
10.5,5.3,281.2,120.7,25.4,30.5,354.7,249.0
10.5,5.3,281.5,120.7,25.4,30.5,355.5,249.1
10.5,5.3,281.1,120.7,25.4,30.5,356.1,249.1
10.6,5.4,281.4,120.7,25.4,30.5,354.6,249.1
10.5,5.4,281.0,120.7,25.4,30.5,357.6,248.7
10.5,5.4,281.0,120.7,25.4,30.5,356.0,249.8
10.5,5.4,280.9,120.7,25.4,30.5,355.8,249.5
10.5,5.4,281.1,120.7,25.4,30.5,355.1,248.5
10.4,5.3,281.4,120.7,25.4,30.5,357.2,249.0
10.5,5.4,282.3,120.7,25.4,30.5,355.3,249.9
10.5,5.3,281.8,120.7,25.3,30.5,356.7,251.3
10.5,5.3,282.8,120.7,25.4,30.5,355.5,251.8
10.5,5.3,280.9,120.7,25.4,30.5,357.4,251.9
10.4,5.3,282.8,120.7,25.4,30.5,355.4,252.0
10.5,5.3,281.7,120.7,25.4,30.5,356.6,252.2
10.4,5.3,282.1,120.7,25.4,30.4,355.3,252.0
10.4,5.3,281.8,120.7,25.3,30.5,357.2,251.8
10.4,5.3,281.0,120.7,25.4,30.5,355.5,251.1
10.5,5.3,281.7,120.7,25.4,30.5,353.9,250.4
10.5,5.3,281.1,120.7,25.4,30.5,357.1,249.9
10.5,5.3,280.9,120.0,25.3,30.4,355.7,250.1
10.4,5.3,282.0,120.0,25.3,30.5,355.8,249.8
10.4,5.3,281.6,120.7,25.3,30.4,356.8,249.8
10.4,5.3,282.0,120.7,25.3,30.4,355.8,249.5
10.4,5.3,282.3,120.0,25.3,30.5,355.8,250.1
10.4,5.3,282.5,120.7,25.3,30.4,355.8,249.9
10.4,5.3,282.2,120.7,25.4,30.4,354.8,250.0
10.4,5.3,281.3,120.0,25.3,30.5,356.6,250.2
10.5,5.3,282.6,120.0,25.4,30.4,355.8,250.8
10.4,5.3,282.3,120.0,25.4,30.5,357.1,250.2
10.4,5.3,282.1,120.7,25.3,30.4,354.5,250.3
10.5,5.3,282.0,120.0,25.3,30.5,355.5,249.6
10.4,5.3,281.0,120.0,25.3,30.5,354.9,249.5
10.5,5.3,281.8,120.0,25.3,30.4,357.7,249.1
10.5,5.3,281.6,120.0,25.3,30.4,356.0,248.8
10.5,5.3,282.0,120.0,25.3,30.4,355.8,248.3
10.5,5.3,281.1,120.0,25.3,30.4,356.5,248.1
10.4,5.3,281.0,120.0,25.3,30.4,356.8,247.6
10.4,5.3,281.8,120.0,25.3,30.4,356.8,247.5
10.4,5.3,282.3,120.0,25.3,30.4,355.7,247.5
10.4,5.3,281.2,120.0,25.3,30.4,357.9,248.0
10.4,5.3,280.4,120.0,25.3,30.4,356.8,248.7
10.4,5.3,281.7,120.0,25.3,30.4,354.7,250.0
10.5,5.3,282.2,120.0,25.3,30.4,355.2,250.1
10.5,5.3,281.3,120.0,25.3,30.4,355.6,250.0
10.5,5.3,281.0,120.0,25.3,30.4,355.6,249.8
10.5,5.3,281.7,120.0,25.3,30.4,353.6,250.1
10.5,5.3,281.5,120.0,25.3,30.4,355.6,249.4
10.4,5.3,280.9,120.0,25.2,30.4,356.2,249.4
10.4,5.3,281.2,120.0,25.3,30.4,354.7,249.2
10.4,5.3,281.3,120.0,25.3,30.4,355.1,249.0
10.4,5.3,281.7,120.0,25.3,30.4,356.7,248.7
10.4,5.3,281.5,120.0,25.3,30.4,355.7,248.3
10.4,5.3,280.6,120.0,25.3,30.4,357.4,248.4
10.4,5.3,281.1,120.0,25.3,30.4,356.9,249.0
10.4,5.3,281.3,120.0,25.3,30.4,357.2,249.3
10.4,5.3,280.8,120.0,25.3,30.4,356.1,249.3
10.5,5.3,281.2,120.0,25.3,30.4,353.8,249.2
10.5,5.3,281.9,120.0,25.3,30.4,356.1,248.8
10.4,5.3,282.0,120.0,25.2,30.4,356.6,248.4
10.4,5.3,281.5,120.0,25.2,30.4,357.2,248.6
10.4,5.3,281.5,120.0,25.3,30.4,357.3,248.5
10.4,5.3,281.9,120.0,25.3,30.4,357.5,247.6
10.4,5.3,280.7,120.0,25.3,30.4,355.9,247.8
10.4,5.3,281.8,120.0,25.3,30.4,356.8,247.6
10.4,5.3,281.6,120.0,25.3,30.4,358.6,247.7
10.4,5.3,280.9,120.0,25.3,30.4,357.2,248.3
10.4,5.3,280.4,120.0,25.3,30.4,355.7,248.1
10.4,5.3,281.8,120.0,25.2,30.4,357.3,248.4
10.4,5.3,281.3,120.0,25.3,30.4,357.2,249.1
10.4,5.3,282.6,120.0,25.3,30.4,355.5,249.9
10.4,5.3,281.8,120.0,25.3,30.4,356.4,250.8
10.4,5.3,281.6,120.0,25.3,30.4,356.0,250.8
10.5,5.3,282.3,120.0,25.3,30.4,356.2,250.5
10.4,5.3,282.2,120.0,25.2,30.4,358.0,250.3
10.4,5.3,282.4,120.0,25.3,30.4,356.8,250.2
10.4,5.3,281.5,120.0,25.2,30.4,356.8,249.5
10.4,5.3,281.7,120.0,25.3,30.4,359.0,249.0
10.4,5.3,282.2,120.0,25.2,30.4,357.8,249.0
10.4,5.3,282.7,120.0,25.2,30.4,358.3,248.7
10.4,5.3,282.3,120.0,25.2,30.4,356.8,248.2
10.4,5.2,281.7,120.0,25.2,30.4,356.4,248.5
10.4,5.3,281.5,120.0,25.2,30.3,357.3,248.6
10.3,5.2,281.8,120.0,25.2,30.4,355.6,248.8
10.4,5.3,282.7,119.3,25.2,30.3,355.5,250.1
10.4,5.3,282.3,120.0,25.2,30.4,355.9,250.4
10.4,5.3,283.0,120.0,25.2,30.4,357.4,250.1
10.4,5.3,281.6,120.0,25.1,30.3,355.8,249.6
10.4,5.3,282.8,119.3,25.2,30.3,356.1,249.5
10.4,5.3,281.8,119.3,25.2,30.3,359.0,249.2
10.5,5.3,280.9,120.0,25.1,30.3,356.7,249.2
10.5,5.3,281.4,119.3,25.1,30.2,356.2,249.3
10.5,5.3,281.2,120.0,25.2,30.3,355.1,249.1
10.5,5.3,281.4,119.3,25.2,30.3,356.9,249.0
10.5,5.4,281.3,119.3,25.1,30.2,355.6,248.9
10.5,5.3,280.9,119.3,25.1,30.2,356.7,250.9
10.4,5.3,280.9,120.0,25.1,30.3,358.2,250.7
10.5,5.3,281.3,120.0,25.1,30.3,354.3,250.7
10.4,5.3,280.2,120.0,25.1,30.3,354.6,250.4
10.4,5.2,280.8,120.0,25.1,30.3,355.2,251.4
10.4,5.3,280.5,120.0,25.1,30.3,356.4,251.7
10.4,5.3,280.4,119.3,25.1,30.2,357.6,251.7
10.4,5.3,281.5,120.0,25.1,30.2,355.8,251.9
10.5,5.3,281.2,120.0,25.1,30.3,357.3,251.5
10.5,5.3,281.0,120.0,25.1,30.3,355.8,251.2
10.5,5.3,280.7,119.3,25.1,30.2,356.8,251.0
10.5,5.3,281.2,119.3,25.1,30.2,354.7,250.8
10.5,5.3,280.8,120.0,25.1,30.2,358.2,250.8
10.5,5.3,281.4,119.3,25.1,30.2,355.3,250.7
10.5,5.3,280.4,119.3,25.1,30.2,354.7,250.6
10.5,5.3,281.1,119.3,25.1,30.2,356.5,250.7
10.5,5.3,281.1,119.3,25.1,30.2,356.6,250.0
10.5,5.3,280.8,119.3,25.1,30.2,358.2,248.8
10.4,5.3,280.9,119.3,25.1,30.2,356.9,248.5
10.5,5.3,280.5,119.3,25.1,30.2,356.4,248.4
10.4,5.3,281.2,119.3,25.1,30.2,358.4,248.5
10.5,5.3,280.7,119.3,25.1,30.2,357.2,248.3
10.4,5.3,281.6,119.3,25.1,30.2,356.4,248.1
10.5,5.3,280.8,119.3,25.1,30.2,356.5,247.5
10.5,5.3,279.9,119.3,25.1,30.2,357.5,247.9
10.4,5.3,280.3,119.3,25.1,30.2,355.9,248.1
10.4,5.3,281.1,119.3,25.1,30.2,356.1,248.3
10.4,5.3,280.8,119.3,25.1,30.2,358.2,247.4
10.4,5.3,281.2,119.3,25.1,30.2,357.7,246.9
10.4,5.2,280.4,119.3,25.1,30.1,356.0,247.0
10.3,5.2,280.2,119.3,25.1,30.2,353.8,247.5
10.4,5.3,280.5,119.3,25.1,30.2,356.0,247.8
10.5,5.3,280.5,119.3,25.1,30.2,354.9,248.6
10.5,5.3,281.3,119.3,25.1,30.1,356.5,249.1
10.5,5.3,281.2,119.3,25.1,30.2,354.6,249.9
10.5,5.3,280.4,119.3,25.1,30.2,354.8,250.3
10.5,5.3,280.2,119.3,25.1,30.2,358.0,250.6
10.5,5.3,279.9,120.0,25.1,30.2,356.4,250.6
10.5,5.3,279.8,120.0,25.2,30.3,359.2,250.2
10.5,5.4,280.8,120.0,25.2,30.2,357.1,250.0
10.5,5.3,281.3,120.0,25.1,30.2,356.4,249.7
10.4,5.3,281.2,120.0,25.2,30.3,357.1,249.1
10.4,5.3,281.5,119.3,25.2,30.3,356.5,248.6
10.4,5.3,281.2,120.0,25.2,30.4,358.0,248.5
10.5,5.3,281.0,120.0,25.2,30.3,355.8,248.3
10.4,5.3,280.4,120.0,25.3,30.4,355.9,248.7
10.5,5.3,280.2,120.0,25.2,30.3,356.9,248.8
10.5,5.3,279.8,120.0,25.2,30.4,354.1,249.0
10.5,5.3,280.5,120.0,25.3,30.4,355.0,249.4
10.5,5.3,280.3,120.0,25.3,30.4,355.6,249.5
10.5,5.3,281.2,120.0,25.3,30.4,356.4,249.8
10.5,5.3,280.0,120.0,25.3,30.4,354.9,249.7
10.5,5.3,279.8,120.7,25.3,30.4,356.0,249.5
10.4,5.3,279.7,120.7,25.4,30.4,357.0,249.7
10.4,5.3,280.0,120.7,25.4,30.4,356.2,249.5
10.4,5.3,280.3,120.7,25.4,30.4,355.5,249.8
10.4,5.3,279.5,120.7,25.4,30.5,356.7,249.3
10.5,5.3,280.4,120.7,25.4,30.5,357.0,249.3
10.5,5.3,280.7,120.7,25.4,30.5,356.2,249.1
10.5,5.3,280.4,120.7,25.5,30.6,357.2,249.2
10.5,5.3,280.6,120.7,25.4,30.5,356.6,249.7
10.5,5.4,281.1,120.7,25.4,30.6,358.6,249.7
10.5,5.4,280.0,120.7,25.4,30.5,355.2,250.5
10.5,5.3,280.6,120.7,25.5,30.6,357.3,250.0
10.5,5.4,281.0,120.7,25.5,30.6,356.3,249.5
10.5,5.4,280.8,121.4,25.5,30.6,357.6,249.6
10.5,5.4,280.3,121.4,25.5,30.6,354.7,249.9
10.5,5.4,280.1,121.4,25.5,30.7,356.7,249.9
10.5,5.4,279.9,121.4,25.5,30.6,356.4,249.9
10.5,5.4,279.5,121.4,25.5,30.6,357.5,249.7
10.5,5.4,280.0,121.4,25.5,30.6,356.5,249.3
10.5,5.4,280.7,121.4,25.5,30.7,354.3,249.5
10.5,5.4,280.0,121.4,25.5,30.7,356.2,249.4
10.5,5.4,279.3,121.4,25.5,30.7,355.7,249.7
10.5,5.4,280.8,121.4,25.6,30.7,355.6,250.0
10.5,5.4,279.6,121.4,25.6,30.7,358.2,250.7
10.5,5.4,280.0,121.4,25.6,30.7,355.7,250.4
10.5,5.4,280.5,121.4,25.6,30.7,356.2,250.7
10.5,5.4,280.6,121.4,25.6,30.7,356.7,250.7
10.5,5.4,280.6,122.0,25.6,30.7,356.2,251.2
10.5,5.4,279.6,122.0,25.7,30.8,355.8,250.8
10.5,5.4,279.6,122.0,25.7,30.7,356.0,250.9
10.5,5.4,280.1,122.0,25.7,30.8,356.0,250.4
10.5,5.4,279.4,122.0,25.8,30.8,355.1,250.4
10.5,5.4,281.1,122.0,25.8,30.9,357.1,250.9
10.5,5.4,279.8,122.0,25.8,30.9,357.2,251.4
10.5,5.4,279.6,122.0,25.8,30.9,357.9,251.2
10.5,5.4,279.9,122.0,25.8,30.9,358.5,251.1
10.5,5.4,280.2,122.0,25.8,31.0,356.3,251.6
10.5,5.4,279.6,122.7,25.8,30.9,354.1,252.0
10.5,5.4,280.2,122.0,25.8,30.9,355.6,252.3
10.6,5.5,279.8,122.7,25.8,31.0,356.0,252.2
10.6,5.5,280.4,122.7,25.8,30.9,355.0,251.8
10.6,5.5,280.5,122.7,25.8,31.0,356.2,252.0
10.6,5.4,279.7,122.7,25.8,31.0,355.6,251.6
10.6,5.5,280.8,122.7,25.9,31.0,356.6,251.3
10.7,5.5,280.8,122.7,25.8,31.0,356.4,250.5
10.6,5.5,280.6,122.7,25.8,31.0,355.8,250.4
10.7,5.4,281.1,122.7,25.8,31.0,358.6,250.4
10.7,5.5,280.6,122.7,25.9,31.0,354.8,250.8
10.6,5.4,280.6,122.7,25.9,31.0,356.6,251.1
10.6,5.5,281.3,122.7,25.9,31.0,357.0,250.9
10.7,5.5,281.1,122.7,25.9,31.1,356.7,251.6
10.7,5.5,280.9,122.7,25.9,31.0,355.4,251.8
10.7,5.6,280.3,122.7,25.9,31.1,357.0,251.5
10.7,5.6,280.9,123.4,26.0,31.1,358.4,251.7
10.7,5.6,281.7,123.4,25.9,31.1,356.6,251.4
10.7,5.6,281.1,123.4,25.9,31.1,356.3,252.0
10.8,5.6,281.4,123.4,26.0,31.1,356.2,251.8
10.7,5.6,281.4,123.4,26.0,31.1,357.9,251.3
10.7,5.6,280.4,122.7,26.0,31.1,356.0,250.9
10.7,5.6,281.4,123.4,26.0,31.1,354.9,250.9
10.7,5.6,281.3,123.4,26.0,31.1,356.4,251.0
10.7,5.6,280.3,123.4,26.0,31.1,357.4,250.8
10.7,5.6,281.0,123.4,26.0,31.1,356.9,250.4
10.7,5.6,281.4,123.4,26.0,31.1,356.8,251.0
10.8,5.6,281.5,123.4,26.0,31.1,355.0,251.1
10.7,5.6,280.8,123.4,26.0,31.1,355.6,250.8
10.7,5.6,281.5,123.4,26.0,31.1,357.4,250.8
10.8,5.6,282.3,123.4,26.0,31.1,357.0,251.5
10.8,5.7,282.8,123.4,26.0,31.1,358.3,251.3
10.8,5.6,282.0,123.4,26.0,31.2,356.4,251.9
10.8,5.7,282.6,123.4,26.0,31.1,356.5,252.9
11.0,5.8,281.9,124.1,26.1,31.2,357.3,253.1
11.0,5.8,282.9,124.1,26.1,31.2,355.0,253.2
11.0,5.8,282.1,124.1,26.1,31.2,356.4,252.6
11.0,5.3,281.7,124.1,26.1,31.2,357.2,251.9
11.0,5.8,281.9,124.1,26.1,31.2,357.5,251.6
11.0,5.8,283.2,124.1,26.1,31.2,357.4,251.5
10.9,5.8,282.4,123.4,26.0,31.2,354.4,252.0
10.9,5.8,282.6,124.1,26.0,31.2,356.3,251.5
11.0,5.8,282.3,124.1,26.1,31.3,355.7,251.3
10.9,5.8,281.9,124.1,26.1,31.2,357.4,251.4
10.9,5.8,283.2,124.1,26.1,31.2,356.5,252.0
10.9,5.8,283.0,124.1,26.1,31.2,357.5,251.5
10.9,5.8,282.8,124.1,26.1,31.3,356.8,252.1
11.0,5.8,283.7,124.1,26.1,31.4,354.9,252.8
11.0,5.3,283.6,124.1,26.1,31.3,356.1,253.0
11.0,5.3,283.3,124.1,26.1,31.4,357.0,253.7
11.0,5.3,283.9,124.8,26.1,31.4,350.7,253.8
11.0,5.3,283.1,124.1,26.1,31.4,357.4,253.4
11.1,5.3,284.2,124.1,26.1,31.4,356.5,254.0
11.1,5.3,283.9,124.1,26.1,31.3,357.4,254.2
11.2,5.3,284.2,124.1,26.1,31.3,356.2,254.3
11.1,5.3,283.9,124.1,26.1,31.4,356.8,255.3
11.2,5.3,284.6,124.8,26.1,31.4,355.0,255.1
11.2,5.3,283.8,124.1,26.1,31.4,356.2,255.8
11.2,5.3,284.1,124.8,26.1,31.4,356.6,255.0
11.0,5.3,284.1,124.1,26.1,31.4,356.0,253.9
10.9,5.8,284.0,124.1,26.1,31.4,355.5,253.6
10.9,5.8,284.5,124.1,26.2,31.4,356.5,253.4
10.9,5.8,284.1,124.1,26.1,31.4,358.1,253.4
10.9,5.8,284.5,124.1,26.1,31.4,355.6,253.9
10.9,5.8,284.4,124.1,26.1,31.4,355.6,254.0
10.9,5.8,284.2,124.1,26.2,31.3,355.8,254.4
10.9,5.8,284.3,124.1,26.1,31.4,356.7,253.9
10.9,5.8,284.1,124.1,26.1,31.4,356.6,253.9
11.0,5.3,284.6,124.1,26.1,31.4,357.3,253.8
11.0,5.3,283.8,124.1,26.1,31.4,357.4,253.7
10.9,5.8,284.3,124.1,26.1,31.3,355.8,253.9
10.9,5.8,284.9,124.1,26.1,31.3,365.3,251.7
10.9,5.8,284.9,121.4,26.1,30.9,451.0,251.7
10.9,5.8,284.8,121.4,26.2,30.7,450.8,251.7
10.9,5.8,284.8,121.4,26.2,30.6,448.8,251.5
10.9,5.8,285.2,121.4,26.2,30.6,451.5,251.4
10.9,5.8,284.4,121.4,26.1,30.5,448.3,252.2
10.9,5.8,284.9,121.4,26.1,30.5,451.6,252.2
10.9,5.8,284.8,121.4,26.1,30.5,450.7,252.9
10.9,5.7,284.6,121.4,26.1,30.6,450.3,253.1
10.9,5.8,284.4,121.4,26.1,30.6,448.7,253.1
10.9,5.8,284.5,121.4,26.1,30.6,450.6,252.5
10.9,5.5,263.0,123.4,26.1,30.9,357.9,252.1
11.0,5.6,262.3,123.4,26.1,31.1,358.6,251.6
11.0,5.6,262.1,123.4,26.1,31.2,357.0,251.1
11.0,5.6,261.8,123.4,26.1,31.2,355.4,251.2
11.0,5.6,261.6,123.4,26.1,31.2,353.6,251.6
11.0,5.6,261.0,123.4,26.1,31.2,358.8,251.9
11.0,5.6,259.9,123.4,26.1,31.2,358.5,251.8
11.0,5.6,260.5,123.4,26.1,31.2,358.7,252.2
11.0,5.7,260.9,124.1,26.1,31.2,359.1,251.6
11.0,5.6,259.6,123.4,26.1,31.3,358.6,249.9
10.8,5.4,255.8,123.4,26.1,31.2,358.4,247.9
10.7,5.3,256.9,123.4,26.1,31.2,360.2,246.6
10.7,5.2,257.6,122.7,26.1,31.1,360.2,246.0
10.6,5.3,257.9,123.4,26.1,31.2,358.4,246.3
10.6,5.3,258.5,123.4,26.1,31.1,360.1,246.4
10.7,5.3,257.6,123.4,26.2,31.2,360.2,246.1
10.7,5.3,258.6,123.4,26.2,31.1,360.1,246.4
10.7,5.3,257.4,123.4,26.2,31.1,359.4,246.0
10.7,5.3,257.5,123.4,26.2,31.2,359.2,245.6
10.7,5.3,257.8,123.4,26.2,31.2,359.3,245.5
10.6,5.3,256.7,123.4,26.2,31.2,358.6,245.9
10.6,5.2,257.5,123.4,26.2,31.2,356.3,246.1
10.5,5.2,255.7,123.4,26.3,31.2,358.9,245.5
10.5,5.2,257.6,123.4,26.3,31.2,358.7,245.4
10.4,5.1,255.9,123.4,26.3,31.2,358.7,245.1
10.5,5.2,257.8,123.4,26.3,31.2,358.6,244.9
10.4,5.1,256.3,123.4,26.3,31.2,360.5,244.0
10.4,5.1,255.9,123.4,26.3,31.2,357.3,244.3
10.4,5.1,254.5,123.4,26.3,31.2,358.9,243.5
10.4,5.1,255.2,123.4,26.3,31.2,354.4,242.8
10.3,5.1,253.7,123.4,26.4,31.3,353.5,242.4
10.3,5.0,254.4,123.4,26.4,31.2,357.2,242.2
10.3,5.0,246.3,123.4,26.4,31.2,358.9,241.0
10.3,5.0,251.3,123.4,26.4,31.4,359.3,238.6
10.3,5.0,252.0,122.7,26.4,31.2,359.7,236.3
10.3,5.1,254.4,122.7,26.4,31.2,358.6,234.2
10.3,5.1,257.9,121.4,26.4,31.1,358.9,226.9
10.3,5.3,253.0,121.4,26.4,31.0,360.3,226.7
10.2,5.2,245.3,121.4,26.4,31.0,358.8,226.8
10.2,5.2,254.3,121.4,26.3,31.0,357.9,226.1
10.2,5.2,250.8,121.4,26.3,31.0,357.8,222.6
10.2,5.2,236.8,120.7,26.4,31.0,357.7,217.6
10.2,5.4,250.4,120.7,26.4,30.9,356.0,217.3
10.2,5.3,255.1,120.0,26.4,30.9,358.7,217.1
10.2,5.4,281.6,120.0,26.3,30.9,359.2,210.0
10.1,5.4,252.3,119.3,26.4,30.8,358.3,209.9
10.1,5.3,253.3,119.3,26.4,30.7,358.9,208.9
10.1,5.4,281.6,120.0,26.4,30.7,356.9,200.9
10.1,5.5,252.4,118.6,26.4,30.7,358.6,200.9
10.0,5.4,249.7,118.6,26.4,30.7,358.6,200.8
10.0,5.4,246.2,118.6,26.5,30.7,353.5,199.2
10.0,5.5,238.2,118.6,26.4,30.7,353.6,199.3
10.0,5.4,281.6,118.6,26.5,30.6,358.4,200.2
10.1,5.4,247.8,118.6,26.4,30.7,358.2,202.1
10.0,5.4,281.6,119.3,26.4,30.7,359.6,203.1
10.0,5.1,254.9,118.6,26.4,30.7,360.5,203.5
10.0,5.3,281.6,118.6,26.4,30.7,358.6,203.4
10.0,5.4,236.3,119.3,26.4,30.7,360.6,200.9
10.0,5.2,251.2,118.6,26.4,30.7,359.6,201.7
10.0,5.3,249.7,118.6,26.4,30.7,358.6,201.8
10.0,5.2,249.8,118.6,26.4,30.6,358.3,202.6
10.0,5.4,281.6,119.3,26.4,30.6,360.7,205.5
10.0,5.2,251.4,119.3,26.4,30.6,358.1,207.9
10.1,5.1,255.6,119.3,26.4,30.7,357.5,208.5
10.0,5.1,281.6,119.3,26.4,30.7,358.0,212.6
10.2,5.1,281.6,119.3,26.4,30.7,358.0,206.1
10.1,5.1,246.4,119.3,26.4,30.8,358.9,210.9
10.0,5.0,248.6,119.3,26.4,30.7,358.9,199.4
10.0,5.1,253.7,118.6,26.4,30.6,358.3,199.9
10.2,5.1,255.6,118.6,26.4,30.6,358.5,193.7
10.2,5.6,281.6,117.9,26.4,30.6,360.0,190.9
10.1,5.2,281.6,117.9,26.4,30.6,360.1,199.4
10.2,5.2,254.4,118.6,26.4,30.6,353.5,205.9
10.2,5.3,253.1,119.3,26.4,30.7,353.4,209.9
10.3,5.3,235.7,119.3,26.4,30.7,359.1,193.1
10.4,5.2,235.8,117.9,26.4,30.7,359.6,202.9
10.3,5.3,281.6,118.6,26.4,30.6,357.6,202.6
10.3,5.3,255.7,118.6,26.3,30.6,358.8,210.5
10.2,5.6,257.1,119.3,26.3,30.7,357.4,210.0
10.2,5.4,253.0,119.3,26.3,30.7,357.9,211.0
10.2,5.5,256.8,119.3,26.3,30.7,359.3,211.7
10.2,5.6,258.2,119.3,26.3,30.7,358.3,213.3
10.2,5.5,255.6,120.0,26.3,30.7,359.2,216.2
10.2,5.5,256.7,120.0,26.3,30.7,359.6,216.3
10.3,5.5,257.2,120.0,26.3,30.7,359.4,216.5
10.3,5.4,257.2,120.0,26.3,30.7,359.0,216.1
10.2,5.4,249.9,120.0,26.3,30.7,360.7,215.3
10.2,5.4,241.1,120.0,26.3,30.7,359.8,217.2
10.3,5.4,251.3,120.0,26.3,30.7,361.4,216.2
10.2,5.4,236.7,120.0,26.3,30.7,358.5,213.5
10.2,5.2,257.8,120.0,26.3,30.7,359.2,215.1
10.3,5.4,255.0,120.0,26.3,30.8,357.7,215.1
10.3,5.4,253.6,120.0,26.3,30.8,358.3,215.0
10.2,5.4,254.6,120.0,26.3,30.7,360.0,214.2
10.2,5.3,256.6,120.0,26.3,30.7,358.0,215.1
10.3,5.5,235.2,120.0,26.3,30.8,353.0,216.3
10.3,5.4,281.6,120.0,26.3,30.9,352.5,210.0
10.4,5.4,255.4,120.0,26.3,30.8,358.4,213.8
10.3,5.6,253.9,120.0,26.3,30.7,358.0,215.0
10.3,5.4,256.6,120.0,26.3,30.7,359.2,216.8
10.3,5.5,246.8,120.0,26.3,30.8,358.2,216.8
10.3,5.4,253.7,120.0,26.3,30.8,359.0,217.1
10.3,5.3,255.3,120.0,26.3,30.9,359.2,217.7
10.3,5.4,254.6,120.0,26.3,30.7,357.9,216.5
10.3,5.4,256.6,120.0,26.3,30.7,359.5,218.0
10.3,5.5,281.6,120.0,26.3,30.8,359.4,215.1
10.3,5.5,250.9,120.0,26.3,30.7,359.0,216.6
10.3,5.4,255.3,120.0,26.3,30.7,358.3,215.4
10.3,5.6,249.9,120.0,26.3,30.7,359.6,217.0
10.3,5.4,254.7,120.0,26.3,30.7,358.2,216.7
10.3,5.4,257.3,120.0,26.3,30.7,358.9,224.9
10.4,5.2,281.6,121.4,26.3,30.9,359.4,227.1
10.4,5.3,252.4,121.4,26.3,31.0,357.8,226.1
10.3,5.2,250.9,121.4,26.3,31.0,357.9,226.6
10.4,5.3,252.5,121.4,26.3,31.0,359.9,226.5
10.3,5.3,252.8,121.4,26.3,30.9,358.6,222.9
10.3,5.2,253.8,119.3,26.3,30.9,358.0,214.0
10.4,5.3,234.5,120.0,26.3,30.9,359.4,215.5
10.4,5.6,241.7,120.0,26.3,30.9,354.0,214.9
10.4,5.4,255.6,120.0,26.3,30.9,357.5,215.5
10.4,5.6,250.1,120.0,26.3,30.7,359.4,206.8
10.3,5.4,259.0,119.3,26.3,30.7,359.7,221.3
10.3,5.4,244.7,120.7,26.3,30.8,358.3,222.0
10.3,5.4,247.4,120.7,26.4,30.9,359.1,220.9
10.4,5.4,251.6,120.7,26.4,30.9,360.0,222.5
10.4,5.4,238.5,120.7,26.3,30.9,359.2,223.3
10.4,5.4,248.8,120.7,26.3,30.9,359.9,220.7
10.4,5.4,234.3,120.7,26.3,30.9,359.0,225.9
10.4,5.5,257.9,121.4,26.3,30.9,360.0,228.4
10.4,5.3,251.4,121.4,26.3,31.0,359.3,228.0
10.4,5.3,281.6,121.4,26.3,31.0,359.2,229.4
10.4,5.4,256.8,121.4,26.3,31.0,359.9,228.1
10.4,5.3,252.2,121.4,26.3,31.0,358.9,228.0
10.3,5.3,248.4,121.4,26.3,31.0,357.8,227.8
10.4,5.3,256.2,121.4,26.3,30.9,357.4,227.8
10.4,5.3,252.0,121.4,26.3,31.0,358.1,226.4
10.4,5.2,255.6,121.4,26.4,31.0,358.7,228.3
10.5,5.4,254.5,121.4,26.3,31.0,359.9,227.3
10.4,5.4,240.5,121.4,26.3,31.0,359.5,227.6
10.5,5.4,243.8,121.4,26.3,31.0,359.1,227.3
10.4,5.3,249.0,121.4,26.4,31.0,357.2,228.0
10.4,5.3,248.8,122.0,26.3,31.1,354.2,231.1
10.4,5.2,255.3,122.0,26.3,31.1,358.7,231.1
10.4,5.3,235.8,122.0,26.4,31.1,357.6,231.6
10.5,5.2,254.6,122.0,26.3,31.1,358.5,232.1
10.5,5.3,243.5,122.0,26.4,31.1,357.6,232.4
10.4,5.3,257.4,122.0,26.3,31.1,360.6,232.9
10.4,5.2,254.9,122.0,26.3,31.1,359.4,232.7
10.5,5.2,253.6,122.0,26.3,31.1,359.7,232.2
10.5,5.3,251.4,122.0,26.3,31.1,359.8,232.1
10.5,5.3,256.6,122.0,26.3,31.1,360.1,230.8
10.4,5.3,251.0,122.0,26.3,31.1,359.0,229.4
10.4,5.2,248.4,122.0,26.4,31.1,358.6,231.5
10.5,5.3,253.9,122.0,26.3,31.1,361.0,219.9
10.5,5.1,257.4,120.7,26.4,31.0,358.5,232.7
10.5,5.1,255.1,122.0,26.4,31.1,358.7,230.8
10.5,5.2,257.2,122.0,26.4,31.1,357.7,230.4
10.4,5.1,256.5,122.0,26.4,31.1,358.9,230.6
10.5,5.1,252.0,122.0,26.3,31.1,359.4,233.3
10.5,5.3,251.5,122.7,26.4,31.1,359.6,232.5
10.4,5.1,256.4,122.0,26.4,31.1,353.5,230.6
10.4,5.3,253.0,122.0,26.4,31.1,357.8,225.4
10.4,4.8,256.0,121.4,26.4,31.1,360.0,236.9
10.5,5.4,235.0,122.0,26.4,31.1,359.4,235.0
10.5,5.2,248.1,122.7,26.4,31.1,358.7,214.2
10.4,5.5,281.6,120.7,26.4,31.1,359.5,225.7
10.4,5.3,281.6,121.4,26.4,31.0,357.6,224.3
10.5,5.3,255.4,121.4,26.4,31.0,358.7,227.6
10.5,5.4,243.1,122.0,26.4,31.1,360.2,227.4
10.5,5.3,233.2,122.0,26.4,31.1,357.7,227.7
10.4,5.6,245.9,122.0,26.4,31.0,358.3,225.1
10.4,5.4,247.3,121.4,26.4,31.1,360.2,222.0
10.4,5.4,258.4,121.4,26.5,31.0,359.3,223.7
10.4,5.4,257.3,122.0,26.4,31.0,357.8,227.9
10.4,5.1,234.6,122.0,26.5,31.1,359.6,229.6
10.4,5.1,252.6,122.0,26.5,31.1,358.7,212.7
10.4,5.5,258.1,121.4,26.5,31.1,358.3,224.3
10.3,5.1,256.7,122.0,26.5,31.1,359.4,220.2
10.4,5.5,248.6,121.4,26.5,31.1,357.6,219.4
10.3,5.3,281.6,120.7,26.4,31.0,360.0,215.2
10.4,5.0,256.8,120.7,26.5,31.0,358.4,224.8
10.4,5.2,239.4,121.4,26.4,31.0,358.2,224.2
10.3,5.2,249.0,121.4,26.4,31.0,357.1,235.5
10.3,5.5,256.0,120.0,26.4,30.9,352.8,220.3
10.3,5.3,248.6,120.7,26.4,31.1,359.2,226.0
10.3,5.3,233.5,121.4,26.4,31.0,359.4,226.8
10.4,5.3,281.6,121.4,26.4,31.0,359.4,224.7
10.3,5.3,281.6,121.4,26.4,31.0,358.7,222.6
10.4,5.0,239.9,120.0,26.4,31.0,357.5,214.7
10.3,5.5,240.5,120.7,26.4,30.9,358.6,207.5
10.3,5.2,236.3,119.3,26.4,30.9,357.3,213.0
10.4,5.2,255.4,120.0,26.4,30.9,359.6,198.9
10.3,5.6,233.5,118.6,26.4,30.7,360.5,197.8
10.3,5.4,256.9,118.6,26.4,30.7,359.4,196.3
10.3,5.8,249.2,118.6,26.4,30.7,357.6,202.5
10.2,5.5,281.6,119.3,26.4,30.7,358.8,202.3
10.3,5.4,253.2,119.3,26.4,30.7,357.6,209.9
10.2,5.5,281.6,120.0,26.4,30.7,358.3,206.5
10.2,5.6,281.6,119.3,26.4,30.7,359.2,204.3
10.2,5.5,281.6,119.3,26.4,30.7,359.3,206.5
10.3,5.2,281.6,119.3,26.4,30.7,358.5,211.0
10.3,5.3,248.7,120.0,26.4,30.8,353.8,206.6
10.3,5.4,251.3,120.0,26.4,30.8,357.6,206.2
10.3,5.4,281.6,120.0,26.4,30.7,358.7,205.1
10.4,5.4,254.8,119.3,26.4,30.7,360.0,207.9
10.2,5.5,281.6,119.3,26.4,30.7,360.4,209.4
10.2,5.3,252.5,119.3,26.4,30.7,360.4,211.3
10.2,5.1,256.9,119.3,26.4,30.7,358.5,212.2
10.3,5.4,281.6,120.0,26.4,30.7,358.8,208.7
10.3,5.3,252.0,119.3,26.4,30.8,360.2,209.2
10.3,5.2,281.6,119.3,26.4,30.7,359.8,215.0
10.4,5.0,249.0,120.0,26.4,30.6,360.5,210.4
10.3,5.2,250.3,120.0,26.4,30.7,358.2,205.7
10.3,5.0,235.2,119.3,26.4,30.7,360.3,202.4
10.3,5.2,249.5,119.3,26.4,30.7,359.9,200.4
10.2,5.6,281.6,119.3,26.4,30.6,357.7,208.3
10.3,5.4,281.6,120.0,26.4,30.6,358.0,204.4
10.2,5.3,254.2,119.3,26.4,30.7,357.0,206.7
10.2,5.5,281.6,119.3,26.3,30.6,357.4,203.5
10.2,5.4,245.2,119.3,26.3,30.7,359.3,188.1
10.3,5.8,256.6,117.9,26.4,30.6,358.5,203.9
10.2,5.4,248.1,119.3,26.4,30.6,358.4,198.9
10.2,5.7,281.6,118.6,26.4,30.6,357.7,194.0
10.2,5.2,281.6,117.9,26.4,30.6,358.7,196.1
10.2,5.7,281.6,118.6,26.4,30.6,359.7,197.0
10.2,5.6,281.6,118.6,26.3,30.5,353.4,195.2
10.2,5.1,252.6,117.9,26.4,30.6,353.5,195.6
10.2,5.5,253.1,118.6,26.3,30.6,358.9,195.6
10.2,5.3,256.6,117.9,26.4,30.6,358.7,195.2
10.1,5.6,236.8,117.9,26.4,30.5,359.0,192.7
10.0,5.5,249.8,117.9,26.4,30.5,358.7,197.4
10.1,5.2,256.6,118.6,26.4,30.5,358.2,198.1
10.2,5.4,281.6,117.9,26.4,30.6,358.5,202.0
10.2,5.2,237.1,118.6,26.3,30.6,359.4,198.9
10.2,5.2,254.9,118.6,26.4,30.7,359.2,200.3
10.1,5.4,245.0,118.6,26.3,30.5,357.4,193.9
10.1,5.3,281.6,117.9,26.4,30.5,360.4,197.8
10.1,5.5,281.6,117.9,26.3,30.5,360.2,190.7
10.1,5.2,234.6,117.2,26.3,30.4,359.9,194.1
10.2,5.6,238.5,117.9,26.3,30.5,361.0,194.1
10.0,5.1,281.6,117.2,26.3,30.4,359.6,205.4
10.3,5.6,233.5,118.6,26.3,30.4,359.1,200.5
10.0,5.4,250.2,118.6,26.3,30.5,359.2,202.3
10.0,5.2,247.5,118.6,26.3,30.5,360.8,180.8
10.1,5.5,281.6,115.8,26.3,30.4,359.4,193.0
10.1,5.4,244.6,117.2,26.3,30.2,358.5,177.6
10.1,5.7,255.8,115.1,26.2,30.2,358.0,188.9
10.1,5.5,243.4,116.5,26.1,30.2,358.7,184.1
10.0,5.4,257.0,116.5,26.2,30.2,359.0,189.0
10.0,5.4,234.0,116.5,26.1,30.2,358.4,192.1
10.2,5.6,281.6,117.2,26.1,30.2,352.7,190.9
10.0,5.4,255.0,116.5,26.1,30.2,358.3,191.5
10.0,5.3,281.6,116.5,26.1,30.2,358.3,191.1
10.0,5.2,255.9,116.5,26.1,30.2,359.9,195.1
10.0,5.5,244.0,117.2,26.1,30.2,359.4,203.3
10.0,5.3,249.8,117.9,26.1,30.2,361.1,200.7
10.0,5.3,233.9,117.2,26.0,30.3,359.5,195.4
10.2,5.2,240.2,116.5,26.0,30.3,360.6,198.1
10.4,5.6,249.4,117.2,26.0,30.2,358.5,200.9
10.3,5.3,248.6,117.2,26.0,30.2,359.2,204.2
10.2,5.5,281.6,117.2,26.0,30.3,359.2,202.3
10.4,5.6,237.1,117.2,26.0,30.2,360.2,211.9
10.4,5.4,240.0,118.6,26.0,30.4,357.5,222.2
10.4,5.4,281.6,118.6,26.0,30.4,358.0,227.2
10.5,5.3,281.6,120.0,25.9,30.5,358.7,222.3
10.5,5.4,247.4,120.0,25.9,30.4,359.1,223.5
10.3,5.2,239.7,119.3,25.9,30.5,358.0,221.7
10.4,5.1,235.8,119.3,25.9,30.5,358.5,213.7
10.5,5.3,256.6,117.9,25.9,30.5,357.6,213.7
10.4,5.2,250.8,116.5,25.8,30.4,359.6,218.7
10.4,5.2,251.8,117.9,25.8,30.2,359.5,212.1
10.5,5.6,281.6,117.9,25.8,30.3,360.2,200.1
10.4,5.4,252.2,117.2,25.8,30.2,361.5,206.8
10.4,5.4,256.2,117.2,25.8,30.2,359.0,207.2
10.5,5.4,254.0,117.2,25.8,30.1,360.0,210.2
10.4,5.4,235.9,117.2,25.8,30.2,359.4,217.9
10.4,4.8,281.6,117.2,25.8,30.3,359.2,207.6
10.4,5.4,248.8,117.2,25.8,30.1,354.7,196.5
10.0,5.2,251.7,115.8,25.8,30.0,353.3,191.4
10.0,5.3,255.7,115.8,25.8,30.0,360.1,199.5
10.0,5.5,249.8,115.1,25.8,29.9,359.7,184.4
10.0,5.4,253.2,114.5,25.8,29.9,358.0,186.3
10.0,5.4,281.6,114.5,25.8,29.9,359.4,187.6
10.1,5.5,234.2,115.1,25.8,29.8,360.0,184.6
10.0,5.2,255.6,114.5,25.7,29.8,356.5,191.4
10.0,5.5,281.6,115.1,25.7,29.8,359.8,189.0
10.2,5.5,281.6,114.5,25.7,29.8,358.5,186.8
10.1,5.6,281.6,114.5,25.7,29.8,360.3,186.3
10.0,5.5,281.6,114.5,25.6,29.7,360.1,183.7
10.0,5.3,281.6,113.8,25.6,29.7,358.8,190.9
10.0,5.2,252.5,114.5,25.6,29.7,360.6,190.0
10.0,5.5,281.6,115.1,25.7,29.7,358.5,189.8
10.0,5.0,281.6,114.5,25.6,29.7,357.2,186.1
10.1,5.2,257.0,113.8,25.6,29.7,357.5,187.3
10.0,5.5,251.6,114.5,25.6,29.6,357.9,210.2
10.4,5.6,251.1,114.5,25.5,29.6,358.5,214.6
10.3,5.3,281.6,116.5,25.5,30.0,358.4,214.1
10.4,5.5,253.8,117.2,25.5,30.0,359.4,213.9
10.3,5.4,243.9,116.5,25.5,30.0,358.9,215.2
10.3,5.5,239.5,117.2,25.5,30.0,359.5,214.7
10.3,5.4,251.2,117.2,25.5,30.0,354.2,214.6
10.2,5.4,255.5,117.2,25.5,30.0,360.1,214.2
10.2,5.4,256.1,116.5,25.5,30.0,356.8,213.7
10.1,5.4,258.6,116.5,25.5,30.0,359.1,213.6
10.2,5.4,257.6,116.5,25.5,30.0,361.7,214.2
10.2,5.4,257.6,116.5,25.5,30.0,359.9,214.4
10.1,5.4,259.7,116.5,25.5,30.0,360.4,214.3
10.2,5.4,259.1,116.5,25.5,29.9,360.3,214.4
10.1,5.4,260.0,116.5,25.5,30.0,361.0,214.6
10.2,5.4,259.3,116.5,25.5,30.0,357.0,215.0
10.2,5.4,260.0,116.5,25.5,29.9,358.5,214.7
10.2,5.4,259.6,116.5,25.5,29.9,358.2,214.3
10.1,5.4,259.6,116.5,25.5,29.9,359.3,214.0
10.1,5.4,260.1,116.5,25.5,29.9,360.1,213.7
10.2,5.4,260.1,116.5,25.4,29.9,358.1,214.0
10.1,5.4,259.6,116.5,25.4,29.9,358.3,213.7
10.1,5.4,259.6,116.5,25.4,29.9,360.0,214.2
10.1,5.4,260.3,116.5,25.4,29.9,359.1,214.5
10.1,5.4,260.1,116.5,25.4,29.9,359.1,214.5
10.1,5.4,260.7,116.5,25.4,29.9,358.6,214.3
10.1,5.4,260.9,116.5,25.5,29.9,360.8,213.6
10.1,5.4,261.0,116.5,25.5,29.9,357.5,213.4
10.1,5.4,260.7,116.5,25.4,29.9,359.2,213.3
10.2,5.4,261.1,116.5,25.5,29.9,358.3,213.1
10.1,5.4,260.5,116.5,25.4,29.9,358.4,216.0
10.1,5.3,261.4,116.5,25.4,29.9,358.8,216.6
10.0,5.3,260.5,116.5,25.5,30.0,359.4,217.1
10.0,5.3,261.7,116.5,25.5,30.0,353.0,217.2
10.0,5.3,262.3,117.2,25.5,30.0,353.9,216.5
10.0,5.3,261.5,116.5,25.5,30.0,359.4,216.3
10.0,5.3,260.6,116.5,25.5,30.0,358.7,215.9
9.9,5.2,261.8,116.5,25.5,30.0,360.9,215.4
9.9,5.2,261.5,116.5,25.5,30.0,360.3,214.8
9.9,5.2,261.0,116.5,25.5,29.9,359.3,214.7
9.9,5.2,261.0,116.5,25.5,30.0,358.8,214.6
9.9,5.2,260.8,116.5,25.5,30.0,357.8,214.8
9.9,5.2,260.3,116.5,25.5,30.0,357.0,215.1
9.9,5.2,260.8,117.2,25.5,30.0,361.0,215.0
9.8,5.1,262.0,116.5,25.5,30.0,357.8,213.8
9.7,5.0,261.1,116.5,25.5,30.0,357.1,212.8
9.6,4.9,261.9,116.5,25.5,30.0,358.3,212.6
9.6,4.9,261.1,116.5,25.5,30.0,361.3,210.5
9.6,4.9,261.4,116.5,25.5,29.9,357.7,203.0
9.5,4.9,261.0,115.8,25.5,29.9,359.6,203.3
9.5,5.1,261.9,115.1,25.5,29.8,359.1,202.9
9.5,5.1,261.3,115.1,25.5,29.8,359.3,202.6
9.5,5.1,261.5,115.1,25.5,29.7,361.0,202.3
9.5,5.1,261.4,115.1,25.5,29.7,358.1,201.9
9.5,5.1,261.1,115.1,25.5,29.8,359.3,201.6
9.5,5.0,260.6,115.1,25.4,29.7,360.5,201.2
9.5,5.0,261.4,115.1,25.5,29.7,359.3,201.2
9.5,5.0,260.8,115.1,25.4,29.7,357.7,201.5
9.5,5.0,260.5,115.1,25.5,29.7,360.7,199.7
9.4,5.0,261.8,114.5,25.4,29.7,359.5,200.1
9.4,5.1,260.8,115.1,25.4,29.7,352.2,199.9
9.4,5.0,260.6,115.1,25.4,29.7,360.2,201.0
9.5,5.2,281.4,113.1,25.4,29.6,450.3,199.8
9.4,5.2,282.2,113.1,25.4,29.2,449.6,200.3
9.5,5.2,282.2,113.1,25.4,29.2,448.9,200.7
9.4,5.2,281.4,113.1,25.5,29.1,452.0,201.4
9.7,5.3,281.9,113.1,25.5,29.1,452.6,201.4
9.7,5.4,281.8,113.1,25.4,29.1,451.3,201.5
9.7,5.4,281.5,113.1,25.4,29.1,450.5,201.9
9.7,5.4,282.1,113.1,25.4,29.1,451.7,201.5
9.7,5.4,281.6,113.1,25.4,29.1,451.1,201.7
9.7,5.4,281.8,112.4,25.4,29.0,449.9,202.1
9.7,5.4,282.7,112.4,25.3,29.0,453.6,201.8
9.7,5.4,282.7,112.4,25.3,29.0,450.9,201.7
9.7,5.4,282.4,112.4,25.3,29.0,450.7,201.7
9.7,5.4,282.3,112.4,25.3,29.0,450.1,201.9
9.7,5.4,282.8,112.4,25.3,29.0,450.4,201.8
9.7,5.4,281.3,112.4,25.3,28.9,450.3,201.8
9.8,5.4,282.2,112.4,25.3,29.0,450.6,201.1
9.7,5.4,281.9,112.4,25.3,28.9,452.6,200.8
9.7,5.4,281.6,112.4,25.2,28.9,451.8,200.6
9.7,5.4,282.2,111.7,25.1,28.9,451.9,200.8
9.8,5.4,282.0,111.7,25.2,28.9,448.2,201.7
9.8,5.5,281.8,111.7,25.2,28.9,452.0,203.1
9.8,5.5,281.8,111.7,25.1,28.9,451.4,202.7
9.8,5.5,282.2,111.7,25.1,28.8,448.9,202.7
9.8,5.5,282.0,111.7,25.1,28.8,451.1,202.6
9.8,5.5,281.0,111.7,25.1,28.8,452.2,202.8
9.9,5.5,281.3,111.7,25.1,28.8,449.1,205.5
9.8,5.4,282.3,112.4,25.1,28.8,451.5,205.3
9.8,5.4,282.7,111.7,25.1,28.8,451.5,205.5
9.9,5.4,282.5,111.7,25.0,28.8,451.8,205.8
9.9,5.5,282.4,111.7,25.0,28.7,451.7,205.7
9.9,5.4,282.0,111.7,25.0,28.7,450.0,206.5
9.9,5.5,280.8,111.7,25.0,28.7,450.1,206.2
9.9,5.5,280.9,111.7,25.0,28.7,450.3,206.1
9.9,5.4,282.0,111.7,24.9,28.7,450.2,205.9
9.8,5.5,281.4,111.7,25.0,28.7,451.9,205.7
9.9,5.5,282.2,111.7,25.0,28.7,450.3,205.9
9.8,5.5,282.4,111.7,24.9,28.7,449.3,206.7
9.9,5.6,282.4,111.7,24.9,28.7,450.6,209.1
9.9,5.5,281.7,111.7,24.9,28.7,451.6,208.9
9.9,5.5,282.5,111.7,24.9,28.7,452.5,208.2
9.9,5.4,281.5,111.7,24.9,28.6,451.9,208.8
9.9,5.5,282.2,111.7,24.9,28.7,449.2,208.6
9.9,5.4,282.1,111.7,24.9,28.6,451.9,208.7
9.9,5.5,282.8,111.7,24.8,28.6,451.7,209.0
9.9,5.5,282.5,111.7,24.9,28.6,451.5,209.2
9.9,5.5,282.7,111.7,24.8,28.6,451.5,210.0
10.0,5.5,283.0,111.0,24.8,28.6,451.7,214.1
9.9,5.4,281.6,111.7,24.8,28.6,451.0,213.7
9.9,5.4,282.0,111.7,24.8,28.6,451.8,213.4
9.9,5.4,282.2,111.7,24.8,28.6,449.8,212.6
9.9,5.4,282.5,111.7,24.8,28.6,451.8,212.6
10.0,5.4,283.1,111.7,24.8,28.5,452.2,214.5
10.0,5.4,281.3,111.7,24.8,28.6,450.4,214.3
10.0,5.4,282.3,111.7,24.8,28.6,451.8,214.5
10.0,5.4,281.9,111.7,24.7,28.6,449.9,219.9
10.0,5.3,282.6,112.4,24.7,28.6,451.4,219.3
9.9,5.3,281.8,112.4,24.7,28.6,450.4,219.2
9.9,5.3,282.5,112.4,24.7,28.6,451.6,219.6
9.9,5.3,281.3,111.7,24.6,28.6,450.7,219.5
10.0,5.3,281.7,111.7,24.6,28.6,451.2,219.8
10.0,5.3,282.2,111.7,24.6,28.6,450.6,220.1
10.0,5.3,280.9,111.7,24.6,28.5,451.0,220.5
10.0,5.3,282.0,111.7,24.6,28.5,449.0,220.6
9.9,5.3,282.0,111.7,24.6,28.5,451.9,220.7
10.0,5.3,281.3,111.7,24.6,28.5,452.5,220.2
10.0,5.3,282.9,111.7,24.6,28.5,451.5,220.4
10.0,5.3,282.2,111.7,24.6,28.5,450.7,220.9
10.0,5.3,281.7,111.7,24.6,28.5,451.8,221.2
10.0,5.3,281.9,111.7,24.6,28.5,450.8,219.7
9.9,5.2,282.5,111.7,24.6,28.5,451.8,220.1
9.9,5.3,281.8,111.7,24.6,28.5,450.6,220.1
9.9,5.3,281.7,111.7,24.6,28.5,450.9,220.2
9.9,5.2,282.4,111.7,24.5,28.5,450.1,220.4
9.9,5.2,282.8,111.7,24.5,28.5,451.4,220.4
9.9,5.2,281.6,111.7,24.6,28.5,452.3,220.7
9.9,5.2,282.1,111.7,24.5,28.5,452.4,220.7
9.9,5.3,282.6,111.7,24.5,28.5,450.0,221.3
10.0,5.3,282.5,111.7,24.5,28.5,450.6,222.4
9.9,5.2,282.1,111.7,24.5,28.4,452.7,222.0
9.9,5.2,281.4,111.7,24.5,28.5,448.9,222.1
9.9,5.2,281.7,111.7,24.5,28.5,450.0,222.2
9.9,5.2,282.4,111.7,24.5,28.5,451.0,222.3
9.9,5.3,282.0,111.7,24.5,28.4,450.5,221.8
9.9,5.2,281.3,111.7,24.5,28.4,452.0,221.3
9.9,5.2,281.7,111.0,24.4,28.5,451.4,221.3
9.9,5.2,280.7,111.7,24.5,28.4,449.9,220.9
9.8,5.2,281.3,111.0,24.4,28.4,448.2,220.9
9.8,5.1,282.5,111.7,24.5,28.4,451.2,220.9
9.9,5.2,282.4,111.0,24.5,28.4,450.5,221.0
9.8,5.1,282.4,111.0,24.4,28.4,449.9,221.6
9.8,5.2,281.7,111.0,24.4,28.4,451.1,221.7
9.9,5.2,281.6,111.0,24.4,28.4,450.7,221.6
9.8,5.1,281.8,111.0,24.4,28.4,451.7,221.6
9.8,5.1,281.7,111.0,24.4,28.3,450.8,221.8
9.9,5.2,281.4,111.0,24.4,28.4,450.8,221.5
9.9,5.2,283.3,111.0,24.4,28.4,451.4,221.0
9.9,5.2,282.3,111.0,24.4,28.4,449.8,220.6
9.9,5.2,281.5,111.0,24.4,28.3,450.5,220.1
9.8,5.1,282.5,111.0,24.4,28.3,450.3,219.9
9.9,5.2,281.9,111.0,24.4,28.3,451.7,220.4
9.8,5.2,281.9,111.0,24.3,28.3,450.1,220.2
9.8,5.1,282.3,111.0,24.3,28.3,451.6,221.2
9.8,5.2,282.3,111.0,24.3,28.3,452.7,220.6
9.8,5.2,283.0,111.0,24.4,28.3,451.5,220.5
9.8,5.1,282.0,111.0,24.3,28.2,451.7,219.2
9.8,5.2,282.3,110.3,24.3,28.2,449.1,219.8
9.9,5.2,281.9,110.3,24.3,28.2,451.8,219.4
9.8,5.2,282.0,110.3,24.4,28.2,450.4,219.7
9.8,5.1,282.2,110.3,24.4,28.3,450.8,219.2
9.8,5.1,282.7,110.3,24.4,28.2,449.8,218.8
9.8,5.1,281.4,110.3,24.4,28.2,450.8,218.4
9.8,5.1,281.6,110.3,24.4,28.2,451.3,218.5
9.8,5.1,281.0,111.0,24.4,28.3,449.1,212.8
9.8,5.2,281.7,110.3,24.4,28.3,453.1,213.4
9.8,5.2,282.0,110.3,24.4,28.2,449.9,212.9
9.8,5.2,281.6,110.3,24.4,28.2,450.7,213.3
9.8,5.2,282.2,110.3,24.4,28.2,451.4,212.8
9.8,5.2,282.6,110.3,24.4,28.2,451.2,213.2
9.8,5.2,281.7,110.3,24.4,28.2,454.0,213.1
9.8,5.2,282.5,110.3,24.4,28.2,452.5,213.9
9.8,5.3,281.3,110.3,24.4,28.2,452.9,213.6
9.8,5.2,281.4,110.3,24.4,28.2,451.7,213.8
9.8,5.2,281.5,110.3,24.4,28.2,451.3,213.6
9.8,5.2,282.1,110.3,24.4,28.2,451.8,213.1
9.8,5.2,282.1,110.3,24.4,28.2,451.3,213.6
9.8,5.2,281.1,110.3,24.4,28.2,451.5,213.6
9.8,5.2,281.8,110.3,24.4,28.2,451.7,214.1
9.8,5.2,281.9,110.3,24.4,28.2,447.7,214.2
9.8,5.2,281.7,110.3,24.4,28.2,450.5,214.5
9.8,5.2,282.2,110.3,24.4,28.2,451.0,215.0
9.8,5.2,281.5,110.3,24.4,28.2,450.1,215.0
9.8,5.2,282.2,110.3,24.4,28.2,452.2,214.8
9.8,5.2,281.9,110.3,24.4,28.2,452.5,214.4
9.8,5.2,281.3,110.3,24.4,28.2,451.0,214.2
9.8,5.3,281.3,110.3,24.4,28.3,452.5,213.7
9.8,5.2,281.9,110.3,24.4,28.3,451.0,213.6
9.8,5.2,281.5,110.3,24.4,28.2,452.3,213.8
9.8,5.2,282.0,110.3,24.4,28.3,450.2,214.1
9.8,5.2,281.9,110.3,24.4,28.2,448.8,214.2
9.8,5.2,281.2,110.3,24.4,28.2,450.7,214.8
9.8,5.2,281.9,110.3,24.4,28.3,450.6,210.4
9.8,5.3,282.7,109.6,24.4,28.2,450.7,210.3
9.8,5.3,282.5,110.3,24.4,28.2,451.2,210.2
9.8,5.3,281.9,109.6,24.5,28.2,451.2,209.9
9.8,5.3,281.7,109.6,24.5,28.3,450.6,209.0
9.8,5.3,281.9,109.6,24.5,28.2,451.7,209.3
9.8,5.3,282.5,110.3,24.5,28.3,452.5,209.2
9.8,5.3,281.5,110.3,24.5,28.2,450.8,209.2
9.7,5.3,282.8,110.3,24.5,28.2,448.8,209.6
9.8,5.3,281.6,110.3,24.5,28.2,451.8,209.8
9.8,5.3,281.3,110.3,24.5,28.3,451.6,210.4
9.8,5.3,281.8,110.3,24.5,28.3,452.3,210.6
9.8,5.3,282.0,110.3,24.5,28.3,450.8,210.7
9.8,5.3,282.5,110.3,24.5,28.3,451.4,210.4
9.8,5.3,281.9,110.3,24.5,28.2,450.3,210.7
9.8,5.3,282.3,110.3,24.5,28.2,452.3,210.4
9.8,5.3,282.6,110.3,24.5,28.3,451.0,210.0
9.8,5.3,282.1,110.3,24.5,28.2,451.5,210.1
9.8,5.3,281.7,110.3,24.5,28.3,452.3,209.7
9.8,5.3,281.4,110.3,24.5,28.3,450.7,209.7
9.8,5.3,281.5,110.3,24.5,28.3,450.3,210.0
9.8,5.3,282.0,110.3,24.5,28.3,451.7,210.5
9.8,5.3,281.7,110.3,24.5,28.3,449.4,210.4
9.8,5.3,283.0,110.3,24.5,28.3,452.5,210.1
9.7,5.3,283.0,110.3,24.5,28.3,450.4,210.9
9.8,5.3,282.8,110.3,24.6,28.3,448.5,210.5
9.7,5.3,282.0,110.3,24.5,28.3,449.6,210.7
9.8,5.3,282.3,110.3,24.5,28.3,449.5,210.6
9.8,5.3,282.7,110.3,24.5,28.3,449.1,210.9
9.7,5.3,281.6,110.3,24.6,28.4,449.6,210.7
9.8,5.3,282.2,110.3,24.5,28.3,453.5,211.1
9.8,5.3,282.1,110.3,24.6,28.3,450.3,211.0
9.8,5.3,282.8,110.3,24.5,28.3,450.1,210.8
9.8,5.3,281.1,110.3,24.6,28.3,451.8,210.5
9.8,5.3,282.5,110.3,24.6,28.3,449.5,210.3
9.8,5.3,281.9,110.3,24.5,28.3,449.9,210.2
9.8,5.3,282.1,110.3,24.5,28.3,449.8,209.9
9.8,5.3,281.8,110.3,24.6,28.4,451.8,209.7
9.8,5.3,281.9,110.3,24.5,28.3,451.1,209.6
9.8,5.3,281.4,110.3,24.5,28.3,450.0,209.7
9.8,5.3,281.7,110.3,24.6,28.3,451.0,210.7
9.8,5.3,281.6,110.3,24.5,28.3,449.3,211.5
9.9,5.4,282.5,110.3,24.5,28.3,446.0,211.3
9.7,5.3,282.4,110.3,24.5,28.3,450.2,211.5
9.8,5.3,282.3,110.3,24.6,28.3,451.8,212.0
9.8,5.3,281.6,110.3,24.5,28.4,449.2,211.6
9.8,5.3,282.3,110.3,24.5,28.3,451.8,211.3
9.7,5.3,281.8,110.3,24.5,28.3,449.8,211.7
9.8,5.3,282.8,110.3,24.5,28.4,452.5,211.1
9.8,5.3,281.4,110.3,24.5,28.4,451.2,210.8
9.8,5.3,281.9,110.3,24.5,28.4,450.4,211.2
9.9,5.4,282.2,110.3,24.5,28.4,453.2,210.0
9.8,5.3,282.9,110.3,24.5,28.3,452.3,211.2
9.8,5.4,282.2,110.3,24.5,28.3,451.0,211.1
9.8,5.3,281.7,110.3,24.6,28.3,451.0,211.0
9.8,5.3,282.5,110.3,24.5,28.4,450.5,211.3
9.8,5.3,281.3,110.3,24.5,28.4,449.2,211.6
9.8,5.3,282.1,110.3,24.5,28.4,449.2,212.2
9.8,5.4,282.6,110.3,24.5,28.4,450.1,212.2
9.8,5.3,282.5,110.3,24.5,28.4,451.7,212.6
9.8,5.3,280.3,110.3,24.5,28.3,450.4,212.3
9.8,5.3,282.6,110.3,24.5,28.4,451.1,212.4
9.9,5.3,282.4,110.3,24.5,28.4,451.4,212.1
9.8,5.3,282.5,110.3,24.6,28.3,451.6,211.8
9.8,5.3,282.4,110.3,24.5,28.4,450.1,211.2
9.8,5.3,281.7,110.3,24.6,28.4,451.3,210.9
9.8,5.3,281.7,110.3,24.5,28.4,451.0,210.9
9.8,5.3,282.1,110.3,24.5,28.4,450.4,210.8
9.9,5.4,282.2,110.3,24.5,28.4,449.3,211.3
9.9,5.3,282.3,110.3,24.5,28.4,451.4,211.4
9.8,5.4,282.6,110.3,24.5,28.4,451.5,211.6
9.9,5.4,282.3,110.3,24.5,28.3,451.4,212.7
9.8,5.3,282.5,110.3,24.5,28.4,451.5,215.2
9.9,5.4,283.2,111.0,24.6,28.4,451.2,214.9
9.8,5.3,281.8,111.0,24.6,28.4,450.7,214.4
9.9,5.3,281.4,111.0,24.6,28.4,453.0,213.8
9.8,5.3,281.1,111.0,24.6,28.4,450.2,213.1
9.8,5.3,282.4,111.0,24.6,28.4,452.3,214.1
9.9,5.3,282.6,111.0,24.6,28.4,452.9,213.5
9.8,5.3,282.1,111.0,24.5,28.4,453.9,213.6
9.9,5.3,281.9,111.0,24.6,28.4,452.7,213.6
9.8,5.3,283.1,111.0,24.6,28.4,451.4,214.0
9.8,5.3,281.1,111.0,24.6,28.4,451.7,213.9
9.8,5.3,281.7,111.0,24.6,28.5,451.4,214.6
9.9,5.3,281.5,111.0,24.6,28.4,451.9,214.6
9.8,5.3,282.1,111.0,24.6,28.4,450.8,215.1
9.8,5.3,282.7,111.0,24.6,28.4,451.2,215.7
9.8,5.3,282.2,111.0,24.6,28.4,449.0,216.8
9.9,5.3,282.8,111.0,24.6,28.5,451.4,217.4
9.9,5.3,282.2,111.0,24.6,28.5,450.1,217.0
9.8,5.2,284.2,111.0,24.6,28.4,451.7,217.0
9.8,5.3,282.7,111.0,24.6,28.5,451.8,216.4
9.8,5.3,282.6,111.0,24.6,28.5,450.4,216.2
9.9,5.3,282.1,111.0,24.6,28.5,450.4,215.3
9.8,5.3,282.1,111.0,24.6,28.5,451.6,214.3
9.8,5.3,281.7,111.0,24.6,28.5,451.6,213.9
9.8,5.2,282.9,111.0,24.6,28.5,450.8,213.2
9.8,5.2,281.5,111.0,24.6,28.4,448.5,213.0
9.8,5.3,281.9,111.0,24.6,28.5,450.8,212.6
9.8,5.3,281.5,111.0,24.6,28.5,448.8,213.0
9.8,5.2,282.0,111.0,24.6,28.4,451.0,213.6
9.9,5.3,282.0,111.0,24.6,28.5,453.2,214.1
9.8,5.3,281.4,111.0,24.6,28.5,449.9,214.3
9.8,5.2,282.1,111.0,24.6,28.5,449.9,214.9
9.9,5.3,282.6,111.0,24.6,28.5,451.6,214.8
9.8,5.3,281.5,111.0,24.6,28.5,450.8,214.4
9.8,5.2,282.9,111.0,24.6,28.5,450.9,214.2
9.8,5.3,281.8,111.0,24.6,28.5,452.8,214.0
9.8,5.3,281.4,111.0,24.6,28.5,450.9,213.4
9.8,5.2,281.7,111.0,24.6,28.4,451.8,212.7
9.7,5.2,282.0,111.0,24.6,28.5,451.4,213.1
9.8,5.3,282.1,111.0,24.6,28.4,451.1,213.4
9.8,5.3,281.6,111.0,24.6,28.4,452.0,213.2
9.8,5.2,282.5,111.0,24.6,28.4,451.4,212.7
9.8,5.2,281.9,111.0,24.6,28.5,450.4,212.5
9.8,5.2,282.4,111.0,24.6,28.4,452.1,213.0
9.8,5.3,280.5,111.0,24.6,28.4,450.0,213.6
9.8,5.2,281.2,111.0,24.6,28.4,451.8,214.2
9.8,5.2,282.4,111.0,24.6,28.4,451.8,214.3
9.8,5.2,282.2,111.0,24.5,28.4,450.9,214.6
9.8,5.2,282.1,111.0,24.5,28.4,450.6,214.6
9.8,5.2,282.2,111.0,24.5,28.5,451.9,214.3
9.8,5.2,281.6,111.0,24.6,28.4,450.1,214.0
9.8,5.2,281.3,111.0,24.6,28.4,451.7,213.7
9.8,5.2,280.9,111.0,24.6,28.4,450.2,213.6
9.8,5.3,282.2,111.0,24.6,28.4,449.6,212.9
9.8,5.3,281.3,111.0,24.5,28.4,450.1,212.7
9.8,5.2,282.0,111.0,24.6,28.4,450.5,212.6
9.8,5.2,280.7,111.0,24.5,28.4,451.2,212.6
9.8,5.3,280.6,111.0,24.5,28.4,451.0,212.3
9.8,5.3,281.2,110.3,24.5,28.4,453.4,212.4
9.8,5.2,280.7,111.0,24.5,28.4,450.6,213.1
9.8,5.2,281.1,111.0,24.5,28.4,451.8,214.3
9.8,5.3,282.5,111.0,24.5,28.4,451.3,214.6
9.8,5.2,282.3,111.0,24.5,28.4,452.1,214.6
9.8,5.3,281.7,111.0,24.5,28.4,451.0,214.4
9.8,5.2,281.8,111.0,24.5,28.4,449.8,214.0
9.8,5.2,282.4,111.0,24.5,28.4,450.5,214.0
9.8,5.3,282.9,111.0,24.5,28.4,451.5,213.6
9.8,5.3,281.7,110.3,24.5,28.4,451.4,213.6
9.8,5.3,281.7,111.0,24.5,28.4,451.8,213.0
9.8,5.3,282.2,111.0,24.5,28.4,451.8,212.9
9.8,5.3,281.5,111.0,24.5,28.4,450.7,213.0
9.8,5.3,282.0,111.0,24.6,28.4,450.9,213.0
9.8,5.2,282.0,111.0,24.5,28.4,451.1,213.5
9.8,5.3,280.7,111.0,24.5,28.4,450.9,213.5
9.8,5.2,281.5,111.0,24.5,28.4,449.7,214.8
9.8,5.3,282.3,111.0,24.5,28.4,451.0,215.2
9.8,5.3,282.1,111.0,24.5,28.4,450.7,215.7
9.8,5.2,281.8,111.0,24.5,28.4,449.2,216.1
9.8,5.2,282.2,111.0,24.5,28.4,450.2,216.2
9.8,5.2,282.6,111.0,24.5,28.4,451.9,215.8
9.8,5.2,281.7,111.0,24.5,28.4,450.8,215.6
9.8,5.2,282.2,111.0,24.5,28.4,451.7,215.0
9.8,5.2,283.0,111.0,24.5,28.4,453.4,214.4
9.8,5.2,282.1,111.0,24.5,28.3,450.9,213.8
9.8,5.3,282.0,111.0,24.5,28.4,450.7,213.5
9.8,5.2,281.6,111.0,24.5,28.4,452.1,213.4
9.8,5.3,282.4,111.0,24.5,28.4,452.2,212.9
9.8,5.2,281.2,110.3,24.5,28.4,449.9,213.0
9.8,5.2,282.0,110.3,24.5,28.4,451.4,212.9
9.8,5.2,281.4,110.3,24.5,28.4,452.5,213.8
9.8,5.2,281.8,111.0,24.5,28.4,448.9,214.3
9.8,5.2,282.3,111.0,24.5,28.4,450.2,214.7
9.8,5.3,283.1,111.0,24.5,28.4,452.1,214.5
9.8,5.2,282.5,111.0,24.5,28.4,450.6,214.7
9.8,5.2,281.2,111.0,24.5,28.4,450.3,214.8
9.8,5.2,282.7,111.0,24.5,28.4,447.7,214.4
9.8,5.2,282.5,111.0,24.5,28.4,451.2,214.2
9.7,5.2,282.0,110.3,24.5,28.4,450.8,213.6
9.8,5.2,282.0,111.0,24.5,28.4,451.0,213.1
9.8,5.2,283.2,111.0,24.5,28.4,453.3,213.0
9.8,5.2,281.3,111.0,24.5,28.4,453.3,212.9
9.8,5.2,281.0,111.0,24.5,28.3,451.4,212.7
9.8,5.2,281.2,110.3,24.5,28.4,450.2,213.4
9.8,5.2,281.4,111.0,24.5,28.4,452.5,213.8
9.8,5.2,281.7,111.0,24.5,28.4,451.4,214.3
9.8,5.2,281.5,111.0,24.5,28.4,453.6,214.3
9.7,5.2,281.5,111.0,24.5,28.4,452.8,214.6
9.8,5.2,282.5,111.0,24.5,28.4,451.4,214.4
9.8,5.2,282.1,110.3,24.5,28.4,451.0,213.9
9.7,5.2,282.1,111.0,24.5,28.4,450.8,214.3
9.8,5.2,280.9,111.0,24.5,28.4,452.0,213.8
9.8,5.3,281.8,111.0,24.5,28.4,450.0,213.2
9.8,5.2,281.4,111.0,24.5,28.4,452.0,213.4
9.8,5.2,281.6,111.0,24.6,28.4,451.8,213.0
9.8,5.2,282.0,110.3,24.5,28.4,451.5,213.2
9.8,5.2,281.3,111.0,24.5,28.4,451.3,213.5
9.8,5.2,282.9,110.3,24.5,28.4,451.2,213.7
9.7,5.2,282.5,110.3,24.5,28.4,451.1,213.9
9.7,5.2,282.2,110.3,24.5,28.3,450.1,214.1
9.7,5.1,281.2,110.3,24.5,28.4,451.8,214.2
9.7,5.1,282.2,110.3,24.5,28.3,449.5,214.3
9.7,5.1,281.2,111.0,24.5,28.4,451.3,213.7
9.7,5.1,281.8,110.3,24.5,28.4,449.3,214.0
9.7,5.1,282.2,110.3,24.5,28.4,452.2,213.8
9.7,5.1,281.6,110.3,24.5,28.3,449.2,213.9
9.6,5.1,282.1,111.0,24.5,28.4,453.0,213.6
9.7,5.2,281.5,110.3,24.5,28.4,450.2,213.2
9.7,5.1,282.1,110.3,24.4,28.3,448.8,212.8
9.6,5.1,281.7,110.3,24.5,28.3,451.6,212.7
9.6,5.1,281.8,110.3,24.5,28.3,450.8,212.9
9.6,5.1,281.8,110.3,24.5,28.3,451.6,213.3
9.6,5.1,282.0,110.3,24.5,28.3,451.4,213.3
9.6,5.1,281.9,111.0,24.5,28.4,451.9,213.4
9.7,5.1,282.8,110.3,24.5,28.4,449.0,212.9
9.6,5.1,282.2,110.3,24.5,28.4,450.6,213.4
9.6,5.1,282.7,110.3,24.5,28.4,449.1,213.2
9.6,5.1,282.5,110.3,24.5,28.3,451.4,213.2
9.6,5.1,282.0,110.3,24.5,28.4,451.5,211.8
9.6,5.1,282.8,110.3,24.5,28.3,450.5,212.2
9.6,5.2,281.7,110.3,24.5,28.4,451.5,211.4
9.5,5.1,281.5,110.3,24.5,28.3,451.5,211.0
9.5,5.1,281.8,110.3,24.5,28.4,451.4,208.6
9.5,5.1,282.0,110.3,24.5,28.3,451.5,208.2
9.5,5.1,281.3,110.3,24.5,28.3,450.8,208.4
9.6,5.2,282.5,110.3,24.5,28.3,450.5,203.6
9.5,5.2,281.9,109.6,24.5,28.2,451.2,203.9
9.6,5.2,282.3,109.6,24.5,28.2,452.2,203.5
9.5,5.2,282.0,109.6,24.5,28.2,453.2,203.6
9.5,5.2,282.2,109.6,24.5,28.2,453.5,204.3
9.5,5.2,281.5,109.6,24.5,28.2,449.9,204.1
9.5,5.2,282.7,109.6,24.5,28.2,449.1,204.2
9.5,5.2,282.0,109.6,24.5,28.2,451.6,199.9
9.4,5.1,280.8,108.9,24.5,28.2,449.5,200.6
9.6,5.2,282.1,108.9,24.5,28.2,452.3,200.7
9.5,5.2,281.9,108.9,24.5,28.1,448.4,196.6
9.5,5.2,282.0,108.9,24.5,28.2,452.5,196.2
9.5,5.3,281.8,108.9,24.5,28.1,450.8,196.0
9.5,5.3,282.1,108.9,24.5,28.1,452.6,196.1
9.5,5.3,280.8,108.9,24.5,28.1,452.7,196.1
9.5,5.3,281.1,108.9,24.5,28.1,451.8,196.5
9.6,5.3,281.5,108.9,24.5,28.1,451.4,196.4
9.5,5.3,281.4,108.9,24.5,28.1,451.6,196.6
9.5,5.2,282.5,108.9,24.5,28.1,449.5,196.8
9.5,5.3,282.0,108.9,24.5,28.1,451.5,196.3
9.5,5.2,282.7,108.3,24.5,28.1,450.8,196.3
9.5,5.2,281.9,108.9,24.4,28.0,452.3,196.2
9.5,5.3,281.2,108.3,24.4,28.0,451.1,195.7
9.6,5.3,281.4,108.9,24.5,28.1,450.1,194.6
9.5,5.2,281.5,108.9,24.5,28.1,449.5,194.9
9.4,5.2,281.7,108.9,24.5,28.1,443.1,195.3
9.6,5.3,281.2,108.9,24.5,28.1,450.4,195.2
9.5,5.3,281.9,108.3,24.4,28.1,451.9,195.0
9.5,5.3,281.1,108.9,24.5,28.0,449.8,195.1
9.5,5.3,282.6,108.9,24.5,28.1,451.0,195.7
9.5,5.3,281.8,108.3,24.5,28.1,450.4,195.8
9.4,5.2,281.9,108.3,24.5,28.1,451.3,195.8
9.5,5.2,282.4,108.9,24.5,28.0,449.9,196.0
9.5,5.2,281.8,108.3,24.4,28.0,451.8,196.3
9.5,5.3,282.5,108.9,24.5,28.1,451.5,196.4
9.5,5.3,282.5,108.3,24.5,28.1,450.0,192.1
9.5,5.3,281.5,108.3,24.5,28.1,448.9,189.4
9.4,5.3,281.5,108.3,24.5,28.1,449.3,189.6
9.5,5.3,281.8,108.3,24.4,28.0,449.2,189.6
9.5,5.4,281.5,108.3,24.5,28.0,450.8,189.1
9.5,5.3,282.0,108.3,24.5,28.0,452.9,189.8
9.5,5.4,282.3,108.3,24.5,28.0,451.7,189.3
9.5,5.3,282.4,108.3,24.5,28.0,451.4,189.8
9.5,5.3,282.0,108.3,24.5,28.0,451.8,190.3
9.5,5.3,282.4,108.3,24.5,28.0,452.5,190.1
9.5,5.3,281.9,108.3,24.5,28.0,449.4,190.4
9.5,5.3,282.3,108.3,24.4,28.0,452.6,191.1
9.5,5.3,282.0,108.3,24.5,28.0,449.7,191.1
9.5,5.4,281.0,108.3,24.4,28.0,453.0,191.1
9.5,5.3,282.4,108.3,24.5,28.0,450.8,190.9
9.5,5.3,282.2,108.3,24.5,28.0,451.6,190.7
9.4,5.3,282.0,108.3,24.4,28.0,452.2,190.3
9.5,5.3,281.8,108.3,24.5,28.0,451.9,189.7
9.5,5.4,281.5,108.3,24.4,27.9,448.9,189.6
9.5,5.3,281.9,108.3,24.4,28.0,450.9,189.8
9.5,5.3,280.9,108.3,24.4,28.0,452.9,189.8
9.5,5.3,282.3,108.3,24.4,28.0,452.8,190.0
9.5,5.3,281.1,108.3,24.5,27.9,451.8,190.2
9.5,5.3,282.0,108.3,24.4,28.0,451.4,190.7
9.6,5.4,282.1,108.3,24.4,27.9,449.3,190.1
9.4,5.3,281.3,107.6,24.4,28.0,452.9,190.3
9.5,5.4,282.2,108.3,24.4,28.0,453.2,189.9
9.5,5.3,282.4,108.3,24.4,28.0,448.8,190.2
9.5,5.4,281.1,108.3,24.4,28.0,450.9,190.0
9.5,5.4,281.9,108.3,24.4,28.0,452.1,189.6
9.5,5.3,281.4,107.6,24.4,27.9,452.4,189.7
9.5,5.4,281.9,108.3,24.4,27.9,450.7,189.0
9.5,5.3,282.3,107.6,24.4,28.0,451.7,188.9
9.4,5.3,281.5,107.6,24.4,27.9,452.9,189.4
9.5,5.4,281.5,108.3,24.4,28.0,454.5,189.7
9.5,5.3,281.9,107.6,24.4,28.0,452.7,190.1
9.5,5.4,281.3,108.3,24.4,27.9,450.0,190.1
9.5,5.3,282.0,107.6,24.4,28.0,452.0,190.4
9.6,5.4,281.9,108.3,24.4,27.9,450.2,190.4
9.5,5.4,282.8,108.3,24.4,28.0,450.5,190.0
9.5,5.3,282.5,108.3,24.4,28.0,452.7,189.9
9.4,5.3,282.0,107.6,24.4,28.0,451.7,190.0
9.5,5.3,281.3,107.6,24.4,28.0,451.3,190.1
9.5,5.4,280.5,107.6,24.4,28.0,450.1,189.9
9.5,5.3,281.4,107.6,24.4,28.0,452.8,189.5
9.5,5.3,281.6,107.6,24.4,28.0,451.0,189.5
9.5,5.4,281.5,107.6,24.4,28.0,449.8,189.7
9.6,5.4,280.8,108.3,24.4,28.0,450.1,189.7
9.6,5.4,281.4,107.6,24.4,27.9,452.2,189.3
9.5,5.3,281.7,107.6,24.4,27.9,452.1,189.3
9.5,5.3,280.6,107.6,24.4,27.9,454.5,189.6
9.5,5.3,281.9,107.6,24.4,27.9,453.5,189.8
9.5,5.3,281.2,107.6,24.4,27.9,452.1,190.0
9.5,5.3,281.7,107.6,24.4,28.0,450.8,190.0
9.5,5.3,281.1,107.6,24.4,27.9,451.4,189.8
9.4,5.3,281.6,107.6,24.4,27.9,452.6,189.9
9.5,5.3,281.0,107.6,24.4,27.9,452.9,189.9
9.5,5.3,281.3,107.6,24.4,27.9,450.9,189.7
9.5,5.3,282.1,107.6,24.4,27.9,452.0,189.9
9.5,5.4,281.0,108.3,24.4,28.0,452.3,189.2
9.5,5.3,281.4,107.6,24.4,27.9,453.1,189.0
9.4,5.3,282.1,107.6,24.4,27.9,451.4,188.6
9.4,5.3,281.9,107.6,24.4,27.9,451.2,188.7
9.4,5.3,282.4,107.6,24.4,27.9,450.6,189.1
9.4,5.3,281.8,107.6,24.4,27.9,452.5,189.0
9.5,5.3,282.4,107.6,24.4,28.0,450.5,189.2
9.5,5.3,282.1,108.3,24.4,27.9,451.8,189.3
9.4,5.3,282.2,107.6,24.4,28.0,452.9,190.1
9.5,5.3,282.3,107.6,24.4,27.9,452.4,189.7
9.4,5.3,281.2,107.6,24.4,27.9,450.7,190.4
9.5,5.3,282.5,107.6,24.4,28.0,453.0,189.9
9.5,5.3,282.1,107.6,24.4,27.9,449.4,190.0
9.4,5.3,282.0,107.6,24.4,27.9,451.9,190.1
9.5,5.3,282.0,108.3,24.4,28.0,444.6,189.5
9.4,5.2,281.5,107.6,24.4,28.0,450.7,189.9
9.4,5.3,281.6,108.3,24.4,28.0,451.6,189.9
9.5,5.3,281.9,108.3,24.4,28.0,451.9,190.1
9.4,5.3,282.4,108.3,24.4,27.9,451.4,189.9
9.4,5.3,281.5,108.3,24.4,28.0,453.2,189.6
9.4,5.3,282.1,108.3,24.5,28.0,449.3,189.4
9.5,5.3,282.2,107.6,24.4,27.9,452.7,189.4
9.4,5.3,281.7,107.6,24.4,27.9,452.2,188.8
9.4,5.2,281.7,107.6,24.4,27.9,452.5,189.0
9.5,5.3,282.1,108.3,24.4,27.9,449.1,188.7
9.4,5.3,282.0,107.6,24.4,28.0,450.1,189.0
9.4,5.3,281.4,108.3,24.4,27.9,452.9,189.1
9.5,5.3,281.7,107.6,24.4,28.0,450.3,188.9
9.4,5.3,282.0,108.3,24.4,28.0,450.0,188.9
9.4,5.3,281.6,107.6,24.4,27.9,453.4,188.5
9.4,5.3,281.6,107.6,24.4,27.9,452.8,188.6
9.4,5.2,281.4,107.6,24.4,28.0,451.8,188.6
9.4,5.3,282.0,107.6,24.4,27.9,451.4,189.0
9.4,5.2,281.7,107.6,24.4,27.9,452.1,189.6
9.5,5.3,281.1,107.6,24.4,27.9,450.7,189.7
9.4,5.3,282.4,107.6,24.4,28.0,449.8,189.8
9.5,5.3,281.5,108.3,24.4,28.0,452.3,189.0
9.3,5.2,281.8,107.6,24.4,27.9,450.5,189.5
9.4,5.2,280.9,107.6,24.4,27.9,449.3,189.6
9.4,5.3,282.8,107.6,24.5,27.9,451.8,189.8
9.3,5.2,282.2,108.3,24.4,27.9,451.4,189.6
9.3,5.2,282.0,108.3,24.4,27.9,450.2,190.0
9.4,5.3,281.9,107.6,24.4,27.9,451.4,189.5
9.3,5.2,281.3,107.6,24.4,27.9,450.6,189.8
9.4,5.3,281.4,107.6,24.4,28.0,450.6,189.4
9.4,5.2,280.8,107.6,24.4,28.0,451.2,189.4
9.4,5.3,282.1,107.6,24.4,28.0,454.7,189.1
9.4,5.2,282.4,107.6,24.5,27.9,452.4,188.9
9.4,5.3,281.5,107.6,24.5,27.9,453.1,188.3
9.4,5.2,281.7,107.6,24.4,28.0,452.8,188.8
9.4,5.3,280.8,107.6,24.4,27.9,451.7,189.1
9.5,5.3,280.6,108.3,24.4,28.0,452.5,189.2
9.4,5.3,281.7,107.6,24.4,28.0,451.6,189.3
9.4,5.3,282.4,107.6,24.4,27.9,450.6,189.5
9.4,5.3,281.3,107.6,24.5,28.0,453.5,189.9
9.4,5.2,281.6,107.6,24.4,28.0,450.6,189.7
9.4,5.3,281.3,108.3,24.5,28.0,454.7,190.0
9.4,5.2,281.6,108.3,24.4,28.0,451.0,190.2
9.4,5.3,283.2,108.3,24.4,28.0,451.4,190.5
9.4,5.3,281.2,108.3,24.5,28.0,449.9,190.0
9.4,5.3,281.4,108.3,24.5,28.0,453.1,189.8
9.4,5.2,283.1,108.3,24.5,28.0,451.8,189.5
9.4,5.3,281.2,107.6,24.5,28.0,452.1,189.5
9.4,5.3,282.0,108.3,24.5,28.0,451.4,189.4
9.4,5.3,281.8,108.3,24.5,28.0,451.0,189.1
9.4,5.2,281.7,108.3,24.5,28.0,453.6,189.2
9.4,5.3,281.0,108.3,24.5,28.0,448.9,189.3
9.4,5.3,282.0,108.3,24.5,28.0,452.0,189.4
9.4,5.3,281.2,108.3,24.5,28.0,451.2,189.8
9.4,5.3,282.2,108.3,24.5,28.0,452.1,190.3
9.5,5.3,282.0,108.3,24.5,28.1,449.6,190.2
9.4,5.3,282.2,108.3,24.5,28.0,451.4,190.3
9.4,5.3,281.2,108.3,24.5,28.1,453.5,190.4
9.4,5.3,281.7,108.3,24.5,28.1,452.1,190.0
9.4,5.3,281.6,108.3,24.5,28.1,451.8,189.7
9.4,5.3,282.3,108.3,24.5,28.1,453.7,189.7
9.4,5.3,281.5,108.3,24.5,28.1,452.7,189.0
9.4,5.2,281.1,108.3,24.5,28.1,453.3,188.8
9.4,5.3,281.8,108.3,24.6,28.1,450.3,188.9
9.4,5.2,281.4,108.3,24.6,28.1,451.8,188.9
9.5,5.3,281.6,108.3,24.6,28.1,451.8,188.6
9.4,5.3,281.9,108.3,24.6,28.1,453.7,188.7
9.4,5.3,281.8,108.3,24.6,28.1,450.7,188.9
9.5,5.3,280.9,108.3,24.5,28.1,451.2,188.8
9.4,5.3,281.2,108.3,24.6,28.1,452.1,188.7
9.4,5.2,281.9,108.3,24.5,28.1,449.9,189.4
9.5,5.3,282.4,108.3,24.6,28.1,449.7,188.9
9.4,5.3,281.6,108.3,24.6,28.1,449.2,189.0
9.4,5.3,281.5,108.3,24.6,28.1,451.1,189.1
9.4,5.3,281.5,108.3,24.6,28.1,451.9,189.5
9.4,5.3,281.9,108.9,24.6,28.1,453.4,189.3
9.4,5.3,281.0,108.9,24.6,28.1,452.3,189.0
9.4,5.3,282.2,108.3,24.6,28.1,450.5,189.5
9.5,5.3,282.7,108.3,24.6,28.1,451.3,189.4
9.4,5.3,282.6,108.3,24.6,28.1,451.1,189.5
9.4,5.3,281.2,108.9,24.6,28.1,450.7,189.9
9.4,5.3,281.4,108.9,24.6,28.1,450.6,189.7
9.4,5.3,280.8,108.9,24.6,28.2,451.2,190.0
9.4,5.3,281.1,108.9,24.6,28.1,451.2,190.1
9.4,5.3,281.9,108.9,24.6,28.1,454.0,190.3
9.4,5.3,281.5,108.9,24.6,28.1,451.2,190.8
9.5,5.3,281.0,108.9,24.6,28.2,446.5,190.5
9.4,5.3,281.8,108.9,24.6,28.2,450.3,190.6
9.4,5.3,282.0,108.9,24.6,28.2,453.7,190.3
9.5,5.3,282.0,108.9,24.6,28.2,452.1,190.1
9.4,5.3,281.2,108.9,24.6,28.2,449.9,189.8
9.5,5.3,281.8,108.9,24.7,28.2,452.9,189.9
9.5,5.3,282.0,108.9,24.6,28.2,452.7,190.2
9.5,5.3,281.7,108.9,24.6,28.2,452.2,190.7
9.5,5.3,282.9,108.9,24.6,28.2,452.3,190.6
9.4,5.3,282.1,108.9,24.6,28.2,451.7,191.2
9.4,5.3,282.0,108.9,24.6,28.2,452.3,190.9
9.4,5.3,282.4,108.9,24.6,28.2,450.4,191.4
9.5,5.3,281.7,108.9,24.6,28.2,450.6,192.2
9.5,5.3,281.6,108.9,24.6,28.2,452.4,192.1
9.4,5.3,281.2,108.9,24.6,28.2,451.9,192.1
9.5,5.3,282.8,108.9,24.6,28.2,452.0,192.4
9.5,5.3,280.8,108.9,24.6,28.2,452.3,192.1
9.4,5.3,281.9,108.9,24.6,28.2,451.7,192.4
9.5,5.3,282.7,108.9,24.6,28.2,454.2,193.1
9.5,5.3,282.5,108.9,24.6,28.2,449.8,192.6
9.4,5.3,282.0,108.9,24.7,28.2,451.1,192.5
9.4,5.3,282.1,108.9,24.6,28.2,452.7,192.9
9.4,5.3,282.4,108.9,24.6,28.2,451.3,192.3
9.4,5.2,282.3,108.9,24.7,28.2,449.9,192.1
9.5,5.3,282.9,108.9,24.6,28.2,452.1,191.8
9.4,5.2,281.3,108.9,24.6,28.2,451.8,191.7
9.4,5.2,282.1,108.9,24.7,28.2,451.7,192.4
9.5,5.3,282.5,109.6,24.8,28.3,450.2,191.8
9.4,5.2,282.2,108.9,24.6,28.2,452.7,192.5
9.4,5.3,281.8,108.9,24.7,28.3,453.9,192.5
9.4,5.3,281.2,108.9,24.7,28.3,452.3,193.1
9.5,5.3,282.0,109.6,24.8,28.3,450.4,200.3
9.8,5.6,280.9,110.3,24.8,28.3,451.5,201.1
9.6,5.3,281.6,110.3,24.8,28.4,450.8,200.6
9.5,5.2,282.2,109.6,24.7,28.4,451.1,200.3
9.4,5.2,282.0,109.6,24.8,28.4,450.2,200.2
9.5,5.2,281.8,109.6,24.7,28.4,452.0,199.8
9.5,5.2,281.9,110.3,24.8,28.4,454.2,199.9
9.5,5.2,281.6,110.3,24.8,28.4,452.2,199.8
9.4,5.2,282.0,109.6,24.7,28.4,453.8,199.5
9.4,5.2,281.9,109.6,24.8,28.4,449.9,199.8
9.4,5.2,281.3,109.6,24.8,28.4,450.3,199.4
9.4,5.1,283.4,110.3,24.8,28.4,451.0,199.9
9.4,5.2,281.5,110.3,24.8,28.4,452.4,199.9
9.4,5.1,281.1,110.3,24.8,28.4,450.5,200.1
9.5,5.2,281.4,110.3,24.8,28.5,450.6,199.6
9.5,5.2,282.0,110.3,24.8,28.5,452.9,199.4
9.5,5.2,281.5,110.3,24.8,28.4,451.0,199.7
9.5,5.2,281.8,109.6,24.7,28.4,450.6,199.8
9.5,5.2,281.7,110.3,24.8,28.4,453.7,199.9
9.5,5.2,281.4,110.3,24.8,28.4,451.6,199.9
9.5,5.2,281.7,110.3,24.8,28.4,449.9,198.9
9.4,5.2,281.9,110.3,24.8,28.5,451.5,199.3
9.5,5.2,282.0,110.3,24.8,28.4,450.0,199.5
9.5,5.2,281.6,110.3,24.8,28.4,452.1,199.4
9.5,5.3,282.2,110.3,24.8,28.5,454.4,199.3
9.5,5.2,281.9,110.3,24.8,28.4,450.9,199.7
9.5,5.3,282.4,110.3,24.8,28.4,450.2,199.7
9.5,5.2,281.5,110.3,24.8,28.5,451.8,199.4
9.5,5.2,282.7,110.3,24.8,28.5,451.0,199.3
9.5,5.2,281.8,110.3,24.8,28.5,451.4,199.1
9.4,5.2,282.0,110.3,24.8,28.4,451.8,198.9
9.5,5.2,281.7,110.3,24.8,28.5,453.1,198.9
9.5,5.2,282.3,110.3,24.8,28.5,451.8,199.1
9.5,5.2,281.6,110.3,24.8,28.5,450.9,199.5
9.5,5.2,281.8,110.3,24.8,28.5,451.0,196.8
9.4,5.2,281.6,109.6,24.8,28.5,453.9,197.2
9.4,5.2,281.7,110.3,24.8,28.5,449.7,197.4
9.6,5.3,281.0,110.3,24.9,28.5,451.7,196.6
9.4,5.2,280.7,110.3,24.9,28.5,451.9,196.2
9.4,5.2,281.9,110.3,24.9,28.5,452.9,196.2
9.5,5.2,282.0,110.3,24.8,28.5,449.9,196.0
9.5,5.2,281.2,110.3,24.8,28.5,451.5,195.8
9.4,5.2,281.3,109.6,24.8,28.5,452.8,196.4
9.4,5.2,281.5,110.3,24.8,28.5,451.0,196.0
9.5,5.2,282.0,110.3,24.8,28.5,451.0,196.2
9.5,5.2,281.6,110.3,24.9,28.5,452.0,196.4
9.5,5.3,281.6,110.3,24.8,28.5,451.0,196.3
9.4,5.2,281.8,110.3,24.9,28.5,449.5,196.5
9.4,5.2,282.1,110.3,24.9,28.5,451.9,196.3
9.4,5.2,281.3,110.3,24.9,28.5,451.5,196.8
9.4,5.2,281.2,110.3,24.9,28.5,452.1,196.4
9.4,5.1,282.5,110.3,24.9,28.5,451.5,196.0
9.3,5.1,281.8,110.3,24.9,28.5,452.5,195.8
9.4,5.2,281.7,110.3,24.9,28.5,452.7,195.5
9.4,5.2,280.6,110.3,24.9,28.5,452.4,194.8
9.4,5.2,280.7,110.3,24.9,28.5,452.7,195.0
9.3,5.2,280.7,110.3,24.9,28.5,451.5,195.7
9.4,5.2,282.1,110.3,24.9,28.5,451.9,195.7
9.4,5.2,281.3,110.3,24.9,28.5,449.8,195.5
9.3,5.1,281.1,110.3,24.9,28.5,452.9,193.3
9.4,5.2,281.9,110.3,24.9,28.5,454.4,193.5
9.4,5.2,281.3,109.6,24.9,28.5,452.1,193.6
9.4,5.2,281.7,109.6,24.9,28.5,451.4,193.5
9.4,5.2,281.1,110.3,24.9,28.4,451.2,193.5
9.3,5.2,280.4,109.6,24.9,28.5,453.5,193.5
9.4,5.2,282.2,110.3,24.9,28.5,451.4,191.5
9.3,5.2,282.2,109.6,24.9,28.5,450.5,191.7
9.4,5.2,282.2,109.6,24.9,28.5,453.6,191.1
9.3,5.2,282.6,109.6,24.9,28.5,452.3,191.4
9.4,5.2,281.1,109.6,24.9,28.4,452.9,191.1
9.4,5.2,281.2,109.6,24.8,28.4,452.4,190.6
9.3,5.2,282.4,109.6,24.8,28.4,452.2,190.8
9.4,5.2,281.8,109.6,24.9,28.4,450.8,190.8
9.4,5.3,281.1,109.6,24.9,28.4,451.1,190.8
9.4,5.2,282.3,109.6,24.9,28.4,449.9,190.9
9.3,5.2,281.7,109.6,24.9,28.4,451.8,187.3
9.3,5.2,282.6,108.9,24.9,28.4,451.7,187.0
9.3,5.2,280.5,108.9,24.8,28.4,451.3,187.4
9.3,5.3,282.5,108.9,24.9,28.3,453.5,187.4
9.4,5.3,282.2,108.9,24.8,28.4,452.7,187.8
9.3,5.3,282.6,108.9,24.8,28.4,452.0,187.7
9.3,5.2,282.5,108.9,24.9,28.3,452.0,188.0
9.3,5.3,282.0,109.6,24.9,28.4,451.6,188.0
9.3,5.2,281.1,108.9,24.9,28.4,452.5,187.8
9.3,5.2,281.7,108.9,24.8,28.4,449.9,188.1
9.3,5.2,282.7,108.9,24.8,28.4,450.3,188.7
9.4,5.3,281.9,109.6,24.8,28.4,451.6,188.6
9.4,5.3,281.7,108.9,24.8,28.3,450.6,188.9
9.4,5.3,282.2,108.9,24.8,28.3,452.4,189.2
9.4,5.3,282.2,109.6,24.8,28.3,445.9,189.4
9.5,5.4,281.8,108.9,24.8,28.4,450.6,189.2
9.4,5.3,282.0,108.9,24.8,28.3,451.2,189.7
9.5,5.3,282.1,108.9,24.8,28.3,451.7,189.7
9.4,5.4,281.4,108.9,24.8,28.3,451.8,189.5
9.4,5.3,283.1,108.9,24.8,28.3,451.3,190.1
9.5,5.4,282.6,108.9,24.8,28.3,452.0,189.5
9.4,5.3,282.7,108.9,24.7,28.3,451.8,189.4
9.4,5.3,282.1,108.9,24.8,28.3,452.6,189.7
9.4,5.4,282.0,108.9,24.8,28.3,451.2,189.4
9.4,5.4,282.6,108.9,24.8,28.3,451.9,189.2
9.5,5.4,282.1,108.9,24.8,28.3,450.4,188.9
9.5,5.4,282.4,108.9,24.8,28.3,450.5,188.1
9.4,5.3,282.7,108.9,24.8,28.3,453.0,188.8
9.5,5.4,280.9,108.9,24.8,28.3,451.3,188.8
9.5,5.4,282.4,108.9,24.8,28.3,451.4,188.8
9.5,5.4,281.7,108.9,24.8,28.3,454.2,188.8
9.5,5.4,281.3,108.9,24.8,28.2,451.0,188.6
9.4,5.4,282.9,108.9,24.8,28.3,452.4,189.8
9.5,5.4,281.8,108.9,24.8,28.3,451.5,189.3
9.4,5.3,281.4,108.9,24.8,28.3,451.0,189.5
9.5,5.4,282.3,108.9,24.8,28.3,451.9,189.8
9.5,5.4,281.3,109.6,24.8,28.3,451.3,189.3
9.4,5.3,282.6,108.9,24.8,28.3,450.1,189.2
9.5,5.3,281.2,108.9,24.8,28.3,452.6,189.0
9.4,5.3,282.3,108.9,24.8,28.3,450.8,189.0
9.5,5.4,282.3,108.9,24.8,28.3,451.7,189.1
9.5,5.4,281.0,108.9,24.8,28.3,450.2,189.9
9.5,5.4,282.0,108.9,24.8,28.3,453.3,190.0
9.5,5.4,281.6,109.6,24.8,28.3,450.8,189.2
9.4,5.4,281.1,108.9,24.8,28.3,451.9,189.7
9.6,5.4,281.1,108.9,24.8,28.4,453.7,189.9
9.5,5.4,281.1,109.6,24.8,28.3,451.4,189.9
9.5,5.4,282.3,108.9,24.8,28.4,451.9,192.7
9.6,5.4,282.0,109.6,24.8,28.4,450.9,192.4
9.5,5.3,281.2,109.6,24.8,28.4,451.9,193.1
9.6,5.4,282.1,109.6,24.8,28.4,450.8,192.9
9.5,5.3,282.7,109.6,24.8,28.4,451.3,194.0
9.6,5.4,282.7,109.6,24.9,28.3,451.3,193.7
9.5,5.4,281.3,109.6,24.8,28.4,450.5,196.1
9.5,5.3,282.7,109.6,24.8,28.4,452.4,196.1
9.5,5.3,281.7,109.6,24.8,28.4,452.2,195.3
9.4,5.3,281.8,109.6,24.8,28.4,452.3,195.0
9.5,5.3,281.2,109.6,24.8,28.4,451.6,195.1
9.5,5.3,282.4,109.6,24.8,28.4,451.8,195.7
9.6,5.3,281.9,109.6,24.8,28.4,449.2,200.5
9.5,5.2,282.1,110.3,24.8,28.4,451.4,200.5
9.5,5.2,281.2,110.3,24.8,28.5,450.5,200.8
9.5,5.3,281.8,110.3,24.8,28.5,453.2,200.7
9.6,5.3,282.4,110.3,24.8,28.4,452.0,200.8
9.5,5.3,281.5,110.3,24.8,28.5,450.3,200.4
9.5,5.3,281.0,110.3,24.8,28.4,450.3,200.3
9.5,5.2,281.5,110.3,24.8,28.4,449.3,201.0
9.6,5.3,282.2,110.3,24.8,28.4,452.3,201.1
9.6,5.3,281.9,110.3,24.8,28.5,452.7,200.8
9.5,5.3,281.2,110.3,24.8,28.5,451.0,204.0
9.5,5.2,282.0,110.3,24.8,28.4,451.9,208.9
9.7,5.3,282.3,111.0,24.8,28.5,452.3,207.8
9.5,5.2,282.3,111.0,24.8,28.5,450.3,207.8
9.5,5.1,281.3,111.0,24.8,28.5,452.4,207.5
9.5,5.1,281.7,111.0,24.8,28.5,454.0,207.2
9.5,5.1,281.2,111.0,24.8,28.5,451.0,207.4
9.5,5.1,280.8,111.0,24.8,28.5,450.1,206.8
9.5,5.1,281.0,111.0,24.8,28.5,452.2,206.9
9.4,5.1,280.8,111.0,24.8,28.5,450.4,207.0
9.5,5.1,282.1,111.0,24.8,28.5,449.2,207.1
9.5,5.1,280.5,111.0,24.8,28.5,449.6,207.0
9.5,5.1,280.9,111.0,24.8,28.5,450.3,207.2
9.5,5.1,281.9,111.0,24.8,28.5,453.5,207.6
9.5,5.1,281.9,111.0,24.8,28.5,450.6,207.7
9.5,5.1,281.4,111.0,24.9,28.5,451.4,207.7
9.5,5.1,281.2,111.0,24.8,28.5,449.5,207.7
9.5,5.2,281.1,111.0,24.8,28.5,450.9,207.8
9.5,5.2,282.1,111.0,24.8,28.5,451.2,207.9
9.5,5.2,280.9,111.0,24.8,28.5,450.9,207.5
9.5,5.2,281.0,111.0,24.8,28.5,450.8,207.4
9.5,5.2,280.1,111.0,24.8,28.5,450.9,207.7
9.6,5.2,281.0,111.0,24.8,28.5,451.6,207.4
9.5,5.2,281.2,111.0,24.8,28.5,452.4,207.1
9.5,5.1,282.2,111.0,24.8,28.5,451.2,207.4
9.5,5.2,281.9,111.0,24.8,28.5,451.5,207.3
9.6,5.2,280.7,111.0,24.8,28.6,450.6,207.3
9.5,5.2,280.6,111.0,24.8,28.6,449.8,207.2
9.5,5.2,280.6,111.0,24.9,28.6,449.7,207.3
9.5,5.2,280.9,111.0,24.8,28.6,452.7,207.4
9.6,5.2,280.8,111.0,24.8,28.6,453.1,207.2
9.6,5.2,280.9,111.0,24.8,28.5,451.4,207.6
9.5,5.2,280.9,111.0,24.8,28.6,446.1,207.0
9.5,5.1,282.2,111.0,24.8,28.6,450.5,207.0
9.5,5.1,280.9,111.0,24.8,28.6,452.5,206.3
9.4,5.1,282.1,111.0,24.9,28.6,453.6,206.3
9.4,5.1,282.4,111.0,24.8,28.6,451.4,206.2
9.4,5.1,282.3,111.0,24.9,28.6,452.7,207.1
9.5,5.2,283.2,111.0,24.9,28.6,451.7,203.7
9.3,5.0,282.1,110.3,24.8,28.6,451.0,204.0
9.4,5.1,282.7,111.0,24.9,28.5,454.0,204.2
9.4,5.1,284.0,111.0,24.9,28.6,451.6,204.5
9.3,5.1,284.0,111.0,24.9,28.5,453.1,203.4
9.3,5.0,284.3,111.0,24.9,28.5,452.1,200.1
9.3,5.1,284.9,110.3,24.8,28.5,451.2,199.7
9.2,5.1,284.5,110.3,24.9,28.5,448.9,193.5
9.2,5.1,284.8,109.6,24.9,28.5,452.0,193.6
9.3,5.1,285.5,109.6,24.8,28.4,451.3,191.5
9.3,5.2,285.6,109.6,24.9,28.4,451.2,191.2
9.3,5.2,285.1,109.6,24.8,28.4,451.7,189.3
9.2,5.2,286.1,109.6,24.9,28.4,450.7,188.7
9.2,5.2,286.0,109.6,24.9,28.4,451.1,188.9
9.2,5.2,286.2,109.6,24.9,28.4,452.3,188.8
9.2,5.2,286.6,109.6,24.9,28.4,450.4,189.0
9.3,5.2,286.2,108.9,24.9,28.4,451.6,189.4
9.3,5.3,285.5,109.6,24.9,28.4,452.6,189.6
9.4,5.3,284.8,109.6,24.9,28.4,452.3,190.3
9.5,5.4,288.0,109.6,24.9,28.4,450.6,190.4
9.5,5.4,287.7,109.6,24.8,28.4,453.3,190.4
9.5,5.4,288.1,109.6,24.8,28.4,451.2,190.6
9.5,5.4,287.2,109.6,24.8,28.4,451.3,191.0
9.7,5.6,287.2,109.6,24.8,28.4,450.9,201.8
9.9,5.7,287.4,110.3,24.8,28.4,449.5,205.0
9.9,5.6,288.0,111.0,24.8,28.5,452.0,207.2
10.0,5.6,288.0,111.0,24.8,28.6,452.2,210.8
10.0,5.6,287.7,111.7,24.8,28.6,451.1,210.7
10.0,5.6,286.8,111.7,24.8,28.6,452.3,212.2
9.9,5.5,287.6,111.7,24.8,28.6,452.0,212.5
9.9,5.5,287.0,111.7,24.8,28.6,452.2,212.7
9.9,5.5,287.2,111.7,24.8,28.6,450.3,213.3
10.0,5.5,287.6,111.7,24.8,28.7,450.5,216.6
10.0,5.5,288.2,111.7,24.8,28.6,452.3,216.9
10.0,5.5,287.8,112.4,24.9,28.7,451.8,217.0
9.9,5.5,286.6,111.7,24.8,28.7,451.5,216.6
10.0,5.5,287.8,111.7,24.9,28.7,473.7,218.6
10.0,5.4,287.8,111.7,24.8,28.6,464.4,218.5
10.0,5.4,287.3,111.7,24.8,28.7,465.7,219.0
10.0,5.5,287.2,113.1,25.0,28.8,464.6,219.0
10.0,5.5,287.0,113.1,25.1,28.9,464.8,219.7
10.1,5.6,287.3,113.8,25.1,29.0,461.3,219.6
10.1,5.5,287.6,113.1,25.1,29.0,464.4,219.5
10.1,5.6,286.7,113.1,25.1,29.0,465.1,219.3
10.2,5.6,287.1,113.1,25.1,29.0,465.4,219.2
10.1,5.6,287.1,113.1,25.2,29.0,465.6,222.1
10.1,5.5,287.0,113.8,25.2,29.0,466.1,222.3
10.2,5.6,287.7,113.8,25.2,29.1,466.7,222.8
10.2,5.6,288.3,113.8,25.2,29.1,465.4,223.2
10.2,5.6,287.5,113.8,25.2,29.1,465.2,223.6
10.2,5.5,287.1,114.5,25.2,29.2,466.3,223.4
10.2,5.6,287.6,114.5,25.2,29.1,466.8,222.6
9.9,5.4,286.5,114.5,25.2,29.1,457.8,222.2
9.9,5.3,286.5,114.5,25.3,29.2,458.0,221.7
9.9,5.3,286.8,113.8,25.3,29.2,466.1,221.9
9.8,5.3,286.3,114.5,25.3,29.2,465.4,221.6
9.9,5.3,286.6,114.5,25.3,29.2,465.1,221.5
9.8,5.3,286.4,114.5,25.3,29.2,465.4,221.3
9.9,5.3,287.4,114.5,25.3,29.2,465.3,221.3
9.9,5.3,286.6,114.5,25.4,29.2,462.9,221.2
9.9,5.3,286.6,114.5,25.4,29.2,464.5,221.3
9.8,5.3,286.2,114.5,25.4,29.2,465.0,221.7
9.8,5.3,287.1,114.5,25.4,29.2,464.3,222.5
9.9,5.3,287.2,114.5,25.4,29.2,465.3,222.9
9.8,5.3,287.2,114.5,25.4,29.3,456.9,222.9
9.9,5.3,286.4,114.5,25.4,29.3,464.6,222.4
9.8,5.2,287.5,114.5,25.4,29.3,465.4,222.7
9.8,5.3,286.8,114.5,25.4,29.3,466.8,222.7
9.8,5.3,286.7,114.5,25.4,29.3,465.9,222.1
9.8,5.3,287.6,114.5,25.4,29.3,465.1,221.8
9.8,5.3,287.0,114.5,25.4,29.3,465.1,221.4
9.8,5.2,286.4,114.5,25.4,29.3,464.3,220.9
9.8,5.3,286.6,114.5,25.4,29.3,465.7,221.2
9.9,5.3,285.6,114.5,25.5,29.4,465.4,220.7
9.8,5.3,286.0,114.5,25.5,29.4,464.5,220.4
9.8,5.3,286.2,114.5,25.4,29.4,466.4,220.4
9.8,5.2,285.6,114.5,25.4,29.3,465.2,220.5
9.7,5.2,286.8,114.5,25.5,29.4,464.9,221.4
9.8,5.2,285.8,115.1,25.5,29.4,459.8,221.7
9.8,5.2,286.5,115.1,25.5,29.4,464.8,221.5
9.8,5.2,286.2,114.5,25.5,29.4,465.4,222.1
9.8,5.3,286.6,115.1,25.5,29.4,464.2,221.7
9.8,5.3,286.5,115.1,25.5,29.4,465.0,220.6
9.8,5.2,286.1,115.1,25.5,29.4,462.4,220.4
9.8,5.3,285.4,115.1,25.5,29.4,464.8,217.9
9.8,5.2,286.5,115.1,25.5,29.4,465.9,217.1
9.7,5.2,286.2,114.5,25.5,29.4,462.7,217.0
9.8,5.2,285.8,114.5,25.6,29.4,465.0,217.2
9.8,5.3,285.3,114.5,25.6,29.4,463.1,217.2
9.8,5.3,286.2,114.5,25.6,29.4,465.0,217.2
9.8,5.3,284.7,114.5,25.6,29.4,464.3,216.9
9.8,5.3,285.9,114.5,25.5,29.4,466.5,217.0
9.8,5.3,286.4,114.5,25.5,29.4,459.7,217.5
9.8,5.3,286.1,115.1,25.6,29.4,463.9,217.1
9.8,5.3,285.9,114.5,25.6,29.4,465.7,216.2
9.7,5.3,285.3,114.5,25.6,29.4,465.0,213.2
9.8,5.3,286.4,114.5,25.6,29.4,466.0,212.8
9.8,5.3,285.4,114.5,25.6,29.4,465.2,212.9
9.8,5.4,285.6,114.5,25.6,29.4,465.2,212.5
9.7,5.3,286.1,114.5,25.6,29.4,466.2,212.9
9.8,5.4,285.4,114.5,25.6,29.4,467.1,212.7
9.8,5.4,286.0,114.5,25.6,29.4,466.3,212.7
9.7,5.3,284.8,114.5,25.6,29.5,465.1,212.7
9.7,5.3,285.2,114.5,25.6,29.4,464.7,212.6
9.7,5.3,284.7,114.5,25.6,29.4,465.1,212.4
9.7,5.3,285.4,114.5,25.6,29.4,459.1,212.4
9.8,5.3,285.0,114.5,25.6,29.4,463.8,212.0
9.7,5.3,285.3,114.5,25.6,29.4,467.7,212.1
9.7,5.3,285.2,114.5,25.6,29.4,465.6,213.1
9.8,5.3,285.0,114.5,25.6,29.4,464.7,213.2
9.7,5.3,284.7,114.5,25.7,29.4,466.8,213.5
9.8,5.3,285.4,114.5,25.6,29.4,466.8,213.0
9.7,5.3,285.6,114.5,25.6,29.4,465.4,212.9
9.7,5.3,285.2,114.5,25.6,29.4,465.6,212.6
9.7,5.3,284.9,114.5,25.6,29.4,463.7,212.5
9.7,5.3,284.9,114.5,25.6,29.4,464.3,212.8
9.7,5.3,284.6,114.5,25.6,29.4,467.6,212.9
9.7,5.3,284.7,114.5,25.6,29.4,465.4,212.3
9.6,5.3,286.1,114.5,25.7,29.4,459.9,212.9
9.7,5.3,286.5,114.5,25.6,29.5,464.9,213.1
9.7,5.3,285.0,114.5,25.6,29.4,465.0,213.4
9.7,5.3,285.9,114.5,25.6,29.4,463.4,213.9
9.7,5.3,287.2,114.5,25.7,29.4,465.8,214.3
9.7,5.3,284.9,114.5,25.6,29.5,462.8,214.2
9.6,5.2,285.1,114.5,25.6,29.4,465.5,214.8
9.7,5.3,285.6,114.5,25.7,29.4,464.1,214.5
9.7,5.2,284.6,114.5,25.7,29.4,464.1,214.1
9.6,5.3,285.1,114.5,25.7,29.5,464.6,213.5
9.7,5.3,284.8,114.5,25.7,29.5,465.0,213.4
9.6,5.2,285.4,114.5,25.6,29.4,464.1,212.8
9.6,5.2,284.5,114.5,25.7,29.4,459.8,212.3
9.5,5.2,284.5,114.5,25.7,29.5,466.1,211.5
9.5,5.1,283.6,114.5,25.6,29.4,466.2,211.7
9.6,5.2,284.6,114.5,25.7,29.4,465.5,211.7
9.6,5.2,286.4,114.5,25.7,29.4,463.5,211.8
9.6,5.2,285.7,114.5,25.7,29.4,463.8,212.0
9.6,5.2,285.5,114.5,25.7,29.4,461.2,212.4
9.5,5.2,286.0,114.5,25.7,29.4,464.9,213.3
9.5,5.2,285.6,114.5,25.7,29.4,466.1,213.6
9.5,5.2,285.0,114.5,25.8,29.5,465.2,213.4
9.5,5.2,285.7,114.5,25.7,29.5,464.9,213.1
9.5,5.2,285.6,114.5,25.7,29.5,465.3,212.9
9.5,5.2,285.1,114.5,25.7,29.5,466.4,212.6
9.5,5.2,285.0,114.5,25.7,29.5,456.9,212.4
9.4,5.1,285.9,114.5,25.7,29.5,457.3,211.8
9.5,5.2,284.7,114.5,25.6,29.5,463.8,210.5
9.5,5.2,284.6,114.5,25.7,29.5,465.5,208.1
9.4,5.2,285.4,114.5,25.7,29.5,465.7,208.4
9.4,5.1,284.0,114.5,25.7,29.5,467.1,208.9
9.5,5.2,285.0,114.5,25.7,29.4,463.4,209.5
9.5,5.2,285.6,114.5,25.8,29.5,465.0,210.1
9.5,5.2,285.2,114.5,25.8,29.5,465.5,210.1
9.5,5.2,286.3,114.5,25.8,29.5,465.3,210.1
9.4,5.2,284.6,114.5,25.8,29.4,464.5,211.0
9.5,5.2,285.5,114.5,25.8,29.5,466.8,210.6
9.4,5.2,285.4,114.5,25.8,29.5,460.2,210.2
9.5,5.2,285.0,114.5,25.7,29.5,463.0,210.4
9.5,5.2,285.8,114.5,25.8,29.4,465.1,209.8
9.5,5.2,285.2,114.5,25.7,29.4,466.8,209.8
9.4,5.2,285.0,114.5,25.8,29.4,465.3,209.3
9.5,5.2,286.0,114.5,25.8,29.5,464.7,208.6
9.4,5.1,285.5,114.5,25.7,29.5,465.8,208.7
9.4,5.2,284.3,114.5,25.8,29.5,465.3,207.7
9.4,5.1,284.8,114.5,25.8,29.5,465.8,207.8
9.4,5.2,284.6,114.5,25.8,29.5,465.7,205.2
9.4,5.1,284.4,113.8,25.8,29.5,466.3,205.7
9.4,5.1,285.4,114.5,25.8,29.4,465.5,206.3
9.5,5.2,285.6,114.5,25.8,29.4,465.1,206.1
9.4,5.1,285.6,113.8,25.8,29.5,459.4,206.4
9.4,5.2,285.6,114.5,25.8,29.4,460.0,206.7
9.4,5.2,284.9,113.8,25.7,29.4,465.6,204.8
9.4,5.2,285.7,113.8,25.7,29.4,464.2,204.5
9.4,5.2,283.8,113.8,25.7,29.4,465.4,204.0
9.4,5.2,284.8,113.8,25.7,29.4,464.6,204.0
9.4,5.2,285.2,113.8,25.7,29.4,464.7,203.7
9.4,5.2,285.0,113.8,25.7,29.4,464.2,203.4
9.4,5.2,284.6,113.8,25.7,29.4,465.8,203.2
9.4,5.2,284.9,113.8,25.8,29.4,465.3,203.8
9.5,5.2,284.6,113.8,25.8,29.4,466.9,203.9
9.4,5.2,284.7,113.8,25.7,29.4,465.1,200.8
9.4,5.2,284.5,113.8,25.7,29.4,465.3,201.0
9.4,5.2,285.7,113.8,25.7,29.4,458.0,200.9
9.4,5.2,284.5,113.8,25.8,29.4,460.8,201.7
9.4,5.2,285.0,113.8,25.7,29.3,465.5,201.6
9.4,5.2,285.6,113.8,25.7,29.3,465.0,201.5
9.4,5.2,285.1,113.8,25.7,29.3,463.3,200.8
9.4,5.2,286.8,113.8,25.7,29.3,464.3,200.8
9.4,5.3,285.5,113.8,25.7,29.3,465.4,200.2
9.4,5.2,284.7,113.1,25.7,29.3,463.6,199.8
9.4,5.2,284.4,113.8,25.7,29.3,464.1,199.2
9.4,5.2,284.8,113.1,25.7,29.3,464.2,198.8
9.4,5.2,285.4,113.1,25.7,29.3,463.8,199.3
9.4,5.3,284.0,113.1,25.7,29.3,463.2,198.7
9.4,5.2,284.0,113.1,25.7,29.3,466.3,199.0
9.4,5.2,285.2,113.8,25.7,29.2,463.6,198.6
9.4,5.2,284.1,113.1,25.7,29.3,466.4,199.0
9.4,5.3,284.8,113.8,25.7,29.3,459.1,198.7
9.4,5.2,284.6,113.1,25.7,29.4,463.5,199.2
9.4,5.2,284.4,113.1,25.6,29.3,467.1,199.5
9.4,5.2,285.2,113.8,25.7,29.2,465.9,199.7
9.4,5.2,285.2,113.1,25.6,29.2,463.7,199.9
9.4,5.2,284.9,113.1,25.6,29.3,466.3,198.9
9.3,5.2,285.8,113.1,25.7,29.3,466.7,199.3
9.3,5.2,285.3,113.1,25.7,29.2,465.8,199.6
9.4,5.2,285.1,113.1,25.7,29.3,466.0,199.5
9.4,5.2,285.3,113.1,25.7,29.3,463.5,199.5
9.4,5.2,284.8,113.1,25.6,29.2,465.0,199.7
9.4,5.2,286.2,113.1,25.7,29.2,465.2,199.9
9.4,5.2,285.4,113.1,25.7,29.2,459.0,199.8
9.4,5.2,285.6,113.1,25.6,29.2,460.3,199.3
9.4,5.2,285.7,113.1,25.6,29.2,464.7,199.6
9.4,5.2,285.0,113.1,25.7,29.2,464.6,199.3
9.3,5.2,285.3,113.1,25.7,29.2,463.7,199.8
9.4,5.2,285.5,113.1,25.7,29.2,464.6,199.8
9.4,5.2,286.3,113.1,25.6,29.2,466.4,199.9
9.4,5.2,285.4,113.1,25.6,29.2,464.9,200.0
9.4,5.2,287.2,113.1,25.7,29.2,465.6,200.2
9.4,5.2,285.6,113.1,25.6,29.2,465.8,199.9
9.4,5.3,286.7,113.1,25.6,29.2,463.9,200.7
9.5,5.3,286.3,113.1,25.6,29.2,468.0,200.1
9.5,5.3,285.2,113.1,25.6,29.2,464.6,199.6
9.4,5.2,286.4,113.1,25.6,29.2,464.7,200.4
9.5,5.3,287.4,113.1,25.6,29.2,458.1,200.2
9.4,5.3,286.6,113.1,25.6,29.2,464.5,200.1
9.4,5.3,287.3,113.1,25.6,29.2,465.1,200.3
9.5,5.3,285.6,113.1,25.6,29.2,464.9,200.6
9.5,5.3,287.1,113.1,25.5,29.2,464.5,199.3
9.4,5.2,285.9,113.1,25.6,29.2,465.4,199.3
9.4,5.2,287.2,113.1,25.6,29.2,465.9,199.2
9.4,5.3,285.9,113.1,25.6,29.2,465.1,199.4
9.5,5.3,287.4,113.1,25.6,29.2,466.7,199.7
9.5,5.3,286.7,113.1,25.6,29.2,464.3,199.7
9.5,5.3,286.9,113.1,25.6,29.2,464.5,199.7
9.5,5.3,287.0,113.1,25.5,29.2,464.0,199.8
9.5,5.3,287.3,113.1,25.6,29.2,465.6,199.7
9.5,5.3,286.4,113.1,25.6,29.2,454.6,200.1
9.5,5.3,287.1,113.1,25.6,29.2,465.2,200.8
9.5,5.3,287.0,113.1,25.5,29.1,465.2,201.3
9.6,5.4,286.5,113.1,25.5,29.2,466.3,201.3
9.6,5.4,286.2,113.1,25.5,29.2,466.1,201.8
9.7,5.4,286.8,113.1,25.6,29.2,464.2,202.0
9.7,5.4,286.6,113.1,25.6,29.2,463.5,201.9
9.7,5.5,288.1,113.1,25.6,29.2,464.1,202.0
9.7,5.5,285.9,113.1,25.6,29.2,465.1,201.0
9.7,5.4,287.2,113.1,25.6,29.2,465.9,200.5
9.7,5.4,287.5,113.1,25.6,29.2,465.5,201.3
9.7,5.5,286.4,113.1,25.6,29.2,465.1,201.6
9.7,5.5,285.3,113.1,25.6,29.2,459.0,205.9
9.8,5.4,286.3,113.8,25.6,29.2,464.1,207.4
9.7,5.4,286.9,113.8,25.6,29.2,464.4,206.5
9.7,5.4,286.0,113.8,25.6,29.3,467.5,207.1
9.7,5.4,286.6,113.8,25.6,29.3,466.0,207.1
9.7,5.4,286.8,113.8,25.6,29.3,465.0,207.0
9.6,5.3,287.2,113.8,25.6,29.3,465.5,206.9
9.7,5.4,287.1,113.8,25.6,29.3,463.5,210.4
9.8,5.4,287.1,114.5,25.6,29.4,464.3,209.7
9.7,5.3,285.8,114.5,25.6,29.4,465.3,209.4
9.7,5.4,286.2,114.5,25.6,29.4,467.1,208.8
9.7,5.4,285.6,114.5,25.7,29.4,463.1,208.1
9.7,5.3,285.8,114.5,25.7,29.4,465.7,208.8
9.8,5.4,286.5,114.5,25.7,29.4,464.1,209.2
9.8,5.4,284.2,114.5,25.6,29.4,456.6,208.9
9.7,5.3,284.8,114.5,25.7,29.4,466.5,209.8
9.7,5.3,285.6,114.5,25.7,29.4,463.7,210.0
9.7,5.3,285.9,114.5,25.7,29.5,465.0,210.4
9.7,5.4,284.8,114.5,25.7,29.4,465.9,211.0
9.8,5.4,286.5,114.5,25.7,29.4,465.3,210.3
9.7,5.3,285.6,114.5,25.7,29.4,466.5,210.3
9.8,5.3,285.0,114.5,25.7,29.4,465.2,210.2
9.7,5.4,284.6,114.5,25.7,29.5,466.9,210.8
9.8,5.4,286.3,114.5,25.7,29.5,465.4,210.7
9.8,5.4,284.4,114.5,25.8,29.5,464.7,209.9
9.7,5.3,285.5,114.5,25.7,29.5,463.7,209.9
9.8,5.4,285.0,115.1,25.8,29.5,456.9,209.5
9.7,5.4,285.2,114.5,25.7,29.5,464.5,209.6
9.7,5.3,285.6,114.5,25.8,29.5,465.3,210.2
9.7,5.3,284.8,114.5,25.8,29.5,465.0,210.6
9.8,5.3,285.2,115.1,25.8,29.5,463.7,210.8
9.8,5.4,284.5,115.1,25.8,29.5,465.2,211.5
9.8,5.4,284.7,115.1,25.8,29.5,465.2,211.4
9.8,5.4,285.4,115.1,25.8,29.5,465.3,211.4
9.7,5.3,285.7,115.1,25.8,29.6,463.9,211.3
9.8,5.4,284.5,115.1,25.8,29.6,466.5,211.5
9.8,5.4,285.4,115.1,25.9,29.6,465.4,210.7
9.6,5.2,284.7,115.1,25.9,29.6,463.5,211.0
9.6,5.3,284.7,115.1,25.9,29.6,463.1,211.0
9.6,5.3,286.4,115.1,25.9,29.6,457.6,210.7
9.7,5.3,284.4,115.1,25.9,29.6,462.2,210.8
9.7,5.3,284.3,115.1,25.9,29.6,465.5,210.9
9.7,5.3,285.1,115.1,25.9,29.6,465.6,211.0
9.7,5.3,285.6,115.1,25.9,29.6,463.0,210.6
9.7,5.3,284.5,115.1,25.9,29.7,464.8,210.9
9.7,5.3,285.2,115.1,26.0,29.7,465.7,210.6
9.7,5.3,285.2,115.1,26.0,29.7,464.6,210.5
9.7,5.3,284.9,115.1,26.0,29.6,463.0,210.3
9.5,5.2,285.4,115.1,26.0,29.7,466.7,211.3
9.7,5.3,285.6,115.8,26.0,29.7,464.2,210.8
9.5,5.2,284.4,115.1,25.9,29.7,465.9,210.7
9.6,5.2,285.1,115.8,26.0,29.7,464.9,214.3
9.7,5.3,285.9,115.8,26.0,29.7,460.5,213.6
9.6,5.2,284.5,115.8,26.0,29.8,457.8,213.6
9.7,5.2,286.0,115.8,26.0,29.7,465.7,214.0
9.7,5.3,284.8,115.8,26.0,29.7,463.8,214.1
9.6,5.2,286.0,115.8,26.0,29.7,466.1,214.1
9.7,5.3,286.1,115.8,26.0,29.8,465.8,213.4
9.6,5.2,285.2,115.8,26.0,29.8,464.8,213.1
9.7,5.3,284.9,115.8,26.0,29.8,464.0,212.9
9.6,5.2,283.6,115.8,26.1,29.9,465.6,212.9
9.6,5.2,284.6,115.8,26.1,29.8,465.5,213.3
9.7,5.3,284.6,116.5,26.1,29.8,468.4,212.6
9.7,5.3,284.8,116.5,26.1,29.9,463.2,212.0
9.7,5.3,285.8,116.5,26.1,29.9,459.8,212.5
9.7,5.3,284.9,116.5,26.1,29.9,460.7,212.3
9.7,5.3,285.1,115.8,26.0,29.9,465.8,211.9
9.6,5.2,285.1,116.5,26.1,29.8,465.9,212.9
9.7,5.3,285.5,116.5,26.1,29.9,466.4,212.8
9.7,5.3,285.0,116.5,26.1,29.9,465.9,212.5
9.6,5.2,284.6,116.5,26.1,29.9,465.8,213.0
9.7,5.3,284.0,116.5,26.1,29.9,463.6,212.7
9.7,5.3,285.3,116.5,26.1,29.9,466.9,213.0
9.7,5.3,285.3,116.5,26.1,29.9,465.8,212.8
9.7,5.3,284.6,116.5,26.1,29.9,464.4,212.9
9.7,5.3,285.0,116.5,26.1,29.9,464.2,213.2
9.6,5.3,285.7,116.5,26.1,29.9,466.2,213.2
9.6,5.3,286.1,116.5,26.1,29.9,457.8,212.9
9.5,5.2,285.4,116.5,26.1,29.9,460.6,213.4
9.6,5.2,285.5,116.5,26.1,29.9,463.9,213.6
9.7,5.3,285.6,115.8,26.1,29.9,467.4,213.9
9.7,5.3,285.5,116.5,26.1,29.9,465.1,213.9
9.7,5.3,285.5,116.5,26.1,29.9,464.2,214.1
9.7,5.3,286.1,116.5,26.1,29.9,463.0,213.8
9.6,5.3,285.8,116.5,26.1,29.9,465.9,213.9
9.7,5.3,286.9,116.5,26.1,29.9,465.7,214.1
9.7,5.3,285.8,116.5,26.1,29.9,464.1,213.4
9.7,5.3,285.5,115.8,26.1,29.9,464.5,212.2
9.5,5.2,285.5,115.8,26.1,29.9,465.8,212.4
9.6,5.3,285.5,115.8,26.1,29.9,466.8,212.7
9.6,5.3,285.4,116.5,26.1,29.9,460.7,212.0
9.7,5.3,286.2,115.8,26.1,29.9,467.3,211.8
9.6,5.3,284.0,115.8,26.1,29.9,468.3,212.2
9.7,5.3,286.1,116.5,26.1,29.9,465.5,212.2
9.7,5.3,286.1,116.5,26.1,29.8,464.9,212.0
9.7,5.3,285.3,115.8,26.1,29.9,464.0,212.3
9.7,5.3,285.5,115.8,26.1,29.9,466.5,212.4
9.6,5.3,285.7,115.8,26.1,29.9,465.1,213.3
9.6,5.3,286.3,115.8,26.1,29.8,465.8,213.2
9.6,5.3,285.5,116.5,26.1,29.9,465.7,212.2
9.7,5.3,285.2,115.8,26.1,29.8,465.6,212.3
9.7,5.3,286.6,116.5,26.1,29.9,466.2,212.1
9.7,5.3,285.1,116.5,26.1,29.9,457.2,212.0
9.7,5.3,286.0,116.5,26.1,29.9,452.7,211.9
9.7,5.3,284.6,115.8,26.1,29.9,458.5,209.6
9.6,5.3,284.6,116.5,26.1,29.9,446.3,210.0
9.7,5.3,285.3,117.2,26.1,30.0,420.1,210.1
9.7,5.3,285.8,116.5,26.1,30.0,429.3,210.7
9.6,5.3,285.7,117.2,26.1,30.0,426.7,210.8
9.7,5.3,285.5,116.5,26.1,30.0,429.6,211.3
9.7,5.4,285.7,116.5,26.1,30.0,429.4,211.4
9.7,5.4,285.8,116.5,26.1,30.0,429.1,211.4
9.7,5.3,287.0,116.5,26.1,30.1,429.5,211.1
9.7,5.3,285.5,116.5,26.1,30.0,428.9,210.8
9.7,5.3,286.5,116.5,26.1,30.0,428.7,210.7
9.7,5.3,285.8,116.5,26.1,30.0,427.5,209.9
9.7,5.4,286.1,116.5,26.1,30.1,427.6,209.3
9.6,5.4,286.5,116.5,26.1,30.0,423.4,208.7
9.6,5.3,285.2,116.5,26.1,30.0,429.1,208.4
9.6,5.3,285.9,116.5,26.1,30.0,428.0,207.9
9.5,5.2,285.6,116.5,26.1,30.0,427.9,208.2
9.6,5.3,285.9,116.5,26.1,30.0,427.5,209.9
9.7,5.4,286.1,116.5,26.1,30.0,428.6,209.7
9.6,5.3,286.6,116.5,26.1,30.1,428.0,210.3
9.5,5.3,287.0,116.5,26.1,30.0,430.8,210.7
9.5,5.3,286.7,116.5,26.1,30.0,427.5,211.1
9.7,5.3,286.8,117.2,26.1,30.1,429.4,210.8
9.6,5.3,287.2,117.2,26.1,30.1,428.7,211.4
9.6,5.3,287.0,117.2,26.1,30.0,430.4,210.8
9.6,5.3,286.5,116.5,26.1,30.1,428.1,210.8
9.5,5.3,286.3,116.5,26.1,30.0,423.2,210.5
9.6,5.3,286.7,116.5,26.1,30.0,427.4,209.6
9.6,5.3,285.9,116.5,26.1,30.0,428.1,209.2
9.5,5.3,286.3,116.5,26.1,30.0,430.2,209.1
9.5,5.3,286.5,116.5,26.1,30.0,429.1,209.7
9.7,5.3,286.2,116.5,26.1,30.0,428.2,209.6
9.5,5.2,286.2,116.5,26.1,30.0,429.4,210.2
9.5,5.2,287.1,116.5,26.1,30.0,429.0,210.4
9.5,5.2,286.5,116.5,26.1,30.0,428.8,210.9
9.6,5.3,285.5,116.5,26.1,30.0,428.2,210.6
9.5,5.2,287.5,116.5,26.1,30.0,430.1,211.4
9.5,5.3,287.3,116.5,26.1,30.0,428.1,211.3
9.5,5.2,286.2,116.5,26.1,30.0,428.1,211.2
9.5,5.2,287.6,116.5,26.1,30.1,430.6,211.7
9.6,5.3,287.6,117.2,26.1,30.1,424.1,212.1
9.7,5.3,286.6,116.5,26.1,30.1,426.8,211.1
9.6,5.3,286.9,117.2,26.1,30.0,429.6,211.1
9.5,5.3,286.7,116.5,26.1,30.0,430.8,210.8
9.6,5.3,286.7,116.5,26.1,30.0,429.4,210.6
9.5,5.3,286.8,116.5,26.1,30.1,427.8,210.5
9.6,5.3,287.3,117.2,26.1,30.1,429.5,211.1
9.7,5.3,287.5,117.2,26.1,30.1,429.8,211.1
9.5,5.3,287.0,117.2,26.1,30.1,430.0,211.0
9.6,5.3,286.9,117.2,26.1,30.1,430.2,211.0
9.6,5.3,287.3,116.5,26.1,30.1,430.3,211.5
9.6,5.3,287.6,116.5,26.1,30.1,429.3,211.4
9.6,5.3,287.7,117.2,26.1,30.0,428.5,211.9
9.6,5.3,287.5,117.2,26.1,30.1,421.7,211.2
9.6,5.3,287.3,116.5,26.1,30.1,428.1,211.7
9.6,5.3,287.4,116.5,26.1,30.1,428.1,211.7
9.5,5.3,287.7,116.5,26.1,30.0,429.6,211.3
9.5,5.3,286.7,116.5,26.1,30.0,429.4,211.1
9.5,5.3,286.5,116.5,26.1,30.0,427.5,210.9
9.5,5.2,286.4,116.5,26.1,30.0,430.2,210.9
9.5,5.2,286.4,116.5,26.1,30.0,431.3,211.3
9.5,5.2,287.2,116.5,26.1,30.0,428.6,211.5
9.5,5.2,287.1,116.5,26.1,30.0,429.6,211.0
9.5,5.2,286.3,116.5,26.1,30.0,425.6,210.8
9.4,5.2,287.9,116.5,26.1,30.0,427.3,211.1
9.5,5.2,287.9,116.5,26.0,30.0,430.6,210.8
9.5,5.2,287.1,116.5,26.0,30.0,428.0,211.3
9.5,5.3,286.2,116.5,26.1,30.0,427.3,211.1
9.5,5.2,287.3,116.5,26.1,30.0,423.6,211.4
9.5,5.3,287.7,116.5,26.0,30.0,427.4,211.7
9.5,5.2,287.5,116.5,26.0,30.0,429.0,211.7
9.5,5.2,286.9,116.5,26.0,30.0,428.8,212.2
9.5,5.2,287.7,116.5,26.0,30.0,428.6,211.8
9.5,5.2,288.0,116.5,26.0,30.0,428.4,210.8
9.4,5.2,287.1,116.5,26.0,30.0,428.6,210.3
9.5,5.2,286.3,116.5,26.0,29.9,428.2,209.2
9.4,5.2,287.3,115.8,26.0,29.9,428.7,209.0
9.4,5.2,288.1,115.8,26.0,29.9,429.4,209.6
9.5,5.2,286.7,115.8,26.0,29.9,427.6,209.4
9.4,5.2,288.6,116.5,26.0,30.0,430.7,210.0
9.5,5.2,287.9,115.8,26.0,29.9,428.8,210.2
9.5,5.2,287.1,116.5,26.0,29.9,427.9,210.1
9.5,5.2,287.0,115.8,26.0,29.9,428.8,210.1
9.5,5.2,287.7,115.8,26.0,29.9,431.4,209.2
9.5,5.2,288.0,115.8,26.0,29.9,421.7,209.3
9.4,5.2,288.0,115.8,26.0,29.9,430.5,209.3
9.4,5.2,288.9,115.8,25.9,29.9,427.3,209.2
9.5,5.2,288.2,115.8,26.0,29.9,428.2,208.8
9.4,5.2,288.8,115.8,26.0,29.9,428.6,206.5
9.4,5.2,289.3,115.8,26.0,29.9,430.1,207.1
9.5,5.3,289.1,115.8,25.9,29.8,428.5,206.5
9.5,5.3,289.0,115.8,26.0,29.9,429.2,206.2
9.5,5.3,288.1,115.8,25.9,29.8,429.7,205.7
9.4,5.3,287.8,115.8,25.9,29.8,430.3,205.3
9.4,5.3,288.1,115.8,25.9,29.8,426.4,205.8
9.4,5.3,288.7,115.8,25.9,29.8,428.6,205.6
9.4,5.2,288.7,115.1,25.9,29.8,427.3,206.4
9.5,5.3,288.3,115.8,25.9,29.8,428.5,206.6
9.4,5.2,289.3,115.8,25.9,29.8,424.4,206.6
9.4,5.2,288.4,115.1,25.9,29.8,430.2,206.6
9.4,5.2,288.9,115.1,25.9,29.7,428.8,206.3
9.5,5.2,289.2,115.1,25.9,29.8,428.7,206.1
9.4,5.3,288.3,115.1,25.9,29.7,430.7,205.8
9.4,5.2,288.8,115.1,25.9,29.8,428.5,205.5
9.4,5.2,288.1,115.1,25.9,29.8,429.3,205.7
9.4,5.2,288.9,115.1,25.9,29.7,428.2,205.3
9.4,5.2,288.2,115.1,25.9,29.7,427.5,205.4
9.4,5.2,288.0,115.1,25.9,29.7,427.9,205.3
9.4,5.2,288.2,115.1,25.8,29.7,428.7,205.3
9.5,5.3,288.7,115.1,25.9,29.7,429.0,206.1
9.5,5.3,288.4,115.1,25.9,29.7,427.5,206.6
9.5,5.3,288.4,115.1,25.9,29.7,430.2,206.8
9.5,5.3,288.7,115.1,25.9,29.7,423.2,206.6
9.5,5.3,288.2,115.1,25.8,29.8,425.7,207.0
9.5,5.3,288.1,115.1,25.9,29.7,428.9,206.7
9.5,5.3,288.9,115.1,25.9,29.7,426.8,207.0
9.6,5.3,288.6,115.1,25.8,29.7,429.1,206.7
9.5,5.3,288.2,115.1,25.8,29.7,428.1,206.4
9.5,5.3,288.0,115.1,25.8,29.7,429.1,205.8
9.5,5.3,288.1,115.1,25.8,29.7,429.1,205.8
9.5,5.3,287.4,115.1,25.8,29.7,429.2,205.3
9.4,5.3,289.1,115.1,25.8,29.7,427.8,205.4
9.5,5.3,288.7,115.1,25.8,29.7,429.6,205.5
9.5,5.3,288.2,115.1,25.8,29.7,430.1,205.4
9.4,5.2,289.1,115.1,25.8,29.7,431.1,205.8
9.4,5.3,288.6,115.1,25.8,29.7,430.0,206.1
9.5,5.3,289.0,115.1,25.8,29.6,429.6,206.5
9.5,5.3,287.8,115.1,25.8,29.6,424.8,206.4
9.4,5.3,288.8,114.5,25.7,29.7,427.2,206.9
9.5,5.3,288.2,115.1,25.8,29.6,428.8,206.5
9.5,5.3,288.3,114.5,25.8,29.6,430.0,204.7
9.5,5.3,289.1,114.5,25.7,29.5,428.1,204.3
9.5,5.3,288.9,114.5,25.7,29.6,429.5,200.0
9.4,5.3,288.5,114.5,25.7,29.5,429.8,199.3
9.4,5.3,289.8,113.8,25.8,29.5,428.4,192.5
9.3,5.3,288.5,113.8,25.8,29.5,428.1,192.3
9.3,5.3,288.4,113.8,25.7,29.5,429.3,191.2
9.4,5.4,289.1,113.1,25.8,29.5,427.7,191.3
9.5,5.5,288.7,113.8,25.7,29.4,429.2,187.8
9.4,5.4,288.8,113.1,25.7,29.4,430.4,188.0
9.4,5.4,289.6,113.1,25.7,29.4,428.2,187.8
9.4,5.4,288.3,113.1,25.7,29.4,427.2,188.7
9.4,5.4,289.0,113.1,25.7,29.3,429.7,188.2
9.4,5.4,289.3,113.1,25.7,29.3,421.9,188.3
9.4,5.4,289.9,113.1,25.6,29.3,428.8,188.2
9.3,5.4,288.8,112.4,25.6,29.2,429.1,188.1
9.4,5.4,289.8,112.4,25.6,29.3,433.0,187.9
9.4,5.4,288.9,113.1,25.6,29.2,430.7,187.4
9.4,5.4,288.5,112.4,25.6,29.2,428.8,186.9
9.4,5.4,289.0,112.4,25.6,29.2,431.1,186.9
9.5,5.5,289.3,112.4,25.6,29.2,428.2,186.8
9.4,5.5,289.3,112.4,25.5,29.2,430.7,187.4
9.5,5.5,288.3,112.4,25.6,29.2,427.7,187.6
9.4,5.5,288.4,112.4,25.5,29.2,428.6,188.0
9.4,5.6,289.0,112.4,25.5,29.1,428.7,188.2
9.4,5.5,288.4,112.4,25.5,29.2,427.7,188.1
9.4,5.5,288.9,112.4,25.5,29.1,428.4,188.6
9.6,5.6,288.6,112.4,25.5,29.1,429.8,188.1
9.5,5.5,289.5,112.4,25.5,29.2,422.5,193.2
9.6,5.6,288.0,112.4,25.5,29.2,430.4,193.9
9.6,5.5,289.2,112.4,25.5,29.2,429.9,193.4
9.5,5.5,288.4,112.4,25.4,29.2,428.6,193.4
9.5,5.5,288.4,112.4,25.4,29.1,431.3,193.5
9.6,5.5,288.4,112.4,25.4,29.2,428.7,197.1
9.6,5.5,289.1,113.1,25.4,29.1,430.1,197.6
9.7,5.5,289.3,113.1,25.5,29.2,429.0,200.5
9.7,5.5,288.4,113.1,25.4,29.2,426.4,201.1
9.7,5.5,288.3,113.1,25.4,29.2,428.7,200.8
9.7,5.4,288.7,113.1,25.4,29.2,430.9,200.6
9.7,5.4,287.6,113.1,25.4,29.2,430.4,200.9
9.7,5.4,288.1,113.1,25.4,29.2,429.7,202.7
9.6,5.4,288.2,113.1,25.4,29.2,429.5,202.6
9.6,5.4,288.0,113.1,25.4,29.2,428.2,202.9
9.6,5.4,287.9,113.1,25.4,29.2,421.5,202.9
9.6,5.4,287.9,113.1,25.4,29.2,428.8,202.6
9.6,5.4,288.6,113.1,25.3,29.2,427.8,202.9
9.6,5.4,289.5,113.1,25.4,29.2,428.5,202.6
9.6,5.4,289.4,113.1,25.3,29.2,428.4,202.3
9.5,5.3,288.4,113.1,25.3,29.1,430.1,202.0
9.6,5.4,288.1,113.1,25.3,29.1,429.0,202.1
9.6,5.4,289.3,113.1,25.3,29.1,428.6,201.7
9.6,5.3,289.3,112.4,25.3,29.1,426.7,201.7
9.5,5.3,288.5,112.4,25.3,29.1,428.7,201.6
9.5,5.3,288.7,112.4,25.3,29.1,429.3,204.6
9.5,5.3,287.7,113.1,25.3,29.1,427.6,205.5
9.5,5.3,288.2,113.1,25.3,29.2,430.0,205.2
9.5,5.3,288.1,113.1,25.3,29.1,422.0,205.8
9.5,5.2,288.2,113.1,25.3,29.1,424.2,205.8
9.5,5.3,288.9,112.4,25.3,29.1,429.3,205.9
9.5,5.2,288.3,113.1,25.3,29.1,428.4,205.7
9.4,5.2,288.7,113.1,25.3,29.1,429.1,205.2
9.4,5.2,288.2,113.1,25.3,29.1,428.9,205.7
9.5,5.2,288.3,113.1,25.3,29.1,429.8,205.1
9.4,5.2,288.6,113.1,25.2,29.1,429.0,205.1
9.5,5.2,288.0,112.4,25.2,29.1,429.1,204.9
9.5,5.2,287.7,113.1,25.2,29.1,428.5,205.0
9.4,5.2,287.7,112.4,25.2,29.1,429.3,204.3
9.4,5.2,287.5,112.4,25.3,29.1,427.1,203.9
9.4,5.2,287.7,112.4,25.2,29.1,426.6,204.2
9.4,5.2,288.3,112.4,25.2,29.0,428.0,204.5
9.4,5.2,287.8,112.4,25.2,29.1,428.4,204.1
9.4,5.2,287.4,112.4,25.2,29.1,422.0,203.8
9.4,5.2,287.9,112.4,25.1,29.0,430.1,204.2
9.4,5.2,289.5,112.4,25.1,29.0,429.5,204.7
9.5,5.2,288.2,112.4,25.1,29.0,427.1,204.9
9.4,5.2,288.4,112.4,25.2,29.0,428.8,204.7
9.4,5.2,288.7,112.4,25.1,29.0,429.5,204.3
9.4,5.2,287.5,112.4,25.1,29.0,427.9,204.0
9.4,5.2,288.3,112.4,25.1,29.0,428.6,203.8
9.4,5.2,287.6,112.4,25.2,29.0,429.5,203.6
9.4,5.2,287.9,112.4,25.1,29.0,428.7,203.9
9.4,5.2,287.9,112.4,25.1,29.0,427.9,203.4
9.4,5.2,287.0,112.4,25.1,29.0,429.8,204.1
9.4,5.2,288.2,112.4,25.1,29.0,429.0,204.4
9.4,5.2,287.0,112.4,25.1,28.9,429.1,204.2
9.4,5.2,288.7,112.4,25.1,29.0,428.6,203.7
9.4,5.2,287.1,111.7,25.1,29.0,429.0,203.4
9.3,5.1,287.1,112.4,25.1,29.0,424.7,203.9
9.4,5.1,288.5,111.7,25.1,29.0,429.4,203.4
9.4,5.1,288.5,111.7,25.0,28.9,429.7,203.4
9.4,5.2,288.2,111.7,25.1,28.9,428.2,203.2
9.4,5.2,287.5,111.7,25.0,28.9,429.1,203.1
9.4,5.1,286.9,111.7,25.1,28.9,428.3,202.9
9.4,5.1,286.6,111.7,25.1,28.9,428.2,202.9
9.4,5.2,287.9,111.7,25.0,28.9,428.0,203.4
9.4,5.2,288.3,111.7,25.1,28.9,428.9,203.5
9.4,5.2,288.7,111.7,25.0,28.9,428.1,203.3
9.4,5.1,287.1,111.7,25.0,28.9,427.3,203.8
9.4,5.1,287.7,111.7,25.1,28.9,429.7,204.0
9.4,5.2,287.0,111.7,25.0,28.9,428.7,204.1
9.4,5.2,288.3,111.7,25.0,28.9,430.1,203.9
9.4,5.2,287.9,111.7,25.0,28.9,428.9,203.8
9.3,5.1,288.1,111.7,25.0,28.9,422.2,203.5
9.3,5.2,287.3,111.7,25.0,28.9,429.1,203.0
9.4,5.1,288.3,111.7,25.0,28.9,428.2,203.1
9.4,5.1,287.8,111.7,25.0,28.9,430.3,203.0
9.3,5.1,287.8,111.7,25.0,28.9,429.1,203.1
9.3,5.1,288.5,111.7,25.0,28.9,430.3,203.0
9.4,5.1,287.8,111.7,25.0,28.9,427.5,203.0
9.3,5.1,288.3,111.7,25.0,28.9,428.1,203.2
9.3,5.1,288.5,111.7,25.0,28.9,429.3,202.9
9.3,5.1,288.8,111.7,25.0,28.8,428.4,203.4
9.3,5.1,288.7,111.7,25.0,28.8,427.0,203.7
9.4,5.1,289.0,111.7,25.0,28.8,428.9,203.9
9.4,5.1,288.3,111.7,25.0,28.8,423.5,203.6
9.4,5.1,287.9,111.7,25.0,28.8,425.7,203.1
9.3,5.1,286.8,111.0,24.9,28.7,428.7,203.1
9.4,5.1,289.1,111.0,24.9,28.7,429.5,202.7
9.3,5.1,289.3,111.7,24.9,28.7,427.4,202.7
9.4,5.1,288.4,111.7,25.0,28.8,427.6,202.6
9.3,5.1,287.9,111.7,24.9,28.7,429.1,202.4
9.3,5.1,288.4,111.7,24.9,28.7,430.8,203.0
9.3,5.1,288.6,111.0,24.9,28.7,429.0,203.8
9.3,5.1,289.0,111.7,24.9,28.7,428.5,203.7
9.3,5.1,288.0,111.7,24.9,28.7,428.1,204.1
9.3,5.1,288.5,111.7,24.9,28.7,426.3,204.1
9.3,5.1,288.7,111.0,24.9,28.7,426.9,203.6
9.3,5.1,288.0,111.0,24.9,28.7,429.6,203.4
9.3,5.1,288.9,111.0,24.9,28.7,429.1,203.1
9.3,5.1,289.4,111.0,24.9,28.7,423.4,202.4
9.3,5.1,288.5,111.0,24.8,28.7,428.6,202.4
9.3,5.1,289.1,111.0,24.9,28.7,429.8,202.4
9.3,5.1,287.6,111.0,24.9,28.7,427.5,201.6
9.3,5.1,289.0,111.0,24.9,28.7,429.4,202.2
9.3,5.1,288.8,111.0,24.8,28.6,428.8,202.4
9.4,5.1,287.9,111.0,24.9,28.7,429.7,202.4
9.3,5.1,288.2,111.0,24.9,28.7,428.8,202.2
9.3,5.1,287.8,111.0,24.8,28.7,429.4,202.2
9.3,5.1,287.8,111.0,24.8,28.6,428.9,202.1
9.3,5.1,287.9,111.0,24.8,28.6,428.5,201.6
9.3,5.1,288.1,111.0,24.8,28.6,427.9,199.5
9.2,5.1,289.3,111.0,24.8,28.6,428.9,199.4
9.3,5.1,287.5,110.3,24.8,28.6,424.7,196.7
9.3,5.2,288.1,110.3,24.8,28.6,423.4,196.9
9.3,5.1,287.9,110.3,24.8,28.5,429.9,197.0
9.3,5.1,289.0,110.3,24.8,28.5,427.9,197.7
9.3,5.2,288.5,110.3,24.8,28.5,429.3,197.8
9.3,5.2,288.5,110.3,24.8,28.5,428.9,198.3
9.4,5.2,288.7,110.3,24.8,28.5,428.1,198.2
9.5,5.3,288.9,110.3,24.8,28.5,429.2,197.8
9.5,5.3,289.0,110.3,24.8,28.5,428.7,197.8
9.5,5.3,288.5,110.3,24.7,28.5,426.4,197.9
9.5,5.4,289.1,110.3,24.8,28.5,428.2,197.7
9.5,5.3,288.6,110.3,24.7,28.5,429.4,197.5
9.5,5.3,288.3,110.3,24.7,28.5,428.5,197.0
9.4,5.2,288.8,110.3,24.7,28.5,428.1,196.6
9.3,5.2,288.3,109.6,24.8,28.5,428.2,196.4
9.3,5.2,288.9,110.3,24.7,28.4,423.4,197.0
9.3,5.2,289.0,109.6,24.7,28.5,423.7,196.2
9.2,5.1,288.7,109.6,24.6,28.4,430.1,196.3
9.3,5.1,288.1,109.6,24.6,28.4,430.7,196.5
9.3,5.1,288.4,109.6,24.6,28.4,428.5,196.3
9.3,5.1,287.9,109.6,24.6,28.4,427.6,195.8
9.3,5.1,287.6,109.6,24.7,28.5,427.4,195.4
9.3,5.1,287.7,109.6,24.6,28.4,427.2,195.9
9.3,5.1,287.7,109.6,24.6,28.4,427.6,196.5
9.3,5.2,288.5,109.6,24.6,28.4,428.8,196.6
9.3,5.2,287.7,109.6,24.6,28.4,428.6,196.9
9.3,5.2,288.8,109.6,24.6,28.4,428.3,194.5
9.3,5.2,287.5,108.9,24.6,28.4,428.3,194.9
9.4,5.2,289.3,109.6,24.6,28.3,427.3,194.7
9.3,5.2,288.9,109.6,24.6,28.3,429.0,194.3
9.3,5.2,288.2,108.9,24.5,28.3,421.2,194.1
9.4,5.2,288.1,109.6,24.6,28.3,424.6,193.9
9.3,5.2,287.9,108.9,24.5,28.2,428.0,194.2
9.4,5.2,288.3,108.9,24.6,28.3,427.6,193.9
9.3,5.2,288.1,108.9,24.6,28.3,429.3,193.9
9.3,5.2,287.8,108.9,24.6,28.3,426.8,193.9
9.3,5.2,288.7,108.9,24.5,28.3,428.5,194.1
9.3,5.2,288.0,108.9,24.5,28.3,430.2,194.3
9.3,5.2,287.8,108.9,24.5,28.2,429.9,194.2
9.3,5.2,288.4,108.9,24.5,28.2,429.1,194.1
9.3,5.2,288.7,108.9,24.5,28.2,429.1,194.7
9.3,5.2,288.7,108.9,24.5,28.2,428.4,192.5
9.3,5.2,288.4,108.9,24.5,28.2,428.6,192.3
9.3,5.2,289.0,108.9,24.5,28.2,428.6,192.2
9.3,5.2,288.9,108.9,24.5,28.2,423.7,191.7
9.3,5.2,287.9,108.9,24.5,28.2,428.5,191.5
9.3,5.2,288.9,108.9,24.5,28.1,428.8,191.0
9.3,5.2,287.8,108.3,24.5,28.1,428.1,190.7
9.3,5.2,288.1,108.3,24.5,28.2,427.7,191.1
9.3,5.2,288.6,108.3,24.5,28.1,428.9,191.5
9.3,5.2,288.8,108.9,24.5,28.1,427.2,191.7
9.2,5.2,288.5,108.3,24.4,28.1,429.1,192.6
9.4,5.2,287.6,108.3,24.5,28.1,428.7,192.2
9.3,5.2,288.0,108.3,24.4,28.1,429.2,192.2
9.3,5.2,288.5,108.3,24.4,28.1,427.6,192.0
9.3,5.2,288.2,108.3,24.4,28.1,428.4,191.5
9.3,5.2,288.6,108.3,24.4,28.1,429.1,191.1
9.2,5.2,287.5,108.3,24.4,28.1,423.1,190.9
9.3,5.2,287.9,108.3,24.4,28.1,428.1,190.7
9.2,5.2,288.6,108.3,24.4,28.1,429.2,189.3
9.2,5.2,289.2,108.3,24.4,28.0,429.3,189.6
9.3,5.2,288.9,107.6,24.4,28.0,428.2,189.9
9.3,5.2,287.9,107.6,24.4,28.0,429.3,189.8
9.2,5.2,288.6,107.6,24.3,28.0,429.0,188.1
9.2,5.2,288.9,107.6,24.3,27.9,429.5,188.8
9.3,5.2,289.7,107.6,24.3,27.9,428.5,188.3
9.2,5.2,288.9,107.6,24.3,27.9,428.2,188.6
9.2,5.2,288.7,107.6,24.3,28.0,428.7,187.2
9.3,5.2,289.3,107.6,24.3,28.0,428.9,186.7
9.2,5.2,288.3,107.6,24.3,27.9,429.7,186.6
9.2,5.2,288.2,107.6,24.3,27.9,422.4,186.9
9.3,5.2,287.8,107.6,24.3,27.9,424.8,186.6
9.2,5.2,287.2,106.9,24.2,27.9,428.7,186.8
9.3,5.2,286.8,106.9,24.2,27.9,430.2,186.0
9.3,5.2,288.3,106.9,24.2,27.9,426.6,182.4
9.2,5.3,286.9,106.9,24.2,27.8,428.9,182.6
9.3,5.3,287.7,106.9,24.2,27.8,429.8,182.3
9.3,5.3,287.7,106.9,24.2,27.8,428.1,182.1
9.2,5.3,288.7,106.9,24.2,27.8,427.8,182.4
9.3,5.3,288.3,106.9,24.2,27.8,428.8,183.0
9.2,5.3,288.3,106.9,24.2,27.8,427.3,182.9
9.2,5.3,288.4,106.9,24.1,27.8,426.7,182.8
9.3,5.3,287.7,106.9,24.2,27.8,427.1,182.6
9.2,5.3,288.8,106.2,24.1,27.7,430.0,182.5
9.3,5.3,289.1,106.9,24.1,27.8,426.6,182.4
9.3,5.3,288.6,106.9,24.1,27.8,427.3,182.5
9.2,5.3,288.1,106.2,24.1,27.8,422.0,182.1
9.3,5.3,288.5,106.9,24.1,27.8,426.0,182.3
9.3,5.3,286.8,106.2,24.1,27.7,428.7,182.5
9.2,5.3,288.4,106.2,24.1,27.7,428.7,182.8
9.2,5.2,288.8,106.2,24.1,27.7,427.9,183.2
9.2,5.3,288.1,106.2,24.1,27.8,428.3,183.1
9.3,5.3,288.6,106.2,24.1,27.7,428.4,183.2
9.3,5.3,288.8,106.2,24.1,27.7,429.5,182.6
9.2,5.2,289.0,106.2,24.1,27.6,428.4,182.2
9.2,5.2,288.5,106.2,24.1,27.6,428.4,182.3
9.3,5.3,288.2,106.2,24.1,27.6,361.1,181.7
9.2,5.3,288.2,105.5,24.0,27.7,427.8,181.9
9.2,5.3,288.6,106.2,24.0,27.6,428.1,182.3
9.3,5.3,288.3,106.2,24.1,27.6,430.1,182.6
9.2,5.3,287.1,106.2,24.1,27.6,429.2,181.6
9.2,5.3,288.4,106.2,24.0,27.6,430.4,181.8
9.3,5.3,288.4,106.2,24.0,27.6,421.7,181.7
9.2,5.3,289.3,106.2,24.0,27.6,428.6,181.8
9.3,5.3,288.1,105.5,24.0,27.5,429.6,176.9
9.2,5.3,288.8,105.5,24.0,27.5,428.0,176.6
9.3,5.3,288.2,105.5,24.0,27.5,429.4,176.4
9.2,5.3,288.1,105.5,24.0,27.5,429.1,176.3
9.3,5.4,288.5,105.5,24.0,27.5,429.7,176.3
9.3,5.4,288.2,105.5,23.9,27.5,428.6,176.3
9.3,5.4,288.9,105.5,24.0,27.5,429.5,176.4
9.3,5.4,288.6,104.8,23.9,27.4,427.9,176.7
9.4,5.4,288.5,105.5,23.9,27.4,428.4,177.2
9.4,5.5,289.4,105.5,24.0,27.5,428.4,177.3
9.4,5.5,288.4,105.5,23.9,27.4,427.9,178.0
9.5,5.6,288.4,105.5,23.9,27.4,429.3,178.5
9.5,5.6,288.7,105.5,23.9,27.5,420.6,180.6
9.5,5.6,289.0,105.5,23.9,27.5,422.2,184.0
9.5,5.5,288.1,105.5,23.9,27.4,427.4,184.7
9.5,5.5,289.8,105.5,23.9,27.5,429.4,184.7
9.5,5.5,287.8,105.5,23.9,27.5,428.3,186.4
9.5,5.5,288.2,106.2,23.9,27.5,427.4,188.1
9.5,5.4,289.9,106.2,23.9,27.5,429.6,188.3
9.5,5.4,289.3,106.2,23.9,27.5,429.7,188.1
9.5,5.4,289.4,106.2,23.8,27.5,428.9,188.2
9.5,5.4,288.3,106.2,23.9,27.5,427.7,188.1
9.4,5.4,287.7,106.2,23.9,27.5,428.5,188.1
9.4,5.4,289.1,105.5,23.8,27.5,428.4,188.1
9.4,5.4,288.5,106.2,23.9,27.5,427.0,188.0
9.4,5.3,289.5,106.2,23.9,27.5,426.7,188.1
9.4,5.3,288.5,106.2,23.9,27.5,429.4,187.8
9.4,5.3,287.8,105.5,23.8,27.5,429.4,187.4
9.4,5.3,287.3,105.5,23.8,27.5,421.2,187.2
9.4,5.3,288.8,105.5,23.8,27.5,429.6,191.4
9.4,5.2,288.7,106.2,23.8,27.5,426.5,191.7
9.4,5.2,288.9,106.2,23.8,27.5,429.7,191.0
9.3,5.2,288.3,106.2,23.9,27.5,428.8,191.0
9.4,5.2,289.5,106.2,23.8,27.5,429.6,191.2
9.4,5.2,288.4,106.2,23.8,27.5,429.2,190.7
9.3,5.2,288.0,106.2,23.8,27.5,428.3,190.8
9.3,5.2,288.3,106.2,23.8,27.5,428.2,191.0
9.3,5.2,289.6,106.2,23.8,27.5,428.7,191.1
9.3,5.2,288.2,106.2,23.8,27.5,427.5,191.3
9.3,5.2,289.1,105.5,23.8,27.5,428.5,191.2
9.4,5.2,288.7,106.2,23.8,27.5,427.3,191.3
9.3,5.2,287.4,106.2,23.8,27.4,426.3,191.1
9.3,5.2,287.4,105.5,23.8,27.5,430.1,191.2
9.3,5.2,288.0,106.2,23.8,27.5,421.8,190.7
9.3,5.2,287.6,105.5,23.8,27.5,430.2,190.8
9.3,5.2,290.1,105.5,23.7,27.4,429.2,190.8
9.3,5.2,288.3,105.5,23.7,27.4,427.6,191.0
9.3,5.2,288.4,105.5,23.7,27.4,427.1,191.1
9.3,5.1,288.8,105.5,23.7,27.4,427.8,191.2
9.2,5.1,288.2,105.5,23.7,27.4,429.7,191.7
9.3,5.2,288.4,105.5,23.7,27.4,428.5,191.9
9.3,5.2,289.4,105.5,23.7,27.4,429.6,192.1
9.3,5.2,288.6,105.5,23.7,27.4,428.0,192.0
9.3,5.1,288.1,105.5,23.7,27.4,429.1,192.2
9.2,5.1,288.7,105.5,23.7,27.4,427.6,191.7
9.2,5.1,288.5,105.5,23.7,27.4,427.4,191.6
9.2,5.1,289.3,105.5,23.7,27.4,423.1,190.9
9.2,5.1,288.1,105.5,23.6,27.4,427.1,191.0
9.2,5.1,287.4,105.5,23.6,27.4,429.3,190.5
9.3,5.1,288.9,105.5,23.6,27.3,426.8,189.9
9.2,5.1,288.8,105.5,23.6,27.3,429.5,189.4
9.2,5.1,287.6,105.5,23.6,27.4,428.7,189.1
9.2,5.1,289.2,105.5,23.6,27.3,427.6,188.6
9.2,5.1,286.6,105.5,23.6,27.4,427.6,188.6
9.2,5.1,288.3,105.5,23.6,27.4,426.7,188.8
9.2,5.1,288.9,104.8,23.6,27.3,426.2,188.6
9.2,5.1,288.8,104.8,23.6,27.3,428.6,188.6
9.2,5.1,289.2,104.8,23.6,27.3,429.3,188.9
9.2,5.1,288.7,104.8,23.6,27.3,428.9,189.2
9.2,5.1,289.5,104.8,23.6,27.3,429.0,189.6
9.2,5.1,288.7,104.8,23.6,27.2,427.5,190.2
9.2,5.1,288.4,104.8,23.5,27.3,422.9,190.1
9.2,5.1,288.6,104.8,23.6,27.3,429.4,189.3
9.2,5.1,289.0,104.8,23.5,27.1,428.1,189.0
9.2,5.1,288.3,104.8,23.5,27.2,427.5,188.4
9.1,5.0,288.0,104.8,23.5,27.2,430.3,188.5
9.2,5.1,288.3,104.8,23.6,27.2,427.2,186.1
9.2,5.1,287.3,104.1,23.5,27.1,428.8,186.0
9.2,5.1,288.0,104.1,23.5,27.1,428.8,182.7
9.2,5.1,288.2,104.1,23.5,27.1,428.0,182.9
9.2,5.2,289.0,104.1,23.4,27.1,429.0,182.9
9.2,5.2,289.0,104.1,23.5,27.0,428.4,181.7
9.2,5.2,288.6,104.1,23.4,27.1,427.9,177.5
9.2,5.2,287.8,103.4,23.5,27.1,426.5,175.5
9.1,5.2,288.4,103.4,23.5,27.0,425.9,176.2
9.2,5.3,288.6,103.4,23.4,27.0,426.6,176.2
9.2,5.3,288.8,103.4,23.4,26.9,420.3,176.5
9.2,5.3,288.4,103.4,23.4,26.9,428.9,176.6
9.2,5.2,288.5,103.4,23.4,26.9,426.9,176.4
9.2,5.2,288.5,102.7,23.4,26.9,428.1,176.4
9.2,5.3,288.8,102.7,23.4,26.9,426.5,176.5
9.2,5.3,289.2,103.4,23.4,26.9,426.7,175.7
9.2,5.3,288.9,103.4,23.4,26.9,428.3,175.7
9.2,5.3,288.7,102.7,23.4,26.9,427.4,175.1
9.2,5.2,288.2,102.7,23.4,26.9,427.4,175.1
9.2,5.3,287.2,102.7,23.3,26.9,428.0,174.6
9.2,5.3,287.7,102.7,23.4,26.9,428.9,175.1
9.2,5.3,288.1,102.7,23.4,26.8,428.7,175.0
9.2,5.3,288.4,102.7,23.3,26.8,428.0,175.3
9.2,5.2,289.5,102.7,23.3,26.8,424.1,175.5
9.2,5.3,288.9,102.7,23.3,26.8,422.5,175.4
9.2,5.3,288.6,102.7,23.3,26.8,425.8,175.9
9.2,5.3,288.5,102.7,23.3,26.8,429.2,175.5
9.2,5.3,289.4,102.7,23.3,26.8,426.8,175.7
9.2,5.3,288.5,102.7,23.3,26.8,428.6,175.4
9.2,5.3,288.7,102.7,23.3,26.8,427.9,175.4
9.2,5.3,288.4,102.7,23.3,26.8,428.3,175.4
9.2,5.3,288.2,102.7,23.2,26.8,431.0,175.2
9.2,5.3,288.5,102.7,23.3,26.8,429.0,174.8
9.2,5.3,288.3,102.7,23.2,26.8,428.0,174.6
9.2,5.3,288.2,102.7,23.3,26.7,427.0,174.6
9.2,5.3,288.2,102.7,23.3,26.8,426.6,174.8
9.2,5.3,287.8,102.0,23.3,26.8,430.9,174.6
9.2,5.3,287.8,102.0,23.2,26.7,427.2,175.5
9.2,5.3,288.3,102.0,23.2,26.6,421.7,176.1
9.2,5.3,288.3,102.7,23.1,26.6,421.3,176.4
9.2,5.3,289.0,102.0,23.1,26.6,431.0,177.2
9.3,5.3,289.4,102.0,23.2,26.6,427.7,177.1
9.3,5.3,288.9,102.0,23.1,26.6,428.1,176.6
9.2,5.3,287.3,102.0,23.1,26.6,427.6,176.5
9.2,5.3,288.2,102.0,23.1,26.6,428.1,176.4
9.3,5.3,289.1,102.0,23.1,26.6,426.1,175.7
9.2,5.3,288.7,102.0,23.1,26.6,427.9,175.4
9.2,5.3,288.4,102.0,23.1,26.6,429.1,175.1
9.2,5.3,288.2,102.0,23.1,26.6,426.7,175.1
9.2,5.3,289.2,102.0,23.1,26.6,427.5,174.7
9.2,5.3,288.6,102.0,23.1,26.6,427.8,174.4
9.2,5.3,288.4,102.0,23.1,26.6,429.8,175.0
9.2,5.3,288.4,102.0,23.1,26.6,423.1,174.7
9.2,5.3,288.8,102.0,23.1,26.6,425.4,174.8
9.2,5.3,288.7,102.0,23.1,26.6,426.3,175.2
9.2,5.3,288.3,102.0,23.1,26.6,428.9,175.2
9.3,5.3,289.0,102.0,23.1,26.6,427.5,175.2
9.2,5.3,288.3,102.0,23.1,26.5,428.5,175.6
9.3,5.3,288.8,102.0,23.1,26.6,426.9,175.1
9.3,5.3,288.5,102.0,23.1,26.5,430.3,174.9
9.3,5.3,288.0,102.0,23.0,26.5,429.6,174.4
9.2,5.3,288.2,102.0,23.0,26.5,426.9,174.4
9.2,5.3,288.8,101.4,23.0,26.5,427.7,174.2
9.2,5.3,288.4,102.0,23.1,26.5,428.5,173.9
9.2,5.3,288.5,102.0,23.1,26.5,429.6,173.6
9.2,5.3,288.7,102.0,23.1,26.5,422.6,173.6
9.2,5.3,289.1,102.0,23.0,26.5,427.4,174.0
9.2,5.3,288.6,101.4,23.0,26.5,427.4,174.5
9.3,5.3,288.2,101.4,23.0,26.5,428.7,174.6
9.2,5.3,288.4,102.0,23.0,26.5,428.1,174.8
9.2,5.3,288.4,101.4,23.0,26.5,428.6,173.1
9.2,5.3,288.5,101.4,23.0,26.5,426.4,172.9
9.2,5.3,288.1,101.4,23.0,26.5,426.8,172.5
9.2,5.4,287.7,101.4,23.0,26.5,428.1,172.1
9.3,5.3,288.7,101.4,23.0,26.5,429.8,171.9
9.2,5.3,288.2,101.4,23.0,26.5,426.6,171.3
9.2,5.3,288.2,101.4,23.0,26.5,429.4,171.2
9.2,5.4,287.5,101.4,23.0,26.5,426.7,171.1
9.2,5.3,287.9,101.4,22.9,26.4,427.6,171.1
9.3,5.4,287.8,101.4,23.0,26.4,422.4,171.4
9.3,5.4,288.1,101.4,23.0,26.4,422.5,171.9
9.3,5.4,288.3,101.4,23.0,26.4,429.8,171.4
9.2,5.3,288.9,101.4,22.9,26.4,429.0,171.6
9.2,5.3,288.2,101.4,23.0,26.4,429.3,171.3
9.2,5.3,287.7,101.4,23.0,26.4,427.8,171.7
9.3,5.4,289.2,101.4,23.0,26.4,428.1,171.3
9.2,5.3,288.1,101.4,23.0,26.5,428.9,171.0
9.2,5.3,288.7,101.4,23.0,26.4,428.2,170.6
9.2,5.3,287.4,101.4,23.0,26.4,427.8,170.5
9.3,5.3,287.0,101.4,23.0,26.4,428.2,170.3
9.2,5.3,287.2,101.4,23.0,26.4,427.7,170.2
9.2,5.3,287.1,101.4,23.0,26.4,428.6,170.1
9.3,5.4,287.6,101.4,22.9,26.4,426.7,169.8
9.2,5.3,287.2,101.4,23.0,26.4,423.8,169.8
9.2,5.4,287.1,101.4,22.9,26.4,428.2,170.4
9.3,5.4,288.4,101.4,22.9,26.3,430.2,170.5
9.2,5.3,288.5,100.7,22.9,26.3,426.9,171.2
9.3,5.4,287.9,100.7,22.9,26.4,427.4,171.4
9.3,5.3,289.1,100.7,22.9,26.3,427.4,171.9
9.2,5.3,288.0,101.4,22.9,26.4,427.9,172.2
9.3,5.3,289.0,101.4,22.9,26.3,428.2,172.4
9.3,5.3,289.2,100.7,22.9,26.3,427.6,172.6
9.2,5.3,287.8,100.7,22.9,26.3,429.7,172.4
9.2,5.3,288.5,100.7,22.9,26.3,426.6,172.0
9.2,5.3,287.9,100.7,22.9,26.4,427.7,171.7
9.2,5.3,288.4,100.7,22.9,26.3,427.7,171.3
9.2,5.3,288.5,100.7,22.9,26.3,428.3,171.1
9.2,5.3,287.8,100.7,22.9,26.3,428.1,170.3
9.2,5.3,288.7,100.7,22.9,26.3,422.5,170.1
9.2,5.3,288.1,100.7,22.8,26.3,426.5,169.9
9.2,5.3,287.9,100.7,22.9,26.3,428.3,169.5
9.2,5.3,287.7,100.7,22.8,26.3,427.8,169.5
9.2,5.3,288.5,100.7,22.8,26.3,426.3,169.2
9.2,5.3,288.2,100.7,22.9,26.3,427.6,169.0
9.2,5.3,286.5,100.7,22.9,26.3,428.5,169.7
9.2,5.3,288.2,100.7,22.9,26.3,429.5,169.6
9.2,5.3,287.8,100.7,22.9,26.3,428.3,169.9
9.2,5.3,287.9,100.7,22.9,26.3,430.3,170.2
9.2,5.2,287.3,100.7,22.8,26.3,427.5,170.9
9.2,5.3,288.6,100.7,22.9,26.3,427.1,170.5
9.2,5.3,288.2,100.7,22.9,26.3,426.0,170.8
9.2,5.3,287.8,100.7,22.8,26.3,421.1,171.1
9.2,5.3,289.1,100.7,22.8,26.3,429.1,171.1
9.3,5.4,289.3,100.7,22.8,26.3,427.2,171.4
9.3,5.4,288.7,100.7,22.8,26.3,429.3,171.4
9.3,5.4,288.2,100.7,22.8,26.3,429.3,172.0
9.3,5.4,288.3,100.7,22.8,26.3,428.0,173.1
9.3,5.4,289.0,100.7,22.8,26.3,427.8,172.7
9.3,5.3,288.0,100.7,22.8,26.3,428.1,174.0
9.4,5.4,288.6,100.7,22.8,26.3,428.3,174.0
9.3,5.4,289.0,100.7,22.8,26.3,429.7,174.1
9.3,5.3,288.8,100.7,22.8,26.3,428.3,173.6
9.2,5.3,289.2,100.7,22.8,26.3,428.6,173.0
9.2,5.2,288.4,100.7,22.8,26.3,428.5,173.1
9.3,5.3,289.3,100.7,22.8,26.2,426.9,173.9
9.5,5.5,289.2,100.7,22.7,26.2,429.1,178.7
9.4,5.4,289.2,101.4,22.8,26.3,423.0,178.7
9.5,5.4,289.7,101.4,22.8,26.3,427.8,178.6
9.5,5.4,289.0,101.4,22.8,26.3,427.8,178.6
9.5,5.4,288.0,101.4,22.7,26.3,428.1,182.0
9.5,5.3,287.4,101.4,22.8,26.3,428.2,186.8
9.6,5.4,287.1,102.0,22.8,26.4,427.0,186.6
9.6,5.4,286.9,102.0,22.8,26.4,427.7,186.7
9.6,5.4,287.8,102.0,22.8,26.4,427.5,187.4
9.6,5.4,287.5,102.0,22.7,26.4,427.7,188.7
9.7,5.4,288.2,102.0,22.7,26.4,429.0,195.9
9.7,5.4,288.3,102.7,22.8,26.5,427.5,196.1
9.7,5.3,288.4,102.7,22.7,26.5,428.4,196.2
9.7,5.4,288.0,102.7,22.7,26.5,427.0,195.8
9.7,5.4,288.1,102.7,22.7,26.5,429.4,195.7
9.7,5.4,288.1,102.7,22.7,26.5,428.9,196.6
9.8,5.4,287.9,103.4,22.7,26.5,423.4,198.0
9.8,5.4,286.7,102.7,22.7,26.5,428.2,197.9
9.8,5.4,286.4,102.7,22.7,26.5,428.0,197.9
9.7,5.4,287.1,102.7,22.7,26.5,427.8,197.9
9.7,5.4,286.4,102.7,22.8,26.5,426.9,197.6
9.8,5.4,286.0,102.7,22.8,26.6,429.7,197.4
9.8,5.4,286.9,103.4,22.8,26.5,428.6,197.6
9.8,5.4,286.7,103.4,22.8,26.6,426.9,198.5
9.8,5.4,286.0,102.7,22.7,26.5,426.5,199.7
9.8,5.4,287.0,103.4,22.8,26.6,428.0,199.9
9.8,5.4,287.2,103.4,22.8,26.6,428.9,200.1
9.8,5.3,286.0,103.4,22.8,26.6,428.6,200.4
9.7,5.3,286.9,103.4,22.8,26.6,427.4,199.7
9.7,5.3,285.9,102.7,22.7,26.5,428.2,200.0
9.8,5.4,285.7,103.4,22.7,26.5,420.7,199.5
9.8,5.4,285.8,102.7,22.7,26.6,426.1,199.3
9.9,5.5,285.2,103.4,22.8,26.5,427.3,200.5
9.8,5.4,283.6,103.4,22.7,26.5,427.1,200.0
9.8,5.4,285.0,103.4,22.8,26.5,426.6,200.1
9.9,5.4,285.3,103.4,22.7,26.6,428.4,199.4
9.8,5.4,283.6,103.4,22.7,26.6,427.1,199.0
9.8,5.4,284.0,103.4,22.7,26.5,427.1,199.1
9.8,5.4,284.9,103.4,22.7,26.6,428.1,199.4
9.8,5.4,285.0,103.4,22.7,26.5,427.7,199.9
9.8,5.3,283.2,103.4,22.7,26.6,427.5,199.9
9.8,5.3,285.9,102.7,22.7,26.5,428.6,200.1
9.7,5.3,284.7,102.7,22.6,26.5,426.6,199.9
9.7,5.3,286.0,102.7,22.7,26.5,429.2,199.6
9.7,5.3,285.6,103.4,22.7,26.5,428.6,199.9
9.7,5.3,285.1,102.7,22.7,26.5,428.5,200.3
9.8,5.3,285.3,102.7,22.7,26.5,421.7,199.7
9.8,5.3,285.6,102.7,22.7,26.5,420.2,199.7
9.8,5.3,284.3,102.7,22.7,26.6,427.7,202.3
9.9,5.4,285.2,103.4,22.7,26.5,426.8,207.4
10.0,5.5,285.5,104.1,22.7,26.6,428.2,208.2
10.1,5.5,286.4,104.1,22.6,26.6,426.8,211.4
10.1,5.4,286.5,104.1,22.6,26.6,429.3,211.3
10.1,5.4,287.0,104.1,22.7,26.7,428.6,212.2
10.2,5.5,286.1,104.8,22.7,26.8,427.8,211.7
10.1,5.4,287.2,104.1,22.7,26.7,427.3,212.7
10.2,5.5,287.6,104.8,22.7,26.7,427.1,215.5
10.1,5.4,286.7,104.8,22.7,26.8,428.4,215.1
10.2,5.4,286.5,104.8,22.6,26.8,427.1,215.0
10.1,5.4,287.1,104.8,22.7,26.8,429.3,215.0
10.2,5.4,286.6,104.8,22.7,26.8,427.3,215.2
10.1,5.3,287.3,104.8,22.7,26.8,423.5,221.3
10.2,5.4,287.6,106.2,22.8,26.9,428.5,220.6
10.2,5.3,286.9,105.5,22.8,26.9,429.4,222.6
10.2,5.3,287.4,106.2,22.8,27.0,427.9,222.7
10.2,5.3,286.9,106.2,22.8,27.0,427.4,223.2
10.2,5.3,287.6,106.2,22.9,27.1,425.2,223.5
10.2,5.3,288.6,106.2,22.9,27.1,428.3,224.1
10.2,5.3,287.0,106.2,22.9,27.1,428.5,228.1
10.3,5.3,288.2,106.9,22.9,27.1,428.3,227.9
10.2,5.3,288.9,106.9,22.9,27.3,427.6,228.4
10.2,5.3,288.1,106.9,23.0,27.3,426.5,228.3
10.2,5.3,288.9,106.9,23.0,27.3,428.0,228.6
10.2,5.3,287.7,107.6,23.0,27.3,428.7,228.3
10.2,5.3,288.6,107.6,23.0,27.3,429.1,228.6
10.3,5.3,288.8,107.6,23.1,27.4,428.4,228.3
10.2,5.3,289.1,107.6,23.1,27.4,427.3,228.7
10.2,5.3,289.0,108.3,23.1,27.4,422.9,228.7
10.2,5.3,289.0,108.3,23.2,27.5,430.6,228.2
10.1,5.2,288.5,108.3,23.1,27.4,427.8,232.1
10.2,5.3,289.1,108.3,23.2,27.5,426.7,232.3
10.2,5.2,289.5,108.3,23.2,27.5,428.7,232.4
10.2,5.2,288.5,108.3,23.3,27.6,427.1,232.8
10.2,5.2,288.7,108.9,23.3,27.6,427.7,233.0
10.2,5.2,288.4,108.9,23.4,27.7,429.5,231.6
10.0,5.1,288.8,108.9,23.3,27.6,428.5,230.7
9.9,5.0,289.6,108.9,23.4,27.8,427.7,230.3
9.8,5.0,288.6,108.9,23.4,27.7,429.4,227.6
9.8,4.9,289.4,108.3,23.4,27.6,428.3,226.9
9.8,5.0,288.6,108.9,23.5,27.7,427.0,225.3
9.8,5.1,287.9,108.9,23.4,27.7,427.2,225.4
9.9,5.1,288.8,108.9,23.5,27.8,427.6,225.3
9.9,5.1,288.2,108.9,23.6,27.8,420.3,225.3
9.9,5.1,288.5,108.9,23.6,27.8,428.7,225.6
9.9,5.1,288.6,108.9,23.6,27.8,428.7,225.1
9.8,5.1,289.2,108.9,23.6,27.8,426.8,225.5
9.9,5.1,288.7,108.9,23.6,27.8,427.8,225.5
9.9,5.1,289.1,108.9,23.6,27.8,427.6,226.2
9.9,5.1,288.6,108.9,23.6,27.9,426.5,226.0
9.9,5.1,288.4,109.6,23.7,27.9,430.0,226.0
9.9,5.2,289.1,109.6,23.7,27.9,427.7,225.7
9.8,5.1,289.6,109.6,23.7,27.9,431.8,225.4
9.9,5.2,288.6,109.6,23.8,27.9,426.4,225.5
9.9,5.2,287.8,109.6,23.8,27.9,428.8,225.7
9.9,5.2,288.7,109.6,23.8,28.0,426.6,225.7
9.9,5.2,289.1,109.6,23.8,28.0,429.3,225.8
9.9,5.2,288.3,110.3,23.8,28.0,426.7,222.0
10.0,5.2,289.1,109.6,23.9,28.0,427.8,222.2
9.9,5.3,289.0,109.6,23.9,28.0,428.0,222.5
9.9,5.3,288.3,109.6,23.9,28.1,426.8,222.8
10.0,5.3,289.4,109.6,23.9,28.1,425.2,223.1
9.9,5.3,289.0,110.3,24.0,28.1,421.1,223.1
9.9,5.2,288.4,110.3,24.0,28.1,427.5,223.3
9.9,5.2,288.6,110.3,24.0,28.1,429.2,223.3
9.9,5.2,288.8,110.3,24.0,28.1,428.9,223.3
9.9,5.3,289.0,110.3,24.0,28.2,428.5,223.2
10.0,5.3,288.9,110.3,24.1,28.2,429.6,223.1
9.9,5.3,290.1,110.3,24.1,28.2,427.6,223.0
10.0,5.3,289.1,111.0,24.1,28.4,428.1,223.0
10.0,5.3,288.0,111.0,24.2,28.3,429.2,223.2
10.0,5.3,288.0,111.0,24.2,28.4,428.7,223.4
10.0,5.3,289.0,111.0,24.3,28.4,426.7,223.7
10.0,5.3,288.2,111.0,24.3,28.4,430.0,224.0
10.0,5.3,288.8,111.0,24.3,28.4,428.2,223.8
9.9,5.3,288.2,111.7,24.3,28.4,428.9,224.2
9.9,5.3,288.6,111.7,24.3,28.5,428.0,224.3
10.0,5.3,288.9,111.7,24.4,28.5,428.8,225.0
10.0,5.3,289.6,111.7,24.4,28.5,424.5,225.0
9.9,5.3,288.8,111.7,24.4,28.6,428.6,225.0
10.0,5.3,289.0,111.7,24.4,28.6,428.5,224.7
10.0,5.3,288.3,111.7,24.4,28.6,428.2,224.5
9.9,5.3,289.0,112.4,24.5,28.6,426.8,224.5
10.0,5.3,289.1,112.4,24.5,28.6,427.4,224.3
9.9,5.3,288.6,112.4,24.5,28.6,426.2,224.8
10.0,5.3,288.0,112.4,24.5,28.7,428.7,225.0
10.0,5.4,288.5,112.4,24.5,28.7,429.5,225.2
10.0,5.3,288.3,112.4,24.6,28.7,428.6,225.1
10.0,5.4,288.7,112.4,24.6,28.8,428.4,225.0
10.0,5.4,288.0,112.4,24.6,28.8,429.0,224.9
10.0,5.3,289.4,113.1,24.6,28.7,429.3,225.5
10.0,5.4,288.9,113.1,24.6,28.9,429.3,226.3
10.0,5.3,287.8,113.1,24.7,28.9,427.2,226.1
10.1,5.4,289.5,113.1,24.8,29.0,428.4,226.2
10.0,5.3,288.2,113.1,24.8,29.0,428.8,226.4
10.0,5.4,289.1,113.1,24.8,29.0,426.0,226.7
10.0,5.4,288.9,113.8,24.8,29.0,421.8,226.2
10.1,5.4,289.6,113.8,24.8,29.0,429.1,226.1
10.1,5.4,288.7,113.8,24.9,29.0,429.0,226.2
10.1,5.4,288.1,113.8,24.9,29.0,427.6,226.0
10.2,5.5,288.7,113.8,24.9,29.1,428.1,226.4
10.2,5.4,288.6,114.5,24.9,29.1,429.1,229.7
10.2,5.4,289.5,114.5,24.9,29.1,429.4,230.0
10.1,5.4,288.3,114.5,24.9,29.2,427.9,230.7
10.2,5.4,288.7,115.1,25.0,29.2,428.8,232.4
10.1,5.3,288.8,115.1,25.0,29.3,428.8,232.5
10.2,5.3,288.6,115.1,25.0,29.2,427.8,232.9
10.1,5.4,288.8,115.1,25.1,29.4,429.4,233.2
10.1,5.3,288.3,115.1,25.1,29.4,429.5,232.9
10.1,5.3,289.1,115.1,25.1,29.4,427.2,233.1
10.1,5.3,287.8,115.8,25.1,29.4,426.9,232.7
10.1,5.4,288.1,115.8,25.1,29.4,428.3,232.5
10.1,5.3,288.2,115.8,25.2,29.4,421.7,231.9
10.1,5.3,288.2,115.8,25.1,29.5,429.1,231.3
10.1,5.3,288.2,115.8,25.2,29.5,427.3,231.3
10.1,5.4,288.0,115.8,25.2,29.5,430.0,230.8
10.1,5.3,288.3,115.8,25.2,29.5,427.7,231.4
10.1,5.3,287.6,116.5,25.3,29.5,428.3,231.6
10.0,5.3,288.5,115.8,25.3,29.6,429.2,231.4
10.1,5.3,288.0,116.5,25.3,29.6,430.1,231.6
10.0,5.3,287.9,116.5,25.4,29.6,428.1,232.5
10.1,5.3,288.9,116.5,25.4,29.6,426.9,233.2
10.1,5.3,288.3,116.5,25.4,29.7,429.5,233.2
10.0,5.3,288.6,116.5,25.4,29.7,428.1,234.7
10.1,5.3,287.8,117.2,25.5,29.7,428.1,236.1
10.1,5.3,288.9,117.2,25.5,29.8,428.2,235.7
10.1,5.3,288.1,117.2,25.5,29.8,427.5,235.1
10.0,5.3,289.0,117.2,25.5,29.9,428.8,235.3
10.1,5.3,288.4,117.2,25.5,29.9,423.4,235.2
10.1,5.3,287.6,117.2,25.5,29.9,427.6,235.8
10.1,5.3,289.0,117.9,25.6,29.9,427.2,236.2
10.1,5.3,289.6,117.9,25.6,30.0,428.2,236.3
10.0,5.3,289.2,117.9,25.6,30.0,429.1,236.5
10.1,5.3,288.9,117.9,25.6,30.0,427.1,236.0
10.0,5.3,289.0,117.9,25.7,30.0,428.8,235.5
10.1,5.3,289.0,117.9,25.7,30.0,428.7,234.8
10.0,5.3,287.8,117.9,25.7,30.0,428.9,234.4
10.0,5.3,288.4,118.6,25.8,30.0,424.9,234.2
10.0,5.3,288.2,117.9,25.8,30.0,429.5,234.6
10.1,5.3,288.4,118.6,25.8,30.0,430.1,234.9
10.0,5.3,288.2,118.6,25.8,30.1,428.9,235.7
10.0,5.3,289.6,118.6,25.8,30.1,428.9,236.2
10.1,5.3,289.1,118.6,25.9,30.1,429.5,236.5
10.0,5.3,289.0,118.6,25.8,30.1,428.7,236.8
10.1,5.3,287.8,119.3,25.9,30.2,423.7,236.6
10.1,5.3,288.4,119.3,26.0,30.2,428.7,236.7
10.1,5.3,287.7,119.3,25.9,30.2,428.7,237.0
10.1,5.3,289.4,119.3,26.0,30.3,429.9,236.5
10.1,5.3,288.2,119.3,26.0,30.3,429.3,235.8
10.0,5.3,288.4,119.3,26.0,30.3,429.3,236.3
10.1,5.3,288.7,119.3,26.0,30.4,428.1,236.8
10.1,5.3,288.4,119.3,26.0,30.4,429.3,237.1
10.1,5.3,289.1,119.3,26.0,30.4,428.3,236.6
10.0,5.3,288.2,119.3,26.0,30.4,429.1,237.7
10.0,5.3,288.9,119.3,26.0,30.4,427.9,238.1
10.1,5.3,288.9,120.0,26.1,30.4,427.9,238.2
10.1,5.3,289.3,120.0,26.1,30.5,429.4,238.5
10.2,5.4,288.5,120.0,26.1,30.4,428.6,238.3
10.1,5.3,288.1,120.0,26.1,30.5,429.3,238.5
10.1,5.4,288.2,120.0,26.1,30.5,422.2,238.0
10.1,5.3,288.4,120.0,26.1,30.5,426.6,237.8
10.1,5.3,288.8,120.0,26.2,30.5,425.6,238.0
10.1,5.4,288.9,120.0,26.2,30.6,428.2,237.7
10.1,5.3,288.4,120.7,26.3,30.6,429.6,237.2
10.1,5.4,288.8,120.7,26.3,30.6,431.3,236.8
10.1,5.4,288.5,120.7,26.3,30.6,428.7,236.6
10.2,5.4,287.9,120.7,26.3,30.6,428.9,236.7
10.1,5.3,288.2,120.7,26.3,30.7,429.4,237.0
10.1,5.4,288.3,120.7,26.3,30.7,427.5,237.1
10.1,5.3,289.5,120.7,26.4,30.7,429.2,237.4
10.1,5.3,288.4,120.7,26.4,30.7,427.6,237.6
10.1,5.3,289.2,121.4,26.4,30.7,428.3,238.6
10.2,5.4,287.7,121.4,26.5,30.8,422.0,238.2
10.1,5.4,287.8,120.7,26.4,30.8,426.6,238.6
10.1,5.4,288.1,121.4,26.4,30.7,428.6,239.2
10.1,5.4,287.7,121.4,26.5,30.8,427.7,239.1
10.1,5.4,288.8,121.4,26.4,30.8,427.0,239.9
10.2,5.4,288.5,121.4,26.5,30.8,428.5,239.8
10.2,5.4,287.9,121.4,26.5,30.9,427.9,239.6
10.1,5.4,288.9,121.4,26.5,30.9,428.2,238.9
10.1,5.3,288.1,122.0,26.5,30.9,426.5,239.1
10.2,5.4,287.5,122.0,26.6,30.9,427.6,239.6
10.2,5.4,287.6,122.0,26.5,31.0,427.4,240.0
10.2,5.4,289.3,122.0,26.6,31.0,429.4,239.7
10.2,5.4,288.5,122.0,26.6,31.0,426.9,239.5
10.2,5.4,288.3,122.0,26.6,31.0,429.6,238.8
10.2,5.4,287.7,122.7,26.6,31.0,424.1,238.4
10.2,5.4,287.7,122.0,26.6,31.1,424.9,238.0
10.2,5.4,288.3,122.0,26.6,31.0,429.2,238.6
10.1,5.4,288.1,122.0,26.7,31.1,427.9,239.0
10.2,5.4,287.9,122.7,26.8,31.1,428.0,240.0
10.2,5.4,288.8,122.7,26.8,31.1,426.8,240.3
10.2,5.4,289.0,122.7,26.8,31.1,430.2,241.1
10.2,5.4,287.7,122.7,26.8,31.1,429.5,241.1
10.2,5.4,288.9,122.7,26.8,31.2,425.5,241.3
10.2,5.4,288.4,123.4,26.8,31.1,429.4,240.7
10.2,5.4,287.6,122.7,26.8,31.2,428.1,240.3
10.2,5.4,287.8,123.4,26.8,31.1,429.4,240.5
10.2,5.4,288.0,123.4,26.8,31.2,429.0,240.5
10.2,5.4,287.7,123.4,26.9,31.2,429.2,240.4
10.2,5.4,288.3,123.4,26.8,31.2,423.5,240.6
10.1,5.3,287.4,123.4,27.0,31.3,421.8,240.9
10.2,5.4,289.3,123.4,27.0,31.4,430.4,241.0
10.2,5.4,289.4,123.4,27.0,31.4,426.6,240.7
10.2,5.4,287.4,123.4,27.0,31.4,429.4,241.3
10.1,5.3,288.6,123.4,27.0,31.4,428.4,241.7
10.1,5.3,289.1,124.1,27.0,31.4,426.6,241.6
10.1,5.4,288.7,123.4,27.0,31.4,428.6,241.7
10.1,5.4,289.4,124.1,27.0,31.4,428.6,241.4
10.2,5.4,288.7,124.1,27.0,31.4,428.8,240.8
10.2,5.4,287.8,124.1,27.1,31.5,427.3,239.9
10.2,5.3,287.6,124.1,27.0,31.5,427.7,242.1
10.2,5.3,288.5,124.8,27.1,31.5,427.4,242.3
10.2,5.3,288.7,124.1,27.1,31.5,427.4,242.8
10.1,5.3,289.4,124.1,27.1,31.5,429.0,243.9
10.1,5.3,288.0,124.8,27.1,31.5,421.4,245.8
10.2,5.3,288.1,124.8,27.1,31.6,430.0,247.0
10.2,5.3,288.9,124.8,27.1,31.6,428.8,246.3
10.1,5.2,288.5,125.5,27.2,31.6,426.8,246.2
10.1,5.2,287.4,124.8,27.1,31.6,429.2,247.1
10.2,5.3,288.8,125.5,27.2,31.6,428.4,246.8
10.2,5.3,287.9,125.5,27.3,31.7,430.2,246.8
10.1,5.3,288.1,125.5,27.3,31.7,427.6,245.3
10.1,5.3,287.8,125.5,27.3,31.7,426.9,244.9
10.2,5.3,287.1,125.5,27.3,31.7,428.3,244.6
10.1,5.3,287.8,125.5,27.4,31.8,428.8,245.6
10.2,5.3,288.4,125.5,27.3,31.7,427.9,245.5
10.2,5.3,288.0,125.5,27.4,31.7,426.9,244.7
10.1,5.3,288.5,125.5,27.3,31.7,429.1,244.1
10.1,5.3,288.0,125.5,27.4,31.7,429.1,243.1
10.1,5.3,287.0,125.5,27.4,31.8,428.2,242.3
10.0,5.3,287.9,125.5,27.4,31.7,431.2,242.5
10.1,5.3,287.7,125.5,27.4,31.8,427.4,243.0
10.0,5.3,287.3,125.5,27.4,31.8,429.0,243.1
10.1,5.3,288.2,125.5,27.3,31.7,421.9,243.0
10.1,5.3,287.1,125.5,27.4,31.8,422.1,242.7
10.0,5.2,287.5,125.5,27.3,31.7,429.9,242.7
10.0,5.3,287.2,125.5,27.4,31.8,427.8,242.6
10.1,5.3,287.6,125.5,27.4,31.7,431.1,243.9
10.1,5.3,288.0,125.5,27.4,31.8,427.8,244.2
10.1,5.3,287.8,126.2,27.4,31.8,430.3,245.0
10.1,5.3,285.2,126.2,27.4,31.8,429.7,245.4
10.1,5.3,285.8,126.2,27.4,31.8,430.4,246.6
10.2,5.3,286.5,125.5,27.4,31.8,428.5,246.8
10.2,5.3,285.9,125.5,27.4,31.8,430.3,246.6
10.2,5.3,286.8,125.5,27.3,31.7,428.7,246.7
10.2,5.3,286.1,124.8,27.2,31.7,429.0,245.8
10.2,5.3,285.3,124.8,27.1,31.6,429.1,245.5
10.2,5.3,285.9,124.8,27.1,31.6,427.9,245.0
10.2,5.3,285.8,124.8,27.1,31.6,429.0,244.6
10.2,5.3,285.0,124.8,27.1,31.6,431.5,244.2
10.2,5.3,286.0,124.8,27.1,31.5,428.3,243.5
10.2,5.3,285.7,124.1,27.1,31.5,428.3,243.9
10.2,5.3,285.9,124.1,27.0,31.5,422.9,243.6
10.2,5.3,285.7,123.4,26.9,31.5,428.8,242.7
10.2,5.3,284.8,124.1,26.9,31.4,428.3,242.9
10.2,5.3,285.2,124.1,26.9,31.4,430.0,243.2
10.2,5.3,285.9,124.1,26.9,31.4,427.1,243.1
10.3,5.4,285.2,124.1,26.9,31.4,429.2,242.5
10.2,5.3,284.5,124.1,26.9,31.4,429.2,242.3
10.3,5.4,284.7,123.4,26.9,31.4,429.4,241.8
10.3,5.3,284.1,123.4,26.8,31.3,429.1,241.7
10.3,5.4,284.6,123.4,26.8,31.3,428.8,242.0
10.3,5.4,284.3,123.4,26.8,31.3,428.7,242.0
10.2,5.3,285.2,122.7,26.8,31.2,426.0,241.4
10.3,5.3,285.8,122.7,26.8,31.1,428.8,240.9
10.3,5.4,285.2,122.7,26.8,31.1,428.5,241.1
10.3,5.3,284.0,122.7,26.8,31.1,427.3,240.9
10.3,5.3,284.7,122.7,26.6,31.1,429.2,240.9
10.3,5.3,284.0,122.7,26.6,31.0,429.5,240.5
10.3,5.3,284.1,122.7,26.6,31.1,428.1,240.9
10.3,5.4,284.5,122.7,26.6,31.1,422.2,240.5
10.3,5.3,285.5,122.7,26.6,31.1,427.4,242.4
10.3,5.4,284.8,122.7,26.6,31.0,428.8,242.2
10.3,5.3,285.1,122.0,26.5,31.0,428.7,242.4
10.3,5.3,285.3,122.0,26.5,31.0,427.4,243.5
10.3,5.3,285.2,122.0,26.5,31.0,429.1,244.8
10.3,5.4,284.7,122.0,26.5,31.0,428.3,245.2
10.3,5.4,284.7,122.0,26.5,31.0,426.7,246.8
10.3,5.3,284.4,122.0,26.5,30.9,426.5,246.6
10.3,5.3,284.5,122.7,26.5,31.1,402.1,247.2
10.3,5.3,285.4,123.4,26.6,31.2,419.7,246.5
10.3,5.3,286.5,122.7,26.6,31.2,429.1,244.7
10.1,5.2,285.1,122.0,26.5,31.1,428.3,242.5
10.0,5.1,285.0,121.4,26.5,31.0,427.3,240.6
9.8,5.0,285.7,121.4,26.4,30.9,425.6,237.6
9.7,5.0,285.5,121.4,26.5,30.9,423.0,234.1
9.7,5.0,287.1,120.7,26.5,30.8,430.4,234.0
9.8,5.1,286.9,120.7,26.5,30.7,427.2,234.1
9.9,5.2,286.9,120.7,26.4,30.7,427.3,235.1
10.2,5.4,285.7,120.7,26.4,30.7,429.2,236.2
10.3,5.5,285.4,120.7,26.4,30.7,427.0,241.0
10.6,5.7,285.5,121.4,26.3,30.7,426.3,245.8
10.8,5.4,252.5,124.1,26.3,30.8,336.1,244.7
10.7,5.4,266.8,123.4,26.2,31.2,335.6,244.6
10.7,5.5,266.2,123.4,26.1,31.4,337.4,245.7
10.8,5.6,267.1,124.1,26.1,31.4,336.9,247.6
10.9,5.6,267.2,124.1,26.1,31.4,337.6,249.8
10.9,5.6,265.9,124.1,26.0,31.4,336.8,250.3
10.9,5.6,265.9,124.1,26.1,31.5,337.0,249.6
10.9,5.6,266.4,124.8,26.1,31.5,336.4,249.6
10.9,5.6,267.1,124.8,26.1,31.5,331.1,249.6
10.8,5.5,266.2,124.1,26.1,31.5,337.1,248.8
10.8,5.4,265.8,124.1,26.0,31.5,335.1,249.4
10.8,5.5,266.9,124.1,26.1,31.4,335.5,249.5
10.8,5.6,266.4,124.1,26.0,31.5,336.5,249.4
10.8,5.5,267.1,124.1,26.0,31.5,335.6,250.2
10.9,5.6,266.3,124.1,26.0,31.5,336.3,249.6
10.9,5.6,265.7,124.1,26.1,31.5,334.3,249.6
10.9,5.6,266.2,124.1,26.1,31.5,338.2,249.1
10.8,5.5,266.7,124.8,26.1,31.5,336.9,248.5
10.8,5.5,265.6,124.8,26.2,31.6,335.4,247.8
10.8,5.5,265.4,124.8,26.1,31.5,336.3,247.4
10.8,5.4,266.0,124.8,26.1,31.6,335.2,246.7
10.7,5.4,265.7,124.1,26.1,31.5,335.9,246.0
10.7,5.4,265.1,124.1,26.1,31.5,337.0,246.0
10.5,5.3,264.5,124.1,26.2,31.5,330.9,246.3
10.5,5.3,265.7,124.8,26.2,31.6,332.5,245.8
10.5,5.3,266.4,124.1,26.2,31.6,336.9,245.3
10.4,5.2,266.2,124.1,26.2,31.5,336.4,244.3
10.3,5.1,266.3,124.1,26.2,31.5,336.5,244.3
10.3,5.2,266.1,124.1,26.3,31.5,335.7,243.5
10.3,5.1,265.5,124.1,26.3,31.5,337.4,243.4
10.3,5.1,266.1,124.1,26.3,31.5,336.8,241.5
10.2,5.1,265.6,124.1,26.3,31.5,337.8,240.3
10.2,5.1,265.9,124.1,26.3,31.5,337.5,240.5
10.2,5.1,266.3,124.1,26.3,31.5,334.4,240.6
10.2,5.1,266.0,123.4,26.3,31.5,337.2,238.4
10.1,5.0,266.1,123.4,26.3,31.5,338.3,236.4
10.1,5.1,266.3,123.4,26.3,31.5,332.0,236.3
10.2,5.1,266.1,123.4,26.3,31.5,337.7,233.2
10.0,5.1,266.1,123.4,26.3,31.5,336.6,232.7
10.0,5.1,266.8,122.7,26.3,31.5,336.7,232.7
10.0,5.1,267.2,122.7,26.3,31.4,335.9,229.8
9.9,5.1,266.0,122.7,26.3,31.4,335.7,229.9
9.9,5.1,266.7,122.7,26.3,31.4,336.6,228.1
9.9,5.1,267.2,122.7,26.4,31.4,336.6,228.7
9.9,5.1,268.1,122.7,26.4,31.3,336.6,228.2
9.8,5.1,267.3,122.0,26.4,31.3,336.7,228.1
9.8,5.1,268.1,122.0,26.4,31.3,336.8,227.4
9.8,5.0,267.2,122.0,26.4,31.4,336.0,227.5
9.9,5.1,267.4,122.7,26.4,31.4,335.2,227.3
9.9,5.1,266.5,122.7,26.4,31.4,336.3,222.9
9.8,5.1,267.1,122.0,26.4,31.4,331.6,222.9
9.8,5.1,267.5,122.0,24.0,31.4,332.8,222.3
9.8,5.1,266.5,122.0,23.8,31.3,336.8,218.6
9.8,5.2,266.7,121.4,23.9,31.2,336.5,218.6
9.8,5.2,266.7,121.4,24.0,31.2,336.8,218.5
9.8,5.2,266.3,121.4,23.9,31.2,336.7,218.7
9.8,5.2,267.1,121.4,23.9,31.2,337.3,218.1
9.8,5.1,267.4,121.4,23.8,31.2,335.7,218.3
9.7,5.1,267.5,122.0,24.0,31.2,338.4,218.0
9.7,5.1,267.7,121.4,24.1,31.3,338.1,219.0
9.8,5.4,290.7,119.3,24.0,30.9,429.5,218.6
9.7,5.3,291.9,119.3,24.0,30.7,428.8,218.3
9.7,5.4,290.8,119.3,24.1,30.6,429.5,219.0
9.8,5.4,290.8,120.0,24.1,30.7,429.6,221.7
9.9,5.5,291.0,120.0,24.1,30.7,428.9,221.6
9.9,5.5,291.2,120.0,24.3,30.7,428.3,224.9
10.0,5.5,291.3,120.0,24.2,30.7,430.3,225.4
10.0,5.5,291.4,120.0,24.1,30.7,428.5,224.9
10.0,5.4,290.4,120.7,24.2,30.7,424.1,224.0
9.9,5.4,290.9,120.0,24.0,30.7,429.6,225.5
10.0,5.5,290.4,120.0,24.2,30.7,430.7,225.2
9.9,5.4,290.1,120.0,24.2,30.7,430.6,224.8
9.9,5.4,290.4,120.0,24.1,30.7,429.0,224.5
9.9,5.4,291.3,120.0,24.1,30.7,430.8,224.3
10.0,5.4,289.6,120.0,24.1,30.7,428.9,225.3
10.0,5.4,290.5,120.0,24.0,30.6,430.2,225.4
10.0,5.4,290.6,120.0,24.0,30.6,431.1,224.7
10.0,5.4,290.2,120.0,24.1,30.6,428.5,224.0
10.0,5.4,290.7,120.0,24.1,30.6,428.0,225.7
10.2,5.5,290.6,120.0,24.1,30.6,432.1,228.2
10.1,5.5,290.4,120.0,24.1,30.7,428.7,228.3
10.1,5.4,289.7,120.0,24.1,30.7,430.3,228.0
10.2,5.5,289.9,120.0,23.9,30.6,429.6,227.9
10.2,5.5,289.5,120.0,24.0,30.6,428.4,231.9
10.2,5.5,289.8,120.7,24.1,30.6,429.8,232.7
10.2,5.4,290.6,120.7,24.0,30.6,428.9,232.5
10.2,5.4,290.7,120.0,24.1,30.7,428.3,232.2
10.2,5.4,290.0,120.7,24.1,30.6,427.8,232.8
10.2,5.5,288.9,120.7,24.1,30.7,430.0,231.7
10.2,5.4,289.8,120.0,24.1,30.6,427.5,234.3
10.2,5.4,289.8,120.7,24.0,30.6,428.8,235.8
10.3,5.4,290.0,120.7,24.1,30.6,429.3,236.2
10.2,5.4,290.0,120.7,23.9,30.7,430.2,236.4
10.3,5.4,291.0,120.7,24.0,30.7,427.4,236.5
10.3,5.4,291.3,120.7,23.9,30.7,428.5,236.8
10.3,5.4,290.5,120.7,24.1,30.6,423.7,237.9
10.2,5.4,289.9,120.7,24.0,30.7,429.4,239.0
10.3,5.4,289.8,120.7,24.0,30.7,427.9,238.2
10.2,5.4,290.6,120.7,24.0,30.7,429.3,241.3
10.3,5.4,290.4,120.7,24.0,30.7,428.6,243.2
10.3,5.4,291.0,121.4,24.0,30.7,428.8,244.4
10.3,5.4,291.8,121.4,24.1,30.7,430.6,244.2
10.3,5.4,290.7,121.4,24.1,30.7,430.2,244.7
10.3,5.4,290.9,121.4,24.1,30.7,430.9,244.9
10.3,5.4,290.9,120.7,24.1,30.7,428.0,244.1
10.3,5.4,289.4,121.4,24.1,30.7,428.7,243.6
10.3,5.4,291.2,121.4,24.1,30.7,430.0,243.0
10.3,5.4,290.3,121.4,24.0,30.7,428.0,242.5
10.3,5.4,290.9,121.4,23.9,30.7,429.9,241.8
10.3,5.4,291.5,121.4,24.0,30.7,429.2,244.7
10.3,5.4,290.7,121.4,24.1,30.7,429.3,244.0
10.3,5.4,290.0,121.4,23.9,30.7,430.0,243.2
10.3,5.3,289.9,121.4,24.0,30.7,429.0,243.0
10.3,5.3,290.9,120.7,23.9,30.7,428.4,242.8
10.3,5.4,289.8,120.7,24.0,30.7,429.5,244.6
10.3,5.3,289.9,120.7,23.9,30.7,428.6,245.4
10.3,5.3,290.0,121.4,23.9,30.7,428.3,246.0
10.3,5.3,290.5,121.4,24.0,30.7,428.9,246.1
10.3,5.3,290.6,121.4,24.0,30.7,429.7,248.2
10.3,5.3,290.3,121.4,24.0,30.7,423.9,248.8
10.3,5.3,290.0,121.4,24.0,30.7,421.1,248.0
10.3,5.3,290.2,121.4,23.9,30.7,428.5,248.2
10.3,5.3,290.9,121.4,24.0,30.7,428.1,248.1
10.3,5.3,290.8,121.4,24.0,30.7,430.8,247.7
10.3,5.3,291.4,121.4,24.0,30.7,429.4,247.4
10.3,5.3,289.4,121.4,24.0,30.7,428.9,247.1
10.3,5.3,289.8,121.4,24.0,30.7,427.8,246.5
10.3,5.3,290.4,121.4,23.9,30.7,429.9,246.6
10.3,5.3,289.6,120.7,23.9,30.6,430.3,246.8
10.3,5.3,289.5,121.4,23.8,30.7,429.6,247.3
10.3,5.3,290.9,121.4,23.8,30.6,429.3,247.8
10.3,5.3,289.5,121.4,23.9,30.6,427.2,248.8
10.3,5.3,290.6,121.4,23.9,30.6,427.5,249.1
10.3,5.3,291.8,121.4,24.0,30.6,429.7,249.1
10.3,5.3,291.6,121.4,24.0,30.7,427.9,249.4
10.4,5.3,291.7,121.4,23.9,30.7,427.6,248.3
10.3,5.3,291.1,120.7,24.0,30.7,429.4,248.0
10.3,5.3,290.4,120.7,23.9,30.6,430.4,248.3
10.3,5.3,290.9,121.4,23.9,30.6,429.6,248.1
10.4,5.3,290.7,121.4,23.9,30.7,427.9,246.9
10.3,5.3,290.1,121.4,23.9,30.7,423.1,247.3
10.3,5.3,290.9,121.4,23.9,30.7,422.8,245.8
10.4,5.4,289.1,121.4,23.9,30.6,430.9,247.1
10.3,5.3,290.5,121.4,23.9,30.6,429.1,247.4
10.3,5.3,289.1,121.4,23.9,30.7,430.4,246.5
10.3,5.3,288.8,120.7,23.9,30.7,430.7,246.8
10.3,5.3,290.3,120.7,23.9,30.6,430.0,246.3
10.3,5.3,289.4,121.4,24.0,30.6,430.0,247.0
10.3,5.3,290.2,121.4,24.0,30.6,429.2,247.2
10.3,5.3,291.1,121.4,24.0,30.7,430.7,247.8
10.3,5.3,291.2,121.4,24.0,30.6,430.9,247.7
10.3,5.3,290.3,120.7,24.0,30.6,431.3,248.1
10.3,5.3,290.2,121.4,24.0,30.6,429.4,248.3
10.3,5.3,291.8,121.4,23.9,30.6,431.0,248.0
10.3,5.3,290.8,121.4,23.9,30.6,430.8,248.1
10.3,5.3,291.2,121.4,23.9,30.6,429.0,247.4
10.3,5.3,291.3,120.7,23.8,30.6,429.7,246.9
10.3,5.3,290.7,120.7,23.8,30.6,431.3,246.9
10.3,5.3,290.9,120.7,23.8,30.6,429.5,247.7
10.3,5.3,291.8,121.4,23.8,30.6,430.3,248.0
10.3,5.3,291.0,120.7,23.8,30.6,429.5,247.7
10.3,5.3,290.9,120.7,23.8,30.6,428.4,246.8
10.3,5.3,291.1,120.7,23.8,30.6,430.1,247.4
10.3,5.3,291.0,120.7,23.8,30.6,423.2,249.0
10.3,5.3,290.9,121.4,23.8,30.6,425.6,249.7
10.3,5.3,291.3,120.7,23.9,30.6,430.7,249.8
10.3,5.3,290.9,120.7,23.9,30.6,429.7,251.5
10.4,5.4,290.6,121.4,23.8,30.6,429.2,252.1
10.4,5.3,290.9,121.4,23.9,30.6,429.8,251.6
10.3,5.3,291.4,121.4,23.9,30.6,428.0,251.5
10.3,5.3,291.6,121.4,23.9,30.6,428.5,251.3
10.3,5.3,291.4,121.4,23.9,30.7,428.2,251.5
10.3,5.3,291.4,121.4,23.9,30.6,427.3,251.3
10.3,5.3,291.7,121.4,23.9,30.6,428.2,250.9
10.4,5.3,291.6,120.7,23.9,30.6,429.9,250.4
10.3,5.3,291.5,121.4,23.9,30.6,429.4,250.2
10.3,5.3,290.2,121.4,23.8,30.6,429.1,250.1
10.3,5.3,291.0,121.4,23.9,30.6,429.0,248.7
10.3,5.3,290.9,120.7,23.8,30.6,428.7,247.6
10.3,5.3,290.2,120.7,23.9,30.6,429.8,247.5
10.2,5.3,290.5,120.7,23.8,30.5,428.5,248.1
10.3,5.3,290.3,120.7,23.8,30.5,429.3,247.6
10.3,5.3,289.9,120.7,23.8,30.5,429.7,246.2
10.2,5.3,290.4,120.7,23.8,30.5,428.7,246.3
10.3,5.3,290.5,120.7,23.8,30.5,423.8,245.7
10.2,5.3,290.9,120.7,23.9,30.5,431.1,246.3
10.3,5.3,289.6,120.7,23.8,30.5,429.0,246.4
10.3,5.3,290.5,120.7,23.9,30.5,429.7,247.0
10.3,5.2,290.3,120.7,23.9,30.5,430.3,246.8
10.2,5.2,290.2,120.7,23.9,30.6,428.3,246.7
10.2,5.2,290.3,120.7,23.9,30.5,429.4,245.4
10.2,5.2,290.8,120.7,23.9,30.5,427.4,245.2
10.3,5.3,290.7,120.0,23.9,30.5,429.3,245.8
10.3,5.3,289.8,120.7,23.9,30.4,429.4,246.8
10.3,5.3,289.7,120.7,23.9,30.5,428.5,247.0
10.2,5.3,291.3,120.7,23.9,30.5,430.4,247.6
10.3,5.3,290.1,120.7,23.9,30.5,429.7,247.1
10.3,5.3,290.3,120.7,23.9,30.5,430.2,246.9
10.3,5.3,290.6,120.7,23.9,30.5,430.2,246.8
10.2,5.3,291.5,120.7,23.9,30.5,429.1,246.2
10.2,5.3,291.2,120.7,23.8,30.5,430.8,246.3
10.3,5.3,291.2,120.7,23.8,30.5,429.6,246.0
10.3,5.3,291.0,120.0,23.8,30.4,429.6,245.4
10.2,5.3,290.9,120.0,23.8,30.5,428.7,245.3
10.2,5.3,290.8,120.7,23.8,30.5,423.5,245.2
10.3,5.3,290.1,120.0,23.8,30.5,428.9,245.6
10.2,5.3,290.8,120.0,23.9,30.5,430.4,245.9
10.3,5.3,291.4,120.0,24.0,30.5,431.6,246.2
10.3,5.3,290.7,120.7,24.0,30.5,431.0,246.1
10.3,5.3,290.8,120.7,24.0,30.5,428.2,246.1
10.3,5.3,290.1,120.0,23.9,30.5,430.8,245.9
10.3,5.3,291.3,120.0,23.9,30.5,429.6,245.3
10.2,5.3,290.6,120.0,23.9,30.4,427.8,245.3
10.3,5.3,290.2,120.7,23.9,30.5,431.0,245.7
10.2,5.3,291.3,120.0,23.8,30.5,429.9,244.5
10.2,5.3,290.6,120.0,23.8,30.4,429.4,244.5
10.3,5.3,291.1,120.0,23.8,30.4,430.6,244.2
10.2,5.2,290.7,120.0,23.8,30.4,430.8,243.2
10.3,5.3,291.0,120.0,23.9,30.4,430.1,243.0
10.2,5.3,290.3,120.0,23.8,30.4,430.4,241.8
10.2,5.3,291.9,120.0,23.9,30.4,430.9,242.6
10.2,5.3,291.1,120.0,23.8,30.4,429.8,243.1
10.3,5.3,292.1,119.3,23.9,30.4,430.7,244.6
10.2,5.3,290.7,120.0,23.9,30.4,425.1,245.2
10.2,5.3,290.8,120.0,23.9,30.4,423.8,246.3
10.2,5.3,292.4,120.0,24.0,30.4,432.2,246.3
10.2,5.3,292.0,119.3,23.9,30.4,429.7,246.1
10.1,5.2,292.0,120.0,24.0,30.4,429.6,246.8
10.3,5.3,291.0,120.0,24.0,30.4,430.2,246.6
10.2,5.3,291.0,120.0,23.9,30.4,429.5,246.9
10.2,5.3,290.5,120.0,23.9,30.4,427.8,245.8
10.2,5.3,292.0,120.0,23.9,30.4,431.7,245.1
10.2,5.3,291.0,120.0,23.9,30.4,429.2,244.6
10.2,5.3,290.3,119.3,23.8,30.4,429.1,244.1
10.2,5.3,291.4,119.3,23.8,30.4,428.7,243.3
10.2,5.3,290.5,119.3,23.8,30.3,430.9,243.4
10.2,5.3,290.1,119.3,23.8,30.3,428.2,242.9
10.2,5.3,290.9,119.3,23.7,30.3,428.7,243.4
10.2,5.3,290.8,119.3,23.7,30.3,431.7,243.6
10.3,5.3,290.7,119.3,23.7,30.3,430.4,243.8
10.2,5.3,291.5,119.3,23.8,30.3,430.4,243.3
10.2,5.3,290.3,119.3,23.7,30.4,428.1,243.7
10.2,5.3,290.9,120.0,23.7,30.4,430.9,243.5
10.3,5.3,291.5,120.0,23.7,30.4,429.2,243.5
10.2,5.3,289.7,119.3,23.8,30.4,426.5,243.7
10.2,5.3,291.2,120.0,23.8,30.4,425.3,244.2
10.2,5.3,291.2,120.0,23.8,30.4,427.6,244.6
10.2,5.3,290.9,120.0,23.9,30.4,428.7,245.0
10.3,5.3,291.9,119.3,23.9,30.4,429.8,245.3
10.2,5.3,291.7,119.3,23.8,30.4,431.0,245.4
10.2,5.3,291.3,119.3,23.9,30.4,432.1,244.8
10.3,5.3,291.2,119.3,23.8,30.4,431.1,245.3
10.2,5.3,291.4,119.3,23.8,30.4,430.5,245.9
10.2,5.3,290.6,119.3,23.8,30.3,430.5,245.7
10.2,5.3,291.1,119.3,23.8,30.4,430.5,245.6
10.3,5.3,292.1,119.3,23.7,30.3,430.5,244.9
10.2,5.3,291.2,119.3,23.6,30.3,430.2,245.1
10.3,5.3,291.1,119.3,23.7,30.2,430.0,245.2
10.3,5.4,291.1,119.3,23.7,30.2,429.7,244.3
10.2,5.3,291.0,119.3,23.7,30.2,429.7,244.2
10.3,5.3,290.4,119.3,23.7,30.3,429.4,243.7
10.3,5.4,290.9,120.0,23.8,30.2,430.0,242.9
10.3,5.4,290.3,119.3,23.8,30.3,429.7,242.5
10.3,5.4,290.9,119.3,23.7,30.3,430.4,242.7
10.3,5.3,290.3,119.3,23.8,30.3,423.8,242.7
10.3,5.3,290.3,119.3,23.7,30.3,425.2,243.0
10.3,5.3,290.9,119.3,23.7,30.3,430.0,243.7
10.3,5.3,291.1,119.3,23.7,30.4,430.2,245.5
10.3,5.4,291.2,119.3,23.6,30.3,431.0,245.8
10.3,5.4,291.0,120.0,23.7,30.3,430.3,245.9
10.3,5.3,291.1,120.0,23.7,30.4,430.4,245.3
10.3,5.4,290.1,120.0,23.8,30.4,429.2,246.5
10.3,5.4,290.7,120.0,23.8,30.3,430.3,246.1
10.3,5.3,290.7,120.0,23.8,30.4,427.8,246.3
10.3,5.3,291.5,120.0,23.8,30.4,429.5,246.4
10.3,5.4,290.9,120.0,23.8,30.4,433.5,245.8
10.3,5.4,290.7,120.0,23.8,30.4,428.6,245.6
10.3,5.4,290.7,119.3,23.8,30.3,428.4,246.0
10.3,5.4,290.8,119.3,23.8,30.3,429.5,245.6
10.3,5.3,289.9,119.3,23.8,30.4,428.1,246.4
10.3,5.4,291.4,119.3,23.7,30.3,430.1,248.6
10.3,5.3,291.0,119.3,23.8,30.3,432.3,248.2
10.3,5.3,290.9,119.3,23.7,30.3,431.3,248.8
10.3,5.3,290.8,120.0,23.7,30.4,425.5,249.0
10.3,5.3,291.4,120.0,23.8,30.3,429.4,248.8
10.3,5.3,291.4,120.0,23.8,30.3,428.6,249.3
10.3,5.4,290.8,120.0,23.8,30.3,430.5,248.8
10.3,5.3,291.2,119.3,23.8,30.3,428.6,248.0
10.3,5.3,291.6,119.3,23.8,30.4,428.7,247.2
10.3,5.3,291.0,119.3,23.8,30.2,429.5,247.0
10.3,5.3,291.7,119.3,23.7,30.3,430.1,246.4
10.3,5.3,290.8,119.3,23.7,30.2,429.0,246.0
10.3,5.3,291.5,119.3,23.7,30.2,428.2,246.4
10.3,5.3,291.4,119.3,23.8,30.4,428.9,246.3
10.3,5.4,291.7,119.3,23.8,30.2,431.2,245.0
10.2,5.3,289.6,119.3,23.8,30.3,428.5,245.0
10.3,5.3,290.6,119.3,23.8,30.2,430.5,244.8
10.3,5.3,290.6,119.3,23.8,30.2,430.1,245.1
10.3,5.3,291.6,119.3,23.7,30.2,430.5,247.8
10.3,5.3,290.7,119.3,23.7,30.2,433.1,248.5
10.3,5.3,290.3,120.0,23.7,30.2,424.4,248.5
10.3,5.3,291.0,120.0,23.7,30.4,424.0,248.9
10.3,5.3,291.1,120.0,23.8,30.3,429.9,249.4
10.3,5.3,290.6,120.0,23.7,30.3,430.8,249.3
10.3,5.3,291.0,120.0,23.7,30.3,429.7,250.5
10.3,5.3,291.1,119.3,23.7,30.3,429.5,250.5
10.3,5.2,290.4,119.3,23.7,30.4,428.5,250.2
10.2,5.2,291.1,120.0,23.8,30.3,431.6,250.3
10.2,5.2,291.2,120.0,23.8,30.4,429.7,250.5
10.3,5.2,291.0,120.0,23.7,30.3,432.3,250.6
10.3,5.2,290.5,120.0,23.8,30.3,430.0,250.5
10.3,5.2,290.2,120.0,23.8,30.4,430.3,250.2
10.2,5.2,289.8,120.0,23.7,30.4,429.0,250.5
10.3,5.3,290.7,120.0,23.8,30.4,428.3,250.8
10.3,5.2,291.9,120.0,23.7,30.4,430.4,251.1
10.2,5.2,291.1,120.7,23.8,30.4,429.4,250.3
10.2,5.2,291.2,120.0,23.8,30.4,430.1,249.9
10.2,5.2,291.2,120.0,23.8,30.4,423.7,250.1
10.2,5.2,290.5,120.0,23.8,30.4,426.1,249.5
10.2,5.2,290.6,120.0,23.8,30.4,430.4,249.4
10.2,5.2,290.7,120.0,23.8,30.4,429.0,248.7
10.2,5.2,290.4,120.0,23.8,30.4,429.3,248.2
10.2,5.2,290.1,120.0,23.7,30.4,428.2,247.9
10.2,5.2,290.3,120.0,23.8,30.4,429.3,247.6
10.2,5.2,291.1,120.0,23.8,30.4,429.9,247.3
10.2,5.2,290.6,120.0,23.8,30.4,431.4,247.0
10.2,5.2,289.5,120.0,23.8,30.3,432.1,248.6
10.2,5.2,290.3,120.0,23.8,30.4,429.8,247.4
10.2,5.2,290.7,120.0,23.8,30.4,428.2,248.3
10.2,5.2,290.8,120.0,23.8,30.4,429.6,247.9
10.1,5.2,289.9,120.0,23.8,30.4,430.9,247.3
10.2,5.2,290.7,120.0,23.8,30.4,429.8,246.6
10.1,5.2,291.1,120.0,23.9,30.4,431.5,247.2
10.2,5.2,290.9,120.0,23.8,30.4,428.4,246.5
10.1,5.2,290.6,119.3,23.8,30.4,431.3,246.1
10.1,5.2,290.7,119.3,23.8,30.4,430.7,246.2
10.2,5.2,290.8,120.0,23.8,30.4,424.4,246.2
10.2,5.2,290.4,119.3,23.8,30.4,429.8,245.8
10.2,5.2,291.0,119.3,23.8,30.4,428.9,246.6
10.2,5.2,291.2,120.0,23.8,30.4,429.5,247.0
10.2,5.2,290.4,119.3,23.8,30.3,431.0,247.4
10.2,5.2,291.8,119.3,23.8,30.4,430.0,247.8
10.1,5.2,291.6,119.3,23.8,30.4,431.1,248.5
10.2,5.2,291.0,120.0,23.9,30.4,429.0,248.7
10.1,5.2,290.4,120.0,23.9,30.3,431.2,248.7
10.1,5.2,291.1,119.3,23.9,30.4,431.8,248.9
10.2,5.2,291.7,120.0,23.9,30.4,430.2,248.2
10.2,5.2,291.0,120.0,23.9,30.4,430.3,248.0
10.1,5.2,291.1,120.0,24.0,30.4,427.7,247.6
10.1,5.2,290.3,120.0,24.0,30.4,430.2,246.9
10.1,5.2,291.9,120.0,23.9,30.4,430.7,246.6
10.2,5.2,290.9,120.0,24.0,30.4,431.1,245.9
10.1,5.2,291.5,120.0,24.0,30.4,429.6,245.6
10.1,5.2,290.5,120.0,24.0,30.4,427.6,245.7
10.2,5.2,291.1,120.0,24.0,30.4,424.4,245.4
10.1,5.2,290.7,120.0,24.0,30.5,429.8,245.8
10.2,5.2,290.7,120.0,24.0,30.4,430.0,246.0
10.1,5.2,291.0,120.0,24.0,30.5,429.3,246.2
10.1,5.2,290.5,120.0,24.0,30.4,430.6,246.0
10.1,5.2,290.2,120.0,24.1,30.5,431.0,245.7
10.1,5.2,290.9,120.0,24.1,30.5,430.1,246.3
10.1,5.2,290.5,120.7,24.1,30.5,431.2,245.9
10.2,5.2,290.3,120.0,24.1,30.5,432.5,246.1
10.2,5.2,291.4,120.7,24.1,30.5,428.2,245.6
10.1,5.2,290.4,120.7,24.0,30.5,427.8,245.9
10.2,5.2,291.1,120.7,24.1,30.5,430.7,245.8
10.2,5.2,291.0,120.7,24.0,30.6,430.4,245.6
10.1,5.2,289.9,120.7,24.0,30.6,429.1,245.7
10.2,5.2,291.1,120.0,24.0,30.5,431.6,246.4
10.1,5.2,291.1,120.7,24.1,30.6,429.9,246.3
10.1,5.2,289.8,120.7,24.0,30.6,424.9,246.6
10.1,5.2,290.6,121.4,24.1,30.6,429.9,246.2
10.2,5.3,290.8,120.7,24.1,30.6,429.7,246.7
10.2,5.2,290.8,121.4,24.1,30.6,431.3,245.5
10.1,5.2,291.0,120.7,24.1,30.6,430.8,245.7
10.1,5.2,291.1,120.7,24.1,30.6,429.6,245.8
10.2,5.2,291.1,120.7,24.1,30.6,429.2,246.1
10.2,5.3,291.6,120.7,24.1,30.7,431.7,246.6
10.2,5.3,290.9,121.4,24.1,30.7,429.8,246.1
10.2,5.2,290.5,121.4,24.1,30.7,430.4,246.6
10.2,5.2,290.7,120.7,24.1,30.6,429.3,246.3
10.2,5.3,290.8,120.7,24.1,30.7,429.8,246.0
10.2,5.3,290.4,120.7,24.0,30.7,429.7,245.3
10.2,5.2,290.4,120.7,24.0,30.7,429.3,245.6
10.2,5.3,289.8,120.7,24.0,30.6,431.2,245.4
10.2,5.3,290.9,120.7,24.1,30.7,430.2,245.6
10.3,5.3,291.0,120.7,24.1,30.7,430.4,245.5
10.2,5.3,289.9,120.7,24.1,30.7,429.2,245.3
10.1,5.3,290.6,121.4,24.1,30.7,426.5,245.0
10.2,5.3,290.3,120.7,24.2,30.7,428.3,245.1
10.2,5.3,291.1,121.4,24.1,30.7,430.1,245.9
10.3,5.3,290.3,121.4,24.1,30.7,430.0,245.9
10.2,5.3,290.7,121.4,24.2,30.7,432.4,246.0
10.2,5.3,291.5,121.4,24.2,30.7,429.1,244.9
10.2,5.3,290.8,121.4,24.2,30.7,431.0,244.9
10.2,5.3,290.7,121.4,24.2,30.7,431.8,245.3
10.3,5.3,290.9,121.4,24.1,30.7,431.1,244.5
10.2,5.3,291.0,120.7,24.2,30.7,431.7,245.0
10.2,5.3,290.2,121.4,24.2,30.7,431.8,246.1
10.2,5.3,291.4,121.4,24.1,30.7,430.7,246.1
10.2,5.3,290.3,120.7,24.1,30.7,430.0,246.5
10.2,5.3,291.0,121.4,24.2,30.7,428.9,246.3
10.2,5.3,290.7,121.4,24.1,30.8,423.5,245.7
10.2,5.3,290.2,121.4,24.1,30.8,431.0,245.8
10.2,5.3,290.9,121.4,24.0,30.7,430.6,245.1
10.2,5.3,289.8,120.7,24.0,30.7,429.9,245.0
10.2,5.3,290.3,121.4,24.1,30.7,430.6,244.8
10.2,5.3,291.0,121.4,24.2,30.7,430.2,245.2
10.3,5.4,289.7,121.4,24.2,30.7,428.0,245.4
10.2,5.3,291.6,121.4,24.3,30.7,431.1,246.4
10.3,5.3,291.1,121.4,24.2,30.8,431.1,246.5
10.2,5.3,290.5,121.4,24.3,30.8,430.5,246.4
10.2,5.3,290.5,121.4,24.2,30.8,430.2,246.1
10.2,5.3,290.9,121.4,24.1,30.8,428.8,246.5
10.2,5.3,291.8,121.4,24.2,30.8,430.0,245.6
10.2,5.3,291.1,121.4,24.1,30.8,430.0,245.9
10.2,5.3,290.9,121.4,24.2,30.8,430.4,245.8
10.2,5.3,291.4,121.4,24.2,30.8,430.4,245.1
10.2,5.3,291.0,121.4,24.2,30.9,424.3,244.6
10.2,5.3,290.5,121.4,24.2,30.8,430.0,244.5
10.2,5.3,291.4,121.4,24.2,30.8,430.4,244.6
10.2,5.3,291.9,121.4,24.2,30.8,430.6,245.1
10.2,5.3,291.1,121.4,24.2,30.7,430.2,245.7
10.1,5.3,290.9,121.4,24.2,30.8,431.4,246.4
10.2,5.3,291.7,121.4,24.3,30.8,430.8,246.3
10.2,5.3,292.4,121.4,24.2,30.8,431.0,246.2
10.2,5.3,291.7,121.4,24.2,30.7,430.2,246.3
10.2,5.3,291.2,121.4,24.2,30.7,430.0,246.7
10.2,5.3,291.3,121.4,24.2,30.7,431.5,247.1
10.3,5.3,290.6,121.4,24.2,30.7,430.6,247.3
10.2,5.3,290.9,121.4,24.1,30.7,430.9,247.2
10.2,5.3,291.9,121.4,24.1,30.7,428.5,246.4
10.2,5.3,291.1,121.4,24.1,30.8,432.9,247.2
10.3,5.3,291.9,121.4,24.1,30.7,430.0,247.4
10.3,5.3,291.5,122.0,24.2,30.8,425.1,246.1
10.2,5.3,291.5,121.4,24.2,30.7,428.8,246.5
10.2,5.3,291.3,121.4,24.1,30.8,431.2,246.6
10.2,5.3,290.9,121.4,24.2,30.8,428.2,247.6
10.2,5.3,290.5,121.4,24.2,30.8,432.4,246.8
10.2,5.3,291.1,121.4,24.2,30.7,429.2,246.5
10.2,5.3,290.6,121.4,24.2,30.8,429.7,247.4
10.3,5.3,290.8,122.0,24.2,30.8,431.6,247.7
10.3,5.3,290.4,121.4,24.1,30.8,430.2,247.8
10.3,5.3,291.7,121.4,24.1,30.8,430.0,250.3
10.3,5.3,291.2,122.0,24.1,30.8,431.1,249.9
10.2,5.3,290.8,121.4,24.2,30.8,429.9,249.3
10.2,5.3,291.6,121.4,24.2,30.8,430.2,249.6
10.3,5.3,291.2,121.4,24.2,30.7,431.2,249.7
10.2,5.3,291.7,121.4,24.1,30.7,430.6,249.7
10.3,5.3,291.4,121.4,24.2,30.7,429.7,250.3
10.3,5.3,292.6,122.0,24.3,30.9,425.2,249.5
10.3,5.3,290.1,122.0,24.2,30.9,429.9,249.0
10.2,5.3,291.9,121.4,24.2,30.9,430.7,248.9
10.3,5.3,291.2,122.0,24.2,30.8,431.6,248.9
10.3,5.3,291.5,121.4,24.1,30.8,430.0,248.7
10.2,5.3,291.1,121.4,24.1,30.8,428.7,248.6
10.3,5.3,290.1,121.4,24.1,30.8,431.9,249.2
10.3,5.3,291.3,122.0,24.1,30.8,429.0,249.0
10.3,5.4,291.1,122.0,24.2,30.9,430.4,248.4
10.3,5.3,291.3,121.4,24.2,30.8,432.6,249.0
10.2,5.3,291.6,121.4,24.3,30.8,430.8,248.9
10.3,5.3,291.9,121.4,24.2,30.8,429.2,249.0
10.3,5.3,290.5,121.4,24.2,30.8,431.0,248.4
10.3,5.3,291.3,121.4,24.3,30.8,429.6,248.1
10.3,5.3,290.2,121.4,24.3,30.8,429.3,247.4
10.2,5.3,291.0,121.4,24.3,30.7,430.5,247.4
10.3,5.3,290.3,121.4,24.4,30.8,423.5,247.6
10.3,5.3,291.1,122.0,24.3,30.8,423.6,247.4
10.2,5.3,291.1,121.4,24.4,30.7,429.4,247.8
10.2,5.3,290.8,121.4,24.4,30.7,430.0,248.3
10.3,5.3,291.1,122.0,24.4,30.7,431.6,248.7
10.3,5.4,291.0,122.0,24.4,30.8,431.8,248.7
10.3,5.3,291.3,122.0,24.4,30.8,429.4,248.7
10.2,5.3,291.5,122.0,24.4,30.8,430.1,249.5
10.3,5.3,291.0,122.0,24.4,30.8,429.8,248.7
10.2,5.3,291.0,121.4,24.4,30.9,430.4,248.5
10.2,5.3,291.0,121.4,24.4,30.9,430.4,248.4
10.2,5.3,290.6,121.4,24.4,30.9,429.2,248.2
10.2,5.3,291.6,122.0,24.4,30.8,431.0,247.4
10.2,5.3,290.1,121.4,24.3,30.8,430.1,247.5
10.3,5.3,290.8,122.0,24.3,30.9,428.8,247.0
10.2,5.3,291.0,121.4,24.2,30.9,429.7,247.5
10.2,5.3,290.5,122.0,24.3,30.8,429.0,247.4
10.2,5.3,290.2,121.4,24.3,30.8,429.7,247.5
10.2,5.3,290.9,122.0,24.3,30.9,431.1,248.4
10.3,5.3,290.5,122.0,24.2,30.8,423.7,248.7
10.3,5.3,291.0,122.0,24.2,30.9,425.1,248.5
10.2,5.3,291.0,122.0,24.3,30.9,430.4,247.9
10.3,5.3,290.6,121.4,24.3,30.9,430.0,247.9
10.2,5.3,290.1,121.4,24.1,30.9,431.1,248.0
10.2,5.3,290.8,121.4,24.1,30.8,430.9,247.5
10.2,5.3,291.6,122.0,24.1,30.9,431.0,247.7
10.2,5.3,291.3,122.0,24.2,30.9,431.4,247.4
10.2,5.3,290.9,122.0,24.1,30.9,431.0,247.4
10.3,5.3,290.1,122.0,24.1,30.9,429.7,247.4
10.2,5.3,290.6,122.0,24.1,30.9,429.3,248.2
10.2,5.3,291.9,122.0,24.2,30.8,430.9,248.2
10.2,5.3,291.2,121.4,24.3,30.9,430.8,248.4
10.3,5.3,291.1,121.4,24.3,30.9,430.3,248.3
10.2,5.3,292.2,122.0,24.4,30.9,429.2,248.6
10.2,5.2,290.5,122.0,24.3,30.9,429.9,248.6
10.2,5.3,290.9,122.0,24.3,30.9,429.3,248.3
10.2,5.3,290.8,122.0,24.4,30.9,425.2,248.1
10.3,5.3,291.6,122.0,24.5,30.9,431.1,248.2
10.2,5.3,290.5,122.0,24.4,30.9,429.6,247.6
10.2,5.3,291.3,122.0,24.4,30.9,429.9,247.6
10.2,5.3,290.8,122.0,24.4,30.9,430.8,247.8
10.2,5.3,291.5,122.0,24.5,30.9,430.0,248.1
10.2,5.3,291.8,122.0,24.4,30.9,430.3,247.7
10.2,5.3,290.0,122.0,24.4,30.9,431.9,247.5
10.3,5.3,290.4,122.0,24.4,30.9,429.0,247.1
10.2,5.3,290.6,122.0,24.4,30.8,430.3,247.8
10.2,5.3,290.5,121.4,24.4,30.9,429.4,248.0
10.2,5.3,290.8,122.0,24.4,30.8,432.4,247.8
10.2,5.3,291.3,122.0,24.4,30.9,428.7,247.8
10.2,5.3,290.5,122.0,24.4,30.9,430.3,248.0
10.2,5.3,291.3,122.0,24.4,30.8,429.4,248.1
10.2,5.3,290.0,121.4,24.4,30.9,429.7,247.9
10.2,5.3,291.1,122.0,24.4,30.9,428.6,248.0
10.2,5.3,290.3,122.0,24.4,30.8,426.4,247.6
10.2,5.3,291.3,121.4,24.4,30.9,431.1,247.2
10.2,5.3,291.8,121.4,24.3,30.9,431.7,246.5
10.2,5.3,290.2,121.4,24.3,30.8,429.0,246.2
10.3,5.4,290.9,121.4,24.2,30.8,429.9,245.0
10.1,5.3,290.0,121.4,24.3,30.8,430.2,244.3
10.2,5.3,290.9,121.4,24.2,30.8,430.4,243.5
10.2,5.3,290.9,121.4,24.2,30.8,430.4,243.3
10.2,5.3,290.0,121.4,24.3,30.8,430.9,244.1
10.3,5.4,290.0,122.0,24.2,30.8,430.3,243.9
10.2,5.3,290.8,121.4,24.2,30.9,428.3,244.2
10.2,5.3,290.2,121.4,24.2,30.8,429.9,244.7
10.2,5.3,290.4,121.4,24.2,30.8,431.4,245.2
10.2,5.4,291.8,121.4,24.3,30.8,429.4,245.2
10.2,5.3,290.0,121.4,24.3,30.8,429.5,245.8
10.2,5.3,290.2,121.4,24.3,30.8,424.5,246.0
10.2,5.3,291.9,121.4,24.1,30.8,431.6,246.1
10.2,5.3,291.4,121.4,24.2,30.8,429.9,246.4
10.2,5.3,291.1,121.4,24.2,30.8,429.1,246.1
10.2,5.3,291.0,121.4,24.1,30.8,431.2,246.2
10.2,5.3,291.2,121.4,24.2,30.9,429.3,245.9
10.3,5.3,290.7,121.4,24.2,30.8,430.2,245.5
10.2,5.3,291.2,121.4,24.1,30.8,429.2,245.4
10.2,5.3,290.8,121.4,24.1,30.7,430.6,245.7
10.2,5.3,290.9,121.4,24.1,30.7,430.6,245.3
10.3,5.3,291.1,121.4,24.1,30.7,430.6,245.5
10.2,5.3,291.0,121.4,24.3,30.7,430.0,245.2
10.2,5.3,291.3,121.4,24.3,30.7,429.9,245.6
10.2,5.3,289.8,121.4,24.3,30.8,428.1,245.2
10.2,5.3,291.0,121.4,24.2,30.7,431.6,245.2
10.2,5.3,291.2,121.4,24.3,30.7,429.2,245.7
10.2,5.4,289.7,121.4,24.3,30.8,423.9,245.6
10.2,5.3,291.5,121.4,24.3,30.7,431.9,245.8
10.3,5.4,291.0,121.4,24.3,30.7,432.6,245.4
10.2,5.3,290.1,121.4,24.3,30.8,432.3,245.5
10.3,5.4,290.8,121.4,24.3,30.7,430.8,245.6
10.2,5.4,291.4,121.4,24.3,30.7,431.4,245.9
10.3,5.4,290.9,121.4,24.4,30.7,428.9,245.4
10.2,5.3,290.4,121.4,24.4,30.8,429.7,245.4
10.2,5.3,290.9,120.7,24.3,30.7,429.7,246.0
10.3,5.4,290.9,121.4,24.4,30.7,431.4,245.9
10.2,5.3,291.0,121.4,24.4,30.8,430.9,246.2
10.2,5.3,290.3,121.4,24.3,30.7,429.7,246.1
10.2,5.4,291.4,121.4,24.4,30.8,430.9,246.1
10.2,5.3,292.6,121.4,24.3,30.7,429.5,246.0
10.2,5.3,290.9,121.4,24.4,30.7,428.9,245.6
10.2,5.3,291.3,121.4,24.3,30.7,429.6,246.0
10.2,5.3,292.0,121.4,24.3,30.7,431.0,246.3
10.2,5.3,291.7,120.7,24.3,30.7,422.8,246.0
10.2,5.3,290.4,121.4,24.3,30.8,424.7,246.0
10.3,5.3,291.6,121.4,24.3,30.7,430.2,245.9
10.2,5.4,291.4,121.4,24.3,30.7,431.0,245.9
10.3,5.4,290.7,121.4,24.3,30.8,430.0,245.8
10.2,5.3,291.1,121.4,24.3,30.7,430.5,246.1
10.3,5.4,291.4,121.4,24.3,30.7,429.5,246.0
10.2,5.3,291.0,121.4,24.3,30.7,430.7,246.1
10.2,5.3,291.9,121.4,24.2,30.7,430.1,247.0
10.3,5.4,291.2,121.4,24.2,30.7,430.5,247.0
10.2,5.3,291.1,121.4,24.3,30.7,430.1,246.8
10.2,5.3,290.6,121.4,24.2,30.7,430.7,247.2
10.3,5.4,291.5,121.4,24.2,30.7,430.3,247.6
10.2,5.3,291.4,121.4,24.3,30.7,430.3,247.9
10.2,5.3,290.9,121.4,24.1,30.7,431.5,247.5
10.2,5.3,291.1,121.4,24.2,30.7,431.6,247.9
10.2,5.3,290.4,121.4,24.2,30.7,429.5,247.1
10.2,5.3,290.3,121.4,24.2,30.7,424.2,246.4
10.2,5.3,290.3,121.4,24.2,30.7,429.7,245.6
10.2,5.3,290.8,121.4,24.2,30.7,430.3,245.5
10.2,5.3,290.8,120.7,24.3,30.7,429.9,245.3
10.2,5.3,291.1,121.4,24.3,30.7,431.8,245.3
10.2,5.4,290.4,121.4,24.3,30.7,429.5,245.1
10.3,5.3,289.6,121.4,24.3,30.7,430.5,245.5
10.3,5.3,290.7,121.4,24.2,30.7,431.5,246.4
10.3,5.4,290.8,121.4,24.2,30.7,430.0,246.7
10.2,5.3,290.1,121.4,24.3,30.7,432.6,246.5
10.2,5.3,290.7,121.4,24.2,30.7,430.5,247.1
10.2,5.3,290.6,121.4,24.2,30.7,427.4,250.5
10.3,5.3,291.0,121.4,24.1,30.8,430.0,249.8
10.2,5.3,291.7,121.4,24.1,30.8,429.2,249.6
10.3,5.3,291.5,121.4,24.2,30.8,430.9,249.2
10.3,5.3,290.0,122.0,24.2,30.8,432.2,249.4
10.3,5.3,292.0,121.4,24.1,30.8,429.6,249.0
10.3,5.3,291.0,122.0,24.1,30.8,425.6,249.2
10.3,5.3,290.7,122.0,24.1,30.8,426.6,248.7
10.2,5.3,291.3,121.4,24.1,30.8,430.0,248.5
10.3,5.3,289.4,121.4,24.1,30.8,430.2,248.4
10.3,5.3,290.8,121.4,24.1,30.9,430.3,248.7
10.3,5.3,290.8,121.4,24.0,30.8,430.4,249.5
10.3,5.3,290.8,121.4,24.1,30.8,431.3,250.1
10.3,5.3,291.1,122.0,24.1,30.8,431.0,249.8
10.2,5.3,291.4,121.4,24.1,30.8,430.1,250.1
10.2,5.3,291.4,121.4,24.1,30.8,431.1,250.1
10.3,5.3,290.9,121.4,24.1,30.7,431.3,250.2
10.2,5.3,289.8,121.4,24.3,30.8,430.6,250.2
10.3,5.3,291.5,121.4,24.2,30.7,429.5,249.8
10.2,5.3,291.5,121.4,24.2,30.7,429.8,249.4
10.3,5.3,290.5,121.4,24.2,30.8,433.4,249.2
10.2,5.3,289.5,121.4,24.1,30.7,429.1,248.8
10.2,5.3,290.5,121.4,24.2,30.7,431.4,249.0
10.3,5.3,290.6,121.4,24.1,30.7,424.3,248.8
10.2,5.3,290.4,122.0,24.1,30.8,425.2,248.3
10.2,5.3,290.7,121.4,24.2,30.7,429.3,248.3
10.2,5.3,291.3,121.4,24.1,30.7,429.4,250.4
10.2,5.3,290.5,121.4,24.1,30.7,429.8,250.9
10.2,5.2,290.9,121.4,24.2,30.7,430.2,251.3
10.2,5.2,291.1,121.4,24.2,30.7,429.4,251.5
10.3,5.3,290.3,122.0,24.3,30.7,429.6,250.7
10.2,5.2,291.2,121.4,24.3,30.7,431.2,250.3
10.2,5.2,291.2,121.4,24.3,30.7,430.5,250.6
10.2,5.3,291.2,122.0,24.3,30.7,430.8,250.6
10.3,5.3,290.6,121.4,24.2,30.7,428.4,249.2
10.2,5.3,290.9,121.4,24.2,30.7,429.5,248.2
10.2,5.2,291.0,121.4,24.3,30.7,429.9,247.9
10.2,5.3,290.6,120.7,24.1,30.7,429.7,247.5
10.2,5.2,290.4,121.4,24.2,30.7,430.2,247.3
10.2,5.3,290.6,120.7,24.1,30.7,428.8,246.9
10.2,5.2,290.6,121.4,24.1,30.7,430.0,247.6
10.2,5.3,290.9,121.4,24.1,30.7,425.2,247.7
10.1,5.2,291.8,121.4,24.2,30.7,431.3,247.7
10.0,5.2,291.2,120.7,24.1,30.7,429.2,247.7
10.2,5.2,291.3,120.7,24.1,30.7,429.4,247.2
10.0,5.2,290.7,120.7,24.1,30.7,430.3,247.2
10.1,5.2,291.1,120.7,24.1,30.6,429.7,247.2
10.1,5.2,290.6,120.7,24.1,30.6,430.9,246.4
10.2,5.2,289.8,120.7,24.1,30.6,430.8,245.9
10.1,5.2,290.6,121.4,24.1,30.6,430.0,245.5
10.1,5.2,290.3,120.7,24.0,30.6,429.8,245.2
10.1,5.2,290.6,120.7,24.1,30.6,431.3,245.1
10.1,5.2,290.0,120.7,24.1,30.6,429.7,245.4
10.1,5.2,291.0,120.7,24.0,30.6,429.9,245.6
10.1,5.2,289.4,120.7,24.0,30.6,432.3,245.3
10.0,5.2,291.1,120.7,24.0,30.5,429.5,246.3
10.1,5.2,290.5,120.7,24.0,30.5,431.7,246.4
10.1,5.2,291.4,120.7,24.0,30.6,423.9,246.6
10.0,5.2,290.0,120.7,24.0,30.6,422.8,246.8
10.0,5.2,291.1,120.7,24.1,30.6,432.2,246.9
10.0,5.2,291.0,120.7,24.1,30.6,419.3,245.9
10.0,5.1,290.9,120.7,24.1,30.6,429.5,245.2
10.0,5.2,289.5,120.7,24.1,30.6,431.1,231.3
9.2,5.3,290.3,119.3,24.1,30.6,430.2,203.3
10.0,5.3,290.4,115.8,24.0,30.2,428.1,194.0
8.8,4.8,291.1,115.1,24.0,30.0,430.4,193.8
9.2,5.1,290.5,115.1,24.0,29.9,431.6,196.4
9.6,5.5,290.5,115.8,24.0,29.9,431.0,201.5
9.8,5.7,290.6,115.8,24.0,29.9,432.2,219.2
10.2,5.7,291.1,117.2,24.0,30.1,431.2,226.5
10.3,5.7,290.4,118.6,24.0,30.2,431.4,233.3
10.3,5.6,291.3,119.3,24.0,30.3,430.1,234.7
10.3,5.6,290.8,119.3,24.0,30.4,430.0,234.1
10.2,5.5,290.3,119.3,24.1,30.4,427.9,234.0
10.1,5.4,291.4,119.3,24.0,30.4,430.0,233.9
10.0,5.4,290.9,119.3,24.0,30.4,431.4,232.9
9.9,5.3,291.6,119.3,24.0,30.3,431.9,232.2
9.9,5.3,290.4,118.6,24.0,30.3,429.0,231.8
9.9,5.3,290.2,118.6,24.0,30.3,431.5,230.7
9.8,5.2,290.7,118.6,24.0,30.3,430.3,229.7
9.8,5.2,290.4,118.6,24.0,30.2,429.7,229.9
9.8,5.2,291.1,118.6,24.0,30.3,429.6,229.5
9.8,5.2,290.6,118.6,24.0,30.3,431.6,229.0
9.8,5.2,290.8,118.6,24.0,30.2,428.4,229.0
9.8,5.2,291.3,117.9,24.0,30.2,430.7,229.6
9.8,5.2,290.5,118.6,23.9,30.2,430.3,230.4
9.8,5.2,289.7,117.9,23.9,30.2,429.5,230.5
9.8,5.2,290.2,117.9,23.9,30.2,432.1,231.3
9.9,5.2,290.5,118.6,23.9,30.2,428.5,231.3
9.8,5.2,291.7,117.9,23.9,30.2,428.5,231.0
9.8,5.2,290.7,117.9,23.9,30.2,428.9,231.2
9.8,5.2,290.9,118.6,23.9,30.2,423.9,231.2
9.8,5.2,290.5,117.9,23.8,30.2,429.3,230.3
9.8,5.2,290.5,117.9,23.9,30.2,431.0,229.6
9.8,5.1,290.5,117.9,23.9,30.1,428.3,229.1
9.7,5.1,290.4,117.9,23.8,30.2,430.3,229.0
9.7,5.1,291.0,117.9,23.8,30.1,430.1,229.2
9.8,5.1,290.3,117.9,23.9,30.2,428.4,229.1
9.8,5.1,289.7,117.9,23.9,30.1,430.6,229.1
9.8,5.2,290.4,117.9,23.9,30.1,430.0,229.1
9.7,5.1,290.6,117.9,23.8,30.1,429.8,229.4
9.8,5.1,290.2,117.9,23.8,30.1,428.8,230.1
9.8,5.2,289.8,117.9,23.8,30.1,428.3,230.2
9.8,5.1,291.5,117.9,24.0,30.1,428.4,230.2
9.7,5.1,291.0,117.9,23.9,30.1,429.5,230.8
9.8,5.1,290.6,117.9,23.9,30.0,430.1,230.7
9.7,5.1,290.6,117.2,23.9,30.1,431.1,231.5
9.8,5.1,291.4,117.9,23.9,30.0,425.2,231.2
9.8,5.1,290.6,117.9,23.9,30.1,430.1,230.2
9.7,5.1,291.0,117.9,23.9,30.1,430.5,229.7
9.7,5.1,290.6,117.9,23.9,30.0,429.5,229.1
9.7,5.1,291.2,117.2,23.8,30.0,431.0,224.6
9.7,5.2,290.6,117.2,23.9,30.0,431.6,224.4
9.7,5.2,290.5,117.2,23.8,30.0,429.1,224.7
9.7,5.2,290.8,117.2,23.8,30.0,431.0,224.6
9.8,5.2,291.5,117.2,23.8,30.0,431.2,224.8
9.8,5.2,291.2,117.2,23.8,30.0,428.9,224.4
9.7,5.2,290.9,116.5,23.8,30.0,429.5,225.1
9.7,5.2,289.9,117.2,23.8,29.9,430.8,224.8
9.7,5.2,290.7,116.5,23.8,29.9,431.1,225.0
9.7,5.2,291.6,116.5,23.8,30.0,431.5,225.2
9.7,5.2,290.7,117.2,23.7,29.9,430.0,223.9
9.7,5.2,291.0,116.5,23.7,29.9,429.3,219.7
9.7,5.2,291.3,116.5,23.6,29.9,422.0,218.9
9.7,5.3,290.4,116.5,23.7,29.8,425.2,218.8
9.6,5.2,290.8,115.8,23.8,29.9,431.0,218.3
9.6,5.2,291.1,115.8,23.7,29.7,429.5,218.4
9.7,5.2,291.0,115.8,23.8,29.8,431.5,218.7
9.7,5.3,290.8,115.8,23.8,29.7,431.3,219.1
9.7,5.3,290.7,115.8,23.7,29.7,428.6,219.9
9.8,5.3,291.9,115.8,23.7,29.8,428.9,219.6
9.7,5.2,291.0,115.8,23.7,29.7,430.5,219.7
9.7,5.3,291.9,115.8,23.7,29.8,429.0,220.4
9.8,5.3,291.3,115.8,23.7,29.7,429.7,220.1
9.7,5.3,290.3,115.8,23.7,29.7,431.5,219.1
9.7,5.3,290.5,115.8,23.7,29.7,428.2,218.2
9.6,5.2,290.8,115.8,23.7,29.7,430.6,218.3
9.7,5.2,290.0,115.8,23.6,29.7,431.0,217.9
9.7,5.3,290.9,115.8,23.7,29.7,428.6,217.7
9.7,5.3,290.1,115.8,23.7,29.7,429.2,217.5
9.7,5.3,291.2,115.8,23.6,29.6,429.1,216.9
9.7,5.3,290.3,115.1,23.6,29.6,429.2,217.4
9.7,5.2,290.6,115.1,23.6,29.6,430.2,216.9
9.7,5.3,290.9,115.1,23.5,29.6,425.3,217.1
9.7,5.3,290.7,115.1,23.6,29.6,429.0,217.6
9.7,5.3,290.0,115.1,23.5,29.7,431.0,217.7
9.7,5.3,291.2,115.1,23.6,29.6,429.7,217.6
9.6,5.2,290.5,115.1,23.6,29.6,430.2,217.8
9.7,5.3,290.9,115.1,23.6,29.6,431.0,218.4
9.7,5.3,290.7,115.1,23.6,29.6,428.6,218.0
9.7,5.2,291.8,115.1,23.6,29.6,429.3,217.4
9.7,5.2,290.8,115.1,23.4,29.5,431.1,217.1
9.7,5.3,290.3,115.1,23.5,29.5,431.3,216.1
9.7,5.3,291.5,114.5,23.5,29.5,428.8,216.3
9.7,5.3,290.2,115.1,23.5,29.5,431.1,216.5
9.7,5.3,290.8,114.5,23.5,29.5,429.6,216.2
9.7,5.2,290.7,114.5,23.5,29.5,430.6,217.0
9.7,5.2,290.5,114.5,23.4,29.5,431.5,216.7
9.7,5.2,291.5,114.5,23.5,29.4,431.0,216.9
9.7,5.2,290.6,114.5,23.5,29.5,428.7,217.1
9.6,5.2,291.1,114.5,23.4,29.4,431.6,216.9
9.7,5.2,290.4,114.5,23.5,29.4,428.4,216.7
9.6,5.2,290.7,114.5,23.4,29.4,423.7,216.7
9.7,5.3,290.8,114.5,23.4,29.4,430.0,216.1
9.6,5.2,291.4,114.5,23.4,29.4,429.5,215.6
9.6,5.2,291.1,113.8,23.4,29.4,430.9,215.9
9.7,5.2,290.1,113.8,23.3,29.4,427.9,215.8
9.7,5.2,290.3,113.8,23.3,29.4,429.4,215.7
9.6,5.2,290.5,113.8,23.3,29.3,430.6,215.6
9.6,5.2,290.3,114.5,23.3,29.3,428.9,215.6
9.6,5.2,291.0,113.8,23.2,29.3,430.9,215.9
9.5,5.2,290.3,113.8,23.3,29.2,430.6,216.1
9.5,5.2,290.0,113.8,23.3,29.2,429.5,215.8
9.5,5.2,290.5,113.8,23.3,29.2,430.5,215.8
9.6,5.2,290.8,113.8,23.2,29.2,431.3,215.5
9.6,5.2,290.8,113.8,23.2,29.2,429.3,215.0
9.5,5.1,290.9,113.8,23.2,29.2,427.4,214.9
9.5,5.2,290.2,113.8,23.1,29.2,431.4,215.6
9.6,5.2,290.9,113.8,23.2,29.2,430.6,215.2
9.5,5.2,291.3,113.8,23.1,29.2,423.9,215.5
9.5,5.2,291.1,113.8,23.1,29.2,429.3,215.6
9.6,5.2,290.7,113.8,23.1,29.2,431.2,215.1
9.5,5.2,289.8,113.8,23.2,29.2,430.8,215.2
9.6,5.2,290.2,113.1,23.1,29.2,427.5,214.9
9.5,5.2,290.3,113.8,23.2,29.1,430.2,214.7
9.5,5.1,290.6,113.8,23.2,29.2,428.9,214.9
9.5,5.2,290.3,113.8,23.2,29.2,429.1,214.6
9.5,5.1,290.7,113.1,23.1,29.1,429.5,214.6
9.5,5.1,290.0,113.1,23.2,29.1,431.7,214.5
9.5,5.2,291.1,113.1,23.1,29.1,430.4,214.9
9.5,5.1,289.1,113.1,23.1,29.1,429.8,214.8
9.4,5.1,290.1,113.1,23.1,29.1,427.3,214.7
9.5,5.1,290.1,113.1,23.1,29.1,429.6,214.8
9.5,5.1,291.3,112.4,23.0,29.0,430.9,215.3
9.5,5.1,291.0,112.4,23.0,29.0,431.4,215.3
9.5,5.1,290.8,112.4,22.9,29.0,428.9,214.9
9.5,5.1,290.6,112.4,22.9,29.0,431.9,215.0
9.5,5.1,290.9,113.1,22.9,29.0,428.5,214.4
9.5,5.1,289.5,112.4,23.0,29.0,424.8,213.7
9.4,5.1,290.9,112.4,22.9,29.0,431.4,210.5
9.4,5.1,290.7,112.4,23.0,29.0,430.5,210.5
9.4,5.1,289.5,112.4,22.9,28.9,429.8,210.3
9.4,5.1,290.2,112.4,22.9,28.9,428.6,209.1
9.5,5.2,290.8,111.7,23.1,28.9,428.9,209.3
9.5,5.2,290.4,111.7,23.1,28.9,428.8,208.2
9.5,5.2,291.1,111.7,22.9,28.9,430.3,208.4
9.4,5.2,291.0,111.7,23.0,28.8,430.8,204.7
9.4,5.2,291.9,111.0,22.9,28.8,430.1,204.8
9.5,5.3,290.1,111.0,22.9,28.7,429.4,204.5
9.5,5.3,291.1,111.0,22.9,28.7,429.4,204.6
9.5,5.2,291.7,111.0,22.8,28.7,428.2,204.4
9.5,5.2,291.0,111.0,22.9,28.7,428.0,204.9
9.5,5.3,290.8,111.0,22.9,28.7,429.5,204.5
9.5,5.3,290.8,111.0,22.9,28.7,430.6,204.0
9.5,5.3,290.1,111.0,22.9,28.7,423.5,204.0
9.5,5.2,290.2,111.0,22.8,28.7,423.6,204.2
9.5,5.2,290.3,111.0,22.9,28.7,430.5,204.4
9.5,5.2,291.0,111.0,22.9,28.7,427.5,205.0
9.5,5.3,290.4,111.0,22.9,28.7,428.6,205.1
9.5,5.2,289.8,111.0,22.9,28.7,430.5,205.2
9.5,5.2,291.4,111.0,22.9,28.7,430.2,204.9
9.4,5.2,291.1,111.0,22.9,28.7,429.5,205.2
9.5,5.3,290.6,111.0,22.9,28.7,431.3,204.8
9.5,5.3,290.1,111.0,22.9,28.6,428.6,204.6
9.5,5.2,291.4,111.0,22.9,28.6,428.2,204.9
9.5,5.3,290.3,111.0,22.9,28.6,430.0,204.3
9.5,5.2,290.5,111.0,22.9,28.6,429.4,204.5
9.5,5.2,290.0,111.0,22.8,28.6,429.3,204.3
9.5,5.2,291.2,110.3,22.8,28.6,428.6,204.3
9.4,5.3,291.0,110.3,22.8,28.5,426.4,204.2
9.4,5.2,290.7,110.3,22.8,28.5,431.2,204.5
9.5,5.3,290.8,110.3,22.8,28.5,429.4,203.7
9.4,5.2,290.3,110.3,22.8,28.5,422.3,204.2
9.5,5.2,290.6,111.0,22.8,28.5,427.6,203.5
9.5,5.2,291.1,110.3,22.8,28.5,431.3,204.0
9.5,5.2,290.6,110.3,22.8,28.5,426.8,203.8
9.4,5.2,290.9,110.3,22.7,28.5,430.3,204.1
9.5,5.2,290.4,110.3,22.6,28.5,433.0,204.3
9.5,5.2,290.8,109.6,22.7,28.5,431.1,204.1
9.4,5.2,290.6,110.3,22.6,28.4,428.4,204.3
9.4,5.2,290.4,110.3,22.6,28.4,428.7,203.8
9.4,5.2,290.3,109.6,22.6,28.4,429.5,203.4
9.4,5.2,289.9,109.6,22.6,28.4,429.0,203.8
9.5,5.3,290.0,110.3,22.6,28.4,428.7,204.0
9.5,5.2,290.7,110.3,22.6,28.4,430.5,203.6
9.5,5.2,291.2,109.6,22.6,28.4,430.9,203.8
9.4,5.2,291.0,109.6,22.6,28.4,430.8,203.9
9.4,5.2,291.0,109.6,22.6,28.4,429.1,204.2
9.5,5.2,291.4,109.6,22.6,28.4,427.9,204.3
9.5,5.2,290.3,109.6,22.6,28.4,423.0,204.4
9.5,5.2,290.5,109.6,22.6,28.3,428.5,204.1
9.5,5.2,290.4,109.6,22.6,28.4,430.7,203.8
9.5,5.2,290.6,109.6,22.6,28.4,430.2,203.3
9.4,5.2,290.5,109.6,22.6,28.3,430.2,203.5
9.5,5.2,291.0,109.6,22.6,28.3,428.5,202.9
9.4,5.2,291.4,109.6,22.5,28.3,428.6,203.3
9.5,5.2,290.8,109.6,22.5,28.2,430.5,203.5
9.5,5.3,291.0,109.6,22.5,28.3,430.0,203.6
9.5,5.2,290.7,109.6,22.5,28.3,428.7,203.5
9.5,5.2,290.9,109.6,22.4,28.2,428.6,204.3
9.5,5.2,290.8,108.9,22.4,28.2,430.1,204.2
9.5,5.2,290.8,108.9,22.4,28.2,429.7,204.1
9.4,5.2,290.4,108.9,22.4,28.2,428.6,203.8
9.5,5.2,291.7,108.9,22.4,28.2,428.9,203.7
9.4,5.2,291.4,108.9,22.4,28.2,429.3,203.6
9.4,5.2,291.7,108.9,22.4,28.2,424.5,203.2
9.4,5.2,291.0,108.9,22.4,28.2,430.3,203.5
9.4,5.2,291.2,109.6,22.4,28.2,428.3,202.9
9.4,5.2,290.9,109.6,22.4,28.2,431.1,203.1
9.4,5.2,290.2,108.9,22.5,28.2,428.9,203.1
9.4,5.2,291.4,108.9,22.4,28.2,429.2,203.2
9.4,5.1,291.2,108.9,22.4,28.1,427.7,203.2
9.4,5.2,291.3,108.3,22.4,28.1,428.8,203.6
9.4,5.2,291.2,108.9,22.5,28.1,428.7,203.3
9.5,5.2,290.0,108.3,22.4,28.1,427.9,202.8
9.4,5.2,290.4,108.9,22.4,28.1,430.1,202.3
9.4,5.2,291.4,108.3,22.4,28.1,429.6,202.2
9.4,5.2,290.2,108.3,22.4,28.1,429.5,202.9
9.5,5.2,290.9,108.9,22.4,28.0,428.3,202.9
9.4,5.2,291.1,108.3,22.4,28.0,428.8,202.9
9.4,5.2,289.8,108.3,22.4,28.0,430.2,203.0
9.4,5.2,290.6,108.3,22.4,28.0,428.7,203.5
9.4,5.2,291.5,108.3,22.4,28.0,422.8,203.6
9.4,5.2,291.2,108.9,22.3,28.0,422.7,203.5
9.4,5.2,290.8,108.3,22.3,28.0,429.6,201.3
9.4,5.2,291.2,108.3,22.3,28.0,429.8,201.1
9.5,5.2,290.4,108.3,22.3,28.0,431.0,196.5
9.4,5.2,291.0,107.6,22.3,27.9,432.2,196.5
9.4,5.2,290.4,107.6,22.3,27.9,430.7,197.1
9.5,5.3,290.3,107.6,22.3,27.9,429.0,197.0
9.4,5.3,290.9,107.6,22.4,27.9,430.6,196.3
9.4,5.3,291.1,107.6,22.3,27.9,428.3,196.1
9.4,5.2,290.7,107.6,22.3,27.9,429.7,195.9
9.4,5.2,290.6,107.6,22.3,27.8,429.9,196.1
9.4,5.2,291.2,107.6,22.3,27.9,432.3,196.2
9.4,5.2,291.2,107.6,22.3,27.9,429.4,196.5
9.4,5.3,290.1,107.6,22.2,27.8,430.2,194.9
9.4,5.2,291.4,106.9,22.3,27.8,428.8,194.8
9.4,5.2,290.1,106.9,22.3,27.8,429.7,194.5
9.4,5.2,291.1,106.9,22.2,27.8,430.5,194.6
9.4,5.2,291.5,106.9,22.3,27.8,430.4,194.4
9.4,5.3,290.9,106.9,22.2,27.8,424.5,194.3
9.4,5.3,290.7,106.9,22.3,27.8,428.7,194.3
9.4,5.2,289.5,106.9,22.2,27.8,428.6,194.5
9.4,5.3,291.0,106.9,22.2,27.8,429.8,194.6
9.4,5.3,290.6,106.9,22.2,27.7,431.2,195.1
9.5,5.3,291.1,106.9,22.2,27.8,428.2,194.9
9.4,5.3,291.2,106.9,22.1,27.7,429.2,195.0
9.4,5.3,290.9,106.9,22.1,27.7,431.3,194.6
9.4,5.2,290.0,106.9,22.1,27.7,428.2,194.9
9.4,5.3,290.6,106.9,22.1,27.7,430.6,194.3
9.4,5.3,290.1,106.2,22.1,27.7,428.8,194.4
9.4,5.3,290.4,106.9,22.2,27.7,427.7,193.7
9.4,5.2,290.4,106.9,22.1,27.7,430.3,193.8
9.4,5.3,290.8,106.2,22.1,27.6,429.5,192.3
9.4,5.3,290.6,106.2,22.1,27.6,428.0,192.0
9.4,5.3,290.6,106.2,22.1,27.5,428.5,192.2
9.4,5.3,290.1,106.2,22.1,27.6,429.9,192.3
9.4,5.3,291.1,106.2,22.1,27.6,429.2,192.3
9.4,5.2,290.3,106.2,22.1,27.5,429.6,193.0
9.4,5.3,291.0,106.2,22.1,27.5,423.2,192.9
9.4,5.3,291.4,106.2,22.1,27.6,425.0,193.0
9.4,5.3,290.3,106.2,26.0,27.5,430.4,192.7
9.4,5.3,291.1,106.2,22.1,27.5,427.8,192.2
9.4,5.2,290.4,106.2,22.1,27.5,429.4,191.8
9.4,5.2,290.7,106.2,26.0,27.5,427.8,191.4
9.4,5.2,290.8,106.2,26.0,27.5,430.1,191.7
9.4,5.2,290.4,106.2,26.0,27.5,428.6,191.2
9.3,5.2,290.6,106.2,26.0,27.5,428.3,191.1
9.3,5.2,290.6,106.2,26.0,27.5,430.0,191.6
9.3,5.2,290.9,106.2,26.0,27.5,429.1,191.9
9.3,5.2,291.5,105.5,26.0,27.4,429.3,191.8
9.3,5.2,290.3,105.5,26.0,27.5,428.7,191.9
9.4,5.2,290.9,105.5,26.0,27.5,428.6,192.2
9.4,5.2,290.4,106.2,26.0,27.4,428.7,192.7
9.4,5.2,290.1,105.5,26.0,27.5,427.4,192.8
9.4,5.3,290.9,106.2,26.0,27.4,428.6,192.4
9.3,5.2,289.9,106.2,26.0,27.5,423.7,192.5
9.4,5.2,290.7,105.5,26.0,27.4,429.7,192.1
9.4,5.3,291.0,105.5,26.0,27.4,429.0,191.8
9.4,5.3,290.4,105.5,26.0,27.4,429.3,191.7
9.4,5.3,291.1,105.5,26.0,27.4,429.4,192.1
9.4,5.3,290.2,105.5,26.0,27.4,431.6,192.2
9.4,5.3,290.5,105.5,26.0,27.4,429.1,192.4
9.4,5.3,290.9,105.5,26.0,27.4,428.7,192.6
9.4,5.3,290.4,105.5,26.0,27.4,428.7,193.0
9.4,5.3,290.8,105.5,26.0,27.4,429.9,192.6
9.4,5.3,291.2,105.5,26.0,27.3,429.7,192.5
9.4,5.3,290.8,105.5,26.0,27.4,429.1,191.6
9.4,5.2,291.2,105.5,26.0,27.4,429.2,191.4
9.4,5.3,290.5,105.5,26.0,27.3,430.4,190.9
9.4,5.3,289.6,105.5,26.0,27.3,428.8,190.5
9.4,5.2,291.9,105.5,26.0,27.4,429.8,190.6
9.4,5.2,290.3,104.8,26.0,27.3,428.8,190.5
9.4,5.3,290.8,105.5,26.0,27.3,428.8,189.9
9.3,5.2,289.8,104.8,26.0,27.3,424.1,189.8
9.3,5.2,290.0,105.5,26.0,27.3,426.0,190.3
9.3,5.2,290.5,105.5,26.0,27.4,430.7,191.1
9.4,5.2,290.5,105.5,26.0,27.4,430.1,190.5
9.4,5.3,290.8,104.8,26.0,27.3,428.8,190.9
9.4,5.3,290.3,105.5,26.0,27.3,428.7,191.0
9.4,5.3,291.3,104.8,26.0,27.3,429.2,191.2
9.4,5.2,290.2,104.8,26.0,27.3,428.4,191.5
9.4,5.3,291.1,105.5,26.0,27.3,428.6,191.6
9.4,5.2,290.5,104.8,26.0,27.3,428.7,191.5
9.3,5.2,291.3,104.8,26.0,27.3,429.8,191.3
9.4,5.2,290.5,104.8,26.0,27.3,428.2,191.4
9.4,5.2,290.7,104.8,26.0,27.3,430.0,191.6
9.3,5.2,290.9,105.5,26.0,27.2,428.0,191.2
9.4,5.2,291.2,104.8,26.0,27.2,428.8,191.6
9.4,5.2,291.5,105.5,26.0,27.2,429.1,191.3
9.4,5.2,291.0,104.8,26.0,27.2,429.9,191.5
9.4,5.2,291.1,104.8,26.0,27.2,430.7,191.7
9.4,5.2,290.3,105.5,26.0,27.3,421.5,191.6
9.4,5.2,290.6,104.8,26.0,27.3,430.4,191.9
9.3,5.2,291.3,104.8,26.0,27.3,430.0,187.9
9.4,5.3,291.4,104.1,26.0,27.2,429.7,188.3
9.4,5.3,291.0,104.8,26.0,27.2,427.7,188.2
9.4,5.3,290.6,104.1,26.0,27.1,430.6,186.9
9.4,5.3,290.4,104.1,26.0,27.1,430.5,186.3
9.4,5.3,290.4,104.1,26.0,27.1,429.9,186.4
9.4,5.4,291.1,104.1,26.0,27.1,427.4,186.3
9.5,5.4,290.6,104.8,26.0,27.1,429.1,185.8
9.4,5.4,290.1,104.1,26.0,27.1,428.5,185.1
9.4,5.3,290.8,104.1,26.0,27.1,428.8,181.1
9.4,5.3,291.2,104.1,26.0,27.1,429.5,181.5
9.4,5.4,290.4,103.4,26.0,27.0,427.5,181.7
9.3,5.3,290.7,103.4,26.0,27.0,430.3,181.9
9.3,5.3,290.1,103.4,26.0,27.0,428.2,181.9
9.3,5.3,291.9,103.4,26.0,27.0,428.3,182.2
9.3,5.3,291.8,103.4,26.0,27.0,429.2,182.2
9.3,5.3,290.5,103.4,26.0,27.0,429.1,182.4
9.4,5.4,291.0,103.4,26.0,27.0,424.0,181.7
9.3,5.3,290.8,103.4,26.0,26.9,429.3,182.1
9.4,5.4,290.2,103.4,26.0,26.9,428.5,181.8
9.4,5.4,291.2,102.7,26.0,26.9,428.7,181.7
9.4,5.3,290.7,103.4,26.0,26.9,428.7,181.8
9.4,5.4,290.1,103.4,26.0,26.9,428.6,181.4
9.4,5.4,290.6,103.4,26.0,26.9,429.3,181.2
9.4,5.3,291.4,103.4,26.0,26.9,428.7,181.3
9.4,5.4,290.4,103.4,26.0,26.9,428.8,181.6
9.4,5.4,289.9,103.4,26.0,26.9,428.0,182.2
9.4,5.4,291.5,103.4,26.0,26.9,430.8,181.4
9.4,5.4,291.1,103.4,26.0,26.9,430.2,181.4
9.4,5.4,290.8,103.4,26.0,26.8,429.2,181.6
9.4,5.4,291.6,102.7,26.0,26.8,429.7,181.8
9.4,5.4,292.3,102.7,26.0,26.9,427.2,181.7
9.4,5.4,290.2,102.7,26.0,26.8,427.7,181.9
9.4,5.4,291.4,102.7,26.0,26.8,429.8,181.8
9.4,5.4,290.7,102.7,26.0,26.8,429.0,181.7
9.4,5.4,291.9,102.7,26.0,26.8,429.6,180.9
9.4,5.4,291.1,102.7,26.0,26.8,423.6,177.8
9.4,5.4,290.5,102.7,26.0,26.8,428.1,177.1
9.4,5.4,290.6,102.7,26.0,26.8,428.6,177.7
9.4,5.5,291.4,102.7,26.0,26.8,430.3,177.1
9.4,5.5,290.9,102.7,26.0,26.8,427.6,177.2
9.4,5.5,290.9,102.7,26.0,26.8,429.7,176.9
9.5,5.5,289.8,102.0,26.0,26.7,429.1,176.7
9.5,5.5,290.1,102.7,26.0,26.7,427.4,177.3
9.5,5.6,290.2,102.0,26.0,26.6,429.1,177.3
9.5,5.6,290.4,102.0,26.0,26.7,427.0,177.5
9.5,5.5,291.7,102.0,26.0,26.6,429.4,178.1
9.5,5.5,290.5,102.0,26.0,26.6,427.5,178.6
9.5,5.6,291.0,102.0,26.0,26.6,426.9,178.8
9.5,5.6,291.6,102.0,26.0,26.6,429.9,179.0
9.5,5.6,292.1,102.0,26.0,26.6,428.3,178.5
9.4,5.5,290.3,102.0,26.0,26.6,428.7,179.1
9.5,5.6,291.7,102.0,26.0,26.6,430.9,178.7
9.5,5.5,291.6,102.0,26.0,26.6,429.6,178.3
9.4,5.5,290.9,102.0,26.0,26.6,421.8,178.4
9.5,5.5,290.4,102.0,26.0,26.6,426.2,178.3
9.5,5.6,290.7,102.0,26.0,26.6,428.3,177.6
9.5,5.5,291.5,102.0,26.0,26.6,427.6,177.3
9.5,5.5,291.1,102.0,26.0,26.6,430.4,177.3
9.5,5.6,291.6,102.0,26.0,26.5,429.8,177.1
9.5,5.6,291.0,102.0,26.0,26.5,428.8,177.0
9.5,5.6,291.5,102.0,26.0,26.5,429.8,177.3
9.5,5.6,290.6,102.0,26.0,26.6,427.4,177.8
9.5,5.6,291.2,102.0,26.0,26.5,429.0,178.2
9.5,5.5,291.8,102.0,26.0,26.6,429.3,177.9
9.5,5.5,290.1,102.0,26.0,26.6,430.4,177.8
9.5,5.5,289.4,102.0,26.0,26.5,428.2,177.7
9.5,5.5,291.0,102.0,26.0,26.5,429.9,177.3
9.5,5.5,291.7,102.0,26.0,26.5,429.3,177.5
9.4,5.5,291.3,102.0,26.0,26.5,427.0,177.5
9.5,5.5,289.9,102.0,26.0,26.5,430.4,177.2
9.4,5.5,290.7,102.0,26.0,26.5,427.9,177.4
9.5,5.6,291.2,102.0,26.0,26.5,427.9,177.5
9.4,5.5,290.8,102.0,26.0,26.5,423.9,177.4
9.5,5.5,290.7,102.0,26.0,26.5,428.3,177.7
9.5,5.6,290.3,102.0,26.0,26.5,428.8,177.2
9.5,5.5,290.5,101.4,26.0,26.5,428.7,177.0
9.5,5.5,290.3,102.0,26.0,26.5,429.1,176.5
9.5,5.5,291.0,101.4,26.0,26.5,429.6,176.1
9.5,5.5,289.8,101.4,26.0,26.5,429.5,176.3
9.5,5.6,291.6,101.4,26.0,26.5,428.7,176.3
9.5,5.6,290.2,102.0,26.0,26.5,427.2,176.4
9.5,5.5,290.6,101.4,26.0,26.5,430.0,176.4
9.5,5.6,290.8,101.4,26.0,26.5,428.4,177.0
9.5,5.6,290.7,101.4,26.0,26.5,429.6,177.2
9.5,5.5,291.0,101.4,26.0,26.4,429.4,177.2
9.5,5.5,291.1,101.4,26.0,26.5,429.9,177.4
9.5,5.6,290.5,101.4,26.0,26.4,427.1,177.5
9.5,5.6,291.5,101.4,26.0,26.4,428.8,177.6
9.5,5.5,290.2,101.4,26.0,26.4,423.2,177.7
9.5,5.5,290.5,101.4,26.0,26.5,424.0,177.8
9.5,5.6,290.8,101.4,26.0,26.5,427.9,177.9
9.5,5.5,290.7,101.4,26.0,26.4,429.7,178.3
9.4,5.5,290.5,101.4,26.0,26.4,429.9,178.0
9.4,5.5,290.3,101.4,26.0,26.4,429.7,177.4
9.4,5.5,291.5,101.4,26.0,26.4,429.2,177.1
9.4,5.5,290.6,101.4,26.0,26.5,431.0,176.8
9.4,5.5,290.8,101.4,26.0,26.4,429.0,176.6
9.5,5.5,291.1,101.4,26.0,26.4,429.6,176.2
9.4,5.5,290.2,101.4,26.0,26.4,430.5,175.8
9.5,5.5,291.1,101.4,26.0,26.3,430.1,175.9
9.5,5.5,289.3,101.4,26.0,26.3,428.4,175.9
9.5,5.5,290.8,101.4,26.0,26.3,430.1,176.3
9.5,5.5,291.2,101.4,26.0,26.4,428.8,176.1
9.5,5.5,290.5,101.4,26.0,26.4,430.3,176.3
9.5,5.5,290.5,101.4,26.0,26.3,430.8,176.6
9.4,5.5,290.6,101.4,26.0,26.4,430.0,177.1
9.4,5.5,290.6,101.4,26.0,26.3,427.2,177.8
9.5,5.5,291.7,101.4,26.0,26.4,423.4,177.8
9.5,5.5,291.2,101.4,26.0,26.3,427.7,177.8
9.5,5.5,291.6,100.7,26.0,26.3,428.0,177.8
9.5,5.5,290.2,101.4,26.0,26.4,429.2,177.6
9.4,5.4,290.4,100.7,26.0,26.3,428.7,177.8
9.5,5.5,290.3,101.4,26.0,26.4,429.5,176.9
9.4,5.4,290.6,100.7,26.0,26.3,430.0,176.5
9.4,5.4,290.8,100.7,26.0,26.3,428.7,176.4
9.4,5.5,290.4,100.7,26.0,26.3,429.5,176.3
9.5,5.4,290.6,100.7,26.0,26.3,426.9,176.2
9.4,5.4,291.1,100.7,26.0,26.3,427.3,176.4
9.4,5.4,289.5,100.7,26.0,26.3,427.9,177.0
9.4,5.5,291.1,100.7,26.0,26.3,427.6,177.3
9.4,5.5,291.0,100.7,26.0,26.3,429.4,177.9
9.5,5.5,290.9,100.7,26.0,26.3,429.4,178.2
9.4,5.4,291.4,100.7,26.0,26.3,428.6,178.7
9.5,5.4,290.8,100.7,26.0,26.3,428.6,178.6
9.4,5.5,291.8,100.7,26.0,26.3,430.4,178.3
9.4,5.5,290.7,100.7,26.0,26.3,424.1,178.4
9.5,5.5,291.5,100.7,26.0,26.3,422.6,177.9
9.5,5.5,291.4,100.7,26.0,26.3,428.7,177.5
9.5,5.5,291.6,100.7,26.0,26.2,429.9,177.7
9.5,5.5,290.1,100.7,26.0,26.3,427.3,179.1
9.5,5.5,291.9,101.4,26.0,26.3,429.1,178.9
9.5,5.5,290.4,100.7,26.0,26.3,430.6,178.9
9.5,5.5,290.1,100.7,26.0,26.3,428.6,179.0
9.5,5.5,291.9,100.7,26.0,26.3,429.2,180.4
9.6,5.6,292.1,101.4,26.0,26.3,428.5,180.5
9.5,5.5,290.5,101.4,26.0,26.3,427.6,180.9
9.5,5.5,290.8,101.4,26.0,26.3,426.9,181.1
9.5,5.5,290.0,100.7,26.0,26.3,427.2,180.9
9.5,5.5,290.5,100.7,26.0,26.3,428.9,180.5
9.5,5.5,291.1,100.7,26.0,26.2,430.0,180.4
9.5,5.4,290.5,100.7,26.0,26.2,427.8,180.0
9.5,5.5,291.1,100.7,26.0,26.2,429.9,179.2
9.4,5.4,290.5,100.7,26.0,26.3,428.5,179.4
9.5,5.5,290.8,100.7,26.0,26.1,422.6,179.7
9.5,5.4,290.6,100.7,26.0,26.2,428.3,179.6
9.5,5.5,290.4,100.7,26.0,26.1,429.3,179.8
9.5,5.5,290.6,100.7,26.0,26.2,427.7,179.8
9.5,5.5,290.3,100.7,26.0,26.2,429.1,179.9
9.5,5.5,291.3,100.7,26.0,26.1,428.7,180.3
9.6,5.5,290.2,100.7,26.0,26.1,429.2,180.9
9.5,5.5,291.2,100.7,26.0,26.1,428.5,181.8
9.5,5.5,291.4,100.7,26.0,26.1,428.5,182.7
9.5,5.4,290.8,100.7,26.0,26.2,428.2,183.1
9.5,5.5,290.9,100.7,26.0,26.2,428.3,182.8
9.5,5.4,292.0,100.7,26.0,26.1,427.9,182.6
9.5,5.4,291.6,100.7,26.0,26.1,427.9,182.4
9.5,5.5,292.9,100.7,26.0,26.2,429.5,186.9
9.5,5.4,291.2,101.4,26.0,26.3,430.0,186.8
9.7,5.5,291.3,101.4,26.0,26.2,429.3,186.4
9.7,5.5,292.0,101.4,26.0,26.2,427.2,186.6
9.8,5.6,292.1,101.4,26.0,26.3,428.9,186.2
9.7,5.6,290.3,101.4,26.0,26.3,427.0,187.9
9.8,5.6,290.9,101.4,26.0,26.3,423.9,187.8
9.8,5.6,291.6,101.4,26.0,26.3,427.8,188.4
9.8,5.6,291.9,101.4,26.0,26.3,428.2,189.1
9.8,5.6,291.9,101.4,26.0,26.3,430.0,190.0
9.8,5.6,291.5,101.4,26.0,26.3,429.4,190.1
9.8,5.6,291.5,101.4,26.0,26.3,429.3,190.3
9.8,5.6,292.2,101.4,26.0,26.3,427.4,190.2
9.8,5.6,291.5,102.0,26.0,26.3,430.5,190.3
9.8,5.6,290.2,102.0,26.0,26.4,429.2,190.2
9.8,5.6,292.4,102.0,26.0,26.3,428.9,190.2
9.9,5.6,291.9,102.0,26.0,26.3,428.8,193.6
9.8,5.6,292.2,102.0,26.0,26.4,426.3,193.7
9.8,5.6,291.8,102.0,26.0,26.5,427.9,193.5
9.8,5.6,292.0,102.7,26.0,26.5,429.1,193.5
9.9,5.6,292.0,102.7,26.0,26.5,427.4,193.0
9.8,5.6,291.3,102.0,26.0,26.5,430.9,193.2
9.9,5.6,292.1,102.7,26.0,26.5,428.7,193.5
9.9,5.6,292.1,102.7,26.0,26.5,429.1,193.2
9.8,5.6,291.4,102.7,26.0,26.5,421.0,193.9
9.9,5.6,292.2,102.7,26.0,26.5,422.0,194.3
9.9,5.6,291.8,102.7,26.0,26.6,428.7,193.8
9.9,5.6,291.7,102.7,26.0,26.6,428.1,193.4
9.9,5.6,291.8,102.7,26.0,26.6,428.8,193.6
9.8,5.6,292.3,102.7,26.0,26.6,428.3,195.2
9.9,5.6,290.7,103.4,26.0,26.6,428.7,196.9
9.9,5.6,291.0,103.4,26.0,26.6,428.7,197.3
9.9,5.6,292.1,103.4,26.0,26.7,428.3,197.5
9.9,5.6,291.4,104.1,26.0,26.8,428.8,203.3
10.0,5.6,291.0,104.1,26.0,26.8,427.2,203.0
9.9,5.5,292.6,104.1,26.0,26.8,428.8,203.6
10.0,5.6,292.0,104.1,26.0,26.9,429.2,203.5
10.0,5.6,291.5,104.8,26.0,26.9,428.9,203.8
10.0,5.6,291.8,104.8,26.0,27.0,430.5,204.1
10.0,5.6,291.2,104.8,26.0,27.0,428.7,204.3
10.0,5.6,292.1,104.8,26.0,27.0,429.5,204.6
10.0,5.6,291.6,104.8,26.0,27.0,431.6,204.8
10.0,5.6,290.9,104.8,26.0,27.0,425.2,205.6
10.0,5.6,292.1,105.5,26.0,27.1,424.7,205.6
10.0,5.6,291.5,104.8,26.0,27.1,429.3,205.7
9.9,5.6,290.4,104.8,26.0,27.1,427.7,206.1
10.0,5.6,291.9,105.5,26.0,27.1,429.4,205.5
10.0,5.6,291.9,105.5,26.0,27.1,429.1,206.6
9.9,5.6,291.7,105.5,26.0,27.1,428.7,208.4
10.0,5.5,291.1,105.5,26.0,27.2,428.5,208.1
10.0,5.6,292.0,106.2,26.0,27.3,429.3,208.1
9.9,5.5,291.6,105.5,26.0,27.2,429.8,208.4
10.0,5.5,292.9,106.2,26.0,27.3,430.6,208.7
9.9,5.5,292.3,106.2,26.0,27.3,428.0,211.4
9.9,5.4,291.6,106.9,26.0,27.4,428.3,211.5
9.9,5.5,292.0,106.9,26.0,27.4,429.7,211.2
9.9,5.4,291.3,106.9,26.0,27.4,427.5,211.2
9.9,5.4,291.7,106.9,26.0,27.4,428.4,211.0
9.9,5.4,291.4,106.9,26.0,27.4,428.4,210.6
9.9,5.4,290.7,106.9,26.0,27.5,428.8,210.4
9.9,5.4,292.0,106.9,26.0,27.5,429.7,210.7
10.0,5.5,292.2,106.9,26.0,27.5,429.3,210.9
9.9,5.4,291.5,106.9,26.0,27.5,421.9,211.2
9.9,5.4,293.5,106.9,26.0,27.5,429.3,211.6
9.9,5.5,291.0,107.6,26.0,27.5,430.0,211.7
9.9,5.4,291.5,107.6,26.0,27.6,429.7,211.9
9.9,5.5,291.5,107.6,26.0,27.6,428.8,214.1
10.0,5.5,292.5,107.6,26.0,27.6,428.7,213.7
10.0,5.5,292.8,107.6,26.0,27.7,428.8,213.5
10.0,5.4,293.1,107.6,26.0,27.7,430.0,213.3
9.9,5.4,292.2,108.3,26.0,27.7,429.1,214.1
9.9,5.4,293.3,108.3,26.0,27.7,427.1,214.4
9.9,5.4,292.7,108.3,26.0,27.8,429.3,214.6
10.0,5.4,292.9,108.3,26.0,27.8,428.0,214.8
9.9,5.4,293.1,108.3,26.0,27.8,429.2,214.1
10.0,5.4,292.7,108.3,26.0,27.9,430.8,214.5
9.9,5.4,292.8,108.3,26.0,27.9,428.7,214.4
9.9,5.4,292.7,108.9,22.1,27.9,427.8,214.6
9.9,5.4,292.8,108.9,22.1,27.9,428.1,214.4
10.0,5.5,291.6,108.9,22.1,27.9,429.3,214.2
10.0,5.5,293.4,108.9,22.1,27.9,428.7,214.0
10.0,5.5,292.6,108.9,22.2,27.9,429.2,214.2
10.0,5.5,292.3,108.9,22.1,28.0,428.9,214.2
10.0,5.5,292.7,108.9,22.1,28.0,421.0,214.7
10.0,5.6,292.9,108.9,22.1,28.0,423.8,213.7
10.0,5.5,292.1,108.9,22.1,28.0,429.9,213.5
10.0,5.6,292.2,109.6,22.3,28.0,430.5,213.2
10.0,5.5,292.7,109.6,22.3,28.0,428.8,213.3
10.0,5.6,292.2,109.6,22.3,28.1,428.8,213.3
10.0,5.5,292.4,109.6,22.3,28.1,428.9,213.6
10.0,5.6,292.5,109.6,22.3,28.1,429.1,218.0
10.0,5.4,292.1,110.3,22.3,28.1,428.9,218.5
10.0,5.5,292.5,110.3,22.4,28.2,427.9,219.6
10.1,5.5,292.7,110.3,22.4,28.2,431.0,232.7
10.1,5.3,293.3,111.7,22.4,28.4,429.1,232.8
10.1,5.3,292.7,111.7,22.4,28.5,428.2,232.8
10.0,5.3,292.8,111.7,22.4,28.5,429.5,233.4
10.1,5.3,292.9,112.4,22.4,28.5,429.7,233.5
10.1,5.3,293.0,112.4,22.4,28.5,428.4,233.4
10.1,5.3,293.3,112.4,22.4,28.5,428.8,232.7
10.0,5.2,292.5,112.4,22.4,28.5,429.0,232.5
10.0,5.3,292.0,112.4,22.4,28.6,428.7,232.3
10.0,5.2,291.7,112.4,22.4,28.6,430.0,232.1
10.1,5.3,292.7,112.4,22.5,28.6,430.1,232.8
10.1,5.3,292.5,112.4,22.5,28.7,431.1,233.0
10.1,5.3,291.9,112.4,22.5,28.7,429.2,232.8
10.1,5.3,293.1,113.1,22.6,28.7,423.6,232.8
10.0,5.3,292.2,112.4,22.4,28.7,429.6,232.8
10.1,5.3,292.4,113.1,22.5,28.7,428.2,233.1
10.1,5.3,292.4,113.1,22.5,28.7,430.4,233.3
10.1,5.3,292.2,113.1,22.6,28.7,430.0,233.7
10.1,5.3,291.6,113.1,22.6,28.8,428.7,233.9
10.1,5.3,292.0,113.1,22.8,28.9,430.0,234.3
10.0,5.3,292.4,113.8,22.8,28.9,431.4,233.9
10.0,5.3,291.8,113.1,22.8,28.9,428.5,233.4
10.1,5.3,292.2,113.8,22.8,28.9,430.8,232.8
10.1,5.3,291.4,113.8,22.7,28.9,428.7,232.4
10.1,5.3,291.7,113.8,22.8,29.0,432.0,232.4
10.1,5.3,292.1,113.8,22.8,29.0,429.3,232.1
10.1,5.3,291.9,113.8,22.9,29.0,427.3,232.4
10.0,5.3,292.0,113.8,22.8,29.0,428.0,232.7
10.0,5.3,292.8,113.8,22.8,29.0,429.6,233.0
10.1,5.3,292.6,113.8,22.8,29.0,429.8,233.7
10.0,5.3,291.6,114.5,22.9,29.0,429.3,233.7
10.0,5.2,291.6,114.5,22.9,29.1,431.5,234.5
10.0,5.3,291.4,114.5,23.0,29.1,429.2,234.4
10.0,5.3,292.1,114.5,23.0,29.1,429.3,235.0
10.0,5.3,292.4,114.5,23.0,29.1,423.5,235.0
10.0,5.3,292.3,114.5,23.0,29.2,428.3,235.1
10.1,5.3,292.4,115.1,23.0,29.2,428.0,234.3
10.1,5.3,292.3,114.5,23.1,29.2,431.9,234.0
10.0,5.3,292.7,115.1,23.1,29.2,429.3,234.0
10.1,5.3,293.3,115.1,23.1,29.2,430.8,234.0
10.0,5.3,292.2,115.1,23.1,29.3,428.2,234.8
10.1,5.3,292.2,115.1,23.1,29.3,428.9,235.2
10.0,5.3,292.2,115.1,23.1,29.4,428.7,235.9
10.1,5.3,293.0,115.1,23.1,29.4,429.5,235.6
10.1,5.3,292.2,115.1,23.1,29.4,429.5,235.7
10.0,5.3,292.1,115.1,23.3,29.4,429.5,236.0
10.0,5.3,292.3,115.8,23.3,29.5,427.1,236.0
10.0,5.3,292.8,115.8,23.3,29.5,428.0,236.4
10.1,5.3,292.3,115.8,23.3,29.5,430.1,236.1
10.1,5.3,293.1,115.8,23.3,29.5,430.5,237.7
10.2,5.3,292.7,115.8,23.3,29.5,430.1,237.0
10.1,5.3,291.8,116.5,23.3,29.5,429.9,236.5
10.1,5.3,292.4,116.5,23.3,29.6,429.3,235.7
10.1,5.3,291.4,115.8,23.3,29.6,431.1,235.8
10.1,5.3,292.4,116.5,23.3,29.6,424.2,235.6
10.1,5.3,291.5,116.5,23.4,29.6,424.3,235.4
10.1,5.3,293.3,116.5,23.4,29.7,428.5,236.2
10.1,5.3,292.8,116.5,23.4,29.6,431.2,236.4
10.1,5.3,291.7,116.5,23.4,29.7,429.5,236.4
10.1,5.3,293.1,116.5,23.4,29.6,427.1,237.1
10.1,5.3,293.1,116.5,23.4,29.7,431.5,237.0
10.0,5.3,292.2,116.5,23.4,29.7,429.6,237.1
10.0,5.3,292.5,116.5,23.4,29.8,428.7,237.4
10.1,5.3,293.8,116.5,23.4,29.7,430.1,237.3
10.1,5.3,294.3,117.2,23.5,29.7,428.4,237.3
10.1,5.3,292.8,117.2,23.5,29.8,430.1,237.2
10.0,5.3,291.9,117.2,23.5,29.9,429.5,236.8
10.1,5.3,292.2,117.2,23.5,29.9,429.3,236.9
10.1,5.3,292.9,117.2,23.6,29.9,429.9,236.9
10.1,5.3,293.0,117.2,23.6,29.9,430.5,237.2
10.1,5.3,294.2,117.9,23.7,29.9,429.7,237.0
10.0,5.3,292.4,117.9,23.7,30.0,430.2,237.4
10.1,5.3,293.9,117.9,23.6,30.0,422.9,237.4
10.1,5.3,292.6,117.9,23.6,30.0,428.7,237.7
10.1,5.4,292.2,117.9,23.7,30.0,430.1,237.8
10.2,5.3,292.5,117.9,23.7,30.0,431.3,237.9
10.1,5.3,292.6,118.6,23.7,30.0,431.0,238.2
10.1,5.4,292.0,118.6,23.8,30.1,429.7,237.5
10.1,5.3,292.6,117.9,23.8,30.1,428.9,237.1
10.0,5.3,292.6,118.6,23.8,30.1,429.0,237.1
10.1,5.3,293.1,118.6,23.9,30.1,431.3,237.5
10.1,5.4,292.9,118.6,23.9,30.1,429.1,237.4
10.1,5.3,292.4,118.6,23.9,30.1,428.1,237.5
10.0,5.3,293.1,118.6,23.9,30.1,427.8,237.4
10.1,5.4,293.3,118.6,24.0,30.2,430.6,237.5
10.1,5.4,292.9,118.6,24.0,30.2,429.1,237.6
10.1,5.4,292.0,118.6,24.0,30.2,428.8,237.7
10.1,5.4,293.5,118.6,24.0,30.2,429.2,237.2
10.2,5.4,293.0,119.3,24.0,30.3,428.4,237.2
10.1,5.4,292.4,119.3,24.1,30.3,427.2,237.8
10.2,5.4,293.2,119.3,24.0,30.4,429.1,238.0
10.2,5.4,292.5,119.3,24.0,30.3,428.4,238.6
10.2,5.4,292.2,119.3,24.1,30.4,424.8,239.0
10.2,5.4,293.1,120.0,24.1,30.4,426.9,238.8
10.2,5.4,292.7,119.3,24.1,30.4,427.9,238.7
10.1,5.4,292.5,119.3,24.1,30.4,428.6,238.9
10.1,5.4,294.0,119.3,24.1,30.4,429.5,238.7
10.1,5.4,293.8,120.0,24.2,30.4,429.5,238.4
10.1,5.4,293.5,120.0,24.2,30.5,430.3,238.4
10.1,5.3,293.7,120.0,24.2,30.5,429.7,238.9
10.1,5.4,293.5,120.0,24.2,30.5,430.1,239.2
10.1,5.4,292.9,120.0,24.2,30.5,427.9,239.1
10.1,5.4,292.6,120.0,24.2,30.5,430.0,239.3
10.1,5.4,292.8,120.0,24.2,30.5,429.7,239.9
10.1,5.4,293.0,120.7,24.2,30.5,429.9,240.1
10.2,5.4,293.2,120.0,24.2,30.6,430.1,240.3
10.2,5.4,293.7,120.7,24.3,30.6,425.7,240.0
10.2,5.4,294.1,120.7,24.2,30.6,431.7,240.3
10.2,5.4,293.7,120.7,24.3,30.6,429.8,243.6
10.2,5.4,292.8,121.4,24.2,30.7,431.1,242.6
10.2,5.4,292.7,120.7,24.3,30.7,428.6,242.9
10.2,5.4,293.2,120.7,24.3,30.7,430.2,243.5
10.2,5.4,294.3,121.4,24.4,30.7,428.4,243.2
10.2,5.4,294.0,121.4,24.4,30.7,425.0,243.0
10.2,5.4,293.1,121.4,24.4,30.8,432.6,242.6
10.2,5.4,292.1,121.4,24.5,30.8,431.5,242.6
10.2,5.4,291.9,121.4,24.5,30.8,426.5,242.4
10.2,5.4,292.8,121.4,24.5,30.8,430.3,242.2
10.2,5.4,292.6,121.4,24.5,30.9,429.7,242.2
10.2,5.4,292.6,121.4,24.6,30.9,427.8,241.8
10.2,5.4,292.1,122.0,24.6,30.9,429.5,242.3
10.2,5.4,292.6,122.0,24.6,30.9,430.3,242.8
10.2,5.4,292.2,122.0,24.6,30.9,429.5,243.3
10.2,5.4,292.2,122.0,24.6,30.9,430.1,247.6
10.2,5.4,292.4,122.7,24.7,31.0,428.9,247.5
10.3,5.4,292.4,122.7,24.8,31.0,430.8,247.6
10.2,5.4,292.9,122.7,24.6,31.1,431.0,247.1
10.2,5.3,292.0,122.7,24.7,31.1,430.4,246.9
10.2,5.3,292.7,122.7,24.8,31.1,431.6,246.8
10.2,5.4,291.2,122.7,24.6,31.0,427.1,246.8
10.2,5.4,292.2,122.7,24.7,31.1,423.1,246.3
10.3,5.4,292.4,122.7,24.6,31.1,428.9,246.3
10.2,5.4,291.8,122.7,24.6,31.1,431.0,246.6
10.2,5.3,292.7,122.7,24.6,31.1,428.8,246.9
10.3,5.4,292.8,122.7,24.6,31.0,429.7,247.3
10.2,5.3,292.5,122.7,24.6,31.0,429.7,250.1
10.3,5.4,292.4,122.7,24.6,31.0,430.9,249.7
10.3,5.4,291.7,122.7,24.5,31.1,430.8,249.6
10.2,5.3,291.8,122.7,24.5,31.0,428.9,249.6
10.3,5.3,292.5,122.7,24.5,31.0,429.7,249.3
10.3,5.3,291.7,122.0,24.5,31.0,430.1,249.3
10.3,5.4,290.8,122.0,24.5,31.0,428.7,249.3
10.2,5.3,291.3,122.0,24.5,30.9,429.5,249.1
10.3,5.4,291.3,122.0,24.5,31.0,431.5,248.6
10.3,5.4,290.5,122.0,24.4,31.0,431.2,248.1
10.3,5.4,291.4,122.0,24.5,30.9,430.1,247.9
10.3,5.3,292.3,122.0,24.4,30.9,429.0,247.5
10.2,5.3,292.2,122.0,24.4,30.9,430.3,247.8
10.3,5.3,292.0,122.0,24.5,30.9,428.6,250.1
10.3,5.3,291.2,122.0,24.4,30.9,426.3,249.9
10.3,5.3,292.4,122.0,24.4,30.9,430.0,250.1
10.2,5.3,291.7,122.0,24.4,30.9,430.4,250.3
10.2,5.3,292.1,122.0,24.4,30.9,428.0,250.6
10.3,5.3,291.8,122.0,24.4,30.9,429.1,250.4
10.3,5.3,290.9,122.0,24.3,30.9,428.0,250.0
10.3,5.3,291.3,122.0,24.4,30.9,428.1,248.7
10.2,5.3,291.9,122.0,24.4,30.8,430.9,248.2
10.2,5.3,291.8,121.4,24.3,30.8,428.2,248.0
10.2,5.3,291.2,121.4,24.3,30.8,431.4,248.0
10.3,5.3,290.9,121.4,24.2,30.7,428.5,247.1
10.2,5.3,291.1,121.4,24.2,30.7,430.9,247.2
10.3,5.3,289.8,121.4,24.3,30.7,429.4,246.9
10.2,5.3,290.8,121.4,24.3,30.7,429.6,247.0
10.2,5.3,291.0,121.4,24.3,30.7,429.5,247.2
10.2,5.3,290.9,121.4,24.3,30.7,429.2,247.4
10.2,5.3,291.3,121.4,24.2,30.7,429.0,247.9
10.2,5.3,290.5,121.4,24.2,30.7,423.6,248.2
10.3,5.3,290.9,121.4,24.1,30.7,428.2,248.2
10.2,5.3,290.4,121.4,24.2,30.6,429.1,248.2
10.2,5.3,291.7,121.4,24.3,30.7,429.0,248.5
10.2,5.3,291.3,121.4,24.4,30.7,428.0,248.8
10.3,5.4,291.5,120.7,24.3,30.7,429.5,248.4
10.3,5.3,290.2,121.4,24.3,30.7,429.5,250.6
10.3,5.3,291.6,121.4,24.4,30.7,432.2,250.8
10.3,5.3,290.2,121.4,24.3,30.7,427.7,250.5
10.3,5.3,291.1,121.4,24.3,30.7,430.2,250.5
10.3,5.3,291.1,121.4,24.3,30.6,430.0,249.1
10.2,5.2,290.2,120.7,24.3,30.6,428.3,249.0
10.2,5.3,290.1,120.7,24.3,30.6,429.0,248.5
10.2,5.3,289.8,120.7,24.2,30.6,428.7,248.5
10.2,5.3,292.1,120.7,24.3,30.6,428.9,248.2
10.2,5.2,291.4,120.7,24.3,30.6,428.5,248.7
10.2,5.3,290.6,120.7,24.2,30.6,427.7,248.7
10.2,5.2,290.9,120.7,24.2,30.6,430.2,249.5
10.2,5.3,290.7,120.7,24.3,30.6,425.1,249.1
10.2,5.2,291.2,120.7,24.1,30.6,429.4,249.2
10.2,5.2,291.8,120.7,24.2,30.5,428.0,248.7
10.1,5.2,290.5,120.7,24.2,30.5,427.3,248.5
10.2,5.2,290.1,120.7,24.2,30.5,429.5,248.2
10.2,5.2,291.3,120.7,24.2,30.5,430.1,247.9
10.2,5.2,291.1,120.7,24.3,30.5,427.8,248.0
10.2,5.2,291.8,120.7,24.1,30.5,430.7,247.3
10.2,5.2,291.0,120.0,24.1,30.5,430.0,247.2
10.2,5.3,290.4,120.0,24.1,30.5,428.8,246.8
10.2,5.2,290.4,120.0,24.1,30.4,427.2,246.7
10.2,5.3,290.7,120.0,24.0,30.5,428.2,247.1
10.2,5.2,291.7,120.0,24.0,30.4,430.8,248.0
10.2,5.3,290.8,120.0,24.1,30.4,429.5,248.2
10.1,5.2,291.2,120.0,24.0,30.4,428.4,248.5
10.2,5.3,291.1,120.0,23.9,30.4,430.3,249.0
10.2,5.3,291.4,120.0,24.0,30.4,430.3,249.0
10.2,5.3,291.1,120.0,24.0,30.4,427.0,249.5
10.2,5.3,292.4,120.0,24.0,30.4,430.1,249.6
10.2,5.2,290.6,120.0,24.0,30.5,422.6,249.3
10.2,5.3,291.5,120.0,24.0,30.5,428.3,249.2
10.2,5.3,291.2,120.0,24.0,30.4,428.5,248.6
10.2,5.2,291.0,120.0,24.0,30.4,428.0,248.5
10.2,5.3,290.9,120.0,24.0,30.4,429.1,248.2
10.2,5.2,290.3,120.0,24.1,30.4,429.0,247.6
10.2,5.2,291.7,120.0,24.1,30.4,431.4,247.4
10.2,5.3,291.9,120.0,24.0,30.4,429.6,247.2
10.2,5.3,290.3,120.0,24.1,30.4,431.0,247.0
10.1,5.2,290.8,120.0,24.1,30.4,428.3,247.0
10.2,5.2,291.4,120.0,24.0,30.4,430.0,246.1
10.1,5.2,291.4,120.0,24.1,30.4,428.7,245.5
10.0,5.2,291.1,120.0,24.1,30.4,428.4,245.6
10.2,5.3,290.3,120.0,24.1,30.4,428.2,245.7
10.2,5.3,291.2,120.0,24.2,30.4,429.7,245.3
10.2,5.2,291.3,120.0,24.1,30.4,428.1,245.9
10.2,5.3,291.0,120.0,24.1,30.4,427.0,246.0
10.2,5.3,291.6,120.0,24.1,30.4,428.7,245.9
10.2,5.3,291.3,119.3,24.1,30.4,429.7,245.7
10.2,5.3,291.1,119.3,24.1,30.4,430.7,245.8
10.2,5.2,291.7,119.3,24.1,30.4,429.3,246.2
10.2,5.3,290.9,120.0,24.0,30.4,424.5,245.6
10.2,5.2,290.9,119.3,24.0,30.4,425.4,245.8
10.2,5.2,290.5,119.3,24.0,30.4,428.4,245.6
10.2,5.2,291.0,119.3,24.0,30.4,428.0,245.5
10.2,5.2,290.3,119.3,24.0,30.3,429.4,245.4
10.2,5.3,291.1,119.3,24.1,30.4,428.4,245.3
10.2,5.2,290.1,119.3,24.1,30.4,427.4,245.4
10.2,5.2,291.0,119.3,24.0,30.3,429.4,245.4
10.1,5.2,290.4,119.3,24.0,30.3,429.6,245.8
10.2,5.2,290.5,119.3,24.0,30.2,430.5,245.6
10.2,5.2,291.8,119.3,24.0,30.3,431.3,245.2
10.1,5.2,290.3,119.3,24.0,30.3,430.5,245.1
10.2,5.2,290.8,119.3,24.0,30.2,430.1,245.1
10.2,5.2,290.3,119.3,24.0,30.2,427.9,244.9
10.1,5.2,290.2,119.3,23.9,30.2,429.6,244.4
10.1,5.2,290.2,119.3,23.9,30.2,429.3,244.3
10.1,5.2,290.7,119.3,24.0,30.2,429.3,244.7
10.2,5.2,290.9,119.3,24.0,30.3,428.5,245.1
10.1,5.2,290.7,119.3,23.9,30.2,430.3,244.6
10.1,5.2,290.1,119.3,23.9,30.3,422.9,245.1
10.1,5.2,291.5,119.3,23.9,30.3,430.4,245.2
10.1,5.2,290.5,119.3,24.0,30.2,430.4,245.0
10.0,5.2,289.7,119.3,23.9,30.3,430.9,245.4
10.1,5.2,289.6,119.3,24.0,30.2,429.9,245.8
10.2,5.2,292.0,119.3,24.0,30.4,428.5,245.2
10.1,5.2,290.1,119.3,24.0,30.3,427.6,245.1
10.1,5.2,291.0,119.3,23.9,30.2,427.8,245.0
10.1,5.2,291.4,119.3,24.0,30.3,430.8,245.0
10.1,5.2,289.9,119.3,23.9,30.2,429.5,245.0
10.1,5.2,290.8,119.3,23.9,30.2,431.0,245.7
10.2,5.2,290.9,119.3,23.8,30.2,428.9,245.3
10.0,5.2,290.2,119.3,23.7,30.2,428.7,246.0
10.2,5.2,290.0,118.6,23.8,30.2,427.7,246.6
10.2,5.2,291.1,119.3,23.8,30.2,429.6,247.0
10.1,5.2,291.6,119.3,23.8,30.3,424.1,247.4
10.2,5.3,291.4,119.3,23.8,30.2,430.5,247.2
10.2,5.2,290.9,119.3,23.7,30.2,429.5,247.0
10.2,5.2,291.0,119.3,23.8,30.2,428.5,247.3
10.2,5.2,290.6,119.3,23.8,30.2,428.3,247.2
10.1,5.2,290.8,118.6,23.8,30.2,429.0,247.2
10.2,5.2,291.3,119.3,23.8,30.2,428.9,247.5
10.2,5.2,291.1,119.3,23.8,30.2,428.8,247.2
10.1,5.2,290.7,119.3,23.8,30.1,429.5,247.2
10.1,5.2,291.5,119.3,23.8,30.2,428.1,246.9
10.0,5.2,290.8,119.3,23.8,30.2,430.3,246.2
10.0,5.2,290.0,118.6,23.8,30.2,428.3,246.4
10.1,5.2,290.6,118.6,23.8,30.2,426.5,246.3
10.1,5.2,291.5,119.3,23.7,30.2,429.8,246.5
10.2,5.2,291.0,119.3,23.7,30.2,428.3,245.8
10.1,5.2,290.8,118.6,23.8,30.2,429.5,246.1
10.1,5.2,290.4,118.6,23.8,30.2,428.1,246.2
10.2,5.2,291.5,119.3,23.8,30.2,422.7,245.9
10.0,5.2,290.9,119.3,23.8,30.2,423.1,245.6
10.1,5.2,290.3,118.6,23.8,30.2,431.2,245.1
10.1,5.2,290.7,118.6,23.9,30.2,432.9,245.3
10.1,5.2,291.2,119.3,23.9,30.2,427.5,245.2
10.2,5.3,290.1,119.3,23.9,30.2,430.2,245.3
10.1,5.2,290.5,119.3,23.9,30.2,430.3,245.2
10.1,5.2,291.0,119.3,23.9,30.2,428.5,245.5
10.2,5.2,291.4,119.3,23.9,30.2,428.9,244.7
10.1,5.2,291.3,118.6,23.9,30.2,429.4,245.2
10.2,5.3,290.4,119.3,23.8,30.2,428.7,245.1
10.2,5.3,290.2,119.3,23.9,30.2,428.0,244.9
10.1,5.2,290.0,118.6,23.8,30.2,428.9,244.6
10.1,5.2,291.4,118.6,23.8,30.2,429.7,244.5
10.2,5.3,291.7,118.6,23.8,30.1,430.2,244.1
10.1,5.2,290.7,118.6,23.8,30.2,428.7,244.0
10.1,5.2,290.5,118.6,23.9,30.2,430.4,244.2
10.1,5.2,290.7,119.3,23.9,30.2,424.0,243.2
10.1,5.2,289.7,118.6,23.8,30.2,428.4,242.5
10.1,5.2,290.1,118.6,23.8,30.1,428.6,242.2
10.1,5.3,291.1,118.6,23.8,30.2,427.6,241.7
10.1,5.3,289.5,118.6,23.8,30.1,428.5,241.0
10.1,5.2,289.5,118.6,23.7,30.1,428.3,241.2
10.2,5.3,290.8,118.6,23.8,30.1,428.0,241.3
10.2,5.3,290.5,118.6,23.8,30.1,428.8,241.2
10.2,5.3,290.8,118.6,24.0,30.1,430.1,240.9
10.1,5.2,290.5,118.6,24.0,30.1,429.5,241.6
10.1,5.3,290.5,118.6,24.0,30.1,429.9,241.5
10.2,5.3,289.8,118.6,24.0,30.1,429.5,241.8
10.2,5.2,291.1,118.6,24.1,30.1,428.2,241.6
10.1,5.2,290.9,118.6,24.0,30.1,429.3,242.4
10.2,5.3,290.5,118.6,24.0,30.1,428.9,242.4
10.1,5.2,290.8,118.6,24.0,30.1,428.9,242.5
10.1,5.2,291.5,118.6,23.9,30.1,424.3,242.4
10.1,5.2,289.5,118.6,23.9,30.1,423.7,242.4
10.1,5.2,291.3,118.6,23.7,30.1,428.9,242.0
10.0,5.2,290.7,118.6,23.8,30.1,431.0,242.0
10.1,5.2,290.5,118.6,23.8,30.1,430.6,241.5
10.0,5.2,292.2,118.6,23.8,30.1,429.3,242.0
10.2,5.2,290.5,118.6,23.8,30.1,429.7,241.9
10.1,5.2,290.8,118.6,23.8,30.1,429.2,241.8
10.0,5.2,290.0,118.6,23.8,30.1,427.0,242.0
10.1,5.2,290.1,118.6,23.8,30.1,429.6,241.7
10.1,5.2,291.0,118.6,23.8,30.1,430.0,241.9
10.1,5.3,291.2,118.6,23.8,30.1,430.3,242.2
10.1,5.2,290.8,118.6,23.8,30.1,429.1,242.5
10.1,5.2,290.5,118.6,23.8,30.1,428.5,241.4
10.1,5.2,291.2,118.6,23.7,30.1,429.1,241.8
10.2,5.3,291.2,118.6,23.7,30.1,431.4,241.9
10.2,5.3,291.4,118.6,23.7,30.1,428.9,241.4
10.1,5.3,291.6,118.6,23.9,30.1,421.1,240.6
10.0,5.2,291.7,117.9,24.0,30.1,428.9,241.0
10.2,5.3,291.4,117.9,24.0,30.1,429.3,240.6
10.1,5.2,290.4,117.9,24.0,30.0,428.6,240.1
10.1,5.3,289.6,118.6,24.0,30.0,429.1,240.0
10.1,5.3,290.2,117.9,23.9,30.0,427.8,239.6
10.1,5.3,291.3,118.6,23.9,30.0,429.4,239.2
10.1,5.3,290.7,118.6,24.0,30.0,430.1,239.2
10.2,5.3,290.3,117.9,23.9,30.0,428.9,238.9
10.1,5.3,290.7,117.9,24.0,30.1,428.8,238.5
10.0,5.2,290.3,117.9,23.9,30.0,430.6,238.4
10.1,5.3,290.8,117.9,23.9,30.0,428.1,238.5
10.1,5.3,290.5,117.9,23.9,30.0,429.0,238.1
10.1,5.3,290.9,117.2,23.9,29.9,427.1,238.2
10.1,5.3,290.4,117.9,23.8,29.9,428.4,238.5
10.1,5.3,290.5,117.9,23.8,29.9,424.0,238.8
10.1,5.3,290.2,117.9,23.8,29.9,429.6,238.0
10.1,5.3,291.2,117.2,23.7,30.0,428.5,238.1
10.1,5.3,290.3,117.2,23.8,29.9,427.3,238.0
10.1,5.3,290.6,117.9,23.8,30.0,427.4,237.4
10.1,5.3,291.0,117.2,23.8,29.9,430.2,237.9
10.2,5.3,290.1,117.9,23.7,29.9,427.9,237.7
10.2,5.3,289.1,117.9,23.8,29.9,427.8,237.5
10.1,5.3,291.1,117.9,23.8,29.9,429.8,237.4
10.1,5.3,290.3,117.2,23.8,29.9,428.2,238.0
10.2,5.3,290.5,117.9,23.8,29.9,427.1,238.2
10.1,5.3,290.4,117.9,23.8,29.9,432.4,236.0
10.2,5.4,291.2,117.2,23.8,29.9,428.9,235.6
10.2,5.4,290.2,117.2,23.8,29.9,424.9,235.2
10.1,5.3,290.7,117.2,23.8,29.9,428.7,235.3
10.2,5.4,290.6,117.2,23.8,29.9,427.5,235.7
10.2,5.4,291.0,117.2,23.8,29.9,427.2,235.6
10.2,5.4,290.1,117.2,23.8,29.9,428.0,235.2
10.2,5.4,290.7,117.2,23.8,29.9,429.6,234.5
10.2,5.4,289.7,117.2,23.8,29.9,428.6,235.0
10.2,5.4,290.9,117.2,23.8,29.9,430.9,234.6
10.2,5.3,290.1,117.2,23.8,29.9,429.7,234.6
10.2,5.4,290.3,117.2,23.8,29.9,428.4,234.6
10.1,5.4,289.9,117.2,23.7,29.9,428.9,234.6
10.2,5.3,290.1,117.2,23.7,29.9,428.6,234.2
10.1,5.3,289.7,117.2,23.7,29.9,428.1,234.4
10.1,5.3,290.2,117.2,23.8,29.9,429.7,234.7
10.1,5.4,289.5,117.9,23.9,29.9,429.2,234.9
10.2,5.4,290.0,117.9,24.0,30.0,423.3,234.6
10.2,5.3,290.4,117.2,24.0,29.9,428.3,235.1
10.2,5.4,289.9,117.2,24.0,29.9,428.3,235.1
10.2,5.4,290.5,117.2,24.0,29.9,429.9,235.0
10.1,5.4,291.0,117.2,24.1,29.9,428.5,234.9
10.1,5.4,290.1,117.2,24.0,29.9,428.4,234.8
10.2,5.4,290.6,117.2,24.1,29.9,428.9,234.6
10.2,5.4,290.2,117.2,24.0,29.9,429.9,234.5
10.2,5.4,288.6,117.2,24.1,29.9,428.2,234.6
10.2,5.3,289.9,117.2,24.1,29.9,430.3,235.3
10.2,5.4,291.0,117.2,24.1,29.9,428.4,235.0
10.2,5.4,290.1,117.2,24.1,29.9,429.5,235.8
10.2,5.4,290.2,117.2,24.1,29.9,428.5,236.5
10.3,5.4,291.1,117.2,24.1,29.9,428.4,237.0
10.2,5.4,290.8,117.9,24.1,29.9,427.5,237.3
10.2,5.4,290.1,117.9,24.2,30.0,422.4,237.8
10.2,5.4,289.8,117.9,24.2,30.0,428.6,237.9
10.2,5.4,291.1,117.9,24.2,29.9,428.0,237.6
10.2,5.4,290.8,117.9,24.2,30.0,427.8,238.0
10.2,5.4,289.6,117.9,24.3,30.0,428.7,239.0
10.2,5.4,290.0,117.9,24.4,30.0,428.0,239.0
10.2,5.4,289.7,117.9,24.3,30.0,431.4,237.9
10.2,5.3,290.4,117.9,24.3,30.0,429.3,238.1
10.3,5.4,289.6,118.6,24.3,30.0,429.1,240.5
10.3,5.4,289.4,118.6,24.3,30.0,430.9,240.3
10.3,5.3,289.4,118.6,24.3,30.1,428.1,240.0
10.2,5.3,289.6,118.6,24.3,30.0,430.4,240.8
10.3,5.4,288.9,118.6,24.3,30.1,429.9,244.0
10.3,5.3,289.5,118.6,24.3,30.1,428.0,244.5
10.3,5.4,290.8,118.6,24.3,30.1,425.2,244.5
10.3,5.3,290.3,119.3,24.3,30.1,429.1,244.1
10.2,5.3,290.4,118.6,24.3,30.1,430.6,244.3
10.3,5.3,290.4,118.6,24.3,30.1,428.4,244.3
10.3,5.3,289.1,118.6,24.3,30.1,428.8,244.1
10.3,5.3,289.7,118.6,24.3,30.1,426.0,244.1
10.3,5.3,290.8,118.6,24.3,30.1,427.6,243.9
10.3,5.4,290.2,118.6,24.3,30.1,429.3,243.5
10.3,5.4,290.0,118.6,24.3,30.1,429.2,243.2
10.3,5.3,291.0,118.6,24.3,30.1,429.9,243.6
10.3,5.3,290.4,119.3,24.3,30.1,428.1,242.9
10.2,5.3,290.2,118.6,24.3,30.1,428.9,243.8
10.3,5.4,290.3,119.3,24.4,30.1,427.5,243.4
10.3,5.4,290.1,118.6,24.3,30.1,428.8,243.2
10.3,5.3,289.4,118.6,24.4,30.1,423.2,244.1
10.3,5.4,289.6,118.6,24.3,30.1,429.9,244.7
10.3,5.4,290.4,118.6,24.3,30.1,429.4,244.4
10.3,5.3,290.2,118.6,24.3,30.1,430.4,244.7
10.3,5.4,290.1,118.6,24.3,30.1,428.1,244.3
10.2,5.3,289.9,119.3,24.4,30.1,429.8,243.7
10.3,5.3,289.8,118.6,24.3,30.1,429.0,243.3
10.3,5.3,289.7,118.6,24.4,30.1,428.4,243.2
10.3,5.3,289.8,118.6,24.4,30.1,428.8,243.0
10.3,5.4,290.2,119.3,24.4,30.2,430.0,242.7
10.3,5.3,289.5,118.6,24.3,30.1,429.3,242.7
10.3,5.4,290.0,118.6,24.3,30.1,428.7,242.6
10.3,5.3,290.6,118.6,24.3,30.1,430.5,242.7
10.3,5.3,289.5,118.6,24.3,30.1,428.4,243.2
10.3,5.4,290.3,119.3,24.3,30.1,428.0,243.8
10.3,5.3,290.2,119.3,24.4,30.1,424.8,244.1
10.3,5.3,290.2,119.3,24.4,30.2,428.4,247.7
10.3,5.3,290.1,119.3,24.3,30.1,429.7,248.1
10.3,5.3,290.3,119.3,24.3,30.2,429.2,248.1
10.3,5.3,291.4,119.3,24.3,30.1,429.0,248.4
10.3,5.3,290.2,119.3,24.3,30.2,429.2,249.8
10.3,5.3,289.8,119.3,24.3,30.2,426.8,248.7
10.3,5.3,290.0,119.3,24.3,30.2,428.9,248.7
10.3,5.3,290.0,119.3,24.4,30.2,430.6,248.5
10.3,5.3,289.5,119.3,24.3,30.2,429.5,249.0
10.3,5.3,289.3,119.3,24.3,30.2,429.4,247.1
10.3,5.3,290.7,119.3,24.3,30.2,428.1,247.6
10.2,5.2,290.5,119.3,24.4,30.2,430.1,248.0
10.3,5.3,289.8,119.3,24.4,30.2,430.1,248.1
10.3,5.2,290.1,119.3,24.3,30.3,424.2,249.4
10.3,5.3,290.6,120.0,24.4,30.3,429.2,248.7
10.2,5.2,290.6,119.3,24.4,30.3,428.7,248.7
10.2,5.2,290.3,119.3,24.4,30.2,429.3,249.1
10.2,5.3,291.6,120.0,24.4,30.3,431.0,248.6
10.2,5.2,290.5,120.0,24.5,30.3,429.1,248.2
10.2,5.2,289.7,120.0,24.4,30.3,429.7,247.8
10.2,5.2,290.3,120.0,24.4,30.3,427.5,248.0
10.3,5.3,290.8,120.0,24.5,30.4,428.7,247.8
10.3,5.3,290.4,120.0,24.5,30.4,428.7,247.1
10.3,5.3,291.5,120.0,24.5,30.4,427.4,247.3
10.3,5.3,290.6,120.0,24.5,30.4,428.9,246.7
10.2,5.3,290.0,120.0,24.5,30.4,430.8,246.3
10.2,5.3,290.8,120.0,24.5,30.4,429.6,246.3
10.2,5.3,290.6,120.0,24.5,30.3,424.2,246.4
10.2,5.2,289.3,120.0,24.5,30.4,426.9,246.8
10.2,5.3,291.4,120.0,24.5,30.4,429.0,247.0
10.2,5.3,290.3,120.0,24.5,30.4,428.2,246.8
10.2,5.2,290.1,120.0,24.5,30.4,427.2,247.0
10.3,5.3,290.5,120.0,24.5,30.4,426.8,247.1
10.2,5.2,292.1,120.0,24.5,30.4,427.7,247.4
10.3,5.3,290.2,120.0,24.5,30.4,429.9,246.9
10.2,5.3,290.3,120.0,24.5,30.4,427.4,247.6
10.2,5.3,289.9,120.0,24.5,30.4,429.6,247.6
10.2,5.3,291.1,120.0,24.5,30.4,428.2,247.4
10.2,5.3,290.9,120.0,24.5,30.4,428.5,247.0
10.3,5.3,290.7,120.0,24.5,30.4,429.7,246.5
10.2,5.3,291.1,120.0,24.5,30.4,430.6,245.9
10.3,5.3,290.8,120.0,24.5,30.4,423.7,245.7
10.2,5.3,290.6,120.0,24.5,30.4,423.6,245.5
10.3,5.3,290.8,120.0,24.5,30.4,430.3,245.2
10.2,5.3,290.1,120.0,24.5,30.4,428.6,245.9
10.2,5.3,290.6,120.0,24.6,30.4,429.6,245.8
10.2,5.3,291.6,120.0,24.6,30.4,428.2,245.9
10.2,5.3,291.5,120.0,24.5,30.4,431.9,245.5
10.2,5.2,291.2,120.0,24.6,30.4,429.6,245.9
10.3,5.3,291.3,120.0,24.6,30.4,429.6,245.9
10.3,5.3,291.3,120.7,24.6,30.5,430.0,245.8
10.3,5.3,291.2,120.0,24.6,30.5,430.1,245.3
10.3,5.3,292.2,120.0,24.5,30.4,429.1,245.5
10.3,5.3,291.3,120.0,24.5,30.5,429.0,245.5
10.3,5.3,291.2,120.0,24.6,30.4,429.3,245.2
10.3,5.3,291.3,120.0,24.5,30.5,430.9,244.4
10.3,5.3,291.0,120.0,24.6,30.5,423.7,244.9
10.3,5.3,291.3,120.0,24.6,30.5,424.7,244.1
10.2,5.3,291.6,120.0,24.5,30.5,428.1,244.2
10.3,5.3,291.0,120.0,24.6,30.4,428.8,244.6
10.3,5.3,292.0,120.7,24.6,30.5,427.8,244.9
10.3,5.3,291.2,120.0,24.6,30.5,430.4,245.6
10.2,5.3,291.2,120.7,24.6,30.5,428.8,246.2
10.2,5.3,290.5,120.7,24.6,30.5,427.2,245.9
10.3,5.3,291.3,120.7,24.6,30.6,430.1,246.2
10.3,5.3,291.3,120.7,24.7,30.5,429.3,245.8
10.2,5.3,290.5,120.7,24.7,30.6,428.5,245.9
10.3,5.3,290.3,120.7,24.7,30.5,429.8,245.5
10.2,5.3,291.8,120.7,24.7,30.6,430.4,246.6
10.3,5.3,291.5,120.7,24.7,30.6,430.4,246.5
10.3,5.3,290.5,121.4,24.8,30.6,424.4,247.1
10.3,5.3,290.4,121.4,24.8,30.6,423.9,248.4
10.3,5.3,291.6,121.4,24.8,30.7,429.3,248.5
10.3,5.3,291.1,121.4,24.8,30.7,429.1,248.8
10.3,5.3,291.3,121.4,24.8,30.7,431.1,250.2
10.3,5.3,290.6,121.4,24.8,30.7,428.5,251.1
10.3,5.3,291.1,121.4,24.8,30.7,429.6,251.1
10.3,5.3,291.6,121.4,24.8,30.7,428.4,250.0
10.3,5.3,291.5,121.4,24.8,30.7,430.4,249.4
10.3,5.3,291.8,121.4,24.8,30.7,432.1,250.0
10.3,5.4,291.1,121.4,24.8,30.7,428.2,249.6
10.3,5.3,291.7,121.4,24.8,30.7,430.8,249.9
10.3,5.3,291.6,121.4,24.9,30.7,430.7,249.5
10.3,5.3,291.5,121.4,24.8,30.7,428.7,249.0
10.3,5.3,290.3,122.0,24.9,30.7,425.9,248.5
10.3,5.3,291.8,121.4,24.8,30.8,428.7,248.8
10.3,5.3,291.4,121.4,24.9,30.8,429.1,249.0
10.3,5.3,289.8,122.0,24.9,30.7,429.7,250.8
10.3,5.3,290.5,122.0,24.9,30.8,429.5,250.8
10.3,5.3,291.0,122.0,24.8,30.8,429.6,251.1
10.3,5.3,291.4,122.0,24.9,30.8,428.7,251.3
10.3,5.3,291.6,122.0,24.9,30.9,431.1,251.5
10.3,5.3,291.1,122.0,24.8,30.8,429.9,250.8
10.3,5.3,290.9,122.0,24.8,30.7,429.6,250.6
10.3,5.3,290.7,122.0,24.9,30.8,429.5,251.0
10.3,5.3,291.4,122.0,24.9,30.8,432.6,251.0
10.3,5.3,291.4,122.0,24.9,30.9,429.8,250.9
10.3,5.3,291.4,122.0,24.9,30.8,428.0,251.3
10.3,5.3,290.3,122.7,24.9,30.9,423.8,251.1
10.3,5.3,291.1,122.0,24.9,30.9,430.8,251.4
10.3,5.3,291.6,122.0,25.0,30.9,428.9,251.5
10.3,5.3,290.9,122.0,24.9,30.9,430.5,252.0
10.3,5.3,291.3,122.0,25.0,30.9,430.3,252.7
10.3,5.3,291.8,122.7,25.0,30.9,428.2,253.1
10.4,5.3,290.8,122.7,25.0,31.0,428.8,253.2
10.3,5.3,292.2,122.7,25.0,31.0,430.5,253.2
10.3,5.4,291.6,122.0,25.0,30.9,428.9,253.3
10.3,5.3,291.9,122.7,25.0,30.9,430.7,252.7
10.3,5.3,292.1,122.0,25.0,30.9,430.6,252.7
10.3,5.3,291.4,122.7,25.0,31.0,429.5,252.2
10.3,5.3,291.9,122.7,25.0,30.9,429.7,252.4
10.3,5.3,291.4,122.7,25.1,31.0,428.9,251.8
10.3,5.3,291.7,122.7,25.1,31.0,422.3,251.8
10.3,5.3,291.3,122.7,25.1,31.0,430.3,251.7
10.3,5.3,290.7,122.7,25.1,31.0,429.2,252.7
10.3,5.3,290.9,122.7,25.1,31.0,430.8,252.5
10.3,5.3,292.6,122.7,25.1,31.0,430.8,252.2
10.3,5.3,291.0,122.7,25.1,31.0,428.4,252.2
10.3,5.3,290.5,122.7,25.1,31.0,430.0,251.6
10.3,5.3,290.9,122.7,25.1,31.0,430.0,252.6
10.3,5.3,290.5,122.7,25.1,31.0,429.5,252.4
10.3,5.3,291.4,122.7,25.1,31.0,428.4,251.6
10.3,5.3,290.8,122.7,25.1,31.0,430.0,251.7
10.3,5.3,291.3,122.7,25.1,31.0,429.6,251.3
10.3,5.3,291.0,122.7,25.1,31.0,429.1,251.4
10.3,5.3,290.8,122.7,25.1,31.1,425.8,250.7
10.3,5.3,291.0,123.4,25.1,31.1,424.2,250.8
10.3,5.3,291.4,122.7,25.2,31.1,431.0,250.2
10.3,5.3,291.2,123.4,25.2,31.1,430.1,250.4
10.3,5.3,291.1,123.4,25.3,31.1,428.4,250.8
10.3,5.3,291.2,123.4,25.3,31.1,431.2,251.2
10.3,5.3,291.1,123.4,25.3,31.1,431.6,251.5
10.3,5.3,291.8,123.4,25.3,31.1,430.7,252.1
10.3,5.3,291.9,123.4,25.3,31.1,431.1,252.8
10.3,5.3,292.1,123.4,25.3,31.1,430.5,254.0
10.3,5.3,291.9,123.4,25.3,31.1,427.9,254.1
10.3,5.3,292.4,123.4,25.3,31.1,429.1,254.1
10.3,5.3,292.6,123.4,25.3,31.1,428.4,253.6
10.3,5.3,292.9,123.4,25.3,31.1,430.2,253.1
10.3,5.3,292.0,123.4,25.3,31.1,427.3,251.7
10.3,5.3,290.9,123.4,25.3,31.1,423.1,250.7
10.3,5.3,291.9,122.7,25.2,31.1,428.1,249.6
10.4,5.4,291.8,122.7,25.2,31.1,429.9,249.2
10.3,5.3,290.8,122.7,25.2,31.0,430.5,249.6
10.3,5.4,291.6,123.4,25.2,31.1,427.8,248.7
10.3,5.3,291.5,122.7,25.3,31.1,430.3,249.0
10.3,5.4,291.9,122.7,25.3,31.1,430.4,249.3
10.3,5.3,292.4,122.7,25.3,31.1,430.0,249.0
10.2,5.3,292.3,122.7,25.2,31.1,428.9,249.2
10.3,5.3,291.1,123.4,25.3,31.1,428.7,249.4
10.3,5.3,291.9,123.4,25.3,31.1,429.7,249.7
10.3,5.3,291.6,123.4,25.3,31.1,430.6,250.0
10.3,5.3,292.2,122.7,25.3,31.1,429.0,250.5
10.3,5.4,292.1,123.4,25.3,31.1,430.6,249.9
10.3,5.3,291.8,123.4,25.3,31.1,429.6,250.5
10.3,5.4,292.0,123.4,25.3,31.1,423.8,250.3
10.3,5.4,292.4,123.4,25.3,31.1,429.1,250.2
10.3,5.3,291.8,123.4,25.3,31.1,430.6,250.7
10.3,5.4,291.3,123.4,25.3,31.1,428.0,250.8
10.3,5.4,292.2,123.4,25.2,31.1,429.6,250.7
10.3,5.4,291.8,122.7,25.3,31.1,430.8,251.4
10.3,5.3,291.9,123.4,25.3,31.1,429.6,250.9
10.3,5.3,292.4,123.4,25.3,31.1,428.6,250.1
10.3,5.4,292.6,122.7,25.3,31.1,431.5,249.9
10.3,5.4,292.1,122.7,25.2,31.1,428.6,250.0
10.4,5.5,291.4,123.4,25.2,31.1,428.6,251.4
10.5,5.5,290.8,123.4,25.2,31.1,429.4,251.2
10.7,5.6,290.6,123.4,25.3,31.1,428.6,251.0
10.6,5.6,289.6,123.4,25.3,31.1,431.9,250.4
10.7,5.6,289.8,123.4,25.2,31.1,428.7,250.8
10.6,5.6,289.0,123.4,25.3,31.1,422.6,250.6
10.7,5.6,289.2,123.4,25.3,31.1,429.9,251.2
10.7,5.6,288.9,123.4,25.3,31.1,429.2,251.7
10.7,5.6,288.0,123.4,25.3,31.1,429.4,252.6
10.7,5.7,288.8,123.4,25.3,31.1,430.5,253.7
10.8,5.7,289.0,123.4,25.3,31.1,428.2,254.0
10.8,5.7,289.0,123.4,25.3,31.2,428.8,254.7
10.7,5.6,288.5,123.4,25.3,31.2,431.2,255.3
10.8,5.6,289.6,124.1,25.3,31.2,430.2,255.6
10.9,5.7,287.7,123.4,25.3,31.2,431.3,255.1
10.8,5.7,287.2,123.4,25.3,31.2,430.4,255.0
10.8,5.7,287.7,124.1,25.3,31.2,429.9,255.2
10.8,5.7,287.8,124.1,25.4,31.2,428.4,255.4
10.9,5.8,287.6,124.1,25.3,31.1,428.6,255.6
11.0,5.8,286.9,124.1,25.3,31.2,429.7,255.6
10.9,5.8,285.9,124.1,25.3,31.2,430.2,255.0
10.9,5.7,286.7,124.1,25.3,31.2,425.1,253.9
10.8,5.7,286.9,123.4,25.3,31.2,429.1,254.0
10.8,5.7,286.7,123.4,25.3,31.1,429.0,254.8
10.9,5.7,287.7,124.1,25.3,31.1,429.7,254.4
10.8,5.7,287.1,123.4,25.3,31.1,428.7,254.2
10.8,5.7,286.8,123.4,25.3,31.2,429.7,254.2
10.8,5.7,286.8,123.4,25.3,31.2,429.8,254.0
10.8,5.7,286.5,123.4,25.2,31.1,429.6,253.7
10.8,5.7,286.6,123.4,25.3,31.1,429.2,252.6
10.9,5.7,286.6,123.4,25.3,31.1,429.5,251.6
10.8,5.7,287.2,123.4,25.3,31.1,427.9,251.5
10.8,5.7,287.3,123.4,25.3,31.1,428.2,251.5
10.8,5.7,287.0,123.4,25.3,31.1,429.1,252.0
10.8,5.7,287.1,123.4,25.3,31.1,429.9,252.2
10.7,5.7,286.4,123.4,25.3,31.1,422.4,253.6
10.8,5.7,287.7,124.1,25.3,31.1,430.0,254.0
10.8,5.7,287.4,123.4,25.3,31.1,428.6,254.4
10.8,5.7,287.9,123.4,25.3,31.2,428.7,255.2
10.8,5.7,286.9,123.4,25.3,31.1,428.7,256.7
10.9,5.7,288.4,124.1,25.4,31.2,430.5,256.8
10.8,5.7,287.9,124.1,25.4,31.2,428.1,256.2
10.7,5.7,287.8,124.1,25.4,31.2,430.5,255.6
10.6,5.5,289.0,124.1,25.4,31.2,428.6,254.8
10.6,5.5,288.2,123.4,25.3,31.2,429.0,253.9
10.5,5.5,287.8,123.4,25.4,31.2,426.4,253.0
10.5,5.5,287.4,123.4,25.4,31.2,432.1,252.9
10.5,5.5,235.5,123.4,25.4,31.2,415.3,231.2
10.5,5.5,260.7,123.4,25.4,31.2,415.3,231.2
10.5,5.5,259.3,123.4,25.4,31.2,422.2,231.2
10.5,5.5,258.8,123.4,25.4,31.2,421.5,231.2
10.5,5.5,260.1,123.4,25.4,31.2,414.6,231.2
10.5,5.5,259.9,123.4,25.4,31.2,421.8,231.2
10.5,5.5,259.8,123.4,25.4,31.2,420.4,231.2
10.2,5.3,259.5,106.9,27.4,28.3,420.6,231.2
10.4,5.3,260.3,108.3,27.4,28.7,421.3,164.2
10.5,5.3,260.2,113.8,27.3,29.1,416.4,188.2
10.8,5.3,259.6,116.5,27.2,29.7,422.1,212.3
11.0,5.3,259.5,118.6,27.2,30.0,427.9,224.8
11.1,5.3,258.8,120.0,27.4,30.4,428.9,234.6
11.1,5.3,259.6,121.4,27.4,30.6,427.4,240.7
11.0,5.8,258.7,122.0,27.4,30.8,428.9,248.5
11.1,5.8,259.2,122.0,27.4,30.9,426.8,250.0
11.3,5.8,259.0,122.7,27.3,31.0,428.5,255.1
10.0,5.8,258.8,122.7,27.3,31.0,428.9,245.0
10.0,5.3,259.4,122.0,27.3,31.0,428.7,250.8
10.0,5.3,259.6,122.7,27.3,30.9,427.6,252.5
10.0,5.3,259.2,122.7,27.3,30.9,427.8,251.7
10.0,5.3,259.5,122.7,27.2,31.0,427.8,250.6
10.0,5.3,259.2,122.7,27.3,31.0,428.2,249.7
10.0,5.3,258.8,122.7,27.3,31.0,425.9,249.8
10.0,5.3,258.8,122.7,27.3,31.0,428.5,249.9
11.2,5.8,258.3,122.7,27.4,31.1,428.6,248.5
11.0,5.7,259.0,122.7,27.4,31.1,428.2,244.0
10.9,5.6,258.4,122.7,27.4,31.0,428.9,240.1
10.8,5.6,259.6,121.4,27.4,31.0,429.4,239.8
10.7,5.6,258.6,121.4,27.4,30.9,429.1,239.9
10.8,5.6,258.1,121.4,27.4,30.9,428.7,237.8
10.8,5.6,259.0,121.4,27.4,30.9,426.4,239.4
10.8,5.7,258.6,121.4,27.3,30.9,429.2,243.6
10.9,5.6,259.3,122.0,27.4,30.9,421.3,242.9
10.8,5.6,259.1,121.4,27.3,30.9,429.7,245.6
10.8,5.6,258.6,122.0,27.4,30.9,428.8,244.2
10.8,5.5,259.2,122.0,27.3,30.9,429.7,243.5
10.8,5.5,258.8,122.0,27.4,30.9,427.4,243.9
10.8,5.5,258.9,122.0,27.4,30.9,428.5,242.6
10.7,5.4,258.8,122.0,27.3,30.9,428.8,241.7
10.7,5.4,258.8,121.4,27.4,30.9,428.9,242.2
10.6,5.4,259.7,122.0,27.4,30.9,428.8,241.4
10.6,5.3,259.4,121.4,27.4,30.9,426.8,242.3
10.5,5.3,258.6,121.4,27.3,30.9,429.3,241.0
10.5,5.3,259.5,121.4,27.3,30.9,429.3,243.1
10.5,5.2,257.8,121.4,27.3,30.8,426.8,243.1
10.5,5.3,258.6,121.4,27.4,30.8,427.2,241.8
10.4,5.2,258.6,121.4,27.4,30.9,428.2,241.2
10.4,5.2,258.5,121.4,27.3,30.8,427.8,240.8
10.4,5.2,257.3,121.4,27.3,30.8,429.3,241.1
10.3,5.1,258.9,121.4,27.4,30.9,428.9,241.4
10.3,5.2,258.3,121.4,27.4,30.9,428.6,240.0
10.3,5.1,258.6,121.4,27.4,30.9,428.9,240.1
10.2,5.1,258.6,121.4,27.4,30.9,429.5,237.9
10.1,4.9,259.0,121.4,27.4,30.9,428.0,232.8
10.0,5.0,258.9,120.7,27.4,30.8,428.7,229.2
10.0,5.1,257.2,120.0,27.4,30.7,428.4,228.8
10.0,5.1,258.9,120.0,27.4,30.7,429.5,229.6
10.1,5.2,259.3,120.0,27.4,30.7,426.8,229.2
10.1,5.2,258.2,120.0,27.3,30.7,428.1,228.1
10.0,5.1,258.4,120.0,27.3,30.7,426.5,228.6
10.1,5.2,259.3,120.0,27.4,30.7,429.8,229.1
10.1,5.1,257.7,120.0,27.4,30.7,429.6,228.7
10.1,5.1,259.0,120.0,27.3,30.6,423.9,229.0
10.0,5.1,257.5,120.0,27.3,30.7,422.0,229.4
10.1,5.1,259.0,120.0,27.3,30.6,427.1,229.7
10.0,5.1,259.7,120.0,27.3,30.6,427.2,227.9
10.0,5.1,259.7,120.0,27.3,30.6,428.6,227.9
10.0,5.1,259.2,120.0,27.3,30.6,426.5,226.4
10.0,5.1,298.3,120.0,27.4,30.7,428.7,226.2
9.9,5.3,289.4,120.0,27.4,30.7,428.5,227.3
9.8,5.2,288.1,120.0,27.4,30.7,429.4,226.4
9.8,5.2,288.5,120.0,27.4,30.7,430.4,225.2
9.8,5.2,289.0,120.0,27.3,30.7,429.3,227.1
9.9,5.3,288.8,120.0,27.3,30.6,429.3,228.7
9.9,5.3,288.6,120.0,27.3,30.6,428.7,231.7
10.0,5.3,289.0,120.0,27.3,30.6,428.3,230.6
10.0,5.4,289.3,120.0,27.3,30.7,428.5,230.8
10.0,5.4,289.5,120.0,27.3,30.7,428.4,235.9
10.0,5.3,289.2,120.7,27.3,30.7,430.0,236.1
10.0,5.3,290.6,120.7,27.3,30.7,426.5,237.9
10.2,5.4,289.4,120.7,27.2,30.7,429.4,237.7
10.2,5.3,290.1,120.7,27.3,30.7,427.5,236.8
10.2,5.4,290.3,120.7,27.2,30.7,429.8,238.3
10.2,5.4,290.6,120.7,27.3,30.7,428.9,236.8
10.2,5.4,290.6,120.7,27.3,30.7,426.4,236.2
10.2,5.4,290.8,120.7,27.3,30.7,427.2,237.2
10.2,5.4,290.2,120.7,27.3,30.7,428.1,238.3
10.2,5.4,290.4,121.4,27.3,30.7,428.3,239.7
10.2,5.4,290.6,120.7,27.3,30.7,426.7,237.7
10.2,5.4,290.4,121.4,27.3,30.7,426.7,237.5
10.2,5.4,289.7,120.7,27.3,30.7,428.2,240.4
10.2,5.4,291.4,120.7,27.3,30.7,427.7,239.7
10.3,5.4,291.9,121.4,27.3,30.7,426.5,240.3
10.3,5.5,291.8,121.4,27.3,30.7,422.0,238.3
10.3,5.5,291.2,121.4,27.3,30.7,429.3,238.6
10.3,5.5,291.1,120.7,27.2,30.7,428.7,243.9
10.3,5.5,291.7,121.4,27.3,30.7,428.9,243.0
10.3,5.5,291.3,121.4,27.3,30.7,428.4,245.3
10.3,5.4,291.7,122.0,27.3,30.8,429.8,250.0
10.3,5.4,292.1,122.0,27.3,30.8,429.0,245.7
10.3,5.5,291.4,122.0,27.3,30.9,428.8,243.9
10.3,5.5,292.2,122.0,27.3,30.9,424.9,231.2
10.4,5.3,292.4,117.9,27.4,28.6,415.3,231.2
10.3,5.3,292.2,117.9,27.3,27.6,403.8,231.2
10.3,5.3,292.1,117.9,27.0,27.3,420.7,231.2
10.3,5.3,293.2,102.0,27.1,27.7,413.0,231.2
10.4,5.3,294.0,105.5,27.0,28.1,416.5,231.2
10.4,5.3,255.6,107.6,27.0,28.4,344.6,166.5
10.4,5.3,269.3,113.8,26.9,29.1,346.2,177.8
10.5,5.3,269.6,115.8,27.0,29.7,347.4,193.3
10.5,5.3,269.2,117.9,27.1,30.1,347.1,203.8
10.5,5.3,269.3,118.6,27.1,30.5,348.9,217.8
10.6,5.3,269.5,120.7,27.1,30.7,347.4,227.5
10.8,5.3,270.2,122.0,27.1,30.9,348.7,238.3
10.9,5.3,270.5,122.7,27.1,31.1,347.7,246.7
11.1,5.8,269.7,124.1,27.1,31.2,348.0,255.1
11.3,5.3,269.7,124.8,27.0,31.4,342.7,256.4
10.0,5.3,269.1,124.8,27.0,31.5,345.3,256.7
10.0,5.3,269.0,125.5,27.0,31.5,348.0,257.9
10.0,5.3,269.5,125.5,27.0,31.5,349.0,258.7
10.0,5.3,269.8,125.5,27.0,31.5,346.3,258.9
10.0,5.3,269.0,125.5,27.0,31.5,348.0,259.3
10.0,5.3,268.7,125.5,27.0,31.6,348.2,259.5
10.0,5.3,269.7,125.5,27.0,31.6,349.2,259.3
10.0,5.3,269.2,125.5,27.1,31.6,347.8,258.8
10.0,5.3,270.0,125.5,27.1,31.6,347.9,258.7
10.0,5.3,271.0,125.5,27.1,31.6,349.2,260.8
10.0,5.3,301.0,126.2,27.2,31.7,351.2,255.5
10.0,5.3,301.0,126.2,27.2,31.7,348.2,254.5
10.0,5.3,299.8,126.2,27.3,31.7,347.3,254.3
10.0,5.3,298.6,126.2,27.3,31.7,349.0,254.2
10.0,5.3,299.6,126.2,27.4,31.8,349.4,253.6
10.0,5.3,298.8,126.2,27.4,31.8,348.1,252.9
10.0,5.3,297.9,126.9,27.5,31.8,347.5,251.2
11.3,5.3,298.8,126.2,27.5,31.9,346.5,250.6
11.2,5.3,296.5,126.2,27.5,31.9,347.0,250.6
11.0,5.3,297.8,126.2,27.5,31.9,342.2,251.4
11.1,5.3,297.9,126.2,27.5,31.9,348.4,251.4
11.2,5.3,296.8,126.2,27.5,31.9,347.6,251.4
11.2,5.3,296.7,126.2,27.5,31.9,348.1,252.8
11.2,5.3,297.1,126.2,27.5,31.9,348.1,254.0
11.3,5.3,297.2,126.9,27.5,32.0,346.9,253.9
11.2,5.3,298.0,126.9,27.6,32.0,348.0,254.2
11.2,5.3,297.2,126.9,27.6,32.0,346.6,254.3
11.3,5.3,297.0,126.9,27.6,32.0,347.9,254.5
11.2,5.3,309.4,124.8,27.6,31.6,430.8,254.4
11.2,5.3,309.4,124.8,27.8,31.5,432.0,254.5
11.2,5.3,309.4,124.8,27.8,31.5,428.7,253.7
11.2,5.3,309.4,125.5,27.8,31.5,429.7,253.1
11.2,5.3,309.4,124.8,27.8,31.5,430.0,253.6
11.2,5.3,309.4,125.5,27.8,31.5,428.7,253.6
11.0,5.3,309.4,124.8,27.8,31.5,432.5,254.1
11.0,5.3,309.4,124.8,27.8,31.5,430.0,254.3
11.0,5.3,309.4,124.8,27.8,31.5,428.8,257.1
11.0,5.3,309.4,125.5,27.8,31.5,428.7,257.0
11.0,5.3,309.4,125.5,27.8,31.5,430.1,256.7
10.9,5.3,309.4,124.8,27.8,31.5,429.7,256.8
11.0,5.3,309.4,124.8,27.8,31.5,427.4,256.9
11.0,5.3,309.4,125.5,27.8,31.4,424.6,256.7
11.0,5.3,309.4,125.5,27.8,31.5,429.3,256.8
11.1,5.3,309.4,124.8,27.7,31.4,430.2,256.5
11.0,5.3,309.4,124.8,27.7,31.4,428.0,256.9
11.0,5.3,309.4,124.8,27.6,31.5,429.2,256.5
11.0,5.3,309.4,124.8,27.7,31.5,428.2,255.8
11.0,5.3,309.4,125.5,27.8,31.4,430.2,255.4
11.0,5.3,309.4,124.8,27.8,31.4,430.3,254.3
11.0,5.3,309.4,124.8,27.7,31.4,430.5,254.8
11.0,5.3,309.4,124.8,27.7,31.4,430.0,254.7
11.0,5.3,309.4,124.8,27.7,31.4,430.9,256.6
11.0,5.3,309.4,124.8,27.7,31.4,431.1,256.9
11.0,5.3,309.4,125.5,27.7,31.4,430.6,257.5
11.1,5.3,309.4,124.8,27.8,31.5,429.5,251.2
11.0,5.8,261.5,124.1,27.7,31.4,430.9,246.8
11.0,5.7,262.9,123.4,27.7,31.3,430.6,246.9
11.0,5.6,262.6,123.4,27.7,31.2,429.0,246.9
10.9,5.6,262.7,123.4,27.7,31.2,428.7,247.0
10.9,5.6,263.0,123.4,27.7,31.2,430.9,247.0
11.0,5.6,263.2,123.4,27.6,31.2,430.2,248.3
11.0,5.6,262.9,123.4,27.6,31.2,428.9,250.5
11.0,5.6,262.1,124.1,27.7,31.2,428.9,251.2
11.0,5.6,263.3,124.1,27.6,31.2,430.6,251.5
11.0,5.6,262.7,124.1,27.6,31.3,429.0,250.8
11.0,5.6,262.7,123.4,27.6,31.3,430.7,251.2
11.0,5.6,263.0,124.1,27.6,31.2,430.8,251.6
11.0,5.6,262.6,124.1,27.6,31.2,428.4,251.7
11.0,5.6,264.0,124.1,27.6,31.2,429.7,252.3
11.0,5.6,263.2,124.1,27.6,31.2,429.6,252.9
11.0,5.5,263.9,124.1,27.6,31.2,430.6,253.1
11.0,5.6,263.4,123.4,27.6,31.2,430.5,253.5
11.0,5.5,263.0,123.4,27.6,31.2,430.1,252.7
11.0,5.5,263.2,123.4,27.6,31.2,428.7,253.1
11.0,5.5,263.1,124.1,27.6,31.2,428.8,253.7
11.0,5.6,263.1,124.1,27.6,31.2,430.0,253.7
11.0,5.6,263.7,124.1,27.6,31.2,429.3,253.6
11.0,5.6,262.5,124.1,27.6,31.2,432.3,253.0
11.0,5.6,263.2,124.1,27.6,31.2,424.4,252.6
11.0,5.6,262.8,123.4,27.5,31.2,430.1,252.5
11.0,5.6,263.1,123.4,27.5,31.2,428.6,252.5
11.0,5.6,263.1,124.1,27.6,31.2,428.2,252.9
11.0,5.6,262.7,124.1,27.5,31.2,429.5,252.3
11.1,5.3,235.6,125.5,27.6,31.3,353.6,249.2
11.1,5.2,235.8,124.8,27.5,31.6,354.2,250.1
11.1,5.3,243.9,124.8,27.4,31.6,353.3,250.0
11.1,5.4,244.7,125.5,27.5,31.7,354.3,250.0
11.1,5.4,243.8,124.8,27.5,31.7,354.8,249.7
11.1,5.4,243.9,124.8,27.5,31.7,354.0,249.5
11.1,5.4,243.3,125.5,27.5,31.6,352.9,249.2
11.1,5.4,245.0,124.8,27.4,31.7,353.5,249.2
11.2,5.4,243.7,125.5,27.5,31.7,354.4,248.8
11.0,5.4,243.4,125.5,27.4,31.7,353.2,251.2
11.2,5.4,243.8,125.5,27.5,31.7,354.2,250.6
11.1,5.4,244.9,125.5,27.5,31.7,353.0,250.9
11.1,5.4,243.2,125.5,27.5,31.7,353.6,251.1
11.0,5.3,244.6,125.5,27.5,31.7,347.7,253.7
11.2,5.4,243.5,126.2,27.5,31.8,349.4,253.0
11.0,5.3,243.5,125.5,27.5,31.8,354.9,253.1
11.2,5.4,244.6,126.2,27.5,31.8,354.7,252.4
11.0,5.3,243.8,126.2,27.6,31.8,353.2,252.8
11.1,5.4,243.5,126.2,27.5,31.8,353.1,252.7
11.0,5.4,243.9,126.2,27.6,31.8,352.8,251.9
11.0,5.3,244.2,126.2,27.6,31.8,352.6,252.3
11.1,5.3,243.1,126.2,27.6,31.9,354.6,251.6
10.9,5.3,244.1,126.2,27.6,31.9,353.2,251.6
10.9,5.3,243.0,126.2,27.6,31.9,353.2,250.7
10.9,5.3,243.4,126.2,27.6,31.9,353.7,250.5
10.9,5.3,243.9,126.2,27.6,31.9,353.0,249.9
10.9,5.3,243.6,126.2,27.6,31.9,352.6,249.7
10.9,5.2,242.3,126.2,27.6,31.9,352.9,249.3
10.9,5.3,243.1,126.2,27.6,31.9,350.2,249.1
10.8,5.2,244.3,126.2,27.7,32.0,354.0,248.5
10.8,5.2,243.1,126.2,27.8,31.9,354.1,248.6
10.8,5.2,243.0,126.2,27.8,31.9,352.2,248.2
10.8,5.2,242.9,126.2,27.8,32.0,353.6,248.9
10.8,5.2,244.0,126.2,27.8,31.9,353.0,248.0
10.8,5.2,243.5,126.2,27.8,32.0,353.8,247.4
10.8,5.1,243.7,126.2,27.8,32.0,353.3,247.1
10.7,5.2,244.2,126.2,27.8,32.0,352.1,248.1
10.8,5.2,243.2,126.2,27.8,32.0,354.2,248.7
10.9,5.3,244.1,126.2,27.8,32.0,351.8,249.0
10.9,5.3,243.2,126.9,27.8,32.0,352.9,249.0
10.9,5.3,243.1,126.9,27.9,32.0,353.4,249.0
10.9,5.3,243.3,126.9,27.8,32.0,354.5,249.1
10.8,5.3,242.9,126.9,27.9,32.0,347.9,248.8
10.8,5.2,243.7,126.9,27.9,32.1,353.4,249.1
10.8,5.3,244.7,126.9,27.9,32.1,354.6,248.7
10.8,5.2,244.3,126.9,27.9,32.0,353.8,249.1
10.8,5.2,243.3,126.9,27.9,32.1,352.1,248.6
10.8,5.2,242.9,126.9,27.9,32.1,352.1,248.4
10.8,5.2,243.5,126.9,27.9,32.1,352.8,248.1
10.8,5.2,243.8,126.9,27.9,32.1,354.3,247.1
10.8,5.2,243.0,126.9,27.9,32.1,352.7,246.7
10.8,5.2,244.8,126.9,27.9,32.1,353.5,245.2
10.7,5.2,242.9,126.9,27.9,32.1,353.9,244.9
10.8,5.2,243.4,126.9,28.0,32.1,353.5,244.6
10.8,5.3,243.4,126.9,28.0,32.1,353.6,244.1
10.8,5.2,243.3,126.9,28.0,32.1,352.6,243.9
10.7,5.2,243.2,126.9,27.9,32.1,350.8,243.3
10.7,5.2,242.6,126.9,28.0,32.1,352.4,244.2
10.7,5.2,242.8,126.9,28.0,32.1,353.6,244.4
10.8,5.2,243.3,126.9,28.0,32.1,346.7,245.2
10.7,5.2,243.1,126.9,28.0,32.2,353.4,245.0
10.7,5.2,242.9,126.9,28.0,32.1,352.2,244.6
10.6,5.1,243.9,126.9,28.0,32.1,353.6,244.9
10.7,5.2,244.4,126.9,28.0,32.1,353.3,244.8
10.7,5.2,243.5,126.9,28.0,32.1,352.9,244.7
10.5,5.1,244.8,126.9,28.1,32.1,351.5,244.5
10.5,5.1,243.8,126.9,28.1,32.1,355.1,244.9
10.6,5.2,244.2,126.9,28.0,32.1,354.0,242.0
10.6,5.2,244.0,126.9,28.1,32.1,353.0,237.9
10.7,5.2,243.4,126.2,28.1,32.1,353.3,237.5
10.6,5.2,242.7,126.2,28.1,32.1,351.6,237.5
10.7,5.3,243.2,126.2,28.1,32.1,353.2,236.7
10.5,5.2,243.7,126.2,28.1,32.1,353.8,237.0
10.6,5.2,243.1,126.2,28.1,32.1,352.5,237.8
10.6,5.3,243.2,126.9,28.1,32.1,349.8,237.2
10.5,5.2,243.7,126.2,28.1,32.1,349.2,237.1
10.5,5.2,243.5,126.9,28.1,32.1,351.7,237.5
10.5,5.2,244.4,126.2,28.1,32.1,351.9,237.9
10.5,5.2,243.6,126.2,28.1,32.1,353.3,238.0
10.5,5.2,243.9,126.9,28.1,32.1,353.9,238.1
10.5,5.2,243.5,126.9,28.1,32.1,355.7,238.3
10.5,5.1,243.8,126.9,28.1,32.2,351.6,237.1
10.3,5.1,244.2,126.2,28.1,32.1,354.0,236.2
10.3,5.0,242.9,126.2,28.1,32.1,355.2,229.4
10.2,5.0,244.9,125.5,28.1,32.0,353.0,229.2
10.2,5.0,244.2,125.5,28.1,32.0,353.1,228.8
10.2,5.0,243.4,125.5,28.1,32.0,353.2,229.1
10.2,5.0,243.0,125.5,28.2,32.0,352.1,229.2
10.2,5.0,242.8,125.5,28.1,32.0,352.8,228.5
10.2,5.0,243.5,125.5,28.1,32.0,355.6,228.5
10.2,5.0,243.5,125.5,28.1,32.0,350.3,228.5
10.2,5.0,243.3,125.5,28.1,32.0,354.0,226.2
10.1,5.0,243.8,125.5,28.1,32.0,352.7,223.3
10.2,5.1,243.6,124.8,28.1,31.9,353.5,222.7
10.1,5.1,244.0,124.8,28.1,31.9,352.1,222.7
10.2,5.1,243.8,124.8,28.1,31.9,353.2,221.6
10.1,5.1,243.5,124.8,28.1,31.9,354.1,221.4
10.0,5.1,243.2,124.8,28.1,31.9,353.5,218.7
10.0,5.1,244.0,124.1,28.1,31.9,351.5,219.1
10.1,5.1,242.8,124.1,28.1,31.8,353.2,217.3
10.0,5.1,243.1,124.1,28.1,31.9,352.4,217.3
9.9,5.1,243.5,124.1,28.1,31.8,354.6,217.1
9.9,5.1,243.1,124.1,28.1,31.8,354.4,217.7
10.0,5.1,243.3,124.1,28.2,31.8,352.9,217.2
9.9,5.1,243.0,124.1,28.1,31.8,348.8,210.6
9.9,5.1,243.8,123.4,28.1,31.8,354.0,210.9
9.9,5.1,243.5,123.4,28.1,31.7,353.5,210.5
9.9,5.2,244.4,123.4,28.1,31.6,354.4,210.6
9.9,5.2,244.0,123.4,28.1,31.7,353.2,210.3
9.8,5.1,243.6,123.4,28.1,31.6,351.6,209.1
9.9,5.2,243.8,123.4,28.1,31.7,354.4,203.6
9.9,5.2,243.4,122.7,28.1,31.6,353.7,203.3
9.9,5.3,243.3,122.7,28.1,31.6,351.6,203.1
9.9,5.2,243.4,122.0,28.1,31.6,351.0,202.8
9.9,5.2,243.5,122.7,28.1,31.6,354.1,202.9
9.9,5.2,243.6,122.0,28.1,31.5,351.5,203.3
9.9,5.2,244.1,122.0,28.1,31.5,355.1,203.3
9.9,5.2,243.8,122.0,28.1,31.5,354.5,203.6
9.9,5.2,242.1,122.0,28.1,31.5,355.0,203.6
9.8,5.2,243.4,122.7,28.1,31.5,346.6,203.8
9.8,5.2,242.7,122.0,28.1,31.6,353.2,203.6
9.9,5.2,244.5,122.0,28.0,31.5,355.7,203.5
9.8,5.2,243.6,122.0,28.0,31.5,352.7,202.6
9.8,5.2,243.0,122.0,28.0,31.5,355.6,202.2
9.8,5.2,242.2,122.0,28.0,31.4,352.9,200.2
9.8,5.2,243.6,121.4,27.9,31.4,353.4,200.0
9.8,5.2,244.0,121.4,27.9,31.3,353.6,199.8
9.8,5.2,242.6,121.4,27.9,31.3,353.5,199.5
9.8,5.2,243.4,120.7,27.9,31.3,351.6,199.7
9.8,5.2,242.4,121.4,27.9,31.2,355.0,199.8
9.8,5.2,242.6,120.7,27.8,31.2,354.9,199.7
9.8,5.2,242.8,120.7,27.8,31.2,353.3,197.8
9.8,5.2,243.9,120.7,27.8,31.1,352.7,197.7
9.8,5.2,242.9,120.0,27.7,31.1,354.2,196.7
9.8,5.3,243.5,120.0,27.6,31.1,350.4,196.9
9.8,5.2,243.5,120.0,27.6,31.1,347.7,196.5
9.8,5.2,243.4,120.0,27.6,31.0,354.1,195.9
9.8,5.3,243.3,119.3,27.6,31.0,354.3,195.7
9.8,5.2,243.3,119.3,27.6,30.9,354.1,195.6
9.8,5.2,243.1,119.3,27.5,30.9,354.3,194.8
9.7,5.2,242.4,119.3,27.5,30.9,353.2,194.8
9.7,5.2,243.5,119.3,27.5,30.9,353.9,195.2
9.7,5.2,244.6,119.3,27.5,30.9,354.7,195.1
9.7,5.1,243.5,119.3,27.5,30.9,352.7,195.5
9.7,5.1,244.2,118.6,27.5,30.7,355.2,195.8
9.7,5.1,243.4,118.6,27.4,30.7,353.4,195.4
9.6,5.1,243.7,118.6,27.4,30.7,352.9,195.3
9.6,5.1,245.1,118.6,27.4,30.7,353.7,195.2
9.7,5.1,244.2,118.6,27.3,30.7,353.5,194.8
9.7,5.1,243.7,118.6,27.3,30.7,352.6,194.4
9.7,5.1,243.3,117.9,27.3,30.6,349.6,193.7
9.7,5.1,244.5,117.9,27.3,30.6,348.5,193.8
9.6,5.1,242.8,117.9,27.2,30.6,353.2,193.7
9.6,5.1,243.8,117.9,27.2,30.5,353.9,194.0
9.6,5.1,243.9,117.9,27.1,30.5,353.1,193.9
9.6,5.1,243.8,117.9,27.1,30.5,352.6,194.0
9.6,5.1,246.8,117.9,27.1,30.5,353.1,194.7
9.5,5.2,249.8,117.2,27.1,30.4,353.0,195.1
9.6,5.3,262.6,116.5,27.1,30.5,411.1,194.9
9.6,5.3,262.2,115.8,27.1,30.2,410.3,194.3
9.6,5.2,262.3,115.8,27.0,30.0,409.3,194.0
9.5,5.3,263.1,115.8,27.0,30.0,410.8,194.2
9.6,5.3,263.3,115.8,27.0,30.0,411.9,193.5
9.5,5.2,262.1,115.1,27.0,29.9,409.9,193.6
9.5,5.2,263.3,115.1,26.9,29.9,411.4,193.9
9.6,5.2,262.8,115.1,26.9,29.8,411.5,194.4
9.6,5.3,263.7,115.1,26.9,29.8,405.7,194.4
9.6,5.2,262.6,115.1,26.8,29.8,413.5,194.5
9.6,5.3,262.7,115.1,26.8,29.8,412.2,194.7
9.6,5.2,263.0,114.5,26.8,29.7,412.3,194.7
9.6,5.2,263.9,114.5,26.8,29.7,408.8,194.7
9.7,5.3,263.7,114.5,26.7,29.7,409.4,194.3
9.6,5.2,262.3,114.5,26.6,29.6,411.5,194.4
9.7,5.3,262.3,113.8,26.6,29.6,411.5,194.1
9.7,5.3,261.1,113.8,26.5,29.5,411.4,194.0
9.8,5.3,261.0,113.8,26.5,29.5,414.4,193.9
9.8,5.3,262.0,113.8,26.5,29.5,411.4,194.0
9.8,5.4,261.8,113.8,26.5,29.5,410.8,194.1
9.8,5.4,263.3,113.8,26.4,29.4,412.6,194.0
9.8,5.4,263.0,113.8,26.4,29.4,410.8,193.8
9.9,5.4,262.6,113.1,26.4,29.3,411.6,194.0
9.8,5.4,262.8,113.1,26.3,29.3,404.2,194.3
9.8,5.4,262.4,113.1,26.2,29.2,411.8,194.7
9.9,5.5,263.0,113.1,26.2,29.2,411.2,194.7
9.9,5.4,262.4,112.4,26.2,29.2,412.3,194.7
9.8,5.4,299.3,112.4,26.1,29.1,410.9,213.8
9.9,5.7,302.4,114.5,26.1,29.2,411.6,213.4
9.9,5.6,302.8,114.5,26.1,29.3,410.1,216.5
9.8,5.6,302.2,114.5,26.1,29.4,410.3,220.3
9.9,5.6,301.7,114.5,26.0,29.4,411.0,221.5
9.9,5.5,302.1,115.1,26.0,29.4,410.3,221.4
9.9,5.5,302.3,114.5,26.0,29.4,410.2,221.9
10.0,5.6,301.9,114.5,25.9,29.4,411.9,222.3
9.9,5.5,302.4,114.5,25.8,29.3,410.6,226.5
9.9,5.4,302.8,115.1,25.8,29.2,410.2,226.6
10.0,5.5,303.1,114.5,25.8,29.3,412.7,226.7
10.0,5.5,302.9,114.5,25.8,29.2,405.8,226.7
10.0,5.5,303.1,114.5,25.7,29.2,406.0,228.6
10.1,5.5,302.1,114.5,25.7,29.2,410.4,228.8
10.0,5.5,301.8,114.5,25.6,29.2,410.9,228.7
10.0,5.5,303.1,114.5,25.6,29.2,411.2,228.7
10.0,5.5,302.5,114.5,25.6,29.2,413.7,228.3
10.1,5.4,302.4,114.5,25.6,29.1,410.8,228.3
10.0,5.4,302.3,114.5,25.6,29.1,411.3,227.9
10.0,5.4,303.6,113.8,25.5,29.1,410.3,228.2
10.0,5.4,302.0,113.8,25.5,29.1,412.8,228.0
10.1,5.5,301.8,113.8,25.5,29.0,411.7,227.7
10.0,5.4,281.6,113.8,25.5,29.0,415.3,231.2
10.0,5.4,288.5,113.8,25.5,29.0,415.3,231.2
10.0,5.4,293.4,113.8,25.5,29.0,379.8,231.2
10.0,5.4,267.6,113.8,25.5,29.0,361.0,231.2
10.0,5.4,268.0,113.8,25.5,29.0,365.8,231.2
10.0,5.4,267.8,113.8,25.5,29.0,369.6,231.2
9.6,5.3,255.3,102.0,25.3,26.8,334.9,231.2
9.5,5.3,253.3,104.1,25.4,27.4,335.5,142.6
9.7,5.3,253.2,105.5,25.4,27.6,335.3,153.8
9.8,5.3,252.9,106.9,25.4,27.9,335.3,166.2
9.9,5.3,253.4,108.3,25.4,28.2,334.7,183.6
10.1,5.8,252.7,110.3,25.3,28.4,333.7,186.9
10.2,5.7,252.1,110.3,25.3,28.6,336.6,193.7
10.2,5.7,253.7,111.0,25.2,28.6,335.3,199.4
10.3,5.6,252.2,111.7,25.1,28.8,332.0,204.5
10.4,5.7,253.3,111.7,25.1,28.8,336.5,216.8
10.6,5.7,253.2,113.1,25.0,28.9,335.5,223.5
10.8,5.7,252.7,113.8,25.0,29.0,337.6,228.4
10.9,5.7,252.5,114.5,25.1,29.1,335.4,233.8
11.0,5.6,251.7,115.1,25.0,29.2,336.4,236.9
11.0,5.6,252.6,115.8,25.1,29.4,335.3,239.3
11.0,5.6,253.1,115.8,25.0,29.4,337.4,240.5
11.0,5.6,253.3,115.8,25.0,29.5,335.6,240.6
11.0,5.5,253.8,115.8,25.1,29.5,336.5,240.6
10.9,5.4,253.5,115.8,25.1,29.5,334.5,239.2
10.8,5.4,252.6,115.8,25.1,29.5,335.7,238.1
10.7,5.3,252.7,115.8,25.1,29.5,330.6,238.3
10.6,5.2,253.1,115.8,25.1,29.5,334.8,237.5
10.5,5.2,253.6,115.8,25.1,29.5,337.2,235.6
10.4,5.1,252.6,115.8,25.2,29.5,338.3,233.9
10.3,5.1,253.5,115.8,25.2,29.5,334.1,234.0
10.3,5.0,253.4,115.8,25.2,29.5,335.1,229.1
10.2,5.0,252.3,115.1,25.3,29.5,337.1,225.4
10.1,5.0,253.1,114.5,25.3,29.5,334.9,221.7
10.0,5.0,252.5,114.5,25.3,29.4,335.3,216.6
9.9,5.1,252.9,113.8,25.3,29.4,334.5,215.6
9.9,5.1,252.6,113.8,25.4,29.3,334.5,216.4
9.9,5.1,252.7,113.8,25.4,29.3,331.0,214.8
9.9,5.0,252.6,113.8,25.4,29.4,335.5,211.9
9.8,5.1,252.6,113.1,25.4,29.2,335.2,210.1
9.7,5.0,252.7,113.1,25.4,29.2,336.0,204.9
9.7,5.0,252.0,113.1,25.4,29.2,336.1,200.5
9.6,5.0,252.7,112.4,25.5,29.2,337.6,196.0
9.5,5.0,253.1,112.4,25.5,29.1,336.0,193.8
9.5,5.0,252.6,111.7,25.5,29.0,335.9,193.1
9.4,5.0,253.0,111.7,25.5,29.0,335.0,187.1
9.4,5.0,252.7,111.0,25.5,29.0,335.3,184.1
9.3,5.1,252.5,111.0,25.5,28.9,335.5,184.3
9.3,5.0,252.3,111.0,25.5,28.9,329.1,175.5
9.3,5.1,252.4,110.3,25.5,28.9,335.9,176.2
9.2,5.1,252.5,109.6,25.5,28.7,335.1,231.2
9.0,4.9,281.6,108.9,25.5,28.7,415.3,231.2
9.0,4.9,281.6,108.9,25.5,28.7,266.0,231.2
9.0,4.9,281.6,108.9,25.5,28.7,329.6,231.2
9.0,4.9,281.6,108.9,25.5,28.7,330.0,231.2
10.0,5.3,281.6,117.9,26.0,30.1,329.4,231.2
10.0,5.3,281.6,117.9,26.0,30.1,335.2,231.2
9.4,5.3,281.6,102.0,25.4,27.0,336.3,231.2
9.3,5.3,281.6,102.7,25.4,27.4,335.4,231.2
9.2,5.3,281.6,102.7,25.4,27.5,337.2,231.2
9.0,5.8,281.6,102.7,25.4,27.5,336.7,231.2
9.2,5.8,281.6,103.4,25.3,27.5,335.0,231.2
9.3,5.8,281.6,102.7,25.3,27.5,334.9,141.8
9.5,5.8,281.6,104.8,25.2,27.6,330.0,146.1
9.7,5.7,281.6,105.5,25.1,27.8,333.7,157.6
9.9,5.7,281.6,106.2,25.1,27.8,335.5,167.4
10.2,5.7,281.6,107.6,25.0,28.0,334.9,176.2
10.3,5.7,281.6,108.3,25.0,28.1,337.3,178.9
10.5,5.7,281.6,108.9,24.9,28.2,336.4,189.8
10.7,5.6,281.6,109.6,24.9,28.4,338.1,198.5
10.7,5.6,281.6,111.0,24.9,28.5,334.9,198.8
10.7,5.6,281.6,110.3,24.9,28.6,334.7,201.1
10.7,5.6,281.6,111.0,24.9,28.6,334.9,201.1
10.7,5.5,243.0,111.0,24.9,28.6,335.0,209.2
10.7,5.6,243.4,110.3,24.9,28.6,370.0,208.5
10.6,5.4,241.6,110.3,24.9,28.5,369.8,208.1
10.5,5.4,243.1,110.3,24.9,28.5,365.1,207.4
10.4,5.3,243.7,110.3,24.8,28.4,365.1,206.7
10.3,5.3,243.6,110.3,24.8,28.4,372.1,206.6
10.3,5.3,243.1,110.3,24.9,28.4,370.1,207.0
10.3,5.2,244.4,110.3,24.8,28.4,369.4,206.8
10.2,5.2,245.0,110.3,24.9,28.4,370.7,206.6
10.1,5.1,245.0,110.3,24.9,28.4,370.0,206.6
10.1,5.2,245.1,110.3,24.9,28.4,370.8,206.5
10.1,5.1,244.5,110.3,24.8,28.4,368.0,206.6
10.0,5.1,245.6,110.3,24.9,28.4,370.0,205.9
10.0,5.1,244.7,109.6,24.8,28.4,370.8,205.6
10.1,5.1,242.0,109.6,24.9,28.3,368.4,204.6
10.0,5.1,241.1,109.6,24.8,28.3,371.9,204.2
10.0,5.1,242.4,109.6,24.8,28.3,370.6,203.8
10.0,5.1,241.6,109.6,24.8,28.2,370.6,197.2
10.0,5.2,242.5,108.9,24.8,28.2,369.9,197.7
10.0,5.2,278.0,108.9,24.8,28.2,372.4,201.4
10.0,5.6,278.0,109.6,24.8,28.2,370.9,201.3
9.9,5.5,278.9,109.6,24.8,28.2,365.8,201.0
9.9,5.5,278.8,108.9,24.7,28.2,369.9,201.0
9.9,5.5,278.4,108.9,24.7,28.1,370.6,200.9
9.9,5.4,278.6,108.9,24.7,28.1,367.6,200.4
9.8,5.4,277.7,108.9,24.7,28.2,370.0,200.6
9.8,5.4,277.0,108.9,24.7,28.1,370.9,200.5
9.9,5.4,278.1,108.9,24.7,28.1,372.4,199.8
9.8,5.4,279.0,108.9,24.6,28.1,369.3,199.4
9.8,5.4,278.8,108.9,24.7,28.1,370.5,199.6
9.8,5.4,277.5,108.9,24.7,28.1,370.4,199.7
9.9,5.4,277.8,108.9,24.6,28.1,371.3,200.6
9.9,5.5,278.9,108.9,24.6,28.1,370.0,204.0
10.0,5.6,278.1,108.9,24.6,28.1,369.9,207.8
10.0,5.5,278.0,109.6,24.6,28.1,370.3,208.0
10.0,5.5,278.0,109.6,24.6,28.1,368.7,211.4
10.1,5.5,278.3,109.6,24.6,28.2,370.8,214.2
10.2,5.5,278.4,110.3,24.6,28.2,364.6,213.8
10.2,5.4,277.4,109.6,24.6,28.2,370.6,213.5
10.1,5.4,277.2,109.6,24.6,28.2,371.2,213.3
10.1,5.4,278.3,109.6,24.5,28.2,367.9,219.2
10.1,5.3,277.8,110.3,24.5,28.2,369.7,218.3
10.0,5.3,278.1,110.3,24.5,28.2,369.8,218.4
10.1,5.3,276.8,110.3,24.5,28.2,371.2,218.2
10.1,5.3,278.6,110.3,24.6,28.3,370.6,218.4
10.2,5.4,277.8,110.3,24.5,28.3,369.5,218.0
10.2,5.3,277.9,110.3,24.5,28.3,369.4,217.9
10.2,5.4,277.7,110.3,24.5,28.2,369.7,217.9
10.1,5.3,277.1,110.3,24.5,28.3,369.9,217.4
10.2,5.4,278.1,110.3,24.5,28.2,370.6,216.9
10.2,5.3,277.8,110.3,24.5,28.2,369.9,216.7
10.1,5.3,277.8,110.3,24.5,28.2,368.6,217.0
10.1,5.3,278.0,110.3,24.5,28.2,370.6,217.1
10.1,5.3,277.0,110.3,24.5,28.2,364.2,217.0
10.1,5.3,277.6,110.3,24.5,28.2,370.8,217.1
10.2,5.4,278.0,110.3,24.4,28.2,372.1,217.3
10.2,5.3,277.1,110.3,24.4,28.1,370.0,217.3
10.2,5.4,277.2,110.3,24.4,28.2,370.6,217.2
10.2,5.3,278.3,110.3,24.4,28.1,370.8,217.4
10.2,5.4,277.7,110.3,24.4,28.2,369.0,217.2
10.1,5.3,277.6,109.6,24.4,28.1,370.1,217.0
10.0,5.3,277.7,109.6,24.4,28.1,370.1,216.4
9.9,5.2,277.2,109.6,24.4,28.1,372.3,216.3
9.9,5.1,276.6,109.6,24.4,28.1,369.8,216.0
9.9,5.2,277.8,109.6,24.4,28.1,370.7,215.2
9.8,5.1,277.6,109.6,24.4,28.1,371.1,215.7
9.8,5.1,277.8,109.6,24.4,28.1,370.9,215.9
9.8,5.1,277.8,109.6,24.4,28.1,369.9,215.9
9.8,5.1,277.9,109.6,24.4,28.1,372.8,216.0
9.8,5.1,277.4,109.6,24.4,28.1,366.0,215.5
9.8,5.1,276.5,109.6,24.4,28.1,368.8,215.3
9.8,5.1,277.5,109.6,24.3,28.1,371.0,216.0
9.8,5.1,277.9,109.6,24.3,28.0,370.1,216.4
9.8,5.1,276.8,109.6,24.4,28.0,372.9,216.6
9.8,5.1,277.1,109.6,24.4,28.1,371.6,216.1
9.7,5.1,278.4,109.6,24.4,28.1,371.9,215.5
9.8,5.1,279.6,109.6,24.4,28.0,369.8,215.6
9.8,5.1,276.6,109.6,24.4,28.0,370.8,214.7
9.7,5.0,277.3,109.6,24.4,28.0,370.6,213.1
9.7,5.1,277.7,108.9,24.4,28.0,371.1,212.8
9.7,5.1,277.2,108.9,24.4,28.0,372.0,212.4
9.7,5.0,276.9,108.9,24.4,28.0,370.6,212.8
9.7,5.1,276.9,108.9,24.4,28.0,371.0,210.9
9.6,5.0,277.8,108.9,24.4,28.0,365.3,209.7
9.6,5.0,277.6,108.9,24.4,28.1,364.5,209.8
9.6,5.0,278.0,108.9,24.4,28.0,372.8,210.5
9.6,5.0,277.4,108.9,24.4,28.0,371.0,210.6
9.6,5.0,277.6,108.9,24.4,28.1,371.1,211.3
9.6,5.1,278.2,108.9,24.5,28.1,370.4,211.6
9.7,5.1,276.9,109.6,24.5,28.1,370.4,211.5
9.7,5.1,278.2,109.6,24.5,28.1,371.1,211.1
9.6,5.1,278.7,109.6,24.5,28.1,371.6,210.9
9.6,5.0,279.3,109.6,24.6,28.1,371.1,210.5
9.6,5.0,277.7,109.6,24.6,28.1,371.0,210.3
9.6,5.0,278.5,109.6,24.6,28.2,369.1,210.2
9.6,5.0,277.4,109.6,24.6,28.2,369.7,210.5
9.6,5.0,277.8,109.6,24.6,28.2,369.0,210.7
9.6,5.0,277.4,109.6,24.6,28.2,371.7,210.6
9.5,5.0,277.3,109.6,24.6,28.2,365.4,208.9
9.6,5.1,278.2,109.6,24.6,28.3,369.2,208.8
9.5,5.1,277.1,109.6,24.7,28.2,369.6,209.6
9.5,5.0,278.2,109.6,24.8,28.3,373.8,210.0
9.5,5.0,278.0,109.6,24.8,28.2,368.9,210.3
9.5,5.0,278.9,109.6,24.8,28.3,371.2,210.9
9.5,5.0,278.5,110.3,24.8,28.3,370.4,210.9
9.5,5.0,278.9,110.3,24.8,28.3,371.2,211.0
9.5,5.0,278.4,110.3,24.9,28.3,370.9,210.2
9.5,5.0,277.7,110.3,24.8,28.3,369.7,205.7
9.5,5.1,278.7,109.6,24.9,28.3,370.3,204.8
9.4,5.0,278.3,110.3,24.9,28.4,363.7,204.8
9.5,5.1,277.7,109.6,24.9,28.3,370.8,204.4
9.4,5.0,277.1,110.3,24.9,28.4,369.4,203.9
9.4,5.0,278.2,110.3,24.9,28.4,369.8,204.2
9.5,5.1,278.1,110.3,25.0,28.4,371.0,204.0
9.4,5.0,277.1,110.3,25.0,28.4,369.2,203.7
9.4,5.0,277.7,110.3,25.0,28.5,370.4,203.8
9.4,5.0,277.1,110.3,25.0,28.5,372.4,204.4
9.4,5.0,278.4,110.3,25.0,28.5,370.4,205.1
9.5,5.1,277.4,110.3,25.0,28.5,371.5,205.5
9.5,5.1,276.8,111.0,25.0,28.5,369.9,205.9
9.5,5.1,276.9,111.0,25.1,28.5,372.5,205.9
9.5,5.1,277.8,111.0,25.1,28.5,370.0,205.9
9.5,5.1,277.8,111.0,25.1,28.6,369.8,205.8
9.5,5.1,277.9,111.0,25.1,28.6,362.5,205.4
9.5,5.1,278.2,111.0,25.2,28.6,370.6,204.8
9.5,5.1,277.6,111.0,25.1,28.6,370.9,204.9
9.5,5.1,277.8,111.0,25.2,28.6,372.2,205.1
9.5,5.1,277.8,111.0,25.3,28.6,371.3,204.9
9.5,5.1,277.9,111.0,25.2,28.6,370.6,205.2
9.5,5.1,277.2,111.7,25.3,28.7,371.0,205.3
9.5,5.1,277.5,111.7,25.3,28.7,371.0,205.6
9.5,5.1,276.8,111.7,25.3,28.7,369.7,206.5
9.5,5.1,277.7,111.7,25.3,28.7,369.8,206.1
9.5,5.1,278.7,111.7,25.4,28.7,369.8,206.4
9.6,5.1,278.1,111.7,25.3,28.8,370.9,205.8
9.5,5.1,278.2,111.7,25.4,28.8,370.6,206.4
9.5,5.1,276.0,111.7,25.4,28.9,365.4,205.5
9.5,5.1,276.5,111.7,25.4,28.9,370.8,205.3
9.5,5.1,277.3,111.7,25.4,28.9,371.4,205.3
9.7,5.1,277.1,112.4,25.4,28.9,369.0,204.8
9.5,5.1,276.8,112.4,25.5,28.9,370.5,204.5
9.5,5.1,278.0,112.4,25.5,29.0,370.6,204.2
9.5,5.1,277.2,112.4,25.5,28.9,369.8,201.6
9.5,5.2,275.9,111.7,25.5,28.9,372.1,201.4
9.5,5.1,277.3,111.7,25.5,28.9,368.7,202.0
9.5,5.1,276.6,112.4,25.5,29.0,372.5,202.4
9.5,5.1,277.7,112.4,25.5,29.0,370.6,203.0
9.6,5.2,277.2,112.4,25.5,29.0,371.4,203.4
9.5,5.2,277.8,112.4,25.5,29.0,365.4,203.7
9.6,5.2,278.0,112.4,25.6,29.0,368.9,203.7
9.5,5.2,277.7,112.4,25.6,29.0,370.0,204.0
9.6,5.2,277.1,112.4,25.6,29.0,371.7,204.1
9.5,5.2,276.4,112.4,25.6,29.0,370.1,203.7
9.5,5.2,277.3,112.4,25.7,29.1,371.2,203.8
9.5,5.2,277.8,112.4,25.7,29.1,371.1,204.0
9.5,5.2,277.0,113.1,25.7,29.1,371.9,203.6
9.6,5.2,277.4,113.1,25.7,29.1,368.6,204.0
9.6,5.2,278.0,113.1,25.7,29.1,371.7,204.2
9.6,5.2,276.3,113.1,25.7,29.1,368.4,205.0
9.6,5.2,278.5,113.1,25.8,29.1,371.3,206.0
9.7,5.3,278.0,113.1,25.8,29.2,369.8,206.5
9.8,5.3,278.0,113.1,25.8,29.2,370.9,207.0
9.8,5.4,278.0,113.1,25.8,29.2,370.2,207.3
9.9,5.4,279.6,113.8,25.8,29.2,364.3,207.3
9.9,5.5,277.6,113.8,25.8,29.3,371.3,207.2
9.9,5.5,278.6,113.8,25.8,29.3,369.5,207.1
9.9,5.5,278.3,113.8,25.8,29.4,370.0,206.5
9.9,5.5,277.8,113.8,25.9,29.3,369.5,206.2
9.9,5.5,278.6,113.8,25.9,29.4,371.1,207.1
9.9,5.5,277.5,114.5,25.9,29.4,370.5,207.0
10.0,5.5,278.1,114.5,25.9,29.4,369.3,206.8
9.9,5.5,278.2,114.5,26.0,29.4,369.2,206.7
9.9,5.5,277.7,114.5,25.9,29.4,370.0,208.5
9.9,5.4,277.4,114.5,26.0,29.5,371.7,208.5
10.0,5.5,277.2,114.5,26.0,29.5,369.9,208.4
10.0,5.5,276.9,115.1,26.1,29.5,372.6,208.2
9.9,5.4,277.7,115.1,26.0,29.5,369.7,208.9
9.9,5.5,276.9,115.1,26.1,29.6,365.2,208.9
10.0,5.5,277.2,115.1,26.1,29.6,371.6,209.6
10.0,5.5,278.0,115.1,26.1,29.6,371.1,211.9
10.0,5.5,277.3,115.1,26.1,29.6,372.6,212.7
10.0,5.5,277.7,115.8,26.1,29.6,372.3,211.8
9.9,5.4,277.4,115.8,26.1,29.7,372.2,211.5
9.8,5.4,277.9,115.8,26.2,29.7,373.2,210.2
9.8,5.3,277.4,115.8,26.3,29.7,371.2,209.9
9.8,5.3,276.6,115.8,26.3,29.7,370.2,209.9
9.8,5.3,277.5,115.8,26.3,29.7,371.3,209.8
9.8,5.3,277.2,115.8,26.3,29.7,371.3,209.8
9.8,5.3,277.4,115.8,26.3,29.8,371.2,209.7
9.8,5.3,276.3,115.8,26.3,29.8,370.2,209.9
9.8,5.3,276.1,115.8,26.3,29.8,371.1,211.0
9.8,5.3,276.5,115.8,26.3,29.8,367.4,212.0
9.8,5.3,277.6,115.8,26.3,29.9,367.4,212.9
9.8,5.3,276.3,115.8,26.3,29.9,370.9,213.2
9.8,5.3,277.5,115.8,26.4,29.8,371.2,212.8
9.8,5.3,277.2,116.5,26.3,29.9,371.7,212.8
9.8,5.3,276.7,116.5,26.4,29.9,369.7,212.4
9.8,5.3,275.4,116.5,26.4,29.9,370.6,212.0
9.8,5.3,276.1,116.5,26.4,29.9,370.1,211.9
9.8,5.3,275.6,116.5,26.4,29.9,371.7,211.0
9.9,5.3,275.1,116.5,26.4,30.0,370.7,211.1
9.9,5.4,273.0,116.5,26.5,29.9,370.6,210.7
10.0,5.4,273.5,116.5,26.5,30.0,372.2,210.5
10.1,5.5,273.4,116.5,26.5,30.0,365.7,210.0
10.0,5.5,272.6,117.2,26.5,30.0,364.3,209.9
10.1,5.5,273.0,117.2,26.5,30.0,371.3,211.9
10.2,5.5,272.6,117.2,26.5,30.0,372.4,212.4
10.1,5.5,271.2,117.2,26.5,30.1,368.1,212.2
10.1,5.4,273.4,117.2,26.6,30.1,368.9,212.8
10.0,5.4,272.8,117.2,26.6,30.1,371.4,213.1
10.0,5.4,272.6,117.2,26.6,30.1,369.9,213.5
9.9,5.3,273.4,117.2,26.6,30.1,372.2,212.8
9.9,5.3,272.8,117.2,26.6,30.1,370.8,212.6
9.8,5.3,273.1,117.2,26.6,30.1,371.4,212.6
9.8,5.3,273.4,117.2,26.6,30.1,373.4,212.1
9.8,5.2,272.6,117.2,26.6,30.1,369.4,212.0
9.8,5.2,272.4,117.2,26.6,30.1,371.3,211.7
9.7,5.2,272.6,117.9,26.7,30.2,364.0,211.6
9.8,5.2,272.4,117.2,26.6,30.2,369.6,212.6
9.6,5.2,272.4,117.9,26.8,30.2,368.7,213.0
9.7,5.1,273.5,117.9,26.8,30.2,371.9,213.7
9.6,5.1,273.5,117.9,26.8,30.2,370.2,214.2
9.6,5.1,274.5,117.9,26.8,30.3,371.3,214.2
9.5,5.1,273.4,117.9,26.8,30.4,370.6,213.4
9.5,5.1,274.0,117.9,26.8,30.3,371.2,211.7
9.5,5.1,274.0,117.9,26.8,30.2,370.4,211.4
9.6,5.1,274.4,117.9,26.8,30.2,370.4,211.5
9.7,5.2,273.7,117.9,26.8,30.3,369.5,211.1
9.8,5.3,273.6,117.9,26.8,30.3,372.0,210.8
9.8,5.3,273.6,117.9,26.8,30.3,370.6,210.3
9.8,5.3,272.5,117.9,26.8,30.3,364.4,209.9
9.8,5.3,272.6,117.9,26.9,30.4,371.1,209.2
9.8,5.3,272.1,117.9,26.9,30.3,369.0,208.5
9.8,5.3,272.0,117.9,26.9,30.4,371.9,208.7
9.8,5.3,271.5,117.9,26.9,30.4,371.9,208.8
9.8,5.3,271.9,117.9,26.9,30.4,373.6,208.8
9.8,5.3,272.1,117.9,26.9,30.4,373.8,208.8
9.8,5.3,272.5,117.9,26.9,30.4,372.5,209.4
9.8,5.3,272.9,117.9,26.9,30.4,370.1,209.1
9.8,5.3,272.6,117.9,26.9,30.4,372.6,209.5
9.7,5.2,272.6,117.9,26.9,30.4,371.8,209.5
9.8,5.3,272.6,118.6,26.9,30.4,373.7,209.8
9.8,5.3,273.9,117.9,26.9,30.4,368.2,209.7
9.8,5.3,272.8,118.6,26.9,30.4,371.1,209.9
9.8,5.3,273.7,118.6,27.0,30.4,366.1,209.8
9.8,5.3,273.6,118.6,26.9,30.4,365.1,209.8
9.8,5.3,272.4,118.6,26.9,30.4,370.8,209.8
9.8,5.3,272.2,117.9,27.0,30.4,371.6,210.1
9.8,5.3,272.0,118.6,27.0,30.4,371.4,210.2
9.8,5.3,272.7,118.6,27.0,30.4,371.5,210.4
9.8,5.3,273.6,118.6,27.0,30.4,372.5,210.8
9.8,5.3,272.5,118.6,27.0,30.5,371.5,211.1
9.8,5.3,272.1,118.6,27.0,30.5,370.3,211.1
9.8,5.3,273.4,118.6,27.0,30.5,369.1,211.5
9.8,5.3,272.9,118.6,27.0,30.5,372.1,211.0
9.8,5.3,273.0,118.6,27.0,30.5,369.3,211.0
9.8,5.3,272.7,118.6,27.0,30.5,371.0,211.1
9.8,5.3,273.6,118.6,27.0,30.5,366.8,211.1
9.8,5.3,273.7,118.6,27.0,30.5,370.6,211.2
9.8,5.3,272.9,118.6,27.1,30.5,371.4,211.1
9.8,5.3,273.3,119.3,27.0,30.5,369.4,210.5
9.8,5.3,272.6,119.3,27.1,30.5,369.4,210.6
9.8,5.3,272.3,119.3,27.1,30.5,370.9,210.6
9.8,5.3,273.1,119.3,27.1,30.6,371.5,210.6
9.8,5.3,271.9,119.3,27.1,30.6,372.6,210.0
9.8,5.3,272.2,119.3,27.1,30.6,371.0,210.6
9.8,5.3,272.6,119.3,27.1,30.6,371.2,210.7
9.8,5.3,272.8,119.3,27.1,30.6,373.0,211.6
9.8,5.3,272.8,119.3,27.1,30.6,369.5,211.7
9.8,5.3,272.7,119.3,27.1,30.6,365.0,212.0
9.8,5.3,272.5,119.3,27.1,30.6,369.8,212.6
9.9,5.3,273.3,119.3,27.1,30.6,371.0,213.2
9.8,5.3,273.8,119.3,27.1,30.7,370.6,213.8
9.8,5.3,275.0,119.3,27.1,30.7,371.7,214.3
9.8,5.3,273.0,120.0,27.2,30.7,370.5,214.4
9.8,5.3,273.9,120.0,27.3,30.7,370.9,214.9
9.8,5.3,272.9,119.3,27.1,30.7,370.7,216.2
9.8,5.3,274.9,120.0,27.3,30.7,371.5,216.0
9.8,5.3,273.2,120.0,27.3,30.7,371.1,216.1
9.8,5.3,273.3,120.0,27.2,30.7,371.8,215.8
9.8,5.3,273.9,120.0,27.2,30.7,369.7,216.1
9.8,5.3,274.2,120.0,27.2,30.7,370.3,217.1
9.8,5.3,273.9,120.0,27.2,30.7,370.0,217.4
9.9,5.3,273.8,120.0,27.2,30.7,364.4,217.3
9.9,5.3,273.6,120.0,27.3,30.7,369.2,217.1
9.9,5.3,273.0,120.0,27.3,30.7,371.1,219.5
9.9,5.4,273.5,120.0,27.3,30.8,371.8,218.9
9.8,5.3,273.9,120.0,27.3,30.8,369.5,219.0
9.9,5.4,273.8,120.0,27.3,30.8,371.0,219.0
10.0,5.4,273.6,120.7,27.3,30.9,372.0,219.4
10.0,5.3,272.5,120.7,27.3,30.9,370.6,219.6
9.9,5.3,273.2,120.7,27.3,30.9,371.1,219.2
9.9,5.4,272.5,120.7,27.4,30.9,371.3,218.8
10.0,5.4,272.7,120.7,27.4,30.9,369.7,218.5
9.9,5.4,273.5,120.7,27.3,30.9,370.1,218.7
9.9,5.3,272.9,120.7,27.3,30.9,370.7,218.6
9.9,5.3,273.9,120.7,27.4,30.9,365.2,218.7
9.9,5.4,273.2,120.7,27.3,30.9,371.1,219.2
9.9,5.4,273.9,120.7,27.4,30.9,368.7,219.2
10.0,5.4,273.1,120.7,27.4,30.9,369.7,219.2
9.9,5.4,274.6,120.7,27.4,30.9,373.1,219.9
10.0,5.3,274.3,121.4,27.4,31.0,373.3,220.5
10.0,5.3,273.8,121.4,27.4,31.0,372.1,220.7
10.0,5.3,272.8,121.4,27.4,31.0,369.8,220.6
10.0,5.3,273.0,121.4,27.4,31.0,371.2,221.1
9.9,5.3,273.2,121.4,27.4,31.0,372.6,220.6
9.9,5.3,274.3,121.4,27.4,31.0,370.4,220.9
10.0,5.4,273.6,121.4,27.4,31.0,371.5,220.8
9.9,5.3,273.5,121.4,27.5,31.1,370.0,220.6
9.9,5.3,272.7,121.4,27.5,31.1,370.6,220.6
9.9,5.3,272.6,121.4,27.4,31.1,366.8,223.6
9.9,5.3,273.3,122.0,27.5,31.1,372.5,222.6
9.9,5.3,273.3,122.0,27.5,31.1,369.9,222.1
9.9,5.3,272.1,122.0,27.5,31.1,370.9,222.4
9.9,5.3,272.4,122.0,27.5,31.1,369.5,222.3
9.9,5.2,273.2,122.0,27.5,31.1,373.0,222.4
9.9,5.2,273.1,122.0,27.5,31.1,371.9,222.8
9.9,5.3,273.3,122.0,27.5,31.1,371.5,225.0
10.0,5.3,272.3,122.0,27.5,31.2,371.4,224.9
10.0,5.3,272.5,122.7,27.5,31.2,371.9,226.4
10.0,5.2,272.6,122.7,27.5,31.2,369.3,227.4
9.9,5.2,273.8,122.7,27.5,31.2,369.2,227.7
9.9,5.2,273.4,122.7,27.5,31.2,371.7,230.8
9.9,5.2,272.4,122.7,27.5,31.2,371.9,231.0
10.0,5.2,273.2,122.7,27.6,31.3,369.9,231.6
10.0,5.2,273.8,123.4,27.5,31.4,363.9,231.1
9.9,5.2,272.8,123.4,27.6,31.4,372.1,230.8
10.0,5.2,273.1,123.4,27.6,31.4,371.3,230.7
10.0,5.2,273.6,123.4,27.6,31.4,372.6,230.4
10.0,5.2,273.5,123.4,27.6,31.4,372.7,230.3
10.0,5.2,272.9,123.4,27.6,31.4,371.9,230.2
10.0,5.2,272.9,123.4,27.6,31.4,369.5,230.6
10.0,5.2,273.0,123.4,27.6,31.4,372.2,231.6
10.0,5.2,273.2,123.4,27.7,31.4,370.4,231.7
10.0,5.2,273.3,123.4,27.7,31.4,371.9,232.2
10.0,5.2,273.6,123.4,27.7,31.5,372.7,232.4
10.0,5.2,273.7,123.4,27.7,31.5,369.7,232.7
10.0,5.2,274.0,123.4,27.7,31.5,370.2,233.3
10.0,5.2,273.7,124.1,27.8,31.5,366.6,233.4
10.0,5.2,273.9,123.4,27.7,31.5,370.1,232.9
10.0,5.2,273.8,123.4,27.7,31.5,369.5,232.7
10.0,5.2,273.2,123.4,27.7,31.5,370.3,231.8
9.9,5.2,272.5,123.4,27.7,31.5,370.9,231.3
10.0,5.2,272.6,123.4,27.8,31.5,368.3,230.8
10.0,5.2,272.5,123.4,27.7,31.5,371.4,230.4
10.0,5.2,273.0,123.4,27.8,31.5,370.8,230.6
10.0,5.2,272.9,123.4,27.8,31.5,371.5,230.6
9.9,5.2,273.3,123.4,27.8,31.5,370.9,230.5
10.0,5.2,272.6,123.4,27.8,31.5,370.6,230.9
9.9,5.2,273.9,124.1,27.8,31.5,373.3,230.8
9.9,5.2,272.3,123.4,27.8,31.5,364.9,231.1
10.0,5.2,273.0,123.4,27.8,31.5,372.9,230.3
10.0,5.2,273.1,123.4,27.8,31.5,370.0,230.1
10.0,5.2,272.1,123.4,27.8,31.5,372.0,229.8
9.9,5.2,272.8,123.4,27.8,31.5,370.8,229.4
9.9,5.2,273.0,123.4,27.8,31.5,370.5,229.3
10.0,5.2,271.8,123.4,27.8,31.5,370.7,228.6
10.0,5.2,271.5,124.1,27.9,31.5,369.4,228.3
9.9,5.2,272.1,124.1,27.8,31.5,370.7,228.7
9.9,5.2,272.2,123.4,27.8,31.5,372.0,228.9
10.0,5.2,272.6,124.1,27.8,31.5,370.4,229.2
10.0,5.2,272.0,124.1,27.8,31.5,371.9,229.2
10.0,5.2,272.0,124.1,27.8,31.5,371.1,229.3
10.0,5.2,271.9,124.1,27.8,31.5,370.2,229.6
10.0,5.2,271.2,124.1,27.8,31.5,365.6,230.1
10.0,5.2,270.6,124.1,27.8,31.5,369.7,230.1
10.0,5.2,272.5,123.4,27.8,31.5,371.1,230.4
9.9,5.2,272.4,123.4,27.8,31.5,371.9,230.9
10.0,5.2,273.2,123.4,27.8,31.5,370.0,230.5
10.0,5.2,273.1,123.4,27.7,31.4,371.0,230.5
10.0,5.2,273.5,123.4,27.7,31.4,369.7,229.9
10.0,5.2,273.4,123.4,27.6,31.4,370.9,229.7
10.0,5.2,272.4,122.7,27.5,31.4,372.5,229.0
10.0,5.2,272.3,122.7,27.5,31.2,369.8,228.4
10.0,5.2,271.4,122.0,27.4,31.2,370.2,228.0
10.0,5.2,271.1,122.0,27.4,31.1,369.0,228.2
10.0,5.2,272.5,122.0,27.3,31.1,372.5,228.3
10.0,5.2,272.4,122.0,27.3,31.1,365.8,228.1
10.0,5.2,272.5,121.4,27.2,31.0,370.3,227.7
9.9,5.2,271.3,121.4,27.2,31.0,370.1,228.2
10.0,5.2,272.0,121.4,27.1,30.9,371.4,228.1
10.0,5.2,272.3,120.7,27.1,30.9,369.0,227.8
10.0,5.2,272.8,121.4,27.1,30.9,369.4,228.2
10.0,5.2,271.5,120.7,27.0,30.8,370.0,228.8
10.0,5.2,273.0,120.7,27.0,30.8,372.2,229.1
10.0,5.2,272.8,120.7,27.0,30.8,370.6,228.5
10.0,5.2,272.7,120.7,26.9,30.7,372.1,228.3
10.0,5.2,272.9,120.0,26.9,30.7,370.6,228.3
10.0,5.2,272.4,120.0,26.9,30.6,368.4,227.8
10.0,5.2,272.9,120.0,26.9,30.6,364.7,227.8
10.0,5.2,272.6,120.0,26.8,30.6,372.3,228.0
10.0,5.2,272.7,120.0,26.8,30.6,371.1,228.5
10.0,5.2,273.0,119.3,26.8,30.6,373.8,228.6
10.0,5.2,271.7,119.3,26.7,30.5,369.7,228.8
10.0,5.2,272.3,119.3,26.7,30.5,370.4,228.7
10.0,5.2,272.0,119.3,26.6,30.5,370.6,228.7
10.0,5.2,272.4,119.3,26.6,30.4,371.0,228.4
10.0,5.2,272.4,118.6,26.6,30.4,370.4,228.3
10.0,5.2,272.2,118.6,26.6,30.4,370.8,228.3
10.0,5.2,272.2,118.6,26.5,30.4,371.7,228.1
10.0,5.2,272.7,118.6,26.5,30.3,369.4,227.5
10.0,5.2,272.9,118.6,26.5,30.3,370.2,227.6
10.0,5.2,272.4,118.6,26.4,30.2,370.6,227.5
10.0,5.2,271.0,118.6,26.4,30.2,365.2,227.2
10.1,5.2,271.5,118.6,26.4,30.2,370.9,227.0
10.0,5.2,272.0,118.6,26.4,30.2,370.3,227.0
10.0,5.2,271.3,117.9,26.4,30.1,369.9,227.3
10.0,5.2,272.0,117.9,26.4,30.1,373.0,227.3
10.0,5.2,272.7,117.9,26.4,30.1,371.6,227.4
10.0,5.2,271.0,117.9,26.3,30.1,371.1,227.2
10.0,5.2,272.2,117.9,26.3,30.1,369.8,227.2
10.0,5.2,271.0,117.9,26.3,30.1,370.9,226.9
10.0,5.2,271.0,117.9,26.3,30.1,371.1,226.6
10.0,5.2,271.9,117.9,26.3,30.0,371.2,226.2
10.0,5.1,272.4,117.2,26.3,30.0,372.6,226.4
10.0,5.2,271.7,117.2,26.2,30.0,370.1,226.8
10.0,5.1,272.1,117.2,26.2,30.0,366.2,227.2
10.0,5.2,271.2,117.2,26.1,30.0,369.9,227.5
10.0,5.2,272.2,117.2,26.1,30.0,372.3,227.5
10.0,5.2,271.1,117.2,26.1,29.9,370.3,227.1
10.0,5.1,272.9,117.2,26.1,29.9,370.3,226.6
10.0,5.1,270.9,116.5,26.1,29.9,371.2,226.9
9.9,5.1,272.1,116.5,26.1,29.9,371.6,226.9
10.0,5.1,271.6,116.5,26.0,29.8,370.9,226.8
10.0,5.1,271.3,116.5,26.0,29.8,370.4,226.9
10.0,5.2,270.9,116.5,26.0,29.8,370.7,226.7
9.9,5.1,271.3,116.5,26.0,29.7,371.8,226.5
10.0,5.1,271.5,116.5,26.0,29.7,369.9,226.6
10.0,5.2,271.5,116.5,26.0,29.8,371.0,226.5
10.0,5.2,271.5,116.5,26.0,29.7,371.3,226.6
10.0,5.2,269.8,116.5,25.9,29.7,365.0,226.5
10.0,5.1,271.6,116.5,25.9,29.7,371.1,226.2
9.9,5.1,270.6,116.5,25.9,29.7,369.6,226.1
9.9,5.1,270.4,115.8,25.9,29.7,369.4,225.9
10.0,5.1,270.8,115.8,25.9,29.7,372.3,225.3
9.9,5.1,265.8,115.8,25.9,29.6,372.6,225.2
9.9,5.0,269.3,115.8,25.8,29.6,371.1,224.7
9.9,5.1,268.4,115.8,25.8,29.6,372.6,224.4
9.9,5.1,270.3,115.8,25.8,29.6,371.3,224.6
9.9,5.0,269.6,115.8,25.8,29.6,371.1,224.8
9.9,5.0,269.4,115.8,25.8,29.6,369.7,224.8
9.9,5.0,269.2,115.8,25.8,29.5,369.5,225.3
9.9,5.1,269.6,115.8,25.7,29.5,371.2,225.2
9.9,5.0,267.6,115.8,25.8,29.5,365.6,225.3
9.9,5.0,265.2,115.1,25.7,29.5,371.5,225.1
9.9,5.0,268.6,115.1,25.8,29.5,370.5,224.9
9.9,5.0,269.9,115.1,25.7,29.5,369.3,225.0
9.9,5.0,267.4,115.1,25.7,29.5,370.9,224.9
9.9,5.0,268.2,115.1,25.7,29.4,368.5,224.8
9.9,4.9,264.6,115.1,25.7,29.4,370.0,224.5
9.9,5.0,266.9,115.1,25.6,29.5,370.1,224.7
9.9,4.9,264.2,115.1,25.7,29.5,369.5,224.5
9.9,5.0,265.5,115.1,25.6,29.4,372.0,223.9
9.9,5.0,265.3,115.1,25.6,29.4,370.2,224.2
9.9,4.9,260.5,115.1,25.6,29.4,370.5,224.0
9.9,4.9,266.4,115.1,25.6,29.4,371.7,224.3
9.9,4.9,265.9,115.1,25.6,29.4,363.8,224.3
9.9,5.0,266.0,115.1,25.6,29.4,370.1,224.2
9.9,5.0,267.2,115.1,25.6,29.4,369.6,224.2
9.9,5.0,264.6,115.1,25.6,29.3,370.2,224.1
9.9,5.0,266.4,114.5,25.6,29.4,371.2,224.0
9.9,5.0,263.8,114.5,25.5,29.3,370.7,224.1
9.9,5.0,257.3,114.5,25.6,29.3,373.2,223.9
9.9,4.9,260.9,114.5,25.5,29.3,370.8,223.7
9.9,5.0,261.8,114.5,25.5,29.3,369.8,223.2
9.9,4.9,264.6,114.5,25.5,29.3,371.9,222.7
9.9,5.0,259.4,114.5,25.5,29.2,370.7,222.3
9.9,4.9,264.3,114.5,25.5,29.2,363.7,222.8
9.9,5.0,261.6,114.5,25.5,29.2,369.2,222.9
9.9,4.9,265.6,114.5,25.5,29.2,371.7,222.9
9.9,4.9,265.6,114.5,25.5,29.2,371.4,222.2
9.9,4.9,264.4,114.5,25.5,29.2,371.6,222.5
9.8,4.9,268.0,114.5,25.5,29.2,370.9,223.9
9.9,5.0,300.6,114.5,25.5,29.2,460.1,227.3
9.9,5.4,308.9,113.1,25.5,28.9,459.8,230.8
10.0,5.4,307.9,113.1,25.5,28.7,459.0,231.6
10.0,5.4,307.5,113.1,25.5,28.7,460.3,234.4
10.0,5.4,308.4,113.8,25.5,28.7,461.0,235.4
10.0,5.4,308.3,113.8,25.5,28.7,461.7,235.3
10.0,5.3,307.1,113.8,25.5,28.7,461.8,234.8
9.9,5.3,308.8,113.1,25.4,28.7,462.0,234.8
9.9,5.3,308.2,113.1,25.4,28.7,461.8,234.4
9.9,5.3,308.1,113.1,25.4,28.7,461.4,234.5
10.0,5.3,308.6,113.1,25.4,28.7,461.8,235.0
10.0,5.3,308.3,113.1,25.4,28.7,463.1,235.4
10.0,5.4,309.1,113.1,25.4,28.6,456.7,238.9
10.1,5.4,308.4,113.8,25.4,28.7,460.4,239.0
10.1,5.4,309.3,113.1,25.3,28.7,461.1,238.8
10.0,5.4,308.8,113.1,25.3,28.6,459.8,239.2
10.2,5.3,308.2,113.1,25.3,28.6,458.4,239.7
10.2,5.4,309.4,113.1,25.3,28.7,460.1,242.2
10.2,5.4,309.3,113.8,25.3,28.7,460.8,242.6
10.2,5.3,309.3,113.8,25.4,28.7,461.4,244.9
10.2,5.4,307.4,113.8,25.3,28.7,460.7,245.1
10.2,5.3,308.9,113.8,25.3,28.7,460.8,244.8
10.2,5.3,308.6,113.8,25.3,28.7,463.6,244.9
10.2,5.3,308.8,113.8,25.3,28.7,461.0,244.6
10.2,5.3,309.1,113.8,25.3,28.7,460.3,244.3
10.2,5.3,308.8,113.8,25.3,28.7,461.1,244.4
10.2,5.3,309.0,113.8,25.3,28.7,462.3,244.8
10.2,5.4,309.4,113.8,25.2,28.7,462.2,247.3
10.2,5.3,308.2,113.8,25.2,28.7,463.6,247.0
10.2,5.3,308.5,113.8,25.3,28.7,461.2,246.7
10.3,5.3,308.5,113.8,25.2,28.7,461.1,246.9
10.2,5.3,308.3,113.8,25.2,28.7,459.9,246.8
10.2,5.3,309.4,113.8,25.2,28.7,462.8,247.8
10.2,5.3,309.3,113.8,25.3,28.7,460.3,247.6
10.2,5.3,309.0,113.8,25.2,28.7,461.9,247.7
10.3,5.3,308.9,113.8,25.2,28.7,460.8,247.4
10.3,5.3,309.4,113.8,25.2,28.7,460.6,247.4
10.2,5.3,309.2,113.8,25.1,28.7,455.9,247.6
10.2,5.3,309.0,113.8,25.1,28.6,461.9,249.2
10.3,5.3,309.4,113.8,25.2,28.7,461.4,248.6
10.2,5.3,309.4,113.8,25.2,28.7,460.1,248.4
10.2,5.3,309.3,113.8,25.1,28.6,460.5,248.1
10.2,5.3,309.4,113.8,25.2,28.7,461.2,247.6
10.2,5.3,309.4,113.8,25.1,28.6,462.0,247.7
10.2,5.3,309.4,113.8,25.1,28.7,459.5,247.5
10.2,5.3,309.4,113.8,25.1,28.6,462.5,247.8
10.2,5.3,309.4,113.8,25.2,28.7,461.9,247.4
10.2,5.3,309.4,113.8,25.2,28.7,462.1,247.3
10.2,5.3,309.4,113.8,25.2,28.6,461.2,247.6
10.3,5.3,309.4,113.8,25.1,28.6,462.2,247.9
10.2,5.3,309.4,113.8,25.1,28.6,460.8,247.7
10.2,5.3,308.6,113.1,25.1,28.6,460.6,247.3
10.2,5.3,309.4,113.1,25.1,28.6,460.1,247.6
10.2,5.3,309.4,113.1,25.1,28.6,461.5,247.6
10.2,5.3,309.4,113.8,25.1,28.6,459.5,247.4
10.2,5.3,309.4,113.1,25.1,28.6,460.6,246.6
10.2,5.3,309.4,113.1,25.1,28.6,463.7,246.7
10.1,5.2,309.4,113.1,25.1,28.6,461.5,246.4
10.2,5.3,309.4,113.1,25.1,28.6,460.9,245.9
10.1,5.2,309.4,113.1,25.1,28.6,461.7,246.4
10.1,5.2,309.4,113.1,25.1,28.6,461.6,246.9
10.2,5.2,309.3,113.1,25.1,28.6,461.6,246.6
10.1,5.2,309.4,113.1,25.1,28.6,460.2,246.6
10.1,5.2,309.4,113.1,25.1,28.6,456.1,246.0
10.2,5.2,309.4,113.1,25.1,28.6,459.6,245.7
10.1,5.3,309.4,113.1,25.1,28.6,463.5,245.4
10.1,5.3,309.4,113.1,25.1,28.6,463.4,245.5
10.1,5.2,309.4,113.1,25.1,28.6,461.1,246.2
10.0,5.2,309.4,113.1,25.1,28.6,461.6,248.3
10.1,5.2,309.4,113.8,25.1,28.6,461.3,246.9
10.0,5.2,309.4,113.1,25.1,28.6,460.3,247.7
10.1,5.2,309.4,113.1,25.1,28.6,458.9,247.9
10.1,5.2,309.4,113.8,25.1,28.6,461.0,247.8
10.1,5.2,309.4,113.1,25.1,28.6,458.8,246.5
10.0,5.2,309.4,113.1,25.1,28.6,460.9,246.5
10.1,5.2,309.4,113.1,25.1,28.6,460.1,246.8
10.1,5.2,309.4,113.1,25.1,28.6,460.0,247.1
10.1,5.2,309.3,113.1,25.1,28.6,459.9,247.5
10.1,5.2,309.4,113.1,25.1,28.6,461.6,247.8
10.1,5.2,309.4,113.1,25.1,28.6,460.6,247.6
10.1,5.2,309.4,113.1,25.1,28.6,461.9,246.9
10.1,5.2,309.4,113.1,25.1,28.6,461.4,246.9
10.0,5.2,309.4,113.1,25.1,28.6,460.2,246.3
10.0,5.2,309.4,113.1,25.1,28.6,461.8,246.1
10.0,5.2,309.4,113.1,25.1,28.6,453.5,246.2
10.1,5.2,309.4,113.1,25.1,28.6,459.9,245.5
10.0,5.2,309.4,113.1,25.1,28.6,463.4,245.1
10.0,5.2,309.3,113.1,25.1,28.6,461.7,244.9
10.1,5.2,309.4,113.1,25.1,28.6,462.1,245.1
10.0,5.2,309.4,113.1,25.1,28.6,459.3,247.2
10.1,5.2,309.4,113.1,25.1,28.6,461.9,246.4
10.1,5.2,309.4,113.1,25.2,28.6,461.3,246.8
10.1,5.2,309.4,113.1,25.1,28.6,461.8,246.6
10.1,5.2,309.4,113.1,25.1,28.6,463.5,245.9
10.0,5.2,309.4,113.1,25.1,28.5,461.4,245.3
10.0,5.2,309.4,113.1,25.1,28.5,459.0,245.7
10.1,5.2,309.4,113.1,25.1,28.6,460.5,245.5
10.0,5.2,309.4,113.1,25.1,28.6,460.8,245.3
10.1,5.2,309.4,113.1,25.1,28.6,462.8,245.4
10.0,5.2,309.4,113.1,25.1,28.6,461.2,246.0
10.1,5.2,309.4,113.1,25.1,28.5,460.0,246.3
10.1,5.2,309.4,113.1,25.1,28.5,463.1,247.2
10.1,5.2,309.4,113.1,25.1,28.5,461.7,247.1
10.0,5.2,309.4,113.1,25.1,28.6,460.1,247.2
10.0,5.2,309.4,113.1,25.1,28.5,463.0,247.6
10.0,5.2,309.4,113.1,25.1,28.6,453.7,247.7
10.0,5.2,309.4,113.1,25.1,28.6,460.8,247.6
10.0,5.2,309.4,113.1,25.0,28.5,460.6,247.9
10.1,5.2,309.4,113.1,25.0,28.5,459.4,248.1
10.0,5.2,309.4,113.1,25.0,28.5,460.2,248.4
10.1,5.2,309.4,113.1,25.1,28.5,458.9,248.6
10.1,5.2,309.4,113.1,25.1,28.5,460.5,249.9
10.0,5.2,309.4,113.1,25.0,28.5,460.3,249.8
10.0,5.2,309.4,113.1,25.1,28.6,460.6,250.0
10.1,5.2,309.4,113.1,25.1,28.5,460.8,249.3
10.0,5.2,309.4,113.1,25.0,28.6,461.6,248.1
10.0,5.2,309.4,113.1,25.1,28.6,460.0,247.0
10.0,5.2,309.4,113.1,25.1,28.6,460.5,246.7
10.0,5.2,309.4,113.1,25.1,28.5,462.3,246.6
10.0,5.2,309.4,113.1,25.1,28.5,460.0,246.3
10.0,5.2,309.4,113.1,25.1,28.5,461.3,246.4
10.0,5.2,309.4,113.1,25.1,28.6,461.6,246.2
10.0,5.2,309.4,113.1,25.1,28.6,461.9,245.8
10.0,5.2,309.4,113.1,25.1,28.6,461.5,245.6
10.0,5.2,309.4,113.1,25.1,28.6,460.1,246.0
10.0,5.2,309.4,113.1,25.1,28.6,461.3,247.9
10.1,5.2,309.3,113.1,25.1,28.6,461.0,246.7
10.1,5.2,309.4,113.1,25.1,28.6,460.9,246.9
10.1,5.2,309.4,113.1,25.1,28.6,459.7,246.6
10.1,5.2,309.4,113.1,25.1,28.6,454.4,247.2
10.1,5.2,309.4,113.1,25.1,28.6,454.8,247.4
10.1,5.2,309.4,113.1,25.1,28.6,460.5,247.0
10.0,5.2,309.4,113.1,25.1,28.6,463.2,247.0
10.1,5.3,309.4,113.1,25.1,28.6,461.4,247.0
10.1,5.3,309.4,113.1,25.1,28.6,462.0,247.6
10.2,5.3,309.3,113.1,25.1,28.6,460.3,246.2
10.0,5.2,309.4,113.1,25.1,28.6,459.4,245.9
10.1,5.2,309.4,113.1,25.1,28.6,460.5,245.2
10.0,5.2,309.4,113.1,25.1,28.6,461.8,245.2
10.0,5.2,309.4,113.1,25.1,28.6,463.5,245.3
10.0,5.2,309.4,113.1,25.1,28.6,461.7,244.6
10.0,5.2,309.4,113.1,25.2,28.6,460.4,244.6
10.1,5.3,309.4,113.1,25.1,28.6,460.3,243.8
10.1,5.2,309.4,113.1,25.2,28.6,461.9,243.8
10.1,5.3,309.4,113.1,25.2,28.6,461.4,243.7
10.1,5.3,309.4,113.1,25.1,28.6,460.2,243.7
10.1,5.2,309.4,113.1,25.1,28.6,464.0,243.8
10.1,5.2,309.4,113.1,25.2,28.6,463.0,244.3
10.1,5.3,309.4,113.1,25.1,28.6,459.1,246.5
10.1,5.3,309.4,113.1,25.1,28.6,461.3,246.3
10.1,5.2,309.4,113.1,25.2,28.7,458.8,246.4
10.1,5.2,309.4,113.1,25.2,28.6,461.4,246.3
10.1,5.2,309.4,113.1,25.1,28.6,454.8,246.3
10.1,5.3,309.4,113.1,25.1,28.6,462.4,246.4
10.1,5.2,309.4,113.1,25.1,28.6,459.5,246.2
10.1,5.3,309.4,113.1,25.1,28.6,461.3,245.7
10.1,5.2,309.4,113.1,25.1,28.6,462.7,244.5
10.0,5.2,309.3,113.1,25.1,28.5,462.1,244.0
10.1,5.2,309.4,113.1,25.1,28.5,460.5,243.9
10.0,5.2,309.4,112.4,25.1,28.5,463.1,244.0
10.0,5.2,309.3,113.1,25.1,28.5,462.0,244.1
10.1,5.3,309.4,112.4,25.1,28.5,460.9,244.4
10.1,5.3,309.4,113.1,25.1,28.6,463.0,246.0
10.1,5.2,309.4,113.1,25.1,28.6,460.1,245.7
10.1,5.2,309.4,113.1,25.1,28.6,462.1,245.9
10.1,5.2,309.3,113.1,25.1,28.6,461.1,246.0
10.1,5.2,309.4,113.1,25.1,28.6,462.0,246.2
10.1,5.2,309.4,113.1,25.1,28.6,460.6,246.4
10.0,5.2,309.4,113.1,25.1,28.6,461.7,246.4
10.0,5.2,309.4,113.1,25.1,28.5,461.2,246.6
10.0,5.2,309.4,113.1,25.1,28.5,461.6,246.6
10.0,5.2,309.4,113.1,25.1,28.6,456.5,246.4
10.0,5.2,309.4,113.1,25.1,28.6,463.3,246.0
10.0,5.2,309.4,113.1,25.1,28.6,460.6,245.6
10.0,5.2,309.4,113.1,25.1,28.6,461.4,245.4
10.1,5.3,309.4,113.1,25.1,28.6,461.5,245.0
10.1,5.2,309.4,113.1,25.1,28.6,463.4,244.4
10.0,5.2,309.4,113.1,25.1,28.6,461.7,244.1
10.0,5.2,309.4,113.1,25.1,28.6,460.4,244.2
10.1,5.2,309.4,113.1,25.1,28.6,461.1,244.0
10.1,5.3,309.4,113.1,25.1,28.6,462.9,244.1
10.1,5.3,309.3,113.1,25.1,28.6,459.3,245.8
10.1,5.2,309.4,113.1,25.1,28.6,460.2,245.8
10.1,5.2,309.4,113.1,25.2,28.6,462.3,247.2
10.1,5.2,309.4,113.1,25.1,28.6,460.3,246.7
10.1,5.2,309.4,113.1,25.1,28.6,459.5,247.1
10.1,5.2,309.4,113.1,25.2,28.6,461.3,247.3
10.1,5.2,309.4,113.1,25.1,28.6,459.7,247.5
10.1,5.2,309.4,113.1,25.2,28.6,461.6,247.5
10.0,5.2,309.4,113.1,25.2,28.6,459.6,247.1
10.1,5.2,309.4,113.1,25.1,28.6,461.5,247.1
10.1,5.2,309.4,113.1,25.1,28.6,461.2,246.8
10.1,5.2,309.4,113.1,25.1,28.7,456.7,246.9
10.2,5.2,309.4,113.1,25.1,28.6,462.5,246.6
10.1,5.2,309.4,113.1,25.1,28.6,461.7,246.5
10.1,5.2,309.4,113.1,25.2,28.7,462.8,246.7
10.2,5.2,309.4,113.1,25.2,28.7,461.5,247.4
10.1,5.2,309.4,113.1,25.2,28.7,460.3,247.6
10.1,5.2,309.4,113.1,25.1,28.6,461.5,247.6
10.1,5.2,309.4,113.1,25.2,28.6,462.2,247.4
10.1,5.2,309.4,113.1,25.1,28.7,463.1,247.2
10.1,5.2,309.4,113.1,25.1,28.6,463.3,246.7
10.1,5.2,309.4,113.1,25.2,28.6,459.6,246.8
10.2,5.2,309.4,113.1,25.1,28.6,461.1,246.6
10.1,5.2,309.4,113.1,25.1,28.6,461.8,245.9
10.2,5.3,309.4,113.1,25.1,28.6,463.4,245.9
10.2,5.2,309.3,113.1,25.2,28.6,458.7,246.0
10.1,5.3,309.4,113.1,25.1,28.6,461.1,246.3
10.1,5.2,309.4,113.1,25.1,28.6,456.0,246.7
10.1,5.3,309.4,113.1,25.1,28.6,462.5,246.7
10.2,5.3,309.4,113.1,25.1,28.6,460.2,246.8
10.2,5.3,309.4,113.1,25.1,28.6,460.6,247.1
10.1,5.3,309.4,113.1,25.1,28.6,462.9,247.4
10.1,5.2,309.4,113.1,25.1,28.6,460.6,247.3
10.1,5.2,309.3,113.1,25.1,28.6,463.5,247.4
10.2,5.2,309.4,113.1,25.1,28.6,461.5,247.0
10.2,5.3,309.4,113.1,25.1,28.6,460.3,246.6
10.1,5.3,309.4,113.1,25.1,28.6,461.6,246.5
10.1,5.3,309.4,113.1,25.1,28.6,461.1,246.6
10.2,5.3,309.4,113.1,25.1,28.6,462.7,247.0
10.1,5.2,309.4,113.1,25.1,28.6,463.7,247.1
10.2,5.3,309.4,113.1,25.1,28.6,462.7,246.8
10.1,5.2,309.4,113.1,25.1,28.6,463.1,247.0
10.1,5.2,309.4,113.1,25.1,28.6,460.8,247.4
10.2,5.3,309.4,113.1,25.0,28.6,461.0,247.3
10.1,5.2,309.4,113.1,25.1,28.6,462.5,246.4
10.1,5.2,309.4,113.1,25.1,28.5,463.3,247.0
10.1,5.3,309.4,113.1,25.0,28.6,461.3,246.9
10.1,5.2,309.4,113.1,25.1,28.5,459.1,247.5
10.2,5.2,309.4,113.1,25.1,28.6,456.3,247.5
10.1,5.2,309.4,113.1,25.1,28.6,462.2,247.7
10.1,5.2,309.4,112.4,25.0,28.5,459.2,247.8
10.1,5.3,309.4,113.1,25.0,28.5,461.8,247.9
10.1,5.2,309.4,112.4,25.0,28.5,461.0,247.4
10.1,5.2,309.4,112.4,25.0,28.5,461.1,247.1
10.1,5.2,309.4,112.4,25.0,28.5,458.9,246.4
10.1,5.2,309.4,112.4,25.0,28.5,463.8,246.7
10.1,5.3,309.4,112.4,25.0,28.5,462.2,246.3
10.2,5.3,309.4,112.4,25.0,28.6,461.1,245.8
10.2,5.3,309.4,113.1,25.0,28.5,460.6,246.4
10.1,5.2,309.4,112.4,25.0,28.5,460.7,246.7
10.1,5.3,309.4,113.1,25.0,28.5,461.0,248.0
10.3,5.3,309.4,113.1,25.0,28.5,462.0,250.8
10.3,5.3,309.4,113.1,25.0,28.6,461.1,253.3
10.4,5.4,309.4,113.1,25.0,28.6,462.7,253.5
10.4,5.4,309.4,113.1,25.0,28.6,461.7,253.3
10.5,5.4,309.4,113.1,25.0,28.6,461.6,253.4
10.5,5.4,309.4,113.8,25.0,28.6,455.7,254.0
10.5,5.5,309.4,113.8,25.0,28.6,462.6,254.2
10.5,5.4,309.4,113.8,25.0,28.6,459.5,253.1
10.4,5.4,309.4,113.1,25.0,28.6,460.9,252.7
10.5,5.4,309.4,113.1,25.0,28.6,463.8,253.1
10.5,5.4,309.4,113.8,25.0,28.6,463.1,253.0
10.4,5.4,309.4,113.1,25.0,28.5,460.7,253.6
10.4,5.4,309.4,113.1,25.0,28.6,461.0,253.4
10.5,5.4,309.4,113.1,25.0,28.5,460.8,253.3
10.5,5.4,309.4,113.1,24.9,28.5,462.2,253.6
10.4,5.4,309.3,113.8,25.0,28.6,461.1,254.2
10.4,5.4,309.4,113.8,25.0,28.6,461.6,254.8
10.4,5.4,309.4,113.8,25.0,28.6,460.2,254.5
10.5,5.4,309.4,113.8,25.0,28.6,462.3,255.1
10.5,5.5,309.4,113.1,25.0,28.6,462.7,255.1
10.5,5.4,309.4,113.8,25.0,28.6,463.3,254.9
10.5,5.5,309.4,113.8,25.0,28.6,463.6,254.3
10.5,5.5,284.3,113.8,25.0,28.6,458.1,248.9
10.4,5.2,282.3,113.8,25.0,28.7,415.2,247.8
10.4,5.2,281.7,113.8,25.0,28.9,414.2,247.3
10.5,5.2,281.7,113.8,25.0,28.9,416.2,246.8
10.5,5.2,280.6,113.8,25.0,28.9,416.4,247.1
10.5,5.2,281.2,113.8,25.0,28.9,412.8,248.1
10.5,5.2,280.6,113.8,25.1,28.9,415.7,248.0
10.5,5.2,280.0,113.8,25.0,28.9,413.6,250.7
10.6,5.2,280.7,114.5,25.0,28.9,414.0,251.1
10.6,5.2,281.4,114.5,25.0,28.9,415.5,252.4
10.6,5.2,280.6,114.5,25.0,29.0,414.0,251.8
10.5,5.1,279.2,114.5,25.0,28.9,410.6,251.1
10.5,5.2,280.0,114.5,25.0,29.0,409.2,251.3
10.7,5.2,280.8,114.5,25.1,28.9,414.1,252.8
10.7,5.3,279.7,114.5,25.1,28.9,417.0,254.2
10.7,5.3,279.7,114.5,25.0,28.9,414.6,254.3
10.7,5.3,279.7,114.5,25.0,28.9,413.4,254.5
10.8,5.3,279.4,114.5,25.0,28.9,413.6,254.2
10.8,5.3,278.2,114.5,25.0,29.0,413.8,253.8
10.8,5.3,279.1,114.5,25.0,29.0,415.3,252.9
10.7,5.2,279.0,114.5,25.0,29.0,414.1,253.2
10.8,5.3,279.3,114.5,25.1,29.0,416.1,253.0
10.7,5.3,278.0,114.5,25.1,29.0,414.5,252.9
10.6,5.2,278.2,115.1,25.1,29.0,411.3,253.2
10.6,5.2,278.4,115.1,25.1,29.0,410.1,253.6
10.6,5.2,279.1,115.1,25.1,29.0,414.0,253.0
10.5,5.2,278.7,115.1,25.1,29.0,414.2,252.9
10.5,5.1,279.1,115.1,25.2,29.1,415.6,252.5
10.4,5.1,278.7,115.1,25.1,29.0,414.7,251.8
10.3,4.9,278.9,114.5,25.2,29.0,415.0,249.3
10.3,4.9,278.1,114.5,25.2,29.0,414.5,248.6
10.3,4.9,278.2,114.5,25.2,29.0,415.3,247.3
10.3,4.9,235.4,114.5,25.2,29.0,414.0,232.9
10.3,5.3,234.5,113.1,25.3,29.0,416.0,226.1
10.2,5.3,233.9,112.4,25.3,28.9,414.7,223.0
10.2,5.3,234.7,112.4,25.3,28.8,415.1,217.3
10.2,5.3,235.4,111.7,25.3,28.7,408.9,214.4
10.2,4.8,234.3,111.7,25.4,28.7,415.0,212.8
10.2,4.8,234.8,111.0,25.4,28.7,413.1,212.4
10.2,4.9,235.4,111.0,25.4,28.6,416.3,212.2
10.0,4.8,235.9,111.0,25.4,28.6,414.6,207.0
10.0,4.9,236.1,110.3,25.4,28.6,414.5,207.3
10.1,4.9,236.2,111.0,25.4,28.5,414.6,207.4
10.0,4.9,237.3,110.3,25.4,28.6,415.1,210.0
10.0,5.2,280.8,111.0,25.4,28.6,415.0,217.3
10.0,5.3,280.7,110.3,25.4,28.5,502.6,216.5
10.0,5.2,280.1,109.6,25.4,28.2,502.8,216.4
9.9,5.2,280.1,109.6,25.3,28.2,502.3,215.9
9.9,5.2,281.3,109.6,25.4,28.2,504.2,215.2
9.8,5.1,281.1,109.6,25.4,28.2,505.8,215.3
9.8,5.2,281.1,109.6,25.3,28.1,496.9,214.8
9.8,5.1,281.2,109.6,25.4,28.1,504.2,214.7
9.7,5.1,281.5,109.6,25.3,28.1,503.9,215.0
9.8,5.1,281.8,109.6,25.3,28.1,502.5,215.5
9.8,5.2,282.0,109.6,25.3,28.1,502.4,215.9
9.8,5.1,282.0,109.6,25.3,28.1,501.0,216.2
9.8,5.1,282.1,109.6,25.2,28.1,503.1,216.8
9.8,5.2,282.7,109.6,25.2,28.1,503.8,217.1
9.9,5.2,283.0,109.6,25.2,28.1,502.7,216.9
9.9,5.3,282.6,108.9,25.1,28.0,503.7,216.9
10.0,5.3,282.4,108.9,25.1,28.0,501.5,219.7
9.9,5.2,282.5,109.6,25.1,28.0,503.0,219.7
10.0,5.3,282.3,109.6,25.1,28.0,506.1,219.7
10.0,5.2,282.8,109.6,25.1,28.0,502.9,220.5
10.0,5.2,281.6,109.6,25.1,28.0,505.2,221.4
10.0,5.2,282.8,109.6,25.1,28.0,504.8,221.4
10.2,5.3,281.3,109.6,25.0,28.0,502.1,221.2
10.1,5.3,281.5,109.6,25.0,28.0,503.3,222.2
10.1,5.2,282.0,109.6,25.0,28.0,503.2,226.4
10.2,5.3,283.1,109.6,25.0,28.0,504.9,226.2
10.2,5.2,281.2,109.6,25.0,28.0,501.1,227.9
10.2,5.3,281.1,109.6,24.9,27.9,501.3,230.2
10.3,5.3,282.6,109.6,25.0,28.0,503.7,230.0
10.3,5.3,282.0,109.6,24.9,27.9,504.1,230.1
10.3,5.3,282.3,109.6,24.9,27.9,503.1,231.4
10.3,5.3,283.3,109.6,24.9,28.0,504.2,245.0
10.3,5.6,309.4,111.0,24.9,28.0,502.9,248.1
10.5,5.6,309.4,111.7,24.9,28.1,500.4,250.9
10.5,5.6,309.4,111.7,24.9,28.1,502.1,251.5
10.5,5.5,309.4,111.7,24.9,28.1,506.4,251.3
10.5,5.5,309.4,111.7,24.9,28.2,506.5,251.8
10.5,5.6,309.4,111.7,24.8,28.2,503.4,252.8
10.5,5.6,309.4,111.7,24.8,28.2,503.7,253.1
10.5,5.6,309.4,111.7,24.8,28.1,504.6,253.8
10.5,5.6,309.3,111.7,24.8,28.1,502.3,254.8
10.5,5.6,309.4,111.7,24.8,28.1,501.5,255.5
10.5,5.6,309.4,112.4,24.8,28.1,502.9,255.8
10.5,5.6,309.4,111.7,24.8,28.1,503.7,255.7
10.6,5.6,309.4,111.7,24.8,28.1,503.3,255.7
10.6,5.6,309.3,111.7,24.8,28.1,502.6,255.3
10.7,5.7,309.4,112.4,24.8,28.1,507.2,254.9
10.7,5.6,309.4,111.7,24.8,28.1,502.9,255.7
10.7,5.7,281.6,112.4,24.8,28.1,415.3,231.2
10.7,5.7,285.9,112.4,24.8,28.1,415.3,231.2
10.4,5.3,309.4,117.9,24.8,30.1,477.9,231.2
10.6,5.3,309.4,117.9,24.6,30.1,497.2,231.2
10.8,5.3,287.2,117.9,24.6,30.1,495.1,231.2
10.9,5.3,283.4,117.9,24.7,30.1,407.8,231.2
10.9,5.3,282.4,117.9,24.9,25.5,412.6,231.2
10.9,5.3,280.8,97.9,25.0,26.0,414.0,231.2
10.8,5.3,279.6,100.7,25.0,26.4,416.8,171.1
10.4,5.3,280.3,105.5,24.9,27.2,417.1,185.1
10.6,5.3,280.0,107.6,24.9,27.6,419.2,207.3
10.7,5.3,279.7,109.6,24.9,27.9,418.7,225.0
10.9,5.3,279.5,111.0,24.9,28.1,418.5,231.8
11.0,5.3,280.4,111.7,24.8,28.3,418.5,242.9
11.2,5.3,280.1,113.1,24.8,28.5,417.6,250.1
11.3,5.3,279.5,113.8,24.8,28.6,417.2,255.2
10.0,5.3,279.9,114.5,24.8,28.7,418.9,256.0
10.0,5.3,280.8,114.5,24.8,28.7,416.4,254.6
10.0,5.3,280.5,114.5,24.8,28.7,418.1,253.7
10.0,5.3,280.2,114.5,24.8,28.8,412.4,253.4
10.0,5.3,281.4,114.5,24.8,28.8,417.6,252.6
10.0,5.3,280.5,114.5,24.8,28.8,418.3,253.2
10.0,5.3,281.2,114.5,24.9,28.9,420.1,253.0
10.0,5.3,281.0,115.1,24.9,28.9,417.9,252.9
10.0,5.3,281.1,114.5,25.0,28.9,417.1,255.2
10.0,5.3,280.3,115.1,25.0,28.9,416.0,252.9
10.0,5.3,280.6,115.1,25.1,29.0,417.7,252.2
10.0,5.3,280.4,115.1,25.1,29.0,417.3,250.6
10.0,5.3,280.6,115.1,25.1,29.0,418.2,250.3
10.0,5.3,280.2,115.1,25.2,29.0,420.2,255.4
10.0,5.3,281.2,115.8,25.2,29.1,418.2,252.9
10.0,5.3,279.3,115.1,25.2,29.1,417.9,252.2
11.3,5.3,280.7,115.8,25.3,29.1,416.5,253.4
11.2,5.8,280.4,115.8,25.3,29.2,419.3,252.7
11.2,5.8,278.8,115.8,25.3,29.2,417.4,253.1
11.2,5.8,279.9,115.8,25.4,29.2,418.0,252.9
11.2,5.8,279.8,115.8,25.4,29.2,417.6,254.7
11.2,5.8,279.8,116.5,25.4,29.3,413.1,253.1
11.2,5.8,279.1,115.8,25.4,29.3,417.2,251.9
11.0,5.7,280.0,115.8,25.4,29.3,418.0,251.8
11.0,5.7,279.9,115.8,25.5,29.3,419.3,252.8
10.9,5.6,279.5,115.8,25.5,29.3,418.5,251.5
10.9,5.6,280.0,115.8,25.4,29.3,418.3,251.1
10.8,5.6,279.6,115.8,25.5,29.3,417.7,253.2
10.8,5.8,308.3,116.5,25.5,29.4,439.0,253.7
10.8,5.3,309.4,115.1,25.5,29.2,468.9,253.3
10.8,5.8,309.4,115.1,25.5,29.1,468.8,251.2
10.8,5.3,309.4,115.1,25.5,29.1,467.4,252.4
10.8,5.3,309.4,115.1,25.5,29.0,467.9,253.7
10.8,5.8,309.4,115.1,25.5,29.1,467.9,251.2
10.7,5.8,309.4,115.1,25.6,29.1,469.6,250.7
10.7,5.8,309.4,115.1,25.5,29.1,467.8,251.6
10.7,5.8,309.4,115.1,25.5,29.0,465.4,251.9
10.7,5.8,309.4,115.1,25.6,29.0,465.2,251.6
10.6,5.7,309.4,115.1,25.5,29.1,468.6,251.8
10.6,5.7,309.4,115.1,25.5,29.1,467.6,251.3
10.5,5.7,309.4,115.1,25.5,29.1,469.0,249.6
10.5,5.7,309.4,115.1,25.5,29.0,467.1,251.3
10.5,5.7,309.4,114.5,25.5,29.0,467.9,250.2
10.4,5.6,309.4,114.5,25.5,29.0,467.0,250.6
10.4,5.6,309.4,114.5,25.5,29.0,468.2,251.3
10.5,5.6,309.4,114.5,25.5,29.0,467.0,251.3
10.4,5.6,309.4,114.5,25.5,28.9,469.6,250.3
10.4,5.6,309.4,114.5,25.5,28.9,468.4,249.1
10.4,5.6,309.4,114.5,25.4,28.9,467.8,251.8
10.4,5.6,309.4,114.5,25.4,28.9,466.3,251.5
10.4,5.6,309.4,114.5,25.4,28.9,461.9,252.0
10.4,5.6,309.4,114.5,25.4,28.9,468.9,251.7
10.4,5.6,309.4,114.5,25.4,28.9,467.8,251.0
10.4,5.6,309.4,114.5,25.4,28.9,468.5,250.9
10.3,5.5,309.4,114.5,25.4,28.9,468.7,250.5
10.3,5.5,309.4,114.5,25.4,28.9,467.9,251.1
10.3,5.5,309.4,114.5,25.4,28.9,469.8,252.5
10.3,5.5,309.4,114.5,25.4,28.9,467.0,253.4
10.3,5.5,309.4,114.5,25.4,28.9,467.2,250.8
10.3,5.5,309.4,114.5,25.4,28.9,468.4,253.1
10.3,5.5,309.4,114.5,25.4,28.9,467.0,252.7
10.3,5.4,309.4,114.5,25.4,28.9,468.9,253.6
10.3,5.4,309.4,114.5,25.4,28.9,467.5,252.4
10.3,5.4,309.4,114.5,25.4,28.9,469.3,251.4
10.3,5.5,309.4,114.5,25.4,28.9,466.6,251.9
10.3,5.4,309.4,114.5,25.4,28.9,469.4,251.1
10.3,5.4,309.4,114.5,25.4,28.9,467.1,250.3
10.2,5.4,309.4,114.5,25.4,28.9,466.7,250.8
10.3,5.4,309.4,114.5,25.4,28.9,466.4,251.0
10.3,5.4,309.4,114.5,25.4,28.9,468.4,249.5
10.3,5.4,309.4,113.8,25.4,28.9,469.1,250.6
10.3,5.5,309.4,113.8,25.4,28.9,468.8,250.7
10.3,5.4,309.4,113.8,25.4,28.8,467.1,249.7
10.3,5.4,309.4,113.8,25.4,28.8,469.8,249.5
10.3,5.4,309.4,113.8,25.4,28.9,468.0,249.5
10.2,5.4,309.4,113.8,25.4,28.9,465.5,249.5
10.2,5.4,309.4,113.8,25.4,28.9,468.8,246.9
10.2,5.4,309.4,113.8,25.4,28.8,466.6,248.2
10.2,5.4,309.4,113.8,25.4,28.8,468.5,248.2
10.2,5.4,309.4,113.8,25.4,28.9,468.7,247.9
10.2,5.4,309.4,113.8,25.4,28.8,465.5,248.1
10.2,5.4,309.4,113.8,25.4,28.8,468.8,248.7
10.2,5.4,309.4,113.8,25.4,28.8,468.2,249.4
10.2,5.4,309.4,113.8,25.4,28.8,465.2,247.7
10.2,5.4,309.4,113.8,25.4,28.9,467.0,247.9
10.2,5.4,309.4,113.8,25.4,28.8,467.4,248.4
10.2,5.4,309.4,113.8,25.4,28.9,467.7,247.2
10.1,5.4,309.4,113.8,25.4,28.8,459.3,247.0
10.2,5.4,309.4,113.8,25.4,28.9,469.1,247.7
10.2,5.4,309.4,113.8,25.4,28.8,466.6,247.7
10.2,5.4,309.4,113.8,25.4,28.9,469.8,245.9
10.2,5.4,309.4,113.8,25.4,28.9,469.7,247.0
10.2,5.4,309.4,113.8,25.4,28.8,471.0,247.4
10.2,5.4,309.4,113.8,25.4,28.8,469.9,246.8
10.1,5.4,309.4,113.8,25.4,28.8,469.2,247.2
10.2,5.4,309.4,113.8,25.4,28.9,471.3,246.9
10.2,5.4,309.4,113.8,25.4,28.9,467.9,249.2
10.2,5.4,309.4,113.8,25.5,28.9,470.8,246.5
10.2,5.4,309.4,113.8,25.4,28.9,470.5,245.9
10.1,5.4,309.4,113.8,25.4,28.8,469.2,246.7
10.2,5.4,309.4,113.8,25.4,28.8,470.0,246.2
10.2,5.4,309.4,113.8,25.4,28.9,471.0,246.8
10.1,5.4,309.4,113.8,25.5,28.9,469.4,247.1
10.2,5.4,309.4,113.8,25.5,28.9,470.8,247.0
10.2,5.4,309.4,113.8,25.4,28.9,469.4,246.1
10.1,5.4,309.4,113.8,25.4,28.8,468.7,247.3
10.1,5.4,309.4,113.8,25.4,28.8,468.9,248.0
10.2,5.4,309.4,113.8,25.4,28.9,471.7,249.2
10.2,5.4,309.4,114.5,25.4,28.9,468.4,249.9
10.2,5.4,309.4,114.5,25.4,28.9,470.7,250.7
10.2,5.4,309.4,114.5,25.4,28.9,471.1,251.0
10.2,5.4,309.4,114.5,25.5,28.9,470.8,249.7
10.2,5.4,309.4,114.5,25.5,28.9,469.3,250.1
10.1,5.3,309.4,113.8,25.5,28.9,471.9,251.2
10.2,5.4,309.4,114.5,25.5,29.0,470.3,250.3
10.2,5.3,309.4,114.5,25.5,28.9,468.3,249.8
10.2,5.3,309.4,114.5,25.5,28.9,470.4,248.7
10.1,5.3,309.4,113.8,25.5,28.9,469.9,249.5
10.2,5.3,309.4,113.8,25.5,28.9,470.8,249.0
10.1,5.3,309.4,113.8,25.5,28.9,470.2,247.4
10.1,5.4,309.3,113.8,25.4,28.9,468.4,247.7
10.1,5.3,309.4,113.8,25.5,28.9,469.5,247.2
10.2,5.4,309.4,113.8,25.5,28.9,467.0,246.8
10.2,5.4,309.4,113.8,25.5,28.9,470.4,247.9
10.2,5.4,309.4,113.8,25.5,28.9,467.4,250.0
10.2,5.4,309.4,113.8,25.5,28.9,468.5,249.6
10.2,5.4,309.4,113.8,25.4,28.9,468.3,248.2
10.2,5.4,309.4,113.8,25.4,28.8,470.9,248.4
10.2,5.4,309.4,113.8,25.4,28.9,469.8,249.8
10.2,5.4,309.4,113.8,25.4,28.9,470.1,248.9
10.2,5.4,309.4,114.5,25.4,28.9,464.4,248.3
10.2,5.4,309.4,113.8,25.4,28.9,470.3,248.8
10.2,5.4,309.4,113.8,25.4,28.9,469.5,248.6
10.2,5.4,309.4,113.8,25.5,28.8,470.3,249.6
10.2,5.3,309.4,113.8,25.4,28.9,470.3,249.2
10.2,5.4,309.4,114.5,25.4,28.9,469.3,248.8
10.2,5.4,309.4,113.8,25.5,28.8,469.4,247.6
10.2,5.4,309.4,113.8,25.4,28.9,470.5,248.1
10.2,5.4,309.4,113.8,25.4,28.9,470.1,248.7
10.1,5.4,309.4,113.8,25.4,28.9,469.9,250.4
10.2,5.4,309.4,113.8,25.4,28.9,470.4,249.7
10.2,5.4,309.4,113.8,25.4,28.9,472.2,249.8
10.2,5.4,309.4,114.5,25.5,28.9,469.3,249.8
10.1,5.3,309.4,113.8,25.4,28.9,469.9,248.1
10.2,5.4,309.4,113.8,25.4,28.9,471.6,247.8
10.1,5.4,309.4,113.8,25.4,28.9,469.0,249.9
10.2,5.4,309.4,113.8,25.4,28.9,469.7,250.3
10.2,5.3,309.4,113.8,25.4,28.9,470.2,250.0
10.2,5.4,309.4,113.8,25.4,28.9,468.8,251.0
10.2,5.4,309.4,114.5,25.4,28.9,471.1,252.3
10.2,5.3,309.4,114.5,25.4,28.9,471.2,251.3
10.2,5.3,309.4,114.5,25.4,28.9,469.2,250.9
10.2,5.3,309.4,114.5,25.4,28.9,468.4,249.9
10.2,5.3,309.4,113.8,25.4,28.9,469.8,249.5
10.2,5.4,309.4,113.8,25.4,28.9,471.5,249.0
10.2,5.4,309.4,113.8,25.5,28.9,470.0,248.4
10.2,5.4,309.4,113.8,25.4,28.9,469.9,250.3
10.2,5.4,309.4,113.8,25.4,28.9,472.2,250.6
10.2,5.4,309.4,113.8,25.4,28.9,471.7,249.8
10.2,5.4,309.4,113.8,25.4,28.9,469.8,248.3
10.2,5.4,309.4,113.8,25.4,28.8,468.6,250.9
10.3,5.4,309.4,113.8,25.4,28.9,471.4,251.0
10.2,5.4,309.4,113.8,25.4,28.9,469.4,250.2
10.2,5.3,309.4,113.8,25.4,28.9,469.2,250.5
10.2,5.3,309.4,113.8,25.4,28.9,470.2,248.1
10.2,5.4,309.4,113.8,25.4,28.9,471.2,247.5
10.1,5.4,309.4,113.8,25.4,28.9,470.3,247.7
10.1,5.3,309.4,113.8,25.4,28.8,470.6,248.1
10.1,5.4,309.4,113.8,25.4,28.9,471.2,246.8
10.1,5.4,309.4,113.8,25.5,28.8,469.3,246.7
10.2,5.4,309.4,113.8,25.4,28.8,469.0,246.8
10.2,5.4,309.4,113.8,25.4,28.8,470.0,247.2
10.1,5.4,309.4,113.8,25.4,28.9,470.0,247.0
10.2,5.4,309.4,113.8,25.4,28.9,469.2,247.3
10.2,5.4,309.4,113.8,25.4,28.8,470.4,249.0
10.1,5.4,309.4,113.8,25.4,28.9,471.2,248.1
10.1,5.3,309.4,113.8,25.4,28.9,464.1,247.8
10.0,5.4,309.4,113.8,25.4,28.9,463.5,248.1
10.2,5.4,309.4,113.8,25.4,28.9,468.5,249.8
10.2,5.4,309.3,113.8,25.4,28.9,469.1,249.4
10.2,5.4,309.4,113.8,25.4,28.9,471.8,247.8
10.2,5.4,309.4,113.8,25.4,28.9,470.5,248.5
10.1,5.3,309.4,113.8,25.4,28.8,469.6,248.4
10.1,5.3,309.4,113.8,25.4,28.9,468.6,247.5
10.1,5.3,309.4,113.8,25.4,28.8,469.0,248.7
10.1,5.3,309.4,113.8,25.5,28.8,471.6,247.8
10.1,5.3,309.4,113.8,25.4,28.9,470.1,245.7
10.0,5.3,309.4,113.8,25.4,28.8,468.8,245.1
10.0,5.3,309.4,113.8,25.4,28.8,469.3,247.1
10.0,5.3,309.4,113.8,25.4,28.7,470.6,246.4
10.0,5.3,309.4,113.8,25.4,28.8,471.6,246.2
10.0,5.3,309.4,113.8,25.4,28.8,471.0,245.8
10.0,5.3,309.4,113.8,25.4,28.8,470.3,246.2
10.0,5.3,309.4,113.8,25.4,28.8,468.5,246.1
10.0,5.3,309.4,113.8,25.4,28.7,469.8,245.2
10.0,5.3,309.4,113.8,25.4,28.8,471.2,246.4
10.0,5.3,309.4,113.8,25.4,28.7,469.8,245.9
10.0,5.3,309.4,113.1,25.4,28.7,470.4,244.6
10.0,5.3,309.4,113.8,25.4,28.8,470.5,246.2
10.0,5.3,309.4,113.8,25.4,28.8,470.2,246.5
9.9,5.3,309.4,113.8,25.5,28.8,470.2,245.0
9.8,5.2,309.4,113.8,25.4,28.8,469.3,244.2
9.8,5.1,309.4,113.1,25.4,28.8,469.2,243.7
9.8,5.1,309.4,113.1,25.4,28.7,471.0,244.3
9.8,5.2,309.4,113.1,25.4,28.7,471.1,244.0
9.9,5.2,309.4,113.1,25.4,28.7,469.6,245.1
10.0,5.3,309.4,113.1,25.4,28.7,470.0,244.9
10.0,5.3,309.4,113.1,25.4,28.7,471.6,245.3
10.0,5.3,309.4,113.1,25.3,28.7,469.8,244.6
10.0,5.3,309.4,113.1,25.3,28.7,469.5,245.5
10.0,5.3,309.4,113.1,25.4,28.7,471.1,245.4
10.0,5.3,309.4,113.1,25.4,28.7,469.7,245.3
10.0,5.3,309.4,113.1,25.3,28.7,471.7,246.0
10.0,5.3,309.4,113.1,25.4,28.7,469.8,246.2
10.0,5.3,309.4,113.1,25.4,28.7,468.3,244.3
10.0,5.3,309.4,113.1,25.4,28.7,469.6,244.9
10.0,5.2,309.4,113.1,25.3,28.7,470.7,249.1
10.1,5.3,309.4,113.8,25.3,28.7,469.4,231.2
10.1,5.3,281.6,113.8,25.3,28.7,415.3,231.2
10.1,5.3,309.4,113.8,25.3,28.7,424.5,231.2
10.1,5.3,309.4,113.8,25.3,28.7,459.1,231.2
10.1,5.3,309.4,113.8,25.3,28.7,464.9,231.2
10.1,5.3,309.3,113.8,25.3,28.7,469.7,231.2
10.1,5.3,309.4,113.8,25.3,28.7,470.7,231.2
10.1,5.3,308.6,113.8,25.3,28.7,468.3,231.2
10.1,5.3,308.6,113.8,25.3,28.7,466.5,231.2
10.1,5.3,309.2,113.8,25.3,28.7,466.6,231.2
10.1,5.3,309.4,113.8,25.3,28.7,468.4,231.2
10.1,5.3,309.4,113.8,25.3,28.7,468.0,231.2
10.1,5.3,309.4,113.8,25.3,28.7,466.9,231.2
10.7,5.3,309.4,117.9,25.2,25.6,466.7,231.2
10.9,5.3,309.4,117.9,25.2,25.6,466.7,231.2
11.0,5.3,309.4,117.9,25.1,25.5,466.4,231.2
11.3,5.3,309.4,117.9,25.0,25.5,467.2,231.2
10.0,5.3,309.4,117.9,25.0,25.5,469.2,231.2
10.0,5.3,309.4,117.9,25.0,25.4,467.2,231.2
10.0,5.3,309.4,117.9,24.9,25.4,469.3,231.2
10.0,5.3,309.4,117.9,24.9,25.4,468.1,231.2
10.0,5.3,309.4,117.9,24.9,25.4,468.3,231.2
10.0,5.3,309.4,117.9,24.9,25.3,467.9,231.2
10.0,5.3,309.4,117.9,24.9,25.3,467.2,231.2
10.0,5.3,309.4,117.9,24.9,25.3,467.9,231.2
10.0,5.3,309.4,117.9,24.8,25.3,468.0,231.2
10.0,5.3,309.1,117.9,24.8,25.3,467.7,231.2
10.0,5.3,309.4,117.9,24.8,25.3,467.7,231.2
10.0,5.3,309.2,117.9,24.8,25.7,469.2,231.2
10.0,5.3,309.4,97.9,24.8,26.0,468.5,168.3
10.0,5.3,309.4,104.8,24.8,26.5,471.8,211.5
10.0,5.3,309.4,108.3,24.8,27.3,469.6,237.4
10.0,5.3,309.4,111.7,24.7,27.7,470.2,252.3
10.0,5.3,309.4,112.4,24.7,28.0,467.4,254.8
10.0,5.3,308.7,113.1,24.8,28.2,469.0,254.7
10.0,5.3,309.4,113.1,24.7,28.2,470.2,254.9
10.0,5.3,309.1,113.1,24.6,28.3,467.9,254.5
10.0,5.3,309.4,113.1,24.6,28.3,470.9,254.8
10.0,5.3,309.4,113.1,24.7,28.3,469.0,254.7
10.0,5.3,309.4,113.1,24.6,28.3,468.7,254.9
10.0,5.3,309.0,113.1,24.7,28.3,469.3,254.8
10.0,5.3,309.4,113.1,24.8,28.3,467.5,255.0
10.0,5.3,309.4,113.1,24.8,28.4,470.3,254.8
10.0,5.3,309.4,113.1,24.8,28.4,469.3,254.6
10.0,5.3,309.4,113.1,24.9,28.4,468.5,254.1
10.0,5.3,309.4,113.1,24.9,28.5,469.9,253.9
10.0,5.3,309.4,113.8,24.9,28.5,469.9,253.6
11.3,5.3,309.4,113.8,24.9,28.5,469.8,253.2
11.3,5.3,309.4,113.8,25.0,28.5,469.2,253.7
11.3,5.3,309.1,113.8,25.0,28.6,470.1,253.7
11.2,5.3,309.4,113.8,25.0,28.6,470.8,254.3
11.2,5.3,309.2,113.8,25.1,28.6,470.8,254.1
11.1,5.3,309.4,113.8,25.1,28.6,471.3,254.6
11.2,5.3,309.4,113.8,25.1,28.7,470.1,254.9
11.2,5.3,309.4,114.5,25.1,28.7,470.8,254.8
11.2,5.3,309.4,114.5,25.1,28.7,471.5,254.9
11.0,5.3,309.3,114.5,25.2,28.7,468.7,255.2
11.0,5.3,309.4,114.5,25.2,28.7,468.9,255.6
11.0,5.3,309.4,114.5,25.2,28.8,469.9,254.5
11.0,5.3,309.4,114.5,25.3,28.8,468.4,255.1
11.0,5.3,309.4,114.5,25.3,28.9,469.4,254.7
10.9,5.3,309.4,114.5,25.3,28.9,469.5,254.2
10.9,5.3,309.4,114.5,25.4,28.9,470.0,253.6
10.9,5.8,308.4,115.1,25.4,28.9,470.0,252.9
10.8,5.8,309.1,114.5,25.4,28.9,467.6,252.2
10.8,5.8,309.0,115.1,25.5,28.9,467.3,252.1
10.8,5.8,308.2,115.1,25.4,29.0,471.2,251.8
10.8,5.7,308.8,115.1,25.5,29.0,468.4,251.9
10.8,5.7,308.8,115.1,25.5,29.0,470.8,253.2
10.8,5.7,307.9,115.1,25.5,29.0,470.3,253.7
10.7,5.7,308.4,115.1,25.6,29.0,468.0,254.5
10.8,5.7,308.6,115.8,25.6,29.1,470.8,254.3
10.7,5.7,309.4,115.1,25.6,29.1,470.6,254.8
10.7,5.7,309.4,115.1,25.6,29.1,470.1,254.3
10.7,5.7,309.4,115.8,25.6,29.1,467.2,254.6
10.7,5.7,309.1,115.8,25.7,29.1,469.5,254.2
10.6,5.6,308.6,115.8,25.7,29.2,468.5,253.8
10.7,5.6,309.4,115.8,25.7,29.1,470.3,252.0
10.6,5.6,309.4,115.8,25.7,29.2,470.1,251.6
10.5,5.6,309.1,115.8,25.8,29.2,469.9,252.0
10.5,5.6,307.7,115.8,25.8,29.2,469.4,252.9
10.5,5.6,308.3,115.8,25.8,29.2,470.5,252.6
10.5,5.6,307.9,115.8,25.8,29.2,469.9,253.1
10.5,5.6,309.4,115.8,25.8,29.2,470.8,252.6
10.5,5.5,309.2,115.8,25.8,29.3,470.3,252.8
10.4,5.5,309.0,115.8,25.8,29.3,474.1,251.6
10.4,5.5,308.6,115.8,25.8,29.3,468.8,252.2
10.4,5.5,309.4,115.8,25.8,29.2,470.8,252.4
10.4,5.5,308.8,116.5,25.9,29.4,469.1,252.6
10.4,5.4,308.9,116.5,25.9,29.4,467.6,253.3
10.4,5.4,308.7,116.5,25.9,29.4,470.3,253.4
10.3,5.4,308.8,116.5,25.9,29.4,471.0,252.8
10.3,5.4,308.9,116.5,26.0,29.4,470.0,255.1
10.3,5.3,308.2,116.5,26.0,29.4,470.0,255.0
10.3,5.3,308.5,116.5,26.0,29.5,470.3,254.7
10.3,5.3,307.4,116.5,26.0,29.5,472.3,254.8
10.3,5.3,308.9,116.5,26.0,29.5,468.1,252.9
10.3,5.3,308.4,116.5,26.0,29.5,470.6,253.4
10.3,5.3,307.8,116.5,26.0,29.5,471.5,252.9
10.3,5.3,308.9,116.5,26.0,29.5,468.4,253.1
10.3,5.3,308.1,116.5,26.1,29.5,468.0,252.6
10.2,5.3,307.8,116.5,26.0,29.5,467.9,252.6
10.2,5.3,307.9,116.5,26.1,29.5,468.6,252.4
10.2,5.3,307.8,116.5,26.1,29.5,468.8,252.0
10.2,5.3,307.1,116.5,26.1,29.5,470.1,250.9
10.2,5.3,307.3,116.5,26.1,29.5,471.0,251.8
10.2,5.3,307.6,117.2,26.1,29.5,468.8,252.2
10.2,5.3,308.2,117.2,26.1,29.6,470.5,252.1
10.2,5.3,308.4,117.2,26.1,29.6,469.9,252.2
10.2,5.2,307.5,117.2,26.1,29.5,470.6,251.8
10.1,5.2,307.5,117.2,26.1,29.6,470.8,250.8
10.1,5.2,307.4,117.2,26.2,29.6,470.0,251.1
10.2,5.2,308.2,117.2,26.2,29.6,471.7,250.8
10.1,5.2,306.2,116.5,26.1,29.6,469.7,250.7
10.1,5.2,306.8,117.2,26.2,29.6,469.8,249.6
10.0,5.2,307.8,116.5,26.2,29.6,468.5,249.3
10.0,5.2,307.4,116.5,26.2,29.6,467.8,249.4
10.1,5.2,307.7,117.2,26.3,29.6,468.8,249.1
10.1,5.2,307.4,116.5,26.2,29.6,468.8,249.2
10.1,5.2,307.6,117.2,26.2,29.6,472.3,248.9
10.0,5.2,306.9,117.2,26.2,29.6,470.1,248.5
10.1,5.2,306.4,116.5,26.2,29.6,468.5,247.3
10.0,5.2,306.5,116.5,26.2,29.6,471.6,247.8
10.0,5.2,307.0,116.5,26.2,29.6,468.7,247.5
10.0,5.2,307.0,117.2,26.3,29.6,470.6,247.8
10.0,5.1,307.1,117.2,26.3,29.6,469.0,248.0
9.9,5.1,306.8,117.2,26.3,29.6,470.2,248.4
10.0,5.1,306.4,117.2,26.3,29.7,471.3,248.3
9.9,5.1,305.8,117.2,26.3,29.6,469.2,248.3
9.9,5.1,307.6,117.2,26.4,29.7,469.2,247.9
9.9,5.1,306.4,117.2,26.3,29.7,470.3,248.4
9.9,5.1,306.8,117.2,26.4,29.7,469.1,248.0
9.9,5.1,308.2,117.2,26.4,29.7,468.7,247.7
9.9,5.1,306.6,117.2,26.4,29.7,470.5,246.4
9.8,5.1,307.2,117.2,26.4,29.7,469.9,244.6
9.9,5.1,306.4,117.2,26.4,29.7,471.4,243.5
9.9,5.1,306.2,116.5,26.4,29.7,469.9,243.6
9.9,5.1,306.2,116.5,26.4,29.6,472.5,243.5
9.9,5.1,306.2,116.5,26.3,29.6,470.4,243.5
9.9,5.2,305.9,117.2,26.3,29.6,469.7,243.2
9.9,5.1,306.2,116.5,26.4,29.7,469.2,243.8
9.9,5.1,306.2,117.2,26.4,29.7,470.1,244.0
9.8,5.1,306.7,117.2,26.4,29.6,470.4,244.1
9.9,5.1,306.4,117.2,26.4,29.7,468.1,244.2
9.8,5.1,306.1,117.2,26.4,29.7,469.1,244.1
9.8,5.1,306.5,117.2,26.4,29.7,468.4,244.5
9.8,5.1,307.2,117.2,26.4,29.7,463.3,244.0
9.8,5.1,306.2,117.2,26.4,29.7,471.4,244.2
9.8,5.1,305.4,117.2,26.4,29.7,471.7,243.5
9.8,5.1,304.8,117.2,26.4,29.7,469.4,243.2
9.9,5.1,305.7,117.2,26.5,29.7,469.3,242.5
9.8,5.1,306.0,117.2,26.4,29.7,470.8,242.6
9.8,5.1,306.0,117.2,26.4,29.7,469.8,242.7
9.8,5.1,305.7,117.2,26.4,29.7,469.7,242.2
9.8,5.1,305.7,117.2,26.4,29.7,473.9,243.1
9.9,5.2,305.8,117.2,26.4,29.7,468.0,243.4
10.0,5.3,306.7,117.2,26.4,29.7,468.6,244.4
10.2,5.3,305.6,117.2,26.5,29.7,470.4,243.7
10.0,5.3,306.5,117.2,26.5,29.7,470.3,244.0
10.1,5.3,305.5,117.2,26.5,29.7,470.7,244.2
10.1,5.3,306.4,117.2,26.5,29.8,471.6,243.3
10.1,5.3,305.8,117.2,26.5,29.8,471.1,243.0
10.0,5.2,305.8,117.2,26.4,29.8,469.7,243.5
10.0,5.3,305.7,117.2,26.5,29.8,471.2,243.7
10.2,5.3,305.4,117.2,26.5,29.8,471.1,246.7
10.1,5.3,305.5,117.9,26.5,29.8,472.0,248.1
10.0,5.2,305.6,117.9,26.5,29.9,468.8,247.8
10.0,5.2,306.0,117.9,26.5,29.9,469.9,247.3
10.0,5.2,305.6,117.9,26.5,29.9,471.2,247.6
10.1,5.3,305.2,117.9,26.5,29.9,471.2,247.8
10.1,5.3,307.1,117.9,26.5,29.9,471.0,247.8
10.0,5.2,306.5,117.9,26.5,29.9,470.1,250.4
10.1,5.2,306.9,118.6,26.5,29.9,469.9,250.4
10.2,5.2,307.3,117.9,26.5,30.0,470.8,249.8
10.1,5.2,305.4,117.9,26.5,30.0,470.1,250.1
10.1,5.2,305.6,118.6,26.6,30.0,473.4,250.4
10.2,5.2,307.6,118.6,26.6,30.0,468.6,250.4
10.1,5.2,305.9,118.6,26.6,30.0,472.0,249.9
10.1,5.2,306.2,118.6,26.6,29.9,468.7,246.1
9.8,5.0,305.9,117.9,26.6,29.9,468.8,245.6
9.9,5.1,304.8,117.9,26.6,29.9,470.4,245.2
9.8,5.0,305.8,117.9,26.6,29.9,469.7,243.9
9.8,5.0,305.7,117.9,26.6,29.9,470.5,243.5
9.9,5.1,303.7,117.9,26.5,29.9,468.7,243.3
9.9,5.1,305.6,117.9,26.6,29.9,470.6,243.2
9.9,5.1,304.2,117.9,26.6,29.9,468.6,242.5
9.8,5.0,305.6,117.9,26.6,29.9,466.7,242.3
9.8,5.0,305.5,117.2,26.6,29.9,469.5,242.9
9.8,5.0,305.2,117.9,26.6,29.9,469.7,243.0
9.8,5.0,305.0,117.9,26.6,29.9,469.7,243.1
9.8,5.0,305.6,117.9,26.6,29.9,470.3,243.2
9.8,5.0,306.0,117.9,26.6,29.9,470.0,243.1
9.8,5.0,305.3,117.9,26.6,29.9,469.7,242.4
9.8,5.0,305.4,117.9,26.6,29.9,469.6,242.8
9.8,5.0,305.2,117.9,26.6,29.9,470.8,242.1
9.7,4.9,304.9,117.9,26.6,29.9,467.3,242.2
9.8,4.9,305.0,117.9,26.6,29.9,467.1,242.2
9.7,4.9,304.9,117.9,26.6,29.9,469.8,241.5
9.7,4.9,305.1,117.9,26.6,29.9,467.9,241.5
9.7,4.9,304.3,117.9,26.6,29.9,470.7,240.9
9.7,5.0,305.6,117.9,26.6,29.9,472.0,241.3
9.7,4.9,305.4,117.2,26.6,29.9,470.6,240.2
9.7,4.9,305.4,117.2,26.6,29.9,472.3,240.1
9.7,4.9,304.9,117.2,26.6,29.8,468.8,239.9
9.7,4.9,305.9,117.2,26.6,29.9,470.8,239.7
9.7,4.9,306.4,117.2,26.6,29.9,470.6,237.0
9.7,4.9,305.8,117.2,26.6,29.8,470.9,236.7
9.7,5.0,306.1,117.2,26.6,29.8,471.2,235.3
9.7,5.0,304.5,117.2,26.6,29.8,472.3,234.5
9.6,4.9,305.3,117.2,26.6,29.8,470.6,234.0
9.6,4.9,306.7,116.5,26.6,29.8,470.3,232.7
9.6,4.9,304.5,116.5,26.5,29.7,468.1,232.3
9.5,4.9,305.2,116.5,26.6,29.7,471.0,233.0
9.5,4.9,305.6,116.5,26.5,29.7,471.2,233.5
9.5,4.9,305.3,116.5,26.6,29.7,469.9,233.6
9.5,4.9,305.4,116.5,26.6,29.7,469.5,233.9
9.5,4.9,306.2,116.5,26.6,29.7,468.2,233.9
9.5,4.9,306.4,116.5,26.6,29.7,469.5,233.9
9.5,4.9,305.6,116.5,26.6,29.7,470.6,233.4
9.5,4.9,304.2,116.5,26.6,29.7,468.5,233.3
9.5,4.9,304.9,116.5,26.6,29.7,469.2,233.3
9.5,4.9,303.4,116.5,26.5,29.7,470.0,232.7
9.5,4.9,305.0,116.5,26.5,29.7,470.6,232.5
9.5,4.9,305.7,116.5,26.5,29.7,471.1,232.1
9.5,4.9,304.4,116.5,26.5,29.7,472.0,233.3
9.5,5.0,309.4,116.5,26.6,29.7,471.2,233.0
9.5,5.2,309.4,115.1,26.5,29.6,431.7,232.9
9.6,5.2,309.4,115.1,26.1,29.6,432.6,233.8
9.6,5.3,309.4,115.1,26.0,29.5,434.2,232.7
9.5,5.2,309.4,115.1,25.9,29.4,433.4,233.8
9.5,5.2,309.4,115.8,26.0,29.4,432.9,234.3
9.5,5.2,309.4,115.8,26.0,29.4,434.2,234.8
9.5,5.3,309.4,115.8,26.0,29.5,431.3,235.0
9.6,5.4,309.4,115.8,26.0,29.4,433.6,235.3
9.6,5.4,309.4,115.8,26.0,29.4,430.7,236.5
9.6,5.4,309.4,115.8,25.9,29.4,432.9,236.5
9.5,5.3,309.4,115.1,25.9,29.4,433.5,236.5
9.6,5.3,309.4,115.1,25.9,29.4,432.8,235.3
9.6,5.4,309.4,113.8,25.9,29.5,499.5,235.4
9.6,5.2,309.4,115.1,26.2,29.4,496.6,235.6
9.7,5.2,309.4,115.1,26.3,29.4,502.1,235.1
9.6,5.2,309.4,115.1,26.3,29.3,500.2,235.4
9.7,5.2,309.4,115.1,26.2,29.3,500.2,235.1
9.7,5.2,309.4,115.1,26.2,29.2,500.9,235.0
9.7,5.3,309.4,115.1,26.1,29.2,500.2,235.2
9.7,5.3,309.4,115.1,26.1,29.2,498.7,235.9
9.7,5.3,309.4,115.1,26.1,29.2,498.8,238.3
9.8,5.3,309.4,115.1,26.1,29.2,500.3,237.9
9.8,5.3,309.4,115.1,26.1,29.2,497.4,238.4
9.8,5.3,309.4,115.1,26.1,29.2,499.1,238.3
9.8,5.3,309.4,115.1,26.0,29.2,500.4,238.7
9.9,5.3,309.4,114.5,26.0,29.2,498.7,238.7
9.9,5.3,309.4,114.5,26.0,29.1,499.3,238.6
9.8,5.3,309.4,114.5,26.0,29.1,497.3,238.5
9.8,5.3,309.4,114.5,25.9,29.1,497.1,237.8
9.9,5.3,309.4,114.5,25.9,29.0,500.5,237.8
9.9,5.4,309.4,114.5,25.9,29.0,499.9,237.2
9.9,5.4,309.4,113.8,25.9,29.0,500.0,237.7
10.0,5.4,309.4,113.8,25.9,29.0,499.6,238.9
10.0,5.4,309.4,114.5,25.9,29.0,498.7,239.7
9.9,5.3,309.4,114.5,25.8,29.0,497.0,240.7
10.0,5.4,309.4,114.5,25.8,29.0,499.2,240.9
9.9,5.3,309.4,114.5,25.8,29.0,500.1,240.7
9.9,5.3,309.4,114.5,25.9,29.0,502.4,240.8
9.9,5.3,309.4,114.5,25.9,29.0,498.8,241.0
9.9,5.3,309.4,114.5,25.9,29.0,498.8,243.0
9.9,5.4,309.4,114.5,25.9,29.0,496.8,246.5
9.9,5.3,309.4,115.1,25.9,29.1,498.8,246.4
9.9,5.3,309.4,115.1,25.9,29.1,497.8,246.2
9.8,5.3,309.4,115.1,25.9,29.1,498.0,246.2
9.8,5.3,309.4,115.1,25.9,29.1,499.7,246.0
9.8,5.3,309.4,115.1,25.9,29.1,497.1,245.5
9.8,5.3,309.4,115.1,25.9,29.1,498.4,245.2
9.8,5.3,309.4,115.1,25.9,29.1,499.3,245.3
9.8,5.3,309.4,114.5,25.9,29.1,497.3,244.9
9.8,5.3,309.4,115.1,25.9,29.1,501.4,243.7
9.7,5.2,309.4,114.5,25.9,29.1,496.0,243.3
9.7,5.2,309.4,114.5,25.9,29.0,501.0,243.6
9.7,5.2,309.4,114.5,25.9,29.0,499.6,244.0
9.7,5.3,309.4,114.5,25.9,29.0,498.4,244.2
9.7,5.3,309.4,114.5,25.9,29.0,496.3,243.8
9.7,5.2,309.4,114.5,25.9,29.1,499.6,243.7
9.7,5.3,309.4,114.5,25.9,29.1,496.0,243.7
9.8,5.3,309.4,114.5,25.9,29.1,498.0,243.1
9.7,5.2,309.4,114.5,25.9,29.1,497.1,242.7
9.7,5.3,309.4,114.5,25.9,29.1,499.4,242.7
9.6,5.2,309.4,114.5,25.9,29.1,500.7,242.3
9.7,5.2,309.4,114.5,25.9,29.1,500.6,242.7
9.7,5.3,309.4,114.5,25.9,29.1,497.0,243.2
9.7,5.2,309.4,114.5,25.9,29.1,499.9,243.9
9.7,5.2,309.4,115.1,26.0,29.1,500.8,245.8
9.7,5.2,309.4,115.1,26.0,29.1,497.8,246.2
9.6,5.1,309.4,115.1,25.9,29.1,498.5,246.2
9.5,5.1,309.4,115.1,26.0,29.1,500.5,246.2
9.6,5.1,309.4,115.1,26.0,29.2,498.8,245.8
9.5,5.1,309.4,115.1,25.9,29.1,497.9,246.0
9.6,5.1,309.4,115.1,25.9,29.1,497.7,246.0
9.5,5.1,309.4,115.1,25.9,29.1,499.0,246.0
9.6,5.1,309.4,115.1,25.9,29.1,498.2,245.7
9.6,5.1,309.4,115.1,25.9,29.1,497.8,245.4
9.6,5.1,309.4,114.5,25.9,29.1,497.8,245.2
9.6,5.1,309.4,114.5,25.9,29.1,497.3,244.3
9.5,5.1,309.4,114.5,25.9,29.1,497.4,244.2
9.6,5.2,309.4,114.5,25.9,29.1,500.2,244.3
9.6,5.1,309.4,114.5,25.9,29.1,498.4,243.8
9.6,5.1,309.4,114.5,26.0,29.1,497.4,243.3
9.5,5.1,309.4,114.5,25.9,29.0,498.2,243.1
9.5,5.1,309.4,114.5,25.9,29.1,498.4,243.1
9.6,5.1,309.4,114.5,25.9,29.0,497.0,242.9
9.5,5.1,309.4,114.5,25.9,29.0,499.0,242.3
9.5,5.1,309.4,114.5,25.9,29.0,499.0,241.4
9.5,5.1,309.4,114.5,25.9,29.0,500.9,241.0
9.4,5.0,309.4,114.5,25.9,29.0,498.2,241.0
9.4,5.1,309.4,114.5,25.9,29.0,500.0,241.1
9.5,5.1,309.4,114.5,25.9,29.0,500.8,240.9
9.5,5.1,309.4,113.8,25.9,29.0,497.6,241.0
9.5,5.1,309.4,114.5,25.9,29.0,499.9,240.8
9.5,5.1,309.4,114.5,25.9,29.0,499.1,240.7
9.5,5.1,309.4,114.5,25.9,29.0,499.7,240.2
9.5,5.1,309.4,113.8,25.9,29.0,495.8,240.3
9.5,5.1,309.4,113.8,25.9,29.0,498.6,239.9
9.5,5.1,309.4,113.8,25.9,29.0,497.8,239.7
9.5,5.1,309.4,113.8,25.9,29.0,499.7,239.3
9.4,5.1,309.4,113.8,25.9,29.0,499.2,238.7
9.4,5.1,309.4,113.8,25.8,29.0,498.7,238.7
9.5,5.1,309.4,113.8,25.8,29.0,499.3,238.7
9.4,5.1,309.4,113.8,25.8,28.9,499.3,239.4
9.4,5.1,309.4,113.8,25.9,29.0,499.7,239.5
9.5,5.1,309.4,113.8,25.8,29.0,497.5,239.2
9.5,5.1,309.4,113.8,25.8,29.0,497.1,239.3
9.5,5.1,309.4,113.8,25.8,28.9,499.4,239.3
9.5,5.1,309.4,113.8,25.8,28.9,496.9,239.3
9.5,5.1,309.4,113.8,25.8,28.9,499.9,238.7
9.4,5.1,309.4,113.8,25.8,29.0,497.6,238.5
9.4,5.1,309.4,113.8,25.8,28.9,498.5,238.1
9.5,5.1,309.4,113.8,25.8,29.0,497.0,237.5
9.4,5.1,309.4,113.8,25.8,28.9,499.1,238.1
9.4,5.1,309.4,113.8,25.8,28.9,496.3,237.7
9.4,5.1,309.4,113.8,25.8,28.9,499.0,238.7
9.5,5.1,309.4,113.8,25.8,28.9,498.8,238.5
9.4,5.1,309.4,113.8,25.8,28.9,498.0,238.5
9.4,5.1,309.4,113.8,25.8,28.9,498.2,238.3
9.4,5.1,309.4,113.8,25.8,28.9,499.7,237.8
9.4,5.1,309.4,113.8,25.8,28.9,497.7,238.0
9.5,5.1,309.4,113.8,25.8,28.9,498.8,237.6
9.5,5.1,309.4,113.1,25.8,28.9,498.1,236.9
9.4,5.1,309.4,113.1,25.8,28.9,498.5,236.6
9.4,5.1,309.4,113.8,25.8,28.9,497.6,236.0
9.4,5.1,309.4,113.1,25.8,28.8,497.6,235.3
9.4,5.1,309.4,113.1,25.8,28.9,499.5,235.0
9.4,5.1,309.4,113.1,25.8,28.9,499.3,235.3
9.4,5.1,309.4,113.1,25.8,28.8,500.0,234.8
9.4,5.1,309.4,113.1,25.8,28.8,497.0,235.6
9.4,5.1,309.4,113.1,25.8,28.8,497.6,235.7
9.4,5.1,309.4,113.1,25.8,28.9,498.4,235.5
9.4,5.1,309.4,113.1,25.8,28.8,498.0,235.6
9.4,5.1,309.4,113.1,25.8,28.8,499.6,235.1
9.4,5.1,309.4,113.1,25.8,28.8,500.7,234.9
9.4,5.1,309.4,113.1,25.7,28.7,499.1,234.7
9.4,5.1,309.4,113.1,25.7,28.7,498.3,234.0
9.4,5.1,309.4,113.1,25.7,28.7,495.3,232.0
9.4,5.1,309.4,113.1,25.7,28.7,498.4,231.0
9.4,5.1,309.4,112.4,25.7,28.7,497.6,230.4
9.4,5.1,309.4,112.4,25.7,28.7,499.3,230.3
9.4,5.1,309.4,112.4,25.6,28.7,500.2,229.9
9.4,5.1,309.4,112.4,25.7,28.7,500.9,230.1
9.4,5.1,309.4,112.4,25.7,28.7,496.1,230.3
9.4,5.1,309.4,112.4,25.7,28.7,497.3,230.1
9.4,5.1,309.4,112.4,25.7,28.7,497.7,230.5
9.4,5.1,309.4,112.4,25.6,28.6,498.0,230.9
9.4,5.1,309.4,112.4,25.6,28.7,496.2,231.0
9.4,5.1,309.4,112.4,25.7,28.7,497.2,230.9
9.4,5.1,309.4,112.4,25.6,28.7,497.5,230.6
9.4,5.1,309.4,112.4,25.7,28.6,497.6,228.6
9.4,5.1,309.4,112.4,25.6,28.6,498.4,228.7
9.4,5.1,309.4,111.7,25.6,28.6,497.9,228.4
9.4,5.1,309.4,111.7,25.5,28.6,498.2,228.4
9.4,5.1,309.4,111.7,25.6,28.6,499.6,228.3
9.4,5.1,309.4,111.7,25.6,28.6,497.3,224.0
9.3,5.1,309.4,111.7,25.6,28.6,496.0,223.8
9.4,5.2,309.4,111.7,25.6,28.5,497.0,223.2
9.4,5.2,309.5,111.7,25.6,28.5,500.2,223.4
9.4,5.2,309.4,111.7,25.6,28.5,499.9,223.9
9.4,5.2,309.4,111.7,25.5,28.5,497.3,224.7
9.4,5.4,309.4,111.7,25.6,28.5,499.6,224.9
9.4,5.4,309.4,111.7,25.6,28.5,497.2,225.2
9.4,5.4,309.4,111.7,25.5,28.5,499.3,225.0
9.4,5.4,309.4,111.7,25.5,28.5,498.9,224.6
9.4,5.4,309.4,111.0,25.5,28.5,496.8,224.8
9.4,5.4,309.4,111.7,25.5,28.5,500.4,225.0
9.4,5.4,309.4,111.0,25.5,28.5,496.5,224.9
9.4,5.4,309.4,111.0,25.5,28.5,498.9,224.5
9.4,5.5,309.4,110.3,25.4,28.3,514.9,224.2
9.4,5.5,309.4,109.6,25.3,28.0,514.9,223.8
9.4,5.4,309.4,108.9,25.2,27.9,515.0,223.8
9.5,5.5,309.4,108.9,25.2,27.9,515.0,223.9
9.5,5.5,309.4,108.9,25.2,27.9,514.8,223.7
9.5,5.5,309.4,108.9,25.2,27.9,515.0,223.6
9.5,5.6,309.4,108.9,25.3,27.9,515.0,224.0
9.6,5.6,309.4,108.9,25.2,27.9,515.0,223.7
9.5,5.6,309.4,108.9,25.2,27.9,515.0,224.3
9.6,5.6,309.4,108.9,25.2,27.9,515.0,229.3
9.7,5.6,309.4,109.6,25.2,27.9,515.0,229.4
9.7,5.6,309.4,109.6,25.2,27.9,515.0,229.5
9.6,5.6,309.4,109.6,25.2,27.9,515.0,231.0
9.7,5.6,309.4,109.6,25.1,27.9,515.0,231.7
9.7,5.6,309.4,109.6,25.1,27.9,515.0,232.1
9.7,5.6,309.4,109.6,25.1,27.9,515.0,231.6
9.7,5.6,309.4,109.6,25.1,27.9,514.9,231.8
9.7,5.6,309.4,109.6,25.1,27.9,514.9,231.5
9.7,5.6,309.4,109.6,25.1,27.9,515.0,233.6
9.8,5.6,309.4,109.6,25.1,27.9,514.9,233.8
9.7,5.5,309.4,109.6,25.1,28.0,514.9,233.5
9.7,5.5,309.4,109.6,25.1,27.9,515.0,233.9
9.8,5.6,309.4,109.6,25.1,27.9,515.0,236.7
9.8,5.6,309.4,110.3,25.1,27.9,515.0,237.1
9.8,5.6,309.4,110.3,25.1,27.9,515.0,238.9
9.8,5.6,309.4,110.3,25.1,28.0,514.9,241.9
9.8,5.6,309.4,110.3,25.1,27.9,515.0,242.8
9.9,5.6,309.4,110.3,25.1,27.9,514.9,243.9
9.9,5.6,309.4,110.3,25.1,28.0,514.9,243.3
9.8,5.6,309.4,110.3,25.1,28.0,514.9,245.0
9.9,5.6,309.4,110.3,25.1,27.9,514.9,245.5
9.9,5.6,309.4,111.0,25.1,28.0,515.0,245.5
9.9,5.6,309.4,110.3,25.1,28.0,515.0,246.6
9.9,5.6,309.4,111.0,25.1,27.9,515.0,246.7
9.9,5.5,309.4,111.0,25.0,28.0,515.0,246.4
9.9,5.6,309.4,110.3,25.0,27.9,515.0,247.4
10.0,5.6,309.4,111.0,25.0,28.0,514.9,247.2
9.9,5.6,309.4,111.0,25.0,28.0,515.0,246.9
9.9,5.6,309.4,111.0,25.0,28.0,515.0,249.0
9.9,5.5,309.4,111.0,25.0,28.0,515.0,249.8
10.0,5.6,309.4,111.0,25.0,28.0,515.0,249.9
10.0,5.5,309.4,111.0,25.0,28.0,515.0,250.9
10.0,5.6,309.4,111.0,25.1,28.1,515.0,251.0
9.9,5.5,309.4,111.0,25.0,28.0,515.0,251.5
10.0,5.6,309.4,111.0,25.0,28.0,515.0,251.1
10.0,5.5,309.4,111.0,25.0,28.0,515.0,253.1
10.0,5.6,309.4,111.0,25.0,28.0,515.0,254.1
10.0,5.6,309.4,111.7,25.1,28.0,514.9,253.7
10.1,5.6,309.4,111.0,25.0,28.1,514.9,253.4
10.0,5.6,309.4,111.0,25.0,28.0,515.0,253.9
10.0,5.5,309.4,111.7,25.0,28.0,515.0,253.9
10.1,5.6,309.4,111.7,25.0,28.0,515.0,253.8
10.0,5.6,309.4,111.7,25.0,28.1,514.9,254.1
10.1,5.6,309.4,111.7,25.1,28.1,515.0,255.4
10.1,5.5,309.4,111.7,25.1,28.1,515.0,255.2
10.1,5.6,309.4,111.7,25.0,28.1,514.9,255.5
10.0,5.5,309.4,111.7,25.0,28.0,514.9,256.0
10.1,5.6,309.4,111.7,25.0,28.0,515.0,255.6
10.0,5.5,309.4,111.7,25.0,28.1,515.0,255.1
10.0,5.5,309.4,111.7,25.0,28.1,514.9,255.2
10.0,5.5,309.4,111.0,25.0,28.0,515.0,255.2
10.0,5.5,309.4,111.7,25.1,28.1,515.0,255.1
10.0,5.6,309.4,111.7,25.0,28.1,515.0,254.8
10.0,5.6,309.4,111.7,25.1,28.0,515.0,253.9
10.0,5.5,309.4,111.0,25.0,28.1,515.0,253.9
10.1,5.5,309.4,111.7,25.0,28.1,515.0,253.5
10.0,5.6,309.4,111.7,25.0,28.1,514.9,255.3
10.1,5.6,309.4,111.7,25.1,28.1,515.0,255.8
10.1,5.6,309.4,111.7,25.0,28.1,515.0,255.9
10.0,5.5,309.4,111.7,25.0,28.1,515.0,256.2
10.1,5.6,309.4,111.7,25.1,28.1,514.9,256.5
10.1,5.6,309.4,111.7,25.1,28.1,514.9,257.1
10.1,5.5,309.4,111.7,25.1,28.1,514.9,257.0
10.1,5.6,309.4,111.7,25.1,28.1,515.0,257.0
10.0,5.6,309.4,111.7,25.1,28.1,515.0,256.6
10.1,5.6,309.4,111.7,25.1,28.1,515.0,256.3
10.1,5.6,309.4,111.7,25.1,28.1,515.0,255.5
10.0,5.5,309.4,111.7,25.0,28.1,514.9,255.1
10.1,5.6,309.4,111.7,25.0,28.0,514.9,255.5
10.1,5.6,309.4,111.7,25.0,28.1,515.0,255.3
10.1,5.6,309.4,111.7,25.0,28.0,515.0,255.0
10.0,5.5,309.4,111.0,25.0,28.1,514.9,255.7
10.1,5.6,309.4,111.7,25.0,28.1,515.0,256.1
10.0,5.5,309.4,111.7,25.0,28.1,515.0,257.0
10.2,5.6,309.4,111.7,25.0,28.1,515.0,257.3
10.0,5.5,309.4,111.7,25.0,28.1,515.0,258.1
10.1,5.6,309.4,111.7,25.1,28.1,515.0,257.7
10.0,5.6,309.4,111.7,25.1,28.0,514.9,257.5
10.1,5.6,309.4,111.7,25.1,28.1,515.0,257.6
10.2,5.6,309.4,111.7,25.1,28.1,515.1,258.5
10.0,5.6,309.4,111.7,25.0,28.1,515.0,257.8
10.1,5.6,309.4,111.7,25.0,28.1,515.0,256.9
10.0,5.5,309.4,111.7,25.0,28.1,514.9,256.9
10.1,5.5,309.4,111.7,25.0,28.1,515.0,257.4
10.0,5.5,309.4,111.7,25.1,28.1,515.0,257.9
10.1,5.5,309.4,111.7,25.0,28.1,515.0,258.0
10.1,5.6,309.4,111.7,25.1,28.1,515.0,258.2
10.1,5.5,309.4,111.7,25.1,28.1,515.0,258.6
10.1,5.5,309.4,111.7,25.0,28.1,515.0,258.8
10.1,5.5,309.4,111.7,25.0,28.1,515.0,259.6
10.1,5.5,309.4,111.7,25.1,28.1,515.0,260.2
10.2,5.6,309.4,111.7,25.0,28.1,515.0,259.9
10.1,5.5,309.4,111.7,25.1,28.1,515.0,258.9
10.1,5.6,309.4,111.7,25.0,28.1,515.0,258.6
10.2,5.6,309.4,111.7,25.1,28.1,514.9,256.8
10.1,5.6,309.4,111.7,25.0,28.1,514.9,256.6
10.1,5.6,309.4,111.7,25.0,28.1,515.0,257.0
10.1,5.6,309.4,111.7,25.0,28.1,515.0,254.7
10.0,5.5,309.4,113.1,25.0,28.1,462.5,248.4
10.1,5.2,309.4,113.1,25.1,28.4,460.5,247.1
10.1,5.3,309.4,113.1,25.1,28.5,461.2,247.3
10.1,5.3,309.4,113.1,25.1,28.5,463.7,247.2
10.1,5.3,309.4,113.1,25.1,28.6,460.1,246.6
10.1,5.3,309.4,113.1,25.1,28.6,460.4,246.6
10.0,5.3,309.4,113.1,25.1,28.6,460.3,247.4
10.1,5.4,309.4,113.1,25.1,28.6,461.1,247.0
10.1,5.3,309.4,113.1,25.1,28.6,459.4,247.6
10.1,5.4,309.4,113.1,25.1,28.6,460.7,247.8
10.1,5.4,309.4,113.1,25.1,28.6,458.6,247.3
10.1,5.4,309.4,113.1,25.1,28.6,460.3,247.0
10.1,5.4,309.4,112.4,25.1,28.6,458.7,246.9
10.1,5.4,309.4,113.1,25.2,28.6,460.7,246.5
10.1,5.4,309.4,113.1,25.1,28.6,460.3,246.0
10.2,5.4,309.4,113.1,25.2,28.6,462.6,246.0
10.1,5.4,309.4,113.1,25.2,28.7,463.1,245.5
10.2,5.4,309.4,113.1,25.2,28.7,460.6,245.0
10.1,5.3,309.4,113.1,25.2,28.7,460.0,245.1
10.1,5.4,309.4,113.1,25.2,28.7,460.0,244.5
10.1,5.3,309.4,113.1,25.3,28.7,455.8,244.3
10.1,5.3,309.4,113.1,25.3,28.7,463.0,243.9
10.0,5.3,309.4,113.1,25.3,28.7,459.5,243.1
9.9,5.3,309.4,113.1,25.3,28.7,460.1,242.2
9.9,5.3,309.4,113.1,25.3,28.7,459.7,241.3
9.9,5.3,309.4,113.1,25.3,28.7,459.1,241.6
10.0,5.3,309.4,113.1,25.4,28.7,460.3,240.8
9.9,5.3,309.5,113.1,25.4,28.7,460.6,240.3
9.9,5.3,309.4,113.1,25.4,28.7,461.0,239.6
9.9,5.3,309.4,113.1,25.4,28.7,461.4,238.6
9.9,5.3,309.4,113.1,25.4,28.7,463.0,238.8
9.8,5.2,309.5,113.1,25.4,28.7,459.9,238.1
9.8,5.3,309.4,113.1,25.4,28.7,460.7,237.2
9.8,5.3,309.4,113.1,25.4,28.8,458.1,237.0
9.8,5.3,309.4,113.1,25.5,28.8,459.7,236.8
9.8,5.2,309.4,113.1,25.5,28.7,461.3,236.5
9.7,5.2,309.4,113.1,25.5,28.8,458.6,237.1
9.8,5.2,309.4,113.1,25.5,28.9,459.9,238.1
9.8,5.2,309.4,113.1,25.5,28.9,461.8,238.8
9.7,5.2,309.4,113.1,25.5,28.9,458.7,239.2
9.7,5.2,309.4,113.1,25.5,28.9,459.3,239.3
9.7,5.2,309.4,113.1,25.5,28.9,456.8,238.3
9.7,5.2,309.4,113.1,25.6,28.9,461.4,237.8
9.7,5.2,309.4,113.1,25.6,28.9,459.3,237.0
9.7,5.2,309.4,113.1,25.6,28.9,461.4,236.1
9.7,5.2,309.4,113.1,25.6,28.9,459.9,235.5
9.6,5.2,309.4,113.1,25.6,29.0,460.9,234.6
9.7,5.2,309.4,113.1,25.6,28.9,462.8,234.3
9.6,5.2,309.4,113.1,25.6,29.0,460.8,234.5
9.5,5.1,309.4,113.1,25.6,28.9,460.7,234.1
9.6,5.1,309.4,113.1,25.6,28.9,458.4,234.4
9.6,5.1,309.4,113.1,25.6,28.9,460.4,234.6
9.6,5.2,309.4,113.8,25.7,29.0,461.0,235.7
9.6,5.2,309.4,113.8,25.6,29.0,462.4,236.5
9.6,5.2,309.4,113.8,25.7,29.0,451.7,236.1
9.7,5.2,309.4,113.1,25.6,29.0,460.5,236.3
9.7,5.2,309.4,113.8,25.7,29.0,459.0,235.9
9.6,5.2,309.4,113.8,25.7,29.0,459.6,235.0
9.5,5.1,309.4,113.8,25.7,29.0,459.5,234.6
9.6,5.2,309.4,113.8,25.8,29.0,463.0,234.0
9.6,5.2,309.4,113.8,25.8,29.0,462.0,233.6
9.6,5.2,309.4,113.8,25.8,29.1,462.0,233.6
9.6,5.2,309.4,113.8,25.8,29.0,462.1,233.6
9.6,5.2,309.4,113.8,25.8,29.0,459.3,233.3
9.5,5.2,309.4,113.8,25.8,29.0,459.2,233.1
9.5,5.1,309.4,113.8,25.8,29.0,458.4,233.2
9.6,5.1,309.4,113.8,25.8,29.0,458.7,233.9
9.5,5.2,309.4,113.8,25.8,29.1,458.4,235.2
9.6,5.2,309.4,113.8,25.8,29.1,461.2,235.5
9.6,5.2,309.4,113.8,25.8,29.1,462.1,234.6
9.6,5.2,309.4,113.8,25.8,29.1,460.5,234.2
9.5,5.1,309.4,113.8,25.8,29.1,461.0,233.6
9.5,5.2,309.4,113.8,25.8,29.0,455.1,233.0
9.5,5.2,309.4,113.8,25.8,29.1,462.2,232.3
9.6,5.2,309.4,113.8,25.8,29.1,461.5,232.2
9.6,5.2,309.4,113.8,25.8,29.1,460.4,232.1
9.6,5.2,309.4,113.8,25.8,29.0,461.1,231.9
9.6,5.2,309.4,113.8,25.8,29.1,461.8,231.7
9.5,5.2,309.4,113.8,25.8,29.1,461.9,230.9
9.5,5.2,309.4,113.8,25.8,29.0,457.9,230.2
9.5,5.1,309.4,113.8,25.8,29.1,461.3,229.6
9.5,5.2,309.4,113.8,25.9,29.1,460.0,229.8
9.5,5.2,309.4,113.8,25.9,29.1,460.6,230.0
9.6,5.2,309.4,113.8,25.8,29.1,460.5,230.7
9.5,5.2,309.4,113.8,25.9,29.1,462.7,230.6
9.5,5.2,309.4,113.8,25.9,29.1,460.8,230.6
9.6,5.2,309.4,113.8,25.9,29.1,461.6,230.7
9.6,5.2,309.4,113.8,25.9,29.0,459.4,230.2
9.5,5.2,309.4,113.8,25.9,29.1,460.3,230.2
9.5,5.2,309.5,113.8,25.8,29.1,458.8,229.9
9.5,5.2,309.4,113.8,25.9,29.1,454.6,224.9
9.5,5.2,309.4,113.1,25.9,29.1,460.4,224.7
9.5,5.2,309.4,113.1,25.9,29.0,463.4,224.4
9.5,5.3,309.4,113.8,26.0,29.1,462.9,224.6
9.5,5.3,309.4,113.1,25.9,29.1,459.6,225.0
9.5,5.2,309.4,113.8,25.9,29.0,459.9,225.5
9.5,5.3,309.4,113.8,25.9,29.1,459.5,226.1
9.5,5.2,309.4,113.1,25.9,29.1,460.4,227.4
9.5,5.2,309.4,113.1,25.9,29.0,458.4,227.7
9.5,5.3,309.4,113.1,25.8,29.1,460.3,227.6
9.5,5.3,309.4,113.1,25.9,29.0,457.8,227.6
9.5,5.2,309.4,113.8,25.9,29.0,458.5,227.1
9.5,5.3,309.4,113.1,25.9,29.0,458.4,226.8
9.6,5.3,309.4,113.8,25.9,29.0,459.2,226.4
9.7,5.4,309.4,113.8,25.9,29.1,457.7,226.5
9.8,5.4,309.4,113.8,25.9,29.1,458.6,226.6
9.8,5.5,309.4,113.8,25.9,29.1,460.4,226.8
9.9,5.6,309.4,113.8,26.0,29.1,460.0,227.2
9.9,5.6,309.4,113.8,25.9,29.1,451.7,226.3
9.8,5.5,309.4,113.8,25.9,29.1,458.4,226.4
9.8,5.6,309.5,113.8,25.9,29.1,461.6,227.8
9.8,5.6,309.4,113.8,25.9,29.1,459.5,228.2
9.9,5.6,309.4,113.8,25.9,29.1,460.3,230.2
10.0,5.6,309.4,113.8,25.9,29.1,460.5,232.6
9.9,5.5,309.4,114.5,25.9,29.1,461.3,232.5
10.0,5.6,309.4,114.5,25.9,29.1,460.4,233.0
9.9,5.5,309.4,114.5,25.9,29.1,460.1,234.9
10.0,5.6,309.4,114.5,25.9,29.1,460.3,237.3
10.0,5.6,309.4,114.5,25.9,29.2,457.1,238.9
10.0,5.5,309.4,114.5,25.9,29.2,462.1,239.7
10.0,5.5,309.4,115.1,25.8,29.2,460.5,239.9
10.1,5.6,309.4,115.1,25.9,29.2,459.0,239.5
10.0,5.6,309.4,115.1,25.9,29.2,460.7,241.8
10.1,5.6,309.4,115.1,25.9,29.2,460.9,242.4
10.1,5.6,309.5,115.1,25.9,29.2,462.5,243.2
10.1,5.6,309.4,115.1,25.9,29.2,459.5,242.4
10.0,5.5,309.4,115.1,25.9,29.2,459.4,242.6
10.1,5.6,309.4,115.1,25.9,29.2,451.7,241.9
10.1,5.6,309.4,115.1,25.9,29.2,461.6,245.8
10.1,5.5,309.4,115.1,25.9,29.2,461.1,245.3
10.1,5.5,309.4,115.1,25.9,29.3,462.1,245.3
10.1,5.5,309.4,115.1,25.9,29.2,459.5,245.2
10.2,5.5,309.4,115.8,25.9,29.3,458.6,245.4
10.2,5.6,309.4,115.8,25.9,29.4,460.7,245.3
10.2,5.5,309.4,115.8,25.9,29.3,459.6,248.3
10.2,5.6,309.4,115.8,25.9,29.3,460.9,251.1
10.2,5.5,309.4,116.5,25.9,29.4,462.5,250.9
10.2,5.5,309.4,115.8,25.9,29.4,459.7,251.0
10.2,5.5,309.4,116.5,25.9,29.4,460.6,250.8
10.2,5.5,309.4,116.5,25.9,29.4,459.2,251.8
10.2,5.5,309.4,116.5,25.9,29.4,462.6,251.8
10.2,5.5,309.4,116.5,25.9,29.4,460.5,251.3
10.2,5.5,309.4,116.5,25.9,29.4,460.0,251.9
10.2,5.5,309.4,116.5,25.9,29.4,462.3,251.8
10.2,5.5,309.4,115.8,25.8,29.4,459.9,252.2
10.2,5.5,309.4,116.5,25.9,29.4,460.2,252.3
10.3,5.5,309.4,116.5,25.9,29.5,454.3,251.0
10.2,5.4,309.4,115.8,25.9,29.4,459.3,251.8
10.2,5.5,309.4,115.8,25.9,29.5,457.7,252.2
10.2,5.6,309.4,116.5,25.9,29.4,460.9,252.3
10.2,5.5,309.4,116.5,25.9,29.5,463.7,251.1
10.3,5.6,309.4,116.5,26.0,29.5,462.0,252.3
10.3,5.6,309.4,116.5,25.9,29.5,463.0,253.3
10.3,5.6,309.4,116.5,25.9,29.5,460.2,253.2
10.2,5.5,309.4,116.5,26.0,29.5,460.5,253.3
10.3,5.5,309.4,116.5,26.0,29.5,460.7,253.7
10.3,5.5,309.4,116.5,26.0,29.5,462.3,254.0
10.3,5.6,309.4,116.5,25.9,29.5,459.5,254.6
10.3,5.6,309.4,116.5,26.0,29.5,461.4,254.4
10.2,5.5,309.4,116.5,26.0,29.5,459.0,255.9
10.3,5.6,309.4,116.5,26.0,29.5,462.3,255.7
10.3,5.5,309.4,116.5,26.0,29.5,461.1,256.0
10.3,5.6,309.4,117.2,26.0,29.5,461.6,255.6
10.3,5.5,309.4,117.2,26.0,29.6,460.9,255.5
10.3,5.6,309.4,117.2,26.0,29.6,461.6,255.3
10.3,5.6,309.4,116.5,26.0,29.5,460.5,254.8
10.3,5.6,309.4,117.2,26.0,29.6,462.8,255.5
10.3,5.6,309.4,117.2,26.0,29.6,461.5,255.6
10.3,5.6,309.4,117.2,26.0,29.6,459.1,256.8
10.3,5.6,309.4,117.2,26.0,29.6,454.9,256.5
10.3,5.6,309.4,117.2,26.0,29.6,458.5,259.5
10.3,5.6,309.4,117.2,26.1,29.6,457.6,260.0
10.3,5.6,309.4,117.2,26.0,29.7,458.0,260.2
10.3,5.6,309.4,117.2,26.1,29.6,459.2,260.6
10.3,5.5,309.4,117.2,26.0,29.6,461.4,260.3
10.4,5.6,309.4,117.9,26.1,29.7,460.9,260.1
10.4,5.6,309.4,117.9,26.1,29.7,458.2,260.1
10.4,5.6,309.4,117.9,26.1,29.7,460.6,259.7
10.4,5.6,309.4,117.9,26.1,29.7,460.9,259.4
10.4,5.6,309.4,117.9,26.1,29.7,461.5,259.3
10.3,5.6,309.4,117.9,26.1,29.7,461.7,257.5
10.3,5.6,309.4,117.9,26.1,29.7,459.8,257.4
10.3,5.6,309.4,117.9,26.1,29.7,460.7,257.4
10.4,5.6,309.4,117.9,26.1,29.7,461.4,257.4
10.3,5.6,309.4,117.9,26.1,29.7,461.4,257.4
10.4,5.6,309.4,117.9,26.1,29.7,459.2,258.3
10.4,5.6,309.4,117.9,26.1,29.7,463.2,258.6
10.4,5.6,309.4,117.9,26.1,29.7,460.5,258.3
10.4,5.6,309.4,117.9,26.1,29.7,458.7,258.3
10.4,5.6,309.4,117.9,26.1,29.7,451.2,258.1
10.4,5.6,309.4,117.9,26.1,29.7,462.0,258.6
10.4,5.6,309.4,117.9,26.2,29.7,459.9,258.6
10.4,5.6,309.4,117.9,26.1,29.8,461.5,258.7
10.4,5.6,309.4,117.9,26.2,29.8,458.6,258.6
10.4,5.6,309.4,117.9,26.3,29.8,460.9,258.9
10.4,5.7,309.4,117.9,26.3,29.8,460.7,259.3
10.4,5.7,309.4,117.9,26.3,29.9,460.8,260.1
10.5,5.7,309.4,117.9,26.3,29.9,460.3,260.2
10.5,5.7,309.4,118.6,26.3,29.9,463.0,260.2
10.5,5.7,309.4,118.6,26.3,29.9,460.0,259.1
10.4,5.7,309.4,117.9,26.3,29.8,460.8,257.8
10.5,5.7,309.4,117.9,26.3,29.9,458.7,257.5
10.4,5.7,309.4,117.9,26.3,29.9,457.8,257.0
10.5,5.7,309.4,117.9,26.3,29.8,461.2,257.5
10.4,5.7,309.4,118.6,26.3,29.8,462.4,257.4
10.4,5.7,309.4,118.6,26.3,29.9,462.3,257.7
10.5,5.7,309.4,118.6,26.3,29.9,461.0,258.6
10.5,5.7,309.5,118.6,26.3,29.9,461.5,258.6
10.5,5.7,309.4,118.6,26.3,29.9,458.8,258.8
10.5,5.7,309.4,118.6,26.4,29.9,453.1,258.9
10.5,5.7,309.4,118.6,26.3,30.0,461.3,259.3
10.5,5.7,309.4,118.6,26.3,29.9,462.0,259.3
10.5,5.7,309.4,118.6,26.3,29.9,458.4,259.4
10.5,5.7,309.4,118.6,26.3,30.0,462.4,259.2
10.4,5.7,309.4,118.6,26.3,29.9,459.6,259.3
10.5,5.7,309.4,118.6,26.3,29.9,460.2,259.4
10.5,5.7,309.4,118.6,26.4,29.9,460.2,258.9
10.5,5.7,309.4,118.6,26.4,29.9,459.6,258.8
10.6,5.8,309.4,118.6,26.4,30.0,458.6,258.1
10.5,5.8,309.4,118.6,26.4,30.0,458.9,257.7
10.5,5.8,309.4,118.6,26.1,30.0,460.3,257.4
10.6,5.8,309.4,118.6,26.1,30.0,458.6,257.1
10.6,5.8,309.4,118.6,26.1,30.0,463.7,257.2
10.6,5.8,309.4,119.3,26.2,30.0,461.6,257.2
10.5,5.8,309.4,118.6,26.1,30.0,463.4,257.5
10.5,5.8,309.4,119.3,26.2,30.0,459.8,257.3
10.6,5.8,309.4,119.3,26.3,30.0,460.4,257.0
10.5,5.8,309.4,119.3,26.3,30.0,458.3,257.3
10.5,5.8,309.4,119.3,26.3,30.1,461.8,257.1
10.6,5.8,309.4,119.3,26.3,30.1,461.7,257.2
10.6,5.8,309.4,119.3,26.3,30.1,462.1,257.5
10.6,5.8,309.4,119.3,26.3,30.1,462.4,257.5
10.6,5.8,309.4,119.3,26.3,30.0,460.6,258.1
10.6,5.8,309.4,119.3,26.3,30.1,461.5,258.9
10.7,5.8,309.4,119.3,26.3,30.1,455.5,258.1
10.5,5.8,309.4,119.3,26.3,30.1,457.7,259.2
10.7,5.8,309.4,119.3,26.3,30.1,459.3,259.6
10.6,5.8,309.4,119.3,26.4,30.1,459.4,253.3
10.5,5.8,309.4,119.3,26.4,30.1,460.3,250.7
10.5,5.3,309.4,118.6,26.4,30.1,458.7,250.8
10.5,5.3,309.4,118.6,26.4,30.1,460.3,253.2
10.6,5.3,309.4,119.3,26.4,30.1,463.2,253.7
10.6,5.3,309.4,119.3,26.4,30.1,459.6,253.8
10.6,5.3,309.4,119.3,26.4,30.2,459.9,253.6
10.5,5.3,309.4,119.3,26.4,30.1,457.0,254.4
10.6,5.3,309.4,119.3,26.5,30.2,462.0,254.7
10.5,5.3,309.4,119.3,26.5,30.2,461.2,254.4
10.6,5.3,309.4,119.3,26.5,30.2,458.9,255.2
10.7,5.3,309.4,119.3,26.5,30.2,460.6,255.2
10.6,5.3,309.4,119.3,26.4,30.2,462.6,255.3
10.6,5.3,309.4,120.0,26.5,30.2,460.7,255.3
10.6,5.3,309.4,120.0,26.5,30.2,394.2,255.7
10.6,5.6,294.0,122.7,26.6,30.7,382.3,253.2
10.6,5.6,293.5,122.7,26.8,31.0,375.3,252.9
10.6,5.6,293.8,122.0,26.7,31.1,374.0,252.9
10.5,5.6,293.1,122.0,26.8,31.0,379.4,252.8
10.5,5.6,290.7,122.0,26.8,31.0,383.4,253.0
10.6,5.5,290.4,122.0,26.8,31.1,382.3,253.1
10.6,5.6,290.1,122.0,26.8,31.1,384.4,253.1
10.5,5.5,290.2,122.7,26.8,31.1,381.0,253.7
10.6,5.6,290.5,122.7,26.8,31.1,381.4,253.5
10.6,5.5,290.2,122.7,26.8,31.1,383.1,254.1
10.6,5.5,290.1,122.7,26.8,31.1,375.7,253.8
10.6,5.5,289.3,122.7,26.8,31.2,379.6,254.5
10.6,5.6,290.0,122.7,26.8,31.2,380.4,255.2
10.6,5.6,290.0,123.4,26.9,31.2,382.2,255.4
10.7,5.6,290.0,123.4,26.9,31.2,380.8,255.4
10.7,5.6,288.6,123.4,27.0,31.2,382.8,255.5
10.6,5.6,289.4,123.4,27.0,31.3,382.1,255.8
10.6,5.6,289.7,123.4,27.0,31.3,383.0,255.6
10.6,5.5,289.8,124.1,27.0,31.4,375.4,255.4
10.5,5.5,289.2,123.4,27.0,31.4,382.6,254.5
10.5,5.4,289.5,124.1,27.1,31.4,381.5,254.0
10.5,5.4,288.1,124.1,27.1,31.4,382.6,254.4
10.4,5.4,288.9,124.1,27.1,31.5,375.3,254.5
10.4,5.4,287.5,124.1,27.1,31.5,377.7,254.7
10.4,5.4,288.4,124.1,27.2,31.5,370.6,254.5
10.4,5.3,288.4,124.1,27.1,31.5,382.4,254.3
10.3,5.3,290.1,124.1,27.2,31.5,382.4,254.0
10.3,5.3,288.0,124.1,27.3,31.5,381.5,253.5
10.3,5.3,287.7,124.1,27.3,31.5,383.4,251.6
10.4,5.3,287.8,124.8,27.4,31.6,381.2,245.2
10.3,5.3,288.2,115.1,25.4,30.4,383.6,247.7
10.3,5.3,288.2,118.6,25.6,29.9,375.0,248.4
10.3,5.3,287.4,119.3,25.9,30.1,382.7,248.5
10.3,5.2,288.0,119.3,26.1,30.3,381.9,248.6
10.3,5.2,289.1,120.0,26.3,30.4,381.4,250.1
10.3,5.2,287.3,122.0,26.6,30.7,384.2,250.6
10.3,5.2,288.9,122.7,26.8,30.9,380.8,251.7
10.3,5.2,287.9,123.4,27.0,31.1,381.6,251.4
10.2,5.3,288.9,123.4,27.1,31.3,382.4,252.3
10.3,5.2,288.4,124.8,27.3,31.5,375.1,252.6
10.3,5.2,287.4,124.8,27.4,31.6,383.7,253.0
10.2,5.2,287.3,124.8,27.5,31.6,382.5,253.0
10.2,5.2,288.5,125.5,27.5,31.6,383.9,253.0
10.2,5.2,287.6,125.5,27.6,31.7,382.5,252.8
10.2,5.2,286.9,126.2,27.8,31.9,382.6,252.5
10.2,5.2,287.3,126.2,27.8,31.9,381.9,252.8
10.2,5.2,287.5,126.2,27.9,32.0,381.4,253.4
10.2,5.2,288.2,126.9,27.9,32.0,375.7,253.3
10.2,5.2,288.0,127.6,28.0,32.2,382.7,253.8
10.2,5.2,287.7,127.6,28.0,32.2,381.1,253.7
10.2,5.2,287.8,127.6,28.1,32.2,381.8,253.8
10.1,5.2,288.3,127.6,28.1,32.3,381.3,254.4
10.1,5.2,288.1,128.2,28.2,32.4,382.2,254.3
10.1,5.2,287.3,128.2,28.3,32.5,383.8,254.4
10.1,5.2,288.7,128.9,28.3,32.5,376.5,253.7
10.1,5.2,288.0,128.9,28.4,32.5,382.0,253.1
10.0,5.2,287.7,128.9,28.4,32.6,384.2,253.0
10.1,5.2,287.8,128.9,28.4,32.6,382.7,253.5
10.1,5.1,288.3,128.9,28.5,32.6,382.4,253.5
10.0,5.2,288.1,128.9,28.4,32.6,381.6,253.7
10.1,5.2,288.7,128.2,28.3,32.5,383.4,252.8
10.0,5.2,288.1,127.6,28.2,32.4,380.8,252.5
10.0,5.1,287.9,127.6,28.1,32.4,377.3,252.1
10.0,5.1,288.5,126.9,28.0,32.2,382.6,251.2
10.0,5.1,287.7,126.2,27.9,32.1,381.5,249.5
10.0,5.1,288.4,126.2,27.8,32.0,383.3,249.0
10.0,5.1,287.7,125.5,27.7,31.9,382.5,248.5
9.9,5.1,288.6,124.8,27.6,31.8,381.5,254.8
10.0,5.4,309.4,123.4,27.5,31.5,475.4,255.6
10.0,5.4,309.4,123.4,27.6,31.3,468.5,255.8
10.0,5.4,309.4,123.4,27.6,31.2,476.3,256.1
10.0,5.4,309.4,122.7,27.5,31.1,474.9,255.6
10.1,5.4,309.4,122.7,27.4,31.0,474.5,255.3
10.2,5.4,309.4,122.0,27.3,30.9,475.4,254.8
10.1,5.4,309.4,122.0,27.3,30.9,476.3,255.4
10.2,5.4,309.4,121.4,27.1,30.7,477.6,255.9
10.1,5.4,309.4,122.0,27.2,30.7,474.8,255.6
10.1,5.4,309.4,121.4,27.1,30.7,475.9,256.1
10.0,5.4,309.4,121.4,27.0,30.6,467.8,256.2
10.0,5.4,309.4,120.7,27.0,30.6,478.4,255.7
10.1,5.4,309.4,120.7,26.9,30.5,474.7,255.6
10.0,5.4,309.4,120.7,26.8,30.5,476.9,255.8
10.1,5.4,309.4,120.0,26.8,30.4,476.0,255.4
10.1,5.4,309.4,120.0,26.8,30.4,477.4,255.9
10.1,5.4,309.4,120.0,26.7,30.3,478.2,255.4
10.1,5.4,309.4,120.0,26.7,30.3,476.3,254.9
10.1,5.4,309.4,120.0,26.6,30.2,465.6,254.9
10.2,5.4,309.4,119.3,26.6,30.3,475.1,254.3
10.2,5.5,309.4,118.6,26.5,30.2,474.2,253.8
10.2,5.4,309.4,119.3,26.5,30.1,479.1,254.1
10.2,5.5,309.4,119.3,26.5,30.1,477.5,254.7
10.2,5.5,309.4,119.3,26.5,30.1,476.4,255.2
10.2,5.5,309.4,118.6,26.5,30.1,478.5,254.8
10.2,5.5,309.4,118.6,26.4,30.0,473.8,255.1
10.2,5.5,309.4,118.6,26.4,30.0,476.3,255.3
10.2,5.5,309.4,118.6,26.4,30.0,467.5,255.1
10.2,5.5,309.4,118.6,26.4,30.0,475.0,255.0
10.2,5.5,309.4,118.6,26.3,30.0,476.2,254.8
10.2,5.5,309.4,118.6,26.3,29.9,475.1,254.8
10.2,5.5,309.4,118.6,26.3,29.9,476.3,254.4
10.3,5.5,309.4,117.9,26.3,29.9,476.3,254.2
10.2,5.5,309.4,117.9,26.3,29.9,477.3,254.9
10.3,5.6,309.4,117.9,26.3,29.9,474.1,255.8
10.2,5.5,309.4,117.9,26.3,29.9,476.9,256.3
10.2,5.5,309.4,117.9,26.3,29.9,477.0,257.1
10.2,5.5,309.4,118.6,26.2,29.9,468.0,256.7
10.2,5.5,309.4,117.9,26.1,29.9,475.3,256.3
10.2,5.5,309.4,117.9,26.1,29.7,473.5,257.4
10.2,5.5,309.4,117.9,26.1,29.7,478.0,256.9
10.3,5.5,309.4,117.9,26.1,29.7,474.0,257.2
10.2,5.5,309.4,117.9,26.1,29.7,475.4,256.1
10.3,5.5,309.4,117.9,26.1,29.7,476.5,256.3
10.3,5.5,309.4,117.9,26.1,29.7,475.0,256.5
10.3,5.6,309.4,117.9,26.1,29.7,467.1,256.2
10.3,5.5,309.4,117.9,26.1,29.8,473.8,256.2
10.3,5.5,309.4,117.2,26.0,29.7,476.6,256.5
10.3,5.5,309.4,117.2,26.0,29.6,474.7,256.4
10.3,5.6,309.4,117.2,26.0,29.6,475.9,256.4
10.3,5.6,309.4,117.2,26.0,29.6,477.1,255.9
10.3,5.5,309.4,117.2,26.0,29.7,475.7,256.3
10.3,5.6,309.4,117.2,26.0,29.6,476.9,255.6
10.3,5.6,309.4,117.2,26.0,29.6,475.4,255.9
10.3,5.6,309.4,117.2,25.9,29.6,469.1,256.1
10.3,5.5,309.4,117.2,26.0,29.6,476.7,255.5
10.3,5.6,309.4,116.5,25.9,29.5,476.5,255.8
10.3,5.5,309.4,117.2,25.8,29.5,475.7,255.5
10.3,5.5,309.4,116.5,25.8,29.5,476.6,255.9
10.3,5.6,309.4,116.5,25.8,29.5,475.0,256.2
10.3,5.5,309.4,116.5,25.8,29.5,476.6,255.8
10.3,5.6,309.4,117.2,25.9,29.5,476.1,256.3
10.3,5.6,309.4,117.2,25.9,29.5,477.5,256.4
10.3,5.6,309.4,117.2,25.9,29.5,477.6,256.8
10.3,5.5,309.4,117.2,25.8,29.5,468.8,256.0
10.3,5.6,309.4,116.5,25.8,29.5,476.9,255.4
10.3,5.5,309.4,116.5,25.8,29.5,475.2,256.0
10.3,5.5,309.4,116.5,25.8,29.4,475.6,256.5
10.3,5.6,309.4,116.5,25.8,29.5,474.4,256.4
10.3,5.6,309.4,116.5,25.8,29.5,475.1,256.0
10.3,5.6,309.4,116.5,25.8,29.4,474.6,256.4
10.3,5.6,309.4,116.5,25.8,29.4,476.1,256.0
10.3,5.6,309.4,116.5,25.8,29.4,469.2,256.3
10.3,5.6,309.4,116.5,25.7,29.4,476.1,256.2
10.4,5.6,309.3,115.8,25.6,29.3,474.8,256.4
10.4,5.6,309.4,115.8,25.6,29.3,476.1,256.9
10.3,5.6,309.4,116.5,25.7,29.4,476.3,257.0
10.4,5.6,309.4,116.5,25.7,29.3,476.7,257.0
10.3,5.6,309.4,116.5,25.7,29.4,477.8,257.2
10.3,5.6,309.4,116.5,25.7,29.3,473.0,256.9
10.4,5.6,309.4,116.5,25.7,29.4,476.5,256.9
10.3,5.6,309.4,115.8,25.7,29.3,475.5,256.5
10.4,5.6,309.4,115.8,25.7,29.3,469.7,256.2
10.4,5.6,309.3,115.8,25.6,29.4,475.0,255.7
10.4,5.6,309.4,115.8,25.5,29.2,474.0,255.2
10.3,5.6,309.4,115.8,25.5,29.2,476.3,255.5
10.4,5.7,309.4,115.8,25.6,29.2,477.5,255.0
10.3,5.6,309.4,115.8,25.6,29.2,477.0,254.9
10.3,5.6,309.4,115.8,25.6,29.2,473.8,254.5
10.3,5.6,309.4,115.8,25.6,29.2,477.6,254.8
10.4,5.6,309.4,115.8,25.6,29.2,475.4,254.7
10.3,5.6,309.4,115.8,25.6,29.2,469.1,255.3
10.4,5.6,309.4,116.5,25.6,29.3,468.4,254.7
10.3,5.6,309.4,115.1,25.5,29.2,475.3,254.6
10.3,5.6,309.4,115.1,25.5,29.1,475.6,255.5
10.3,5.6,309.4,115.1,25.5,29.2,476.4,255.7
10.4,5.6,309.4,115.8,25.5,29.2,476.0,255.7
10.4,5.6,309.4,115.8,25.5,29.1,476.9,255.4
10.3,5.6,309.4,115.1,25.5,29.2,475.1,256.4
10.3,5.6,309.4,115.1,25.5,29.1,475.3,256.0
10.4,5.6,309.4,115.1,25.5,29.1,475.6,255.4
10.3,5.6,309.4,115.1,25.5,29.2,466.5,255.4
10.3,5.6,309.4,115.1,25.4,29.1,476.9,255.7
10.3,5.6,309.4,115.1,25.4,29.0,476.3,256.1
10.3,5.6,309.4,115.1,25.4,29.1,475.4,256.4
10.3,5.6,309.4,115.1,25.4,29.1,474.9,256.1
10.3,5.6,309.4,115.1,25.5,29.1,474.1,256.2
10.3,5.6,309.4,115.1,25.5,29.1,475.9,255.4
10.3,5.6,309.4,115.1,25.5,29.1,475.6,254.8
10.3,5.6,309.4,115.1,25.5,29.1,475.9,255.0
10.3,5.6,309.4,115.1,25.5,29.1,468.1,255.1
10.3,5.6,309.4,115.8,25.5,29.2,468.9,254.9
10.3,5.6,309.4,115.1,25.5,29.1,475.1,255.0
10.3,5.6,309.4,115.1,25.5,29.1,476.0,255.0
10.3,5.6,309.4,115.8,25.5,29.1,474.9,255.4
10.3,5.6,309.4,115.8,25.6,29.2,476.4,255.6
10.4,5.6,309.4,115.8,25.6,29.2,476.5,255.4
10.3,5.6,309.4,115.1,25.6,29.2,475.0,254.9
10.3,5.6,309.4,115.8,25.5,29.2,476.5,255.1
10.4,5.6,309.4,115.1,25.5,29.2,475.9,255.4
10.3,5.6,309.4,115.8,25.6,29.2,468.3,254.7
10.3,5.6,309.4,115.8,25.5,29.1,475.7,254.4
10.3,5.6,309.4,115.1,25.5,29.1,476.2,254.7
10.3,5.6,309.4,115.1,25.5,29.1,475.1,254.6
10.3,5.6,309.4,115.8,25.5,29.1,476.6,254.7
10.3,5.6,309.4,115.8,25.5,29.2,476.8,254.8
10.3,5.6,309.4,115.8,25.6,29.2,475.7,254.5
10.3,5.6,309.3,115.1,25.5,29.2,474.3,254.5
10.3,5.6,309.4,115.8,25.6,29.2,469.8,254.9
10.3,5.6,309.4,115.8,25.5,29.2,467.4,254.1
10.3,5.6,309.4,115.1,25.5,29.2,476.8,254.5
10.3,5.6,309.4,115.1,25.5,29.2,476.0,254.6
10.3,5.6,309.4,115.8,25.5,29.2,474.2,255.2
10.3,5.6,309.4,115.8,25.6,29.2,474.3,255.6
10.3,5.6,309.4,115.8,25.6,29.2,476.9,255.8
10.3,5.6,309.4,115.8,25.6,29.2,474.8,256.9
10.3,5.6,309.3,115.8,25.6,29.2,474.8,257.8
10.3,5.6,309.4,115.8,25.6,29.2,467.3,257.5
10.3,5.6,309.4,115.8,25.5,29.2,476.1,257.3
10.3,5.6,309.4,115.1,25.5,29.2,474.2,257.5
10.3,5.6,309.4,115.8,25.5,29.2,476.9,257.5
10.3,5.6,309.4,115.8,25.5,29.2,475.9,257.2
10.3,5.6,309.4,115.8,25.5,29.2,476.8,257.5
10.3,5.6,309.4,115.8,25.5,29.2,476.5,257.0
10.3,5.6,309.4,115.8,25.6,29.2,476.7,257.0
10.3,5.6,309.4,115.8,25.6,29.2,476.3,256.4
10.3,5.6,309.4,115.8,25.6,29.2,476.7,256.6
10.3,5.6,309.4,115.8,25.6,29.2,467.5,255.9
10.3,5.6,309.4,115.8,25.6,29.2,476.4,255.9
10.3,5.6,309.4,115.8,25.5,29.2,474.4,255.9
10.3,5.6,309.4,115.8,25.6,29.2,475.9,255.9
10.3,5.6,309.4,115.1,25.6,29.2,476.4,255.9
10.3,5.6,309.4,115.8,25.6,29.2,475.4,256.4
10.3,5.6,309.4,115.8,25.6,29.2,477.0,256.0
10.3,5.6,309.4,115.8,25.6,29.2,476.2,255.8
10.3,5.6,309.3,115.8,25.6,29.2,474.9,256.1
10.3,5.6,309.3,115.8,25.6,29.2,467.9,256.1
10.3,5.6,309.4,115.8,25.5,29.2,475.7,255.8
10.4,5.6,309.4,115.1,25.5,29.2,475.9,256.3
10.3,5.6,309.4,115.8,25.5,29.2,474.6,256.5
10.3,5.6,309.4,115.8,25.5,29.2,476.0,257.2
10.3,5.6,309.4,115.8,25.6,29.2,476.5,257.5
10.3,5.6,309.3,115.8,25.5,29.2,477.3,257.5
10.3,5.6,309.4,115.8,25.6,29.2,474.8,257.3
10.3,5.6,309.4,115.8,25.6,29.2,477.1,257.5
10.4,5.6,309.4,115.8,25.6,29.2,470.6,257.1
10.4,5.6,309.4,115.8,25.6,29.2,477.2,257.0
10.4,5.6,309.4,115.8,25.5,29.2,476.9,256.8
10.3,5.6,309.4,115.8,25.5,29.2,475.2,256.4
10.4,5.6,309.4,115.8,25.6,29.2,475.8,255.8
10.3,5.6,309.3,115.8,25.6,29.2,474.8,255.9
10.4,5.6,309.3,115.8,25.7,29.2,475.2,255.6
10.3,5.6,309.4,115.8,25.6,29.2,476.7,255.3
10.3,5.6,309.4,115.8,25.6,29.2,476.8,255.4
10.3,5.6,309.3,115.8,25.6,29.2,476.7,255.2
10.3,5.5,309.4,115.8,25.6,29.2,470.6,255.2
10.3,5.6,309.4,115.1,25.5,29.2,476.0,255.3
10.3,5.6,309.4,115.1,25.5,29.2,474.9,255.5
10.3,5.6,309.4,115.8,25.6,29.2,475.0,255.5
10.3,5.6,309.4,115.8,25.6,29.2,475.4,255.7
10.3,5.6,309.4,115.8,25.6,29.2,476.6,254.7
10.3,5.6,309.4,115.8,25.6,29.2,475.6,254.6
10.3,5.6,309.4,115.8,25.6,29.2,475.4,254.4
10.3,5.6,309.4,115.8,25.6,29.2,469.8,254.7
10.3,5.6,309.4,115.8,25.6,29.2,476.1,255.0
10.4,5.6,309.4,115.8,25.6,29.2,477.4,254.7
10.3,5.6,309.4,115.8,25.5,29.2,476.1,254.4
10.3,5.6,309.4,115.8,25.6,29.2,476.5,254.8
10.4,5.6,309.4,115.8,25.6,29.2,476.8,254.7
10.3,5.6,309.4,115.8,25.6,29.2,477.4,254.6
10.4,5.6,309.3,115.8,25.6,29.2,475.0,254.6
10.4,5.6,309.4,115.8,25.6,29.2,475.9,254.9
10.3,5.6,309.3,115.8,25.6,29.2,469.2,255.0
10.4,5.6,309.4,115.1,25.5,29.2,475.0,253.6
10.3,5.6,309.4,115.1,25.5,29.1,476.8,256.0
10.3,5.6,309.3,115.8,25.5,29.2,477.0,256.9
10.4,5.6,309.4,115.8,25.6,29.2,474.7,256.7
10.3,5.6,309.4,115.8,25.5,29.2,474.2,256.7
10.3,5.6,309.4,115.8,25.5,29.2,474.2,257.2
10.3,5.6,309.4,115.8,25.6,29.2,470.0,256.7
10.4,5.6,309.4,115.8,25.6,29.2,475.7,255.9
10.4,5.6,309.4,115.1,25.5,29.2,477.4,255.6
10.3,5.6,309.4,115.8,25.5,29.1,476.5,256.8
10.3,5.6,309.4,115.8,25.6,29.2,477.2,257.4
10.3,5.6,309.4,115.8,25.6,29.2,475.8,256.9
10.3,5.6,309.4,115.8,25.6,29.2,474.8,256.8
10.3,5.6,309.4,115.8,25.5,29.2,475.2,256.5
10.3,5.6,309.3,115.8,25.5,29.2,477.0,257.0
10.3,5.6,309.4,115.8,25.5,29.2,468.4,256.7
10.3,5.5,309.4,115.8,25.5,29.2,477.2,256.3
10.3,5.6,309.4,115.1,25.5,29.1,474.4,256.5
10.3,5.5,309.4,115.1,25.4,29.1,475.7,256.6
10.4,5.6,309.4,115.1,25.4,29.1,474.9,257.1
10.4,5.6,309.4,115.8,25.5,29.1,476.1,256.9
10.3,5.6,309.4,115.1,25.5,29.1,476.3,257.4
10.3,5.6,309.3,115.1,25.5,29.1,476.3,256.4
10.3,5.6,309.4,115.1,25.5,29.1,476.5,256.4
10.3,5.6,309.4,115.1,25.5,29.1,476.4,254.8
10.3,5.6,309.4,115.1,25.4,29.1,469.0,254.6
10.4,5.6,309.4,115.1,25.4,29.1,477.8,254.2
10.3,5.6,309.4,114.5,25.4,29.0,476.1,252.5
10.3,5.6,309.4,114.5,25.4,29.0,476.3,254.3
10.3,5.6,309.4,115.1,25.4,29.0,475.5,254.3
10.3,5.6,309.4,114.5,25.4,29.0,477.5,254.1
10.3,5.6,309.4,114.5,25.4,29.0,478.1,256.0
10.3,5.5,309.4,114.5,25.3,29.0,475.3,255.8
10.3,5.6,309.4,114.5,25.3,29.0,477.8,256.2
10.3,5.6,309.4,115.1,25.3,29.0,467.1,255.8
10.3,5.5,309.4,114.5,25.3,29.0,478.0,255.4
10.3,5.5,309.4,114.5,25.2,28.9,475.4,255.5
10.3,5.5,309.4,114.5,25.2,28.9,475.6,255.3
10.3,5.5,309.3,114.5,25.3,28.9,474.9,255.1
10.3,5.5,309.3,114.5,25.3,28.9,475.2,255.2
10.3,5.5,309.4,114.5,25.3,28.9,477.6,255.3
10.3,5.5,309.3,114.5,25.3,28.9,477.2,255.5
10.3,5.5,309.3,114.5,25.2,28.9,468.9,255.1
10.3,5.4,309.4,114.5,25.2,28.9,476.0,255.3
10.2,5.4,309.4,113.8,25.1,28.9,476.4,255.8
10.3,5.4,309.3,114.5,25.2,28.8,474.1,256.4
10.3,5.5,309.4,114.5,25.2,28.9,473.9,256.2
10.3,5.4,309.3,114.5,25.2,28.9,477.6,256.6
10.3,5.4,309.4,114.5,25.2,28.8,477.6,256.5
10.3,5.4,309.4,114.5,25.2,28.9,478.7,257.4
10.2,5.4,309.4,114.5,25.1,28.8,472.5,257.7
10.3,5.4,309.4,114.5,25.2,28.9,471.4,257.1
10.3,5.4,309.4,114.5,25.1,28.8,475.5,256.5
10.2,5.4,309.3,113.8,25.1,28.8,475.4,256.8
10.2,5.4,309.4,114.5,25.1,28.7,478.0,256.6
10.2,5.4,309.4,114.5,25.1,28.8,475.4,256.6
10.2,5.4,309.4,114.5,25.2,28.9,476.9,257.0
10.2,5.4,309.4,114.5,25.2,28.9,477.3,257.3
10.2,5.4,309.4,114.5,25.1,28.8,477.4,257.2
10.2,5.4,309.4,114.5,25.1,28.9,466.8,258.4
10.3,5.4,309.4,114.5,25.1,28.9,477.7,258.4
10.2,5.4,309.4,113.8,25.1,28.7,474.3,257.9
10.2,5.3,309.3,113.8,25.1,28.7,476.5,259.2
10.2,5.3,309.3,114.5,25.1,28.7,474.4,259.1
10.3,5.4,309.4,114.5,25.1,28.7,473.6,258.8
10.2,5.3,309.4,113.8,25.1,28.8,474.6,257.0
10.2,5.3,309.3,114.5,25.1,28.7,475.7,256.7
10.2,5.4,309.4,113.8,25.0,28.7,468.2,256.6
10.2,5.4,309.4,113.8,25.1,28.7,468.8,255.6
10.2,5.3,309.4,113.8,25.0,28.7,477.4,255.7
10.2,5.4,309.4,113.8,25.0,28.6,476.0,255.4
10.2,5.4,309.4,113.8,25.0,28.7,476.9,255.0
10.2,5.3,309.4,113.8,25.0,28.6,478.2,254.7
10.2,5.3,309.4,113.8,25.0,28.6,476.7,254.9
10.2,5.3,309.4,113.8,25.0,28.7,475.5,254.8
10.1,5.3,309.4,113.8,25.0,28.7,475.0,254.6
10.2,5.3,309.4,113.8,25.0,28.7,470.1,255.2
10.2,5.3,309.3,113.8,25.0,28.7,476.4,255.0
10.2,5.3,309.4,113.1,24.9,28.6,476.3,254.8
10.1,5.3,309.4,113.1,24.9,28.6,476.8,255.2
10.2,5.3,309.4,113.1,25.0,28.6,478.4,255.5
10.1,5.3,309.4,113.8,25.0,28.6,474.9,255.4
10.1,5.3,309.4,113.1,24.9,28.6,477.5,255.4
10.1,5.3,309.4,113.1,24.9,28.6,476.0,255.6
10.1,5.3,309.4,113.8,24.9,28.6,470.2,255.3
10.2,5.3,309.3,113.1,24.9,28.6,477.0,254.8
10.1,5.3,309.4,113.1,24.9,28.5,475.4,254.9
10.2,5.4,309.4,113.1,24.9,28.5,478.3,254.7
10.2,5.3,309.4,113.8,24.9,28.5,476.7,254.3
10.1,5.3,309.4,113.1,24.9,28.5,475.3,254.4
10.2,5.3,309.4,113.1,24.9,28.6,474.4,254.1
10.1,5.3,309.4,113.1,24.9,28.6,466.9,254.5
10.2,5.3,309.3,113.1,24.9,28.5,469.4,254.8
10.2,5.3,309.4,113.1,24.8,28.5,476.1,254.6
10.2,5.3,309.4,113.1,24.9,28.5,475.1,254.8
10.2,5.3,309.4,113.1,24.8,28.5,475.0,254.7
10.2,5.3,309.4,113.1,24.9,28.5,476.8,255.0
10.2,5.3,309.4,113.1,24.9,28.5,475.7,254.5
10.2,5.3,309.4,113.1,24.9,28.6,477.5,254.0
10.2,5.3,309.4,113.1,24.9,28.5,476.1,253.8
10.2,5.3,309.4,113.1,24.9,28.5,477.6,254.1
10.2,5.3,309.4,113.1,24.9,28.5,469.5,253.3
10.2,5.3,309.4,113.1,24.9,28.6,474.4,253.9
10.2,5.3,309.4,113.1,24.8,28.5,476.0,253.8
10.1,5.3,309.3,113.1,24.9,28.5,477.4,254.1
10.2,5.3,309.4,113.1,24.9,28.5,474.8,254.6
10.2,5.3,309.4,113.1,24.9,28.5,476.9,254.4
10.2,5.3,309.4,113.1,24.9,28.5,477.3,254.5
10.2,5.3,309.3,113.1,24.9,28.5,473.8,253.9
10.1,5.3,309.3,113.1,24.9,28.5,478.8,254.2
10.2,5.3,309.4,113.1,24.8,28.5,467.2,254.1
10.2,5.3,309.4,113.1,24.9,28.5,477.8,252.8
10.1,5.3,309.4,113.1,24.8,28.5,475.7,253.4
10.1,5.3,309.4,113.1,24.8,28.4,475.9,254.3
10.2,5.3,309.3,113.1,24.8,28.5,475.7,254.5
10.2,5.3,309.4,113.1,24.9,28.5,474.1,253.5
10.2,5.3,309.4,113.1,24.9,28.5,474.9,254.0
10.1,5.3,309.4,113.1,24.9,28.5,475.9,254.0
10.2,5.3,309.4,113.1,24.9,28.5,469.3,253.7
10.2,5.3,309.4,113.1,24.8,28.5,469.6,253.9
10.2,5.3,309.4,112.4,24.8,28.5,473.8,253.7
10.2,5.3,309.3,112.4,24.8,28.4,473.4,254.1
10.2,5.3,309.3,113.1,24.8,28.4,477.4,254.3
10.2,5.3,309.4,112.4,24.8,28.4,479.4,255.3
10.2,5.4,309.4,113.1,24.8,28.5,474.9,257.4
10.2,5.3,309.4,113.1,24.8,28.5,477.2,257.2
10.2,5.3,309.4,113.1,24.8,28.4,476.3,257.1
10.2,5.3,309.4,113.1,24.8,28.5,468.1,256.6
10.2,5.3,309.4,113.1,24.8,28.5,477.1,256.0
10.2,5.3,309.4,112.4,24.8,28.4,475.3,255.5
10.2,5.3,309.4,113.1,24.8,28.4,474.2,254.9
10.2,5.3,309.4,113.1,24.8,28.4,476.7,255.1
10.1,5.3,309.4,113.1,24.9,28.5,477.6,254.5
10.2,5.3,309.4,113.1,24.8,28.5,476.7,254.3
10.2,5.3,309.4,113.1,24.9,28.5,476.2,253.9
10.2,5.3,309.4,113.1,24.9,28.5,475.9,252.9
10.2,5.3,309.4,113.1,24.9,28.6,468.0,253.0
10.2,5.3,309.4,113.1,24.9,28.5,477.2,255.0
10.2,5.3,309.4,113.1,24.9,28.5,476.7,255.3
10.2,5.3,309.4,113.8,24.9,28.5,475.4,255.5
10.2,5.3,309.4,113.1,24.9,28.6,476.4,255.8
10.2,5.3,309.4,113.8,24.9,28.5,475.4,256.0
10.2,5.3,309.4,113.8,25.0,28.6,477.0,256.0
10.2,5.3,309.4,113.8,25.0,28.6,469.0,255.3
10.2,5.3,309.4,113.8,25.0,28.7,476.0,255.1
10.2,5.3,309.4,113.8,25.0,28.6,478.1,255.2
10.2,5.3,309.4,113.8,25.0,28.6,476.2,255.1
10.2,5.3,309.4,113.8,25.0,28.7,476.8,255.1
10.2,5.3,281.6,113.8,25.0,28.7,415.3,231.2
10.2,5.3,281.3,113.8,25.0,28.7,415.3,231.2
10.2,5.3,309.4,113.8,25.0,28.7,391.2,231.2
10.2,5.3,309.4,117.9,25.5,25.8,465.9,231.2
10.4,5.3,309.4,117.9,25.4,26.1,455.4,231.2
10.3,5.3,279.8,100.7,25.5,26.6,375.6,231.2
10.2,5.3,279.5,104.8,25.8,27.3,375.8,161.7
10.1,5.3,279.4,109.6,26.0,28.3,377.1,176.8
10.1,5.3,278.9,111.7,26.1,28.8,368.1,196.9
10.2,5.3,296.2,113.1,26.1,29.1,461.1,205.4
10.2,5.3,289.6,113.8,26.2,29.2,420.1,214.8
10.3,5.3,289.5,115.1,26.4,29.4,419.7,226.1
10.3,5.7,288.1,116.5,26.4,29.7,420.6,234.3
10.5,5.7,287.8,117.2,26.4,29.8,411.3,246.3
10.7,5.7,288.5,117.9,26.3,29.9,418.0,252.3
10.9,5.8,288.1,119.3,26.4,30.1,420.2,253.1
11.2,5.3,289.3,119.3,26.4,30.2,419.0,253.1
10.0,5.3,288.6,120.0,26.4,30.2,417.7,252.9
10.0,5.3,286.6,120.0,26.4,30.3,411.3,246.5
10.0,5.3,286.6,119.3,26.4,30.3,418.6,249.1
10.0,5.3,287.2,120.0,26.5,30.3,419.9,252.8
10.0,5.3,286.3,120.0,26.5,30.3,422.6,257.0
10.0,5.3,286.3,120.7,26.5,30.4,411.4,243.9
10.0,5.3,252.7,122.7,26.5,30.8,323.8,247.4
10.0,5.3,254.1,122.7,26.6,31.0,332.6,254.3
10.0,5.3,254.2,123.4,26.6,31.2,332.5,255.7
10.0,5.8,253.3,123.4,26.6,31.2,332.5,254.0
10.0,5.8,253.6,124.1,26.6,31.4,326.3,255.0
11.3,5.7,253.8,124.1,26.7,31.4,333.2,254.5
11.2,5.6,253.1,124.1,26.9,31.5,332.1,254.1
11.2,5.6,253.7,124.1,26.9,31.5,331.0,252.8
11.1,5.6,252.1,124.8,27.0,31.5,327.9,254.0
11.0,5.5,252.5,124.8,27.0,31.7,324.7,253.1
11.0,5.6,252.1,124.8,27.1,31.7,332.4,254.1
11.0,5.5,251.9,125.5,27.2,31.7,332.5,253.0
11.0,5.5,252.0,124.8,27.1,31.7,331.7,253.7
11.1,5.6,251.2,125.5,27.2,31.8,324.5,253.8
11.1,5.6,251.4,126.2,27.3,31.9,333.5,252.7
11.1,5.6,251.5,125.5,27.3,31.9,334.3,252.1
11.0,5.5,251.4,125.5,27.4,31.9,333.7,250.5
10.9,5.4,250.9,126.9,27.4,31.9,326.2,250.3
10.8,5.4,250.8,126.2,27.5,32.1,331.6,247.9
10.7,5.2,252.0,126.2,27.6,32.1,332.7,248.1
10.5,5.2,251.0,126.2,27.6,32.1,332.4,247.2
10.5,5.2,250.8,126.9,27.7,32.1,325.1,248.0
10.4,5.1,251.6,126.9,27.8,32.2,325.3,246.9
10.3,5.1,250.7,126.9,27.9,32.2,334.9,246.5
10.3,5.1,250.5,126.9,27.9,32.3,331.4,244.1
10.3,5.1,252.7,126.9,27.9,32.3,332.8,247.1
10.3,5.3,275.5,126.2,27.9,32.4,363.3,246.7
10.3,5.6,309.3,126.9,28.1,32.2,472.2,255.1
10.4,5.3,309.4,125.5,28.1,31.7,473.6,256.8
10.5,5.3,309.4,126.2,28.3,31.7,474.5,258.2
10.5,5.3,309.4,126.2,28.3,31.7,460.9,256.3
10.5,5.3,309.4,126.2,28.3,31.7,460.3,256.0
10.5,5.3,309.4,126.2,28.4,31.8,471.4,255.2
10.5,5.3,309.4,126.2,28.4,31.8,470.9,255.6
10.5,5.3,309.4,126.2,28.4,31.8,472.1,254.0
10.5,5.3,309.4,126.2,28.4,31.8,465.0,255.6
10.4,5.3,309.4,126.2,28.5,31.9,461.3,253.7
10.4,5.3,309.4,126.9,28.5,31.9,473.4,254.6
10.4,5.3,309.4,126.9,28.6,31.9,470.9,253.9
10.4,5.3,309.4,126.9,28.5,31.9,473.2,255.9
10.4,5.8,309.4,126.9,28.5,32.0,472.1,256.1
10.4,5.8,309.4,126.9,28.5,31.9,459.5,255.8
10.4,5.3,309.4,126.9,28.5,32.0,472.7,255.3
10.5,5.3,309.4,126.9,28.6,32.0,470.8,256.2
10.5,5.3,309.4,126.9,28.6,32.0,472.9,255.3
10.5,5.3,309.4,126.9,28.6,32.0,472.9,256.7
10.5,5.3,309.4,127.6,28.6,32.0,461.6,256.6
10.5,5.3,309.4,127.6,28.6,32.1,472.6,248.7
10.5,5.3,309.4,126.9,28.7,32.1,472.3,249.8
10.6,5.3,309.3,126.9,28.7,32.1,472.1,258.1
10.6,5.3,309.4,127.6,28.7,32.2,466.8,256.9
10.6,5.3,309.3,128.2,28.7,32.2,460.2,257.0
10.6,5.3,309.4,128.2,28.7,32.2,472.1,254.1
10.6,5.3,309.4,127.6,28.8,32.2,471.5,254.8
10.6,5.3,309.4,127.6,28.9,32.2,471.9,253.4
10.7,5.3,309.4,127.6,28.9,32.2,462.7,254.1
10.5,5.3,309.3,128.2,28.8,32.2,460.8,254.8
10.6,5.3,309.4,128.2,28.9,32.3,473.2,255.3
10.6,5.3,309.4,128.2,28.9,32.3,473.0,255.0
10.7,5.3,309.4,128.2,28.9,32.3,472.7,252.6
10.7,5.3,309.4,128.2,29.0,32.4,472.0,253.1
10.7,5.3,309.4,128.2,29.0,32.3,462.6,252.8
10.7,5.3,309.4,128.2,29.0,32.4,471.2,256.5
10.7,5.3,309.4,128.2,29.0,32.4,472.4,256.6
10.7,5.3,309.4,128.9,29.1,32.5,472.0,253.6
10.7,5.3,309.4,128.9,29.0,32.5,471.9,251.7
10.7,5.3,309.4,128.9,29.0,32.5,461.9,252.5
10.7,5.3,309.4,128.2,29.0,32.5,472.0,257.2
10.7,5.3,309.4,129.6,29.1,32.5,470.1,256.4
10.7,5.3,309.4,128.9,29.1,32.5,472.7,256.4
10.8,5.3,309.4,129.6,29.1,32.5,461.6,257.4
10.7,5.3,309.4,129.6,29.1,32.5,460.9,256.6
10.7,5.3,309.4,128.9,29.2,32.6,472.1,251.6
10.7,5.3,309.4,128.9,29.2,32.5,473.8,250.7
10.7,5.3,309.4,128.9,29.2,32.6,471.5,253.8
10.7,5.3,309.4,128.9,29.2,32.5,472.0,255.8
10.7,5.3,309.4,129.6,29.2,32.6,462.6,255.3
10.8,5.3,309.4,129.6,29.2,32.6,472.3,255.7
10.8,5.3,309.4,129.6,29.3,32.6,469.7,256.4
10.8,5.3,309.3,129.6,29.2,32.6,472.8,255.3
10.8,5.3,309.3,129.6,29.2,32.6,464.3,255.7
10.8,5.3,309.4,129.6,29.3,32.7,461.7,256.0
10.8,5.3,309.4,129.6,29.3,32.7,471.0,255.5
10.8,5.3,309.4,130.3,29.4,32.7,471.9,256.2
10.8,5.3,309.4,130.3,29.4,32.7,473.6,255.2
10.8,5.3,309.4,130.3,29.4,32.7,462.4,256.0
10.8,5.3,309.4,130.3,29.4,32.8,461.6,254.7
10.8,5.3,309.4,130.3,29.4,32.8,471.0,253.5
10.8,5.3,309.3,130.3,29.5,32.8,471.0,254.0
10.8,5.3,309.3,130.3,29.5,32.7,474.2,252.7
10.8,5.3,309.4,130.3,29.4,32.8,463.9,256.5
10.8,5.3,309.4,131.0,29.5,32.9,462.3,256.0
10.8,5.3,309.4,130.3,29.5,32.8,474.0,256.2
10.8,5.3,309.4,131.0,29.5,32.9,474.8,256.0
10.9,5.3,309.4,130.3,29.5,32.9,475.9,255.0
10.9,5.3,309.4,130.3,29.5,32.9,475.2,255.7
10.8,5.3,309.4,130.3,29.4,32.7,468.8,255.3
10.8,5.3,309.4,130.3,29.4,32.7,477.0,254.1
10.8,5.3,309.4,130.3,29.4,32.7,460.4,250.7
10.8,5.3,309.4,130.3,29.4,32.7,456.3,257.3
10.9,5.3,309.3,131.0,29.5,32.9,456.5,256.1
10.8,5.3,309.4,130.3,29.4,32.9,456.1,256.8
10.8,5.3,309.4,130.3,29.4,32.9,455.0,254.7
10.9,5.3,309.4,130.3,29.3,32.8,455.6,256.2
10.9,5.3,309.4,129.6,29.2,32.7,456.3,253.7
10.9,5.3,309.4,129.6,29.2,32.7,456.5,254.6
10.9,5.3,309.4,129.6,29.2,32.7,457.1,257.3
10.9,5.3,309.4,129.6,29.1,32.7,456.1,256.1
10.9,5.3,309.4,129.6,29.1,32.6,449.4,256.7
10.9,5.3,309.4,129.6,29.1,32.6,448.5,256.1
11.0,5.3,309.4,129.6,29.0,32.6,458.7,256.9
11.0,5.3,309.4,128.9,29.0,32.6,457.8,255.8
11.0,5.3,309.4,128.9,29.0,32.5,456.8,256.4
11.0,5.3,309.4,128.9,29.0,32.5,456.3,256.2
11.0,5.3,309.4,128.9,28.9,32.5,456.3,253.8
11.0,5.3,277.3,130.3,28.9,32.4,359.7,251.1
11.0,5.3,287.6,129.6,28.7,32.7,359.3,250.2
11.0,5.3,287.2,129.6,28.7,32.8,361.0,255.7
11.0,5.3,286.6,130.3,28.7,32.9,361.1,255.7
11.2,5.3,286.3,130.3,28.7,32.9,356.8,256.2
11.1,5.3,287.7,131.0,28.7,33.0,356.4,254.0
11.0,5.3,288.3,130.3,28.7,33.0,360.2,254.2
11.0,5.3,286.7,130.3,28.6,32.9,360.1,254.0
11.1,5.3,286.8,130.3,28.6,32.9,360.3,255.5
11.2,5.3,286.5,130.3,28.6,32.9,359.8,255.8
11.2,5.3,286.5,129.6,28.5,32.9,361.1,254.9
11.2,5.3,285.8,129.6,28.5,32.7,358.5,254.8
11.2,5.3,285.0,129.6,28.5,32.7,359.8,255.3
11.2,5.3,286.7,129.6,28.5,32.8,355.5,255.7
11.3,5.3,286.4,129.6,28.5,32.8,358.9,257.9
11.2,5.3,285.6,130.3,28.5,32.8,360.5,259.7
11.2,5.3,284.9,129.6,28.5,32.7,359.5,251.9
11.2,5.3,285.4,129.6,28.5,32.7,359.3,254.9
11.2,5.3,285.0,129.6,28.5,32.7,359.7,256.5
11.2,5.3,285.2,129.6,28.5,32.7,358.2,255.3
11.2,5.3,284.8,129.6,28.5,32.7,361.0,250.9
11.0,5.3,285.8,129.6,28.5,32.8,355.1,250.6
10.9,5.3,284.6,129.6,28.5,32.7,359.2,251.7
10.9,5.3,284.8,129.6,28.6,32.8,361.7,256.7
10.9,5.3,285.3,129.6,28.5,32.8,358.9,256.7
11.0,5.3,285.3,129.6,28.5,32.7,358.5,257.4
11.0,5.3,284.4,130.3,28.5,32.8,360.5,256.5
11.0,5.3,284.7,129.6,28.5,32.7,361.3,256.7
11.0,5.3,284.6,129.6,28.5,32.8,360.7,257.4
11.0,5.3,284.1,130.3,28.5,32.8,355.0,258.0
11.0,5.3,284.5,130.3,28.5,32.9,358.2,253.5
11.0,5.3,284.9,130.3,28.6,32.9,359.3,231.2
10.9,5.3,281.6,129.6,28.6,32.8,415.3,231.2
10.9,5.3,280.3,129.6,28.6,32.8,287.6,231.2
10.9,5.3,279.7,117.9,28.9,29.2,351.6,231.2
10.9,5.3,279.4,117.9,28.5,29.1,351.9,231.2
11.0,5.3,279.6,109.6,28.3,29.2,359.4,231.2
11.0,5.3,279.8,113.1,28.4,29.9,359.1,164.0
11.1,5.3,279.2,119.3,28.5,30.4,360.1,198.5
11.0,5.3,279.3,123.4,28.4,31.2,359.8,223.4
11.0,5.3,278.6,126.2,28.5,31.7,359.0,240.7
11.2,5.3,279.9,128.2,28.4,32.2,359.8,254.0
11.2,5.3,279.1,129.6,28.4,32.5,354.0,255.1
11.2,5.3,280.0,129.6,28.4,32.6,359.7,255.9
10.0,5.3,279.5,130.3,28.5,32.7,359.4,257.0
10.0,5.3,280.4,130.3,28.4,32.8,359.0,257.9
10.0,5.3,279.1,130.3,28.4,32.7,359.1,258.5
10.0,5.3,279.0,130.3,28.3,32.7,357.0,259.1
10.0,5.3,279.6,130.3,28.3,32.7,358.8,255.7
10.0,5.3,280.8,130.3,28.2,32.7,360.4,255.6
10.0,5.3,279.6,129.6,28.2,32.6,359.2,255.9
10.0,5.3,279.6,129.6,28.2,32.7,360.3,255.8
10.0,5.3,280.5,130.3,28.3,32.7,352.2,255.1
10.0,5.3,279.4,129.6,28.3,32.7,358.8,253.7
10.0,5.3,279.2,129.6,28.3,32.7,359.9,252.7
10.0,5.3,278.5,129.6,28.3,32.6,359.5,252.0
10.0,5.3,278.3,128.9,28.3,32.6,358.6,252.2
10.0,5.3,278.3,128.9,28.3,32.6,360.7,254.2
10.0,5.3,277.4,129.6,28.3,32.6,358.3,254.6
10.0,5.3,278.0,129.6,28.4,32.6,358.7,255.5
10.0,5.3,277.7,129.6,28.4,32.7,359.6,256.7
10.0,5.3,277.0,130.3,28.4,32.7,358.6,255.3
10.0,5.3,276.5,130.3,28.4,32.7,358.0,255.8
10.0,5.3,277.1,130.3,28.4,32.7,353.4,258.9
10.0,5.3,276.3,131.0,28.5,32.9,356.0,258.6
10.0,5.3,275.8,130.3,28.5,32.9,358.9,258.9
10.0,5.3,277.1,130.3,28.5,32.9,358.7,258.5
11.3,5.3,277.8,130.3,28.5,32.9,358.5,258.3
11.3,5.3,276.3,130.3,28.5,32.9,359.8,258.4
11.2,5.3,277.0,130.3,28.5,32.9,357.8,258.0
11.2,5.3,277.3,130.3,28.5,32.9,360.0,258.2
11.1,5.3,277.0,130.3,28.5,32.8,358.5,257.7
11.0,5.3,276.8,130.3,28.5,32.9,358.8,257.3
11.0,5.3,276.6,130.3,28.5,32.8,359.8,257.7
10.9,5.8,276.7,130.3,28.5,32.8,353.7,257.3
10.9,5.8,275.6,130.3,28.5,32.9,360.0,256.8
10.9,5.8,276.2,130.3,28.6,32.9,359.5,256.2
10.8,5.7,276.2,129.6,28.5,32.9,359.6,255.1
10.8,5.7,309.4,129.6,28.5,32.8,427.2,255.8
10.8,5.3,309.4,127.6,28.5,32.4,455.8,255.8
10.8,5.3,309.4,127.6,28.6,32.2,455.2,255.6
10.8,5.3,309.4,127.6,28.5,32.1,456.5,255.9
10.7,5.3,309.4,127.6,28.5,32.1,454.0,256.8
10.7,5.3,309.4,127.6,28.5,32.0,457.1,257.8
10.7,5.3,309.4,127.6,28.4,32.0,454.7,257.7
10.7,5.3,309.4,127.6,28.4,32.0,455.2,257.9
10.7,5.3,309.4,127.6,28.5,32.0,456.2,257.7
10.6,5.3,309.4,126.9,28.4,32.0,454.0,254.0
10.5,5.3,309.4,126.9,28.4,31.9,456.3,253.5
10.5,5.3,309.4,126.9,28.4,31.9,456.0,253.2
10.5,5.3,309.4,126.9,28.4,31.9,455.9,252.9
10.5,5.3,309.4,126.9,28.4,31.9,449.1,252.8
10.5,5.3,309.4,126.9,28.4,31.9,450.0,252.5
10.5,5.3,309.4,126.2,28.4,31.9,456.6,252.8
10.5,5.8,309.4,126.2,28.4,31.9,455.0,252.5
10.5,5.8,309.4,126.2,28.3,31.9,455.3,252.2
10.5,5.8,309.4,126.2,28.3,31.8,455.1,252.5
10.5,5.8,309.4,126.2,28.3,31.8,456.3,252.7
10.5,5.8,309.4,126.2,28.2,31.7,456.0,252.6
10.5,5.8,309.4,125.5,28.2,31.7,454.4,252.3
10.4,5.8,309.4,125.5,28.2,31.8,456.4,251.5
10.3,5.8,309.4,125.5,28.2,31.7,456.1,251.6
10.4,5.8,309.4,125.5,28.2,31.7,455.0,250.8
10.3,5.7,309.4,125.5,28.2,31.6,457.0,250.4
10.3,5.7,309.4,125.5,28.1,31.6,456.3,252.1
10.3,5.7,309.4,125.5,28.1,31.6,456.1,251.5
10.3,5.7,309.4,124.8,28.1,31.6,455.7,251.4
10.3,5.7,309.4,124.8,28.1,31.6,456.2,250.7
10.3,5.7,309.3,125.5,28.1,31.6,451.2,251.9
10.3,5.6,309.4,125.5,28.1,31.6,455.4,252.0
10.3,5.6,309.4,125.5,28.1,31.6,457.3,252.9
10.3,5.6,309.4,124.8,28.0,31.6,454.7,252.9
10.2,5.6,309.4,124.8,28.0,31.5,453.5,252.8
10.2,5.6,309.4,124.8,28.0,31.5,454.4,252.9
10.2,5.6,309.4,124.8,28.0,31.5,455.5,252.7
10.2,5.6,309.4,124.8,28.0,31.5,456.2,253.5
10.2,5.6,309.4,124.8,27.9,31.5,456.0,255.2
10.2,5.5,309.4,124.8,27.9,31.5,456.6,254.1
10.2,5.5,309.4,124.8,27.9,31.5,457.6,254.4
10.2,5.4,309.4,124.8,27.9,31.5,456.5,254.2
10.2,5.4,309.4,124.8,27.9,31.5,455.9,254.0
10.2,5.4,309.4,124.1,27.8,31.4,456.2,254.2
10.1,5.4,309.4,124.1,27.9,31.4,455.7,254.2
10.2,5.4,309.4,124.1,27.8,31.4,449.2,254.4
10.1,5.4,309.4,124.8,27.9,31.4,447.6,254.8
10.1,5.4,309.4,124.1,27.9,31.4,455.2,255.2
10.1,5.4,309.4,124.1,27.9,31.4,456.3,255.1
10.1,5.4,309.4,124.1,27.8,31.4,454.7,252.6
10.0,5.4,309.4,123.4,27.8,31.2,455.7,252.3
10.1,5.4,308.6,123.4,27.7,31.2,454.5,252.6
10.1,5.4,309.4,123.4,27.7,31.2,455.1,252.1
10.1,5.4,309.4,123.4,27.7,31.2,454.9,251.9
10.1,5.4,309.4,123.4,27.6,31.2,454.2,251.7
10.1,5.4,308.4,123.4,27.6,31.2,456.4,251.2
10.1,5.4,309.4,123.4,27.7,31.2,456.5,251.0
10.1,5.4,309.4,122.7,27.6,31.2,455.6,250.6
10.1,5.4,308.1,123.4,27.6,31.1,457.0,249.5
10.1,5.4,308.9,122.7,27.6,31.1,455.6,248.6
10.1,5.4,305.0,122.7,27.6,31.1,455.9,248.1
10.0,5.4,309.4,122.7,27.5,31.1,454.1,248.3
10.0,5.4,305.7,122.7,27.5,31.1,449.3,248.6
10.1,5.4,309.4,122.7,27.6,31.1,453.7,248.1
10.0,5.3,306.6,122.0,27.5,31.1,454.1,248.4
10.1,5.3,306.3,122.0,27.5,31.0,454.6,248.6
10.1,5.3,306.5,122.0,27.4,31.0,454.0,249.2
10.0,5.3,306.4,122.0,27.5,30.9,456.2,249.3
10.0,5.3,306.2,122.0,27.5,30.9,456.3,249.1
10.0,5.3,308.2,122.0,27.5,30.9,455.8,249.2
10.0,5.3,304.9,122.0,27.4,30.9,455.3,248.8
10.0,5.3,304.5,122.0,27.4,30.9,457.4,248.7
10.0,5.3,304.2,122.0,27.4,30.9,456.4,248.1
10.1,5.3,306.9,122.0,27.4,30.9,454.4,247.7
10.0,5.3,302.2,122.0,27.4,30.8,456.2,247.9
10.0,5.3,305.7,122.0,27.4,30.8,454.6,247.7
10.0,5.3,307.9,122.0,27.4,30.7,452.6,248.1
10.0,5.3,308.1,122.0,27.4,30.9,447.7,247.9
10.0,5.3,305.6,122.0,27.4,30.9,454.7,247.9
10.0,5.3,307.4,121.4,27.3,30.8,457.1,248.1
10.0,5.3,301.0,121.4,27.3,30.7,456.9,248.7
10.0,5.3,304.5,121.4,27.3,30.7,455.6,248.7
10.1,5.3,298.8,121.4,27.2,30.7,456.4,249.7
10.1,5.3,306.5,121.4,27.2,30.7,456.2,250.8
10.1,5.3,302.6,121.4,27.2,30.7,455.2,251.0
10.0,5.2,306.5,121.4,27.1,30.7,456.3,250.3
10.1,5.3,299.5,121.4,27.2,30.7,455.0,248.8
10.0,5.2,289.8,121.4,27.1,30.6,454.1,248.4
10.1,5.2,298.0,121.4,27.2,30.7,457.8,249.2
10.0,5.3,299.5,121.4,27.1,30.7,456.2,248.7
10.1,5.3,299.5,121.4,27.1,30.6,456.8,251.3
10.0,5.3,297.5,121.4,27.1,30.6,454.7,251.0
10.0,5.2,300.8,121.4,27.1,30.7,456.5,249.9
10.0,5.2,289.5,121.4,27.1,30.6,455.5,247.5
10.1,5.2,304.0,120.7,27.1,30.6,447.7,248.5
10.0,5.2,303.5,121.4,27.1,30.6,455.1,249.2
10.0,5.2,296.2,121.4,27.2,30.7,456.6,249.3
10.1,5.2,297.9,120.7,27.2,30.7,453.5,248.7
10.0,5.2,302.1,120.7,27.1,30.6,454.5,249.3
10.0,5.3,303.8,120.7,27.1,30.5,456.9,248.3
10.0,5.2,300.1,120.7,27.0,30.5,455.1,248.4
10.0,5.3,302.5,120.7,27.1,30.5,455.1,248.1
10.0,5.2,290.3,120.0,27.0,30.5,454.1,247.0
10.1,5.3,299.2,120.0,27.0,30.5,454.9,246.7
10.0,5.2,304.7,120.0,27.0,30.5,455.7,247.3
10.1,5.3,296.5,120.0,27.0,30.4,454.8,247.9
10.1,5.2,303.4,120.0,27.0,30.5,456.8,250.0
10.1,5.3,285.8,120.7,27.0,30.5,457.1,250.8
10.0,5.1,303.3,120.7,27.0,30.4,456.0,252.3
10.0,5.2,294.4,120.7,27.0,30.5,455.7,251.4
10.0,5.1,300.8,120.0,26.9,30.5,449.6,251.7
10.0,5.2,300.7,120.7,27.0,30.5,456.0,251.6
10.0,5.2,297.5,120.7,27.0,30.5,456.3,250.5
10.0,5.2,296.9,120.0,27.0,30.5,457.0,248.9
10.0,5.2,301.8,120.0,26.9,30.4,455.0,249.4
10.0,5.2,292.5,120.0,26.9,30.4,455.5,248.9
10.0,5.2,298.2,120.0,26.9,30.4,457.5,248.0
10.1,5.2,306.9,120.0,26.9,30.4,457.2,248.3
10.0,5.2,296.2,120.0,26.8,30.3,454.4,247.5
10.0,5.2,301.0,120.0,26.9,30.4,452.6,247.1
10.0,5.2,296.0,119.3,26.9,30.4,453.2,246.6
10.0,5.2,300.4,120.0,26.9,30.3,456.0,245.6
10.0,5.2,304.6,119.3,26.8,30.3,456.6,245.7
10.1,5.3,294.5,120.0,26.8,30.2,456.0,245.4
10.0,5.2,295.6,119.3,26.8,30.3,457.3,243.5
10.0,4.8,303.8,119.3,26.8,30.2,455.4,244.1
10.0,5.2,300.6,119.3,26.8,30.3,448.0,243.7
10.0,5.2,299.3,119.3,26.9,30.3,447.1,244.5
10.0,5.2,296.5,120.0,26.9,30.4,458.5,243.9
10.0,5.2,309.0,119.3,26.8,30.3,457.5,246.8
10.0,5.2,301.6,119.3,26.8,30.2,456.6,245.9
10.0,5.2,287.0,119.3,26.8,30.2,454.3,246.3
10.0,5.2,296.6,119.3,26.8,30.2,454.3,245.3
10.0,5.1,298.6,119.3,26.7,30.2,456.1,244.9
9.9,5.1,297.5,119.3,26.7,30.2,455.8,245.1
9.9,5.1,294.6,118.6,26.8,30.2,453.9,242.8
10.0,4.9,306.9,118.6,26.7,30.2,454.1,245.6
10.0,5.2,299.1,119.3,26.8,30.2,453.9,245.7
9.9,5.2,296.1,119.3,26.7,30.1,456.3,245.7
10.0,5.1,290.9,119.3,26.7,30.1,456.3,247.1
10.0,5.1,299.0,119.3,26.6,30.1,458.1,246.5
9.9,5.1,300.1,119.3,26.7,30.2,447.7,245.8
9.9,5.2,296.5,119.3,26.7,30.2,456.5,245.4
9.9,5.1,302.2,119.3,26.8,30.2,456.2,244.3
9.9,5.2,303.1,118.6,26.7,30.2,453.5,244.0
10.0,5.2,296.1,118.6,26.7,30.1,455.0,243.6
10.0,5.2,295.8,118.6,26.6,30.0,455.2,243.1
10.0,5.2,293.0,118.6,26.6,30.1,455.2,242.8
10.0,5.2,299.3,118.6,26.6,30.0,455.9,242.7
9.9,5.2,293.7,118.6,26.6,30.0,456.5,242.2
10.0,5.2,298.5,118.6,26.6,30.0,456.3,242.5
10.0,5.2,297.6,117.9,26.6,30.0,455.0,243.0
10.0,5.2,298.3,118.6,26.6,30.0,456.5,242.7
10.0,5.2,298.8,118.6,26.6,30.0,453.4,243.3
10.0,5.2,293.4,117.9,26.5,30.0,454.2,243.2
10.0,5.2,297.2,117.9,26.6,30.0,453.3,242.0
10.0,5.2,303.8,117.9,26.5,30.0,453.9,242.8
9.9,5.2,297.6,117.9,26.5,30.0,449.3,242.8
10.0,5.2,294.6,118.6,26.5,30.0,449.8,242.6
10.0,5.2,295.4,118.6,26.6,30.0,455.6,241.6
10.0,5.2,301.2,117.9,26.6,30.0,454.8,241.6
9.9,5.2,298.8,117.9,26.6,30.0,456.6,241.3
9.9,5.2,291.7,117.9,26.5,30.0,456.4,241.2
10.0,5.2,295.1,117.9,26.5,29.9,456.2,241.2
10.0,5.2,297.2,117.9,26.5,29.9,454.6,241.5
10.0,5.2,286.0,118.6,26.5,30.0,454.4,240.0
9.9,5.1,307.0,117.2,26.5,29.9,456.2,239.9
9.9,5.2,292.3,117.9,26.5,29.9,459.1,239.7
9.9,5.1,296.8,117.9,26.5,29.9,452.6,239.8
9.9,5.2,292.7,117.2,26.5,29.9,455.5,239.5
9.9,5.2,296.7,117.9,26.5,29.9,454.0,240.0
9.9,5.2,291.8,117.2,26.5,29.9,454.8,240.1
9.9,5.2,301.6,117.2,26.5,29.9,456.0,240.7
9.9,5.2,299.6,117.2,26.5,29.9,449.7,239.9
9.9,5.1,304.0,117.9,26.5,29.9,455.2,239.2
9.9,4.9,309.3,117.2,26.5,29.9,455.8,234.5
9.9,5.3,299.2,117.2,26.5,29.9,454.6,231.9
9.9,5.3,309.4,116.5,26.5,29.8,457.9,236.7
9.9,5.2,304.9,117.2,26.4,29.8,454.2,236.3
9.9,5.2,294.6,117.2,26.4,29.8,455.8,237.9
9.9,5.3,287.9,117.2,26.4,29.8,455.9,236.8
9.9,5.2,302.7,117.2,26.4,29.8,457.4,236.4
9.9,5.2,302.3,117.2,26.4,29.8,454.7,237.9
9.9,5.2,306.4,117.2,26.4,29.8,455.1,242.9
10.2,5.4,295.8,117.9,26.4,29.8,454.7,246.1
10.2,5.3,304.5,118.6,26.4,29.9,456.1,246.8
10.3,5.4,296.9,117.9,26.4,29.9,455.8,250.0
10.3,5.3,301.6,118.6,26.4,29.9,454.9,251.5
10.3,5.4,294.8,118.6,26.4,30.0,456.5,252.3
10.3,5.3,307.8,118.6,26.4,30.0,448.7,256.5
10.3,5.2,294.5,119.3,26.4,30.0,456.2,255.7
10.2,5.2,300.5,119.3,26.5,30.0,458.7,255.0
10.2,5.2,296.7,118.6,26.4,30.1,454.4,254.1
10.2,5.2,297.2,118.6,26.4,30.0,455.6,252.2
10.3,5.3,302.2,118.6,26.4,30.0,456.3,250.5
10.2,5.3,294.6,118.6,26.4,30.0,454.1,250.6
10.2,5.3,300.5,118.6,26.4,30.0,456.5,250.0
10.2,5.2,304.8,118.6,26.4,30.0,455.4,250.1
10.2,5.3,300.3,118.6,26.4,29.9,455.2,250.6
10.2,5.2,303.1,118.6,26.4,29.9,455.7,250.9
10.2,5.2,301.1,117.9,26.3,29.9,456.0,251.1
10.2,5.3,302.0,118.6,26.3,29.9,455.1,253.1
10.2,5.2,301.6,118.6,26.4,29.9,454.6,252.7
10.1,5.2,301.4,117.9,26.3,29.9,454.6,253.1
10.1,5.2,308.3,118.6,26.3,29.9,458.1,252.4
10.0,5.2,308.3,118.6,26.3,29.9,453.8,252.4
10.0,5.2,306.6,118.6,26.3,29.9,448.9,252.2
10.0,5.2,309.4,118.6,26.5,30.0,455.5,251.6
10.0,5.2,307.5,118.6,26.4,30.0,456.3,250.4
9.8,5.1,309.4,117.9,26.4,29.9,458.9,248.2
9.8,5.1,309.4,117.9,26.3,29.9,455.4,247.3
9.7,5.1,309.4,117.9,26.3,29.9,455.3,246.9
9.8,5.1,307.7,117.9,26.4,29.8,453.2,245.9
9.7,4.9,309.4,117.2,26.3,29.9,456.5,246.3
9.7,5.1,309.4,117.2,26.3,29.9,456.2,246.3
9.7,5.1,309.4,117.9,26.4,29.8,453.6,245.9
9.7,5.0,309.4,117.2,26.3,29.8,455.0,246.7
9.8,5.1,309.4,117.2,26.3,29.7,455.2,244.8
9.5,4.9,309.4,117.2,26.3,29.8,455.0,245.6
9.8,5.2,309.4,117.2,26.3,29.7,454.3,244.6
9.7,5.1,309.4,117.2,26.3,29.7,456.3,245.0
9.8,5.2,309.4,117.2,26.3,29.7,455.1,245.4
9.8,5.2,309.4,117.2,26.3,29.7,447.3,244.8
9.8,5.2,309.4,117.9,26.3,29.8,455.7,245.3
9.9,5.2,309.4,117.9,26.5,29.9,455.2,245.1
9.8,5.2,309.4,117.9,26.4,29.8,456.5,243.9
9.8,5.2,309.4,117.2,26.4,29.8,455.2,243.2
9.7,5.1,309.4,117.2,26.3,29.8,454.8,242.0
9.5,4.9,309.4,117.2,26.4,29.8,453.1,242.4
9.5,4.9,309.4,117.2,26.4,29.8,456.7,242.5
9.5,4.9,309.4,117.2,26.3,29.8,457.3,244.1
9.6,5.0,309.4,117.2,26.3,29.7,456.3,244.6
9.6,5.1,309.4,117.2,26.4,29.8,454.9,244.4
9.7,5.1,309.4,117.2,26.3,29.8,456.4,244.4
9.6,5.1,309.4,117.2,26.3,29.8,454.8,244.8
9.6,5.1,309.4,117.9,26.4,29.8,456.1,244.5
9.7,5.1,309.4,117.2,26.3,29.8,456.8,244.7
9.7,5.1,309.4,117.2,26.3,29.8,457.3,244.4
9.7,5.1,309.4,117.2,26.3,29.8,452.9,243.8
9.6,5.0,309.4,117.2,26.3,29.8,448.9,243.3
9.5,5.0,309.4,117.9,26.3,29.7,457.9,243.0
9.5,5.0,309.4,117.2,26.3,29.8,452.1,242.8
9.5,5.0,309.4,117.2,26.3,29.8,454.9,241.8
9.5,4.9,309.4,117.2,26.3,29.7,455.7,241.6
9.5,5.0,309.4,117.2,26.3,29.7,457.2,241.8
9.6,5.1,309.4,117.2,26.3,29.7,454.1,242.4
9.5,5.1,309.4,117.2,26.3,29.7,454.1,242.8
9.6,5.1,309.4,117.2,26.3,29.7,453.4,243.2
9.7,5.1,309.4,117.2,26.3,29.7,456.9,243.5
9.7,5.2,309.4,117.2,26.3,29.7,455.6,244.3
9.7,5.2,309.4,117.2,26.3,29.7,456.9,245.0
9.8,5.2,309.4,117.2,26.3,29.7,457.4,245.8
9.9,5.3,309.4,117.2,26.2,29.7,457.5,246.2
9.9,5.4,309.4,117.2,26.2,29.7,456.9,246.0
9.9,5.4,309.4,117.2,26.2,29.7,455.6,246.0
9.9,5.3,309.4,117.2,26.1,29.7,455.9,247.1
9.9,5.3,309.4,117.2,26.2,29.7,446.2,246.3
9.9,5.3,309.4,117.2,26.2,29.7,453.1,246.1
9.9,5.3,309.4,117.9,26.3,29.7,456.1,245.7
9.9,5.3,309.4,117.2,26.2,29.7,455.7,245.9
9.9,5.4,309.4,117.2,26.1,29.7,455.8,245.9
9.9,5.3,309.4,117.2,26.1,29.7,456.2,246.2
9.9,5.3,309.4,117.2,26.2,29.7,454.5,246.0
9.9,5.4,309.4,117.2,26.1,29.7,454.1,249.3
10.0,5.4,309.4,117.2,26.2,29.7,457.6,250.8
10.0,5.4,309.4,117.9,26.1,29.7,455.5,251.9
10.0,5.4,309.4,117.9,26.2,29.7,456.7,254.3
10.0,5.3,309.4,117.9,26.1,29.7,456.0,254.5
10.1,5.4,309.4,117.9,26.1,29.8,454.3,254.5
10.1,5.4,309.4,117.9,26.1,29.8,456.1,254.4
10.1,5.4,309.4,117.9,26.1,29.8,453.8,254.8
10.2,5.4,309.4,117.9,26.2,29.8,455.6,254.7
10.2,5.4,309.4,117.9,26.1,29.8,457.1,255.1
10.2,5.4,309.4,117.9,26.1,29.8,454.6,256.0
10.2,5.5,309.4,118.6,26.1,29.8,447.5,256.3
10.3,5.5,309.4,118.6,26.1,29.8,449.1,255.9
10.2,5.5,309.4,118.6,26.2,29.8,456.0,255.4
10.2,5.4,309.4,118.6,26.1,29.9,456.8,256.0
10.2,5.4,309.4,117.9,26.1,29.8,455.2,255.8
10.2,5.4,309.4,117.9,26.1,29.8,454.9,255.9
10.2,5.4,309.4,117.9,26.1,29.8,455.3,255.4
10.2,5.4,309.4,117.9,26.1,29.8,455.8,253.5
10.3,5.2,288.6,120.7,26.1,30.0,361.6,249.7
10.2,5.2,288.4,120.0,26.1,30.4,361.9,249.3
10.3,5.3,289.4,120.0,26.1,30.4,362.6,249.2
10.3,5.2,287.9,120.0,26.1,30.4,362.1,249.1
10.3,5.2,288.2,120.0,26.1,30.4,361.7,249.7
10.3,5.3,289.2,120.0,26.1,30.4,363.6,250.3
10.3,5.2,290.0,120.0,26.1,30.4,357.5,249.9
10.3,5.3,289.3,120.7,26.2,30.5,362.8,250.3
10.3,5.3,288.3,120.0,26.1,30.5,362.1,250.6
10.3,5.2,290.2,120.0,26.1,30.4,362.6,250.3
10.3,5.3,289.5,120.0,26.1,30.4,363.0,250.5
10.3,5.3,289.3,120.0,26.1,30.5,362.8,250.1
10.3,5.3,288.6,120.0,26.1,30.5,362.1,250.3
10.3,5.3,289.3,120.0,26.1,30.4,361.7,249.8
10.3,5.3,288.2,120.0,26.1,30.4,363.8,249.8
10.3,5.3,288.8,120.0,26.1,30.5,361.0,250.3
10.4,5.3,288.7,120.7,26.1,30.5,358.0,250.1
10.4,5.3,288.1,120.7,26.2,30.6,362.4,250.3
10.3,5.3,288.6,120.7,26.3,30.6,361.3,250.1
10.3,5.3,288.5,120.7,26.2,30.5,361.3,250.3
10.3,5.3,289.9,120.7,26.3,30.5,362.3,252.3
10.3,5.2,288.0,120.7,26.2,30.5,363.1,252.5
10.3,5.2,288.4,120.7,26.3,30.6,361.3,252.4
10.3,5.2,286.6,120.7,26.3,30.6,362.6,251.9
10.3,5.2,287.9,120.7,26.3,30.6,363.0,252.0
10.3,5.2,288.1,121.4,26.3,30.6,360.2,251.1
10.3,5.2,287.6,120.7,26.3,30.6,358.2,251.9
10.3,5.2,287.8,120.7,26.3,30.6,361.5,251.6
10.2,5.2,287.4,121.4,26.3,30.6,362.8,251.2
10.2,5.1,287.8,120.7,26.3,30.6,360.8,251.1
10.2,5.1,287.6,120.7,26.3,30.6,363.3,250.7
10.2,5.2,286.7,120.7,26.3,30.6,363.2,251.1
10.2,5.1,286.8,120.7,26.3,30.6,361.8,250.6
10.2,5.1,287.3,120.7,26.3,30.6,362.6,250.8
10.2,5.1,287.2,120.7,26.3,30.6,363.4,250.7
10.2,5.1,286.2,120.7,26.3,30.6,361.9,250.3
10.2,5.1,287.6,120.7,26.3,30.7,357.7,249.9
10.2,5.1,286.1,120.7,26.4,30.7,361.4,249.4
10.2,5.1,286.4,120.7,26.4,30.7,360.5,248.9
10.2,5.1,286.5,120.7,26.4,30.7,361.5,247.6
10.1,5.1,286.0,120.7,26.4,30.6,362.1,247.9
10.1,5.1,286.0,120.7,26.3,30.7,362.7,247.5
10.1,5.1,285.9,120.7,26.4,30.6,364.0,247.4
10.0,5.1,286.2,120.7,26.4,30.6,360.9,247.8
10.1,5.1,285.9,120.7,26.3,30.6,361.0,248.2
10.1,5.1,285.8,120.7,26.4,30.7,363.2,248.7
10.0,5.1,285.4,120.7,26.4,30.7,357.2,248.3
10.1,5.1,287.0,121.4,26.4,30.7,363.8,247.9
10.0,5.1,286.2,120.7,26.5,30.7,361.1,247.2
10.0,5.1,285.6,120.7,26.4,30.7,362.2,247.2
10.0,5.1,284.9,120.7,26.4,30.7,362.6,247.3
10.1,5.1,285.0,120.7,26.4,30.7,361.7,247.6
10.1,5.1,286.1,120.7,26.4,30.7,363.2,246.9
10.0,5.1,285.0,120.7,26.4,30.6,360.0,246.6
10.1,5.1,286.1,120.7,26.4,30.6,361.8,246.3
10.0,5.1,285.4,120.7,26.4,30.6,362.5,246.3
10.0,5.0,284.2,120.7,26.4,30.7,356.9,246.3
10.1,5.1,284.6,120.7,26.4,30.7,362.6,246.3
10.0,5.1,284.8,120.7,26.5,30.7,363.1,246.1
10.0,5.0,286.2,120.7,26.4,30.7,361.0,246.0
10.0,5.0,284.0,120.7,26.4,30.6,361.9,245.9
10.0,5.1,284.3,120.7,26.5,30.7,360.8,245.6
10.0,5.0,284.1,120.7,26.4,30.6,361.4,245.5
10.0,5.0,283.5,120.7,26.4,30.6,363.0,245.4
9.9,5.0,284.7,120.7,26.4,30.6,361.0,245.7
10.0,5.0,283.9,120.7,26.4,30.6,362.6,245.9
10.0,5.0,284.4,120.7,26.4,30.6,357.7,245.8
9.9,4.9,284.5,120.7,26.4,30.7,360.9,245.4
9.9,4.9,284.6,120.7,26.4,30.7,362.1,245.4
9.9,4.9,284.4,120.7,26.4,30.6,362.6,245.9
10.0,5.0,283.5,120.7,26.4,30.6,361.1,246.4
9.9,4.9,284.9,120.0,26.4,30.6,360.7,246.2
9.9,4.9,284.9,120.7,26.4,30.6,364.4,245.4
9.9,4.9,284.6,120.7,26.4,30.6,363.0,245.2
9.9,4.9,285.0,120.0,26.3,30.5,362.6,245.3
9.9,4.9,285.0,120.7,26.4,30.5,356.3,245.1
9.9,4.9,284.9,120.7,26.4,30.6,357.7,244.4
9.9,4.9,285.7,120.7,26.4,30.6,361.9,243.3
9.9,4.9,285.3,120.0,26.4,30.6,362.4,242.3
9.9,4.9,285.4,120.0,26.4,30.5,363.6,241.0
9.9,4.9,285.3,120.0,26.4,30.6,362.8,240.5
9.9,4.9,285.4,120.0,26.4,30.5,361.6,240.3
9.9,4.9,284.7,120.0,26.3,30.5,363.0,240.2
9.9,5.0,284.4,120.0,26.4,30.5,363.8,240.5
9.8,4.9,284.9,120.0,26.3,30.5,354.1,240.4
9.8,4.9,285.3,120.0,26.4,30.5,363.4,240.4
9.9,5.0,284.5,120.0,26.5,30.6,361.1,240.3
9.9,5.0,284.1,120.0,26.4,30.5,363.9,239.9
9.8,4.9,282.5,120.0,26.4,30.5,360.5,240.0
9.8,4.9,284.0,120.0,26.4,30.5,360.9,240.1
9.8,4.9,285.8,120.0,26.3,30.5,364.2,240.2
9.8,4.9,284.5,119.3,26.3,30.5,360.2,240.3
9.8,4.9,284.0,119.3,26.3,30.4,362.4,239.6
9.7,4.9,284.3,119.3,26.3,30.5,356.4,239.9
9.8,4.9,285.3,120.0,26.4,30.5,363.5,240.1
9.8,4.9,285.0,120.0,26.3,30.5,362.4,239.5
9.7,4.9,286.1,119.3,26.3,30.5,361.9,239.2
9.7,4.9,284.8,119.3,26.3,30.4,360.0,238.6
9.7,4.9,284.3,119.3,26.4,30.5,364.5,238.6
9.8,4.9,285.6,119.3,26.3,30.4,361.5,237.1
9.7,4.9,284.9,119.3,26.3,30.4,360.6,237.3
9.7,4.9,285.6,119.3,26.3,30.4,361.6,234.4
9.7,4.9,285.0,118.6,26.3,30.4,362.8,234.3
9.7,4.9,286.1,118.6,26.3,30.4,362.9,234.7
9.7,4.9,285.4,118.6,26.3,30.4,359.2,234.5
9.7,4.9,285.9,118.6,26.3,30.4,362.1,234.2
9.7,4.9,285.1,118.6,26.3,30.3,362.0,233.7
9.7,4.9,285.8,118.6,26.3,30.4,361.7,233.6
9.7,4.9,285.9,118.6,26.3,30.3,362.5,233.3
9.6,4.9,285.5,118.6,26.3,30.2,363.4,233.2
9.7,4.9,285.9,118.6,26.3,30.3,361.7,233.2
9.7,4.9,285.3,118.6,26.3,30.2,361.3,233.9
9.7,4.9,285.2,118.6,26.3,30.2,360.5,234.0
9.7,4.9,286.4,118.6,26.3,30.3,357.0,234.7
9.7,4.9,285.8,119.3,26.3,30.3,361.5,234.8
9.7,4.9,285.9,118.6,26.3,30.4,362.0,234.8
9.7,4.9,286.4,118.6,26.3,30.2,361.5,233.9
9.6,4.9,285.8,118.6,26.2,30.2,361.5,234.0
9.7,4.9,286.5,118.6,26.2,30.2,361.7,233.5
9.6,4.9,285.4,118.6,26.2,30.2,363.8,233.2
9.7,4.9,284.5,118.6,26.3,30.2,363.1,232.9
9.7,4.9,285.4,118.6,26.3,30.2,362.6,232.8
9.7,4.9,284.9,118.6,26.2,30.2,357.7,232.9
9.7,4.9,285.6,118.6,26.2,30.3,362.5,233.4
9.7,4.9,284.9,118.6,26.3,30.4,363.6,233.6
9.7,4.9,284.8,118.6,26.2,30.3,361.8,234.1
9.7,4.9,285.7,118.6,26.1,30.2,363.6,234.1
9.7,4.9,286.1,117.9,26.1,30.2,361.7,234.1
9.7,4.9,285.8,117.9,26.1,30.2,362.9,234.3
9.7,4.9,285.9,118.6,26.2,30.2,362.1,234.4
9.7,4.9,285.4,117.9,26.1,30.2,363.2,234.1
9.7,4.9,285.4,117.9,26.1,30.2,362.1,233.3
9.7,4.9,286.0,118.6,26.1,30.2,356.8,233.3
9.7,4.9,285.6,118.6,26.2,30.2,363.0,232.8
9.7,4.9,286.3,117.9,26.2,30.2,364.1,231.8
9.7,4.9,284.4,117.9,26.1,30.1,361.4,231.7
9.7,4.9,285.8,117.9,26.1,30.1,362.1,229.6
9.7,4.9,286.0,117.9,26.1,30.1,360.8,228.9
9.6,4.9,286.1,117.2,26.1,30.1,362.5,228.3
9.7,5.0,285.7,117.2,26.1,30.0,363.4,227.9
9.7,5.0,287.0,117.2,26.1,30.1,361.8,227.5
9.7,5.0,285.5,117.2,26.1,30.0,360.9,227.7
9.7,5.0,285.0,117.2,26.1,30.0,355.7,223.8
9.7,5.1,285.2,117.2,26.1,30.0,359.9,224.3
9.7,5.1,285.1,117.2,26.1,30.0,362.2,224.2
9.7,5.1,285.5,117.2,26.1,30.0,360.6,224.3
9.7,5.1,285.2,116.5,26.1,30.0,363.9,224.4
9.7,5.1,285.4,117.2,26.1,29.9,363.0,224.4
9.7,5.1,284.9,117.2,26.1,30.0,360.6,224.5
9.7,5.1,285.5,116.5,26.0,30.0,364.1,223.9
9.7,5.1,283.9,116.5,26.0,30.0,361.2,223.8
9.7,5.1,285.8,116.5,26.0,29.9,363.2,223.3
9.7,5.1,285.5,116.5,26.0,30.0,362.4,223.7
9.7,5.1,284.2,117.2,26.1,30.0,353.4,223.4
9.7,5.1,284.9,117.2,26.1,30.0,361.5,223.7
9.7,5.1,284.8,117.2,26.1,30.0,361.2,224.1
9.7,5.1,285.4,116.5,26.0,29.9,361.4,224.4
9.7,5.1,285.0,116.5,26.0,29.9,362.4,224.8
9.8,5.1,285.2,116.5,26.0,29.9,363.8,224.7
9.8,5.1,285.4,116.5,26.0,29.9,360.0,224.5
9.8,5.1,284.4,116.5,26.0,29.9,362.0,224.1
9.7,5.1,284.6,116.5,26.0,29.9,361.6,223.9
9.7,5.1,284.2,116.5,26.0,29.9,361.6,223.9
9.7,5.1,284.6,117.2,26.0,29.9,358.0,224.3
9.7,5.1,285.4,117.2,26.0,29.9,363.0,224.1
9.7,5.1,285.2,117.2,26.0,29.9,360.4,223.9
9.7,5.1,285.0,116.5,26.0,30.0,360.6,224.3
9.7,5.1,285.7,116.5,26.0,29.9,361.1,224.6
9.7,5.1,285.6,116.5,26.0,29.9,362.5,224.4
9.7,5.1,286.4,116.5,26.0,29.9,362.8,224.2
9.8,5.1,284.9,116.5,26.0,29.9,363.5,224.0
9.7,5.1,284.8,116.5,26.0,29.9,360.2,223.8
9.7,5.1,285.7,116.5,26.0,29.8,357.2,223.3
9.8,5.1,284.5,116.5,26.0,29.9,361.7,223.4
9.8,5.1,284.1,116.5,26.0,29.9,362.0,218.6
9.7,5.2,285.7,115.8,26.0,29.9,363.4,218.7
9.7,5.2,286.0,115.8,25.9,29.8,362.5,219.4
9.7,5.2,286.2,115.8,25.9,29.7,362.7,219.5
9.7,5.2,285.6,115.8,26.0,29.7,362.4,219.7
9.7,5.2,286.2,115.8,25.9,29.7,362.9,219.8
9.7,5.2,284.8,115.8,25.9,29.7,362.4,219.8
9.7,5.2,286.0,115.8,25.9,29.7,356.4,219.3
9.7,5.2,284.9,115.8,26.0,29.8,363.2,219.1
9.7,5.2,285.4,115.8,26.0,29.8,362.3,218.6
9.7,5.2,284.9,115.8,25.9,29.7,360.4,218.2
9.7,5.2,284.5,115.8,25.9,29.7,362.5,218.1
9.8,5.2,285.1,115.8,25.9,29.7,361.0,217.9
9.7,5.2,284.6,115.8,25.9,29.6,362.0,217.6
9.7,5.2,284.8,115.1,25.9,29.6,361.7,218.0
9.7,5.1,285.8,115.1,25.8,29.6,361.6,219.0
9.7,5.2,285.2,115.1,25.8,29.7,362.0,219.1
9.7,5.2,286.1,115.8,25.8,29.7,355.6,219.1
9.7,5.2,286.4,115.8,25.9,29.6,362.2,216.4
9.7,5.2,285.4,115.1,25.9,29.7,362.3,216.2
9.7,5.2,285.8,115.1,25.8,29.6,363.8,216.4
9.6,5.2,285.2,115.1,25.8,29.5,360.8,216.7
9.7,5.2,286.4,115.1,25.8,29.6,364.2,216.7
9.7,5.2,285.6,115.1,25.8,29.5,362.1,216.6
9.7,5.2,286.1,115.1,25.8,29.5,360.4,216.3
9.7,5.2,285.4,115.1,25.8,29.5,362.5,215.7
9.7,5.2,284.1,114.5,25.8,29.5,361.1,215.4
9.7,5.2,285.8,115.1,25.8,29.5,357.4,214.9
9.7,5.2,284.7,115.1,25.8,29.5,364.8,214.9
9.7,5.2,285.2,115.1,25.8,29.6,361.1,214.4
9.6,5.2,285.7,114.5,25.7,29.5,361.5,214.3
9.7,5.2,285.1,114.5,25.7,29.5,361.5,214.6
9.6,5.2,285.1,114.5,25.7,29.5,363.4,214.6
9.7,5.2,284.7,114.5,25.7,29.5,362.6,214.8
9.7,5.2,285.2,114.5,25.7,29.5,360.7,215.1
9.7,5.2,284.6,114.5,25.7,29.5,361.8,216.2
9.7,5.2,285.5,114.5,25.8,29.5,353.8,216.4
9.7,5.2,285.7,114.5,25.8,29.5,360.3,216.4
9.7,5.2,285.5,114.5,25.8,29.5,361.5,216.4
9.7,5.2,286.3,114.5,25.7,29.5,364.3,216.4
9.7,5.2,285.3,114.5,25.7,29.5,362.7,216.0
9.7,5.2,286.3,114.5,25.7,29.4,361.9,216.3
9.7,5.2,285.1,114.5,25.7,29.4,361.4,216.1
9.7,5.2,285.9,114.5,25.7,29.5,361.6,215.4
9.7,5.2,285.0,114.5,25.7,29.4,361.8,215.5
9.7,5.2,284.9,114.5,25.7,29.4,363.6,215.8
9.7,5.2,285.2,114.5,25.7,29.4,358.3,215.7
9.7,5.2,285.3,114.5,25.6,29.5,361.2,215.4
9.7,5.2,285.3,114.5,25.7,29.5,363.6,215.5
9.7,5.2,285.7,114.5,25.6,29.4,362.1,215.4
9.7,5.2,286.9,114.5,25.6,29.4,362.6,215.4
9.7,5.2,286.2,114.5,25.6,29.4,361.6,215.5
9.7,5.2,285.4,113.8,25.6,29.4,361.2,215.9
9.7,5.2,285.9,114.5,25.6,29.4,361.9,215.4
9.7,5.2,285.0,114.5,25.6,29.4,361.8,215.0
9.7,5.2,285.1,114.5,25.6,29.4,361.9,215.1
9.7,5.2,286.0,114.5,25.6,29.4,356.7,215.4
9.7,5.2,285.2,114.5,25.7,29.4,360.1,215.4
9.7,5.2,285.6,114.5,25.7,29.5,360.4,215.9
9.7,5.2,286.4,114.5,25.6,29.4,359.9,215.5
9.7,5.2,285.1,114.5,25.6,29.4,361.7,215.9
9.7,5.2,285.1,114.5,25.6,29.4,362.9,215.9
9.7,5.2,286.5,114.5,25.6,29.4,361.1,215.7
9.7,5.2,285.6,114.5,25.6,29.4,361.0,215.2
9.7,5.2,285.1,114.5,25.6,29.4,362.1,214.8
9.7,5.2,285.7,114.5,25.6,29.4,356.0,214.5
9.7,5.2,286.1,114.5,25.6,29.4,363.1,214.9
9.7,5.2,285.3,114.5,25.7,29.4,361.9,215.6
9.7,5.2,285.0,114.5,25.6,29.4,361.9,216.2
9.8,5.2,285.7,114.5,25.6,29.4,359.7,216.3
9.8,5.3,285.7,114.5,25.6,29.4,363.0,216.0
9.7,5.3,285.0,113.8,25.6,29.4,362.2,216.0
9.8,5.3,285.4,114.5,25.6,29.4,361.4,215.6
9.7,5.2,285.6,113.8,25.5,29.3,361.1,215.5
9.7,5.3,286.0,114.5,25.6,29.4,356.0,215.0
9.8,5.3,285.0,114.5,25.6,29.4,362.4,214.7
9.7,5.2,285.2,114.5,25.6,29.4,360.5,214.7
9.8,5.2,284.6,113.8,25.6,29.4,360.7,214.8
9.7,5.3,284.7,113.8,25.6,29.3,362.1,215.0
9.7,5.3,285.5,113.8,25.6,29.3,362.3,215.0
9.7,5.2,285.3,113.8,25.5,29.3,361.5,215.8
9.7,5.2,285.6,114.5,25.5,29.3,361.2,216.7
9.8,5.2,284.8,114.5,25.6,29.3,360.7,216.9
9.7,5.2,285.5,113.8,25.6,29.4,362.3,217.4
9.7,5.3,285.4,114.5,25.6,29.3,356.5,217.2
9.7,5.2,284.9,114.5,25.5,29.4,359.7,217.3
9.7,5.2,285.3,114.5,25.6,29.4,361.6,216.6
9.7,5.2,286.2,114.5,25.6,29.4,360.9,215.8
9.7,5.2,285.4,113.8,25.6,29.3,362.2,215.3
9.7,5.3,286.3,114.5,25.6,29.4,362.1,215.5
9.8,5.2,285.4,113.8,25.6,29.3,361.8,214.8
9.7,5.2,284.9,113.8,25.5,29.3,361.4,214.8
9.7,5.2,285.1,114.5,25.5,29.3,360.4,214.4
9.7,5.2,285.9,113.8,25.6,29.3,362.4,214.3
9.7,5.2,284.9,113.8,25.5,29.3,357.4,214.6
9.7,5.2,284.9,113.8,25.6,29.3,361.3,215.3
9.7,5.2,285.0,113.8,25.6,29.4,361.7,215.8
9.7,5.2,285.0,113.8,25.6,29.3,362.9,215.8
9.8,5.2,285.1,113.8,25.5,29.3,362.1,215.7
9.7,5.2,287.0,113.8,25.5,29.3,360.7,215.5
9.7,5.2,284.9,113.8,25.5,29.4,361.8,215.2
9.7,5.2,285.4,113.8,25.5,29.3,361.5,215.0
9.7,5.2,284.7,114.5,25.6,29.3,356.4,214.8
9.7,5.2,285.0,114.5,25.6,29.4,357.5,214.9
9.7,5.2,284.7,114.5,25.6,29.3,361.0,215.0
9.7,5.2,285.9,114.5,25.6,29.4,361.5,215.1
9.7,5.2,285.0,113.8,25.5,29.3,362.6,215.1
9.7,5.2,285.2,113.8,25.5,29.3,361.0,215.5
9.7,5.2,286.6,113.8,25.5,29.3,361.4,215.9
9.7,5.2,285.6,113.8,25.5,29.3,361.6,215.8
9.7,5.2,285.5,113.8,25.5,29.3,361.6,215.5
9.7,5.2,285.4,113.8,25.5,29.3,362.4,215.8
9.7,5.2,286.3,113.8,25.5,29.2,358.1,215.5
9.7,5.2,285.4,113.8,25.5,29.3,362.1,215.1
9.7,5.2,285.8,113.8,25.5,29.3,361.9,214.7
9.7,5.2,286.9,113.8,25.5,29.3,359.3,214.5
9.7,5.2,285.0,113.8,25.5,29.2,361.6,214.5
9.7,5.2,286.6,113.8,25.5,29.2,362.9,214.7
9.7,5.2,286.1,113.8,25.5,29.2,362.3,215.4
9.7,5.2,285.0,113.8,25.5,29.2,361.1,215.6
9.7,5.2,286.6,113.8,25.5,29.2,361.4,216.0
9.7,5.2,286.4,113.8,25.5,29.2,362.2,216.3
9.7,5.2,285.4,113.8,25.5,29.2,353.1,216.1
9.7,5.2,287.1,113.8,25.5,29.4,355.5,215.8
9.7,5.2,286.0,113.8,25.6,29.4,359.3,215.8
9.7,5.2,285.8,113.8,25.5,29.3,362.8,215.3
9.7,5.2,286.0,113.8,25.5,29.3,362.3,214.7
9.7,5.2,286.5,113.8,25.5,29.3,363.6,214.4
9.7,5.2,285.6,113.8,25.5,29.2,361.4,214.3
9.7,5.2,285.7,113.8,25.5,29.2,362.3,214.3
9.7,5.2,285.7,113.8,25.5,29.2,362.1,214.9
9.7,5.2,285.5,113.8,25.5,29.2,361.7,214.6
9.6,5.2,285.6,113.8,25.5,29.2,355.5,214.8
9.6,5.2,286.5,113.8,25.5,29.2,362.2,215.6
9.7,5.2,285.4,113.8,25.5,29.3,362.7,215.6
9.7,5.2,285.7,113.8,25.5,29.2,360.8,215.2
9.6,5.2,285.6,113.8,25.5,29.2,361.3,215.5
9.6,5.1,286.4,113.8,25.5,29.2,362.1,215.2
9.6,5.1,286.9,113.8,25.5,29.2,362.7,211.1
9.6,5.1,286.6,113.8,25.5,29.2,362.8,211.0
9.6,5.2,286.6,113.1,25.4,29.1,365.3,211.5
9.7,5.2,286.1,113.1,25.4,29.1,355.4,212.0
9.6,5.2,286.7,113.1,25.5,29.1,354.7,212.0
9.7,5.2,286.4,113.1,25.5,29.1,363.3,211.7
9.6,5.2,286.6,113.1,25.5,29.1,361.1,211.7
9.7,5.2,286.1,113.1,25.4,29.1,361.7,211.1
9.6,5.2,286.7,113.1,25.4,29.1,362.3,210.5
9.7,5.2,287.3,113.1,25.4,29.1,361.9,209.9
9.6,5.2,286.6,113.1,25.4,29.0,361.9,209.2
9.5,5.2,286.2,112.4,25.4,29.0,359.5,209.2
9.7,5.2,285.9,113.1,25.4,29.1,362.0,209.3
9.7,5.2,286.0,113.1,25.4,29.1,356.6,209.1
9.7,5.2,284.5,113.1,25.4,29.1,361.3,208.8
9.7,5.2,285.7,113.1,25.4,29.1,360.6,208.9
9.7,5.2,285.2,112.4,25.4,29.0,362.2,209.0
9.7,5.2,285.8,112.4,25.4,29.1,364.8,209.4
9.6,5.2,286.4,112.4,25.3,29.0,362.2,209.7
9.7,5.2,286.7,112.4,25.4,29.0,362.0,210.6
9.6,5.2,286.4,112.4,25.3,29.0,361.5,211.3
9.7,5.2,287.5,112.4,25.3,29.0,362.1,211.6
9.7,5.2,287.5,112.4,25.3,29.0,362.2,211.5
9.7,5.2,285.8,112.4,25.3,29.0,356.8,211.7
9.7,5.2,287.1,113.1,25.3,29.0,355.3,211.6
9.7,5.2,286.2,113.1,25.4,29.1,361.3,211.3
9.7,5.2,286.8,112.4,25.4,29.0,362.8,210.7
9.7,5.2,286.7,112.4,25.4,29.0,362.4,210.0
9.7,5.3,286.0,112.4,25.3,29.0,360.3,210.0
9.7,5.2,286.3,112.4,25.3,29.0,362.6,209.7
9.7,5.2,286.3,112.4,25.3,29.0,361.9,209.8
9.7,5.2,286.5,112.4,25.3,29.0,360.6,209.7
9.7,5.2,285.7,112.4,25.3,28.9,361.7,210.3
9.7,5.3,286.7,112.4,25.3,29.0,362.3,211.0
9.7,5.2,287.3,112.4,25.3,29.0,354.8,211.4
9.6,5.2,286.5,112.4,25.3,29.0,360.6,211.4
9.7,5.2,286.2,113.1,25.4,29.0,360.8,211.3
9.7,5.2,287.6,112.4,25.3,29.0,361.9,211.1
9.7,5.2,285.6,112.4,25.3,29.0,361.3,211.0
9.7,5.2,287.2,112.4,25.3,28.9,363.0,210.0
9.7,5.2,285.5,112.4,25.3,29.0,363.2,209.6
9.7,5.2,285.7,112.4,25.3,28.9,362.6,209.4
9.7,5.3,286.2,112.4,25.2,28.9,360.3,209.1
9.8,5.3,285.2,112.4,25.3,29.0,362.1,209.0
9.8,5.3,285.2,112.4,25.2,28.9,355.1,208.8
9.7,5.3,285.5,112.4,25.2,29.0,361.5,208.9
9.7,5.2,284.4,112.4,25.3,29.0,360.5,209.1
9.7,5.3,284.0,112.4,25.3,28.9,359.8,209.5
9.8,5.3,284.7,112.4,25.3,28.9,361.4,210.2
9.8,5.3,285.2,112.4,25.2,28.9,361.7,210.9
9.9,5.4,284.2,112.4,25.2,28.9,360.7,212.1
9.9,5.4,284.8,112.4,25.2,28.9,361.1,210.9
9.6,5.2,284.0,111.7,25.1,28.9,362.2,210.3
9.4,5.0,284.5,111.7,25.2,28.9,357.3,210.0
9.4,5.0,283.2,111.7,25.2,28.9,363.0,210.6
9.5,5.1,284.3,112.4,25.3,28.9,361.7,210.4
9.5,5.1,283.6,111.7,25.2,28.9,364.0,210.3
9.5,5.1,284.2,111.7,25.2,28.9,361.0,210.6
9.6,5.1,284.8,111.7,25.2,28.9,359.5,210.7
9.7,5.2,284.3,111.7,25.1,28.9,362.3,211.3
9.7,5.2,285.2,111.7,25.1,28.8,361.4,212.6
9.7,5.2,283.8,112.4,25.1,28.8,360.1,213.2
9.7,5.2,285.0,112.4,25.1,28.9,354.7,213.6
9.7,5.2,284.3,112.4,25.2,29.0,363.1,214.6
9.8,5.2,284.9,112.4,25.2,29.0,362.2,218.9
9.8,5.2,284.9,113.1,25.2,29.0,362.8,221.0
9.8,5.2,284.6,113.1,25.1,29.0,360.6,221.0
9.9,5.2,285.8,113.1,25.1,29.0,362.7,220.8
9.9,5.3,285.8,113.1,25.1,29.0,361.0,223.8
10.0,5.4,284.3,113.8,25.1,29.0,361.6,226.1
10.1,5.4,284.1,113.8,25.1,29.0,361.1,225.4
10.1,5.3,284.4,113.8,25.1,29.1,355.9,224.3
10.1,5.3,284.4,113.8,25.1,29.1,362.1,223.1
10.0,5.3,283.4,113.8,25.1,29.1,360.8,222.6
10.0,5.3,283.6,113.8,25.1,29.1,360.8,222.1
10.0,5.3,284.1,113.8,25.1,29.0,361.7,222.4
10.0,5.3,283.0,113.8,25.1,29.0,362.1,221.9
9.9,5.2,283.0,113.8,25.0,29.0,361.4,221.9
9.9,5.2,283.8,113.1,25.0,29.0,363.0,222.1
9.9,5.2,283.9,113.1,25.0,29.0,362.2,222.3
9.9,5.2,284.6,113.1,25.0,29.0,362.5,222.8
9.9,5.2,284.5,113.1,25.1,29.0,355.8,222.7
9.9,5.2,284.3,113.1,25.1,29.0,363.1,223.8
9.9,5.2,284.2,113.1,25.1,29.0,361.7,223.4
9.9,5.1,284.1,113.1,25.0,29.0,362.3,224.1
9.9,5.1,284.1,113.1,25.0,29.0,362.3,223.6
9.9,5.1,284.5,113.1,25.0,29.0,362.2,223.6
9.9,5.1,284.8,113.1,25.0,29.0,359.9,223.1
9.9,5.1,284.5,113.1,25.0,29.0,361.5,223.1
9.8,5.1,283.4,113.1,24.9,29.0,360.8,223.0
9.9,5.1,283.7,113.1,25.0,29.0,357.6,223.2
9.8,5.1,284.0,113.1,25.0,29.0,356.2,223.3
9.8,5.1,284.3,113.1,25.0,29.0,359.7,223.6
9.8,5.1,284.5,113.1,25.0,29.0,361.6,223.8
9.8,5.1,283.3,113.1,25.0,28.9,362.3,223.5
9.8,5.1,284.5,113.1,25.0,28.9,361.9,223.1
9.8,5.1,283.6,113.1,24.9,28.9,362.3,222.8
9.8,5.0,284.3,113.1,24.9,28.9,361.0,222.6
9.8,5.1,283.2,113.1,25.0,28.9,361.9,222.5
9.8,5.1,283.6,113.1,25.0,28.9,356.5,222.9
9.8,5.1,283.5,113.1,24.9,28.9,363.5,223.3
9.8,5.1,284.1,113.1,25.0,29.0,361.9,223.0
9.8,5.1,283.6,113.1,25.0,28.9,360.4,223.1
9.8,5.1,285.0,112.4,24.9,28.9,362.8,222.8
9.8,5.1,283.6,113.1,24.9,28.8,360.6,222.6
9.8,5.1,284.9,112.4,24.9,28.8,362.2,222.8
9.8,5.1,284.9,113.1,24.9,28.9,362.9,222.5
9.8,5.1,283.9,112.4,24.9,28.9,362.2,222.1
9.8,5.1,283.6,112.4,24.9,28.8,362.8,222.6
9.8,5.1,285.6,112.4,24.9,28.8,361.0,223.0
9.8,5.1,284.6,113.1,24.9,28.9,357.7,222.5
9.8,5.1,284.3,113.1,24.9,28.8,362.4,222.2
9.7,5.0,284.5,112.4,24.9,28.9,361.8,221.9
9.8,5.0,284.2,112.4,24.9,28.8,362.2,218.1
9.7,5.0,284.5,111.7,24.9,28.8,362.3,218.1
9.7,5.1,283.6,111.7,24.8,28.7,360.7,218.0
9.7,5.1,283.8,111.7,24.9,28.7,362.4,218.2
9.7,5.1,284.1,111.7,24.8,28.7,361.6,218.7
9.7,5.1,283.6,111.7,24.8,28.7,364.0,218.6
9.7,5.1,284.8,111.7,24.8,28.6,360.8,218.7
9.7,5.1,283.9,111.7,24.8,28.7,355.6,218.7
9.7,5.1,283.4,111.7,24.8,28.7,355.1,219.0
9.7,5.1,285.0,112.4,24.9,28.7,361.1,218.9
9.7,5.1,285.0,111.7,24.9,28.7,364.3,219.0
9.8,5.1,283.9,111.7,24.8,28.7,361.5,218.3
9.7,5.1,284.1,111.7,24.8,28.6,361.6,218.0
9.7,5.1,284.2,111.7,24.8,28.7,361.9,217.6
9.7,5.1,283.9,111.7,24.8,28.7,361.2,217.6
9.7,5.1,283.1,111.7,24.8,28.6,363.3,217.5
9.7,5.1,283.1,111.7,24.8,28.6,363.1,217.7
9.8,5.1,284.3,111.7,24.8,28.6,360.6,217.8
9.8,5.1,285.0,111.7,24.8,28.6,356.8,217.9
9.8,5.1,283.9,111.7,24.8,28.6,363.6,217.9
9.8,5.1,284.1,111.7,24.8,28.6,360.8,217.8
9.8,5.1,283.9,111.7,24.8,28.6,361.6,217.7
9.7,5.1,284.7,111.7,24.8,28.7,360.4,217.7
9.8,5.1,283.8,111.7,24.7,28.6,361.1,217.7
9.7,5.1,284.6,111.7,24.8,28.5,362.0,217.6
9.8,5.1,284.0,111.7,24.8,28.5,361.9,217.5
9.8,5.1,283.3,111.7,24.7,28.6,360.7,217.3
9.8,5.1,283.0,111.7,24.7,28.5,359.9,216.9
9.7,5.1,283.5,111.0,24.7,28.5,362.0,216.2
9.7,5.1,283.8,111.0,24.7,28.5,356.1,216.1
9.8,5.1,283.9,111.7,24.7,28.5,355.5,216.0
9.8,5.1,283.1,111.7,24.8,28.6,362.9,215.9
9.8,5.1,282.5,111.7,24.8,28.6,363.0,215.5
9.7,5.1,283.1,111.7,24.7,28.5,362.3,215.7
9.8,5.1,283.2,111.0,24.7,28.5,362.6,215.6
9.8,5.1,282.7,111.0,24.6,28.5,360.7,215.4
9.7,5.1,282.9,111.0,24.7,28.5,361.5,215.6
9.7,5.1,283.5,111.0,24.6,28.5,362.5,215.8
9.7,5.1,283.4,111.0,24.7,28.5,362.3,216.1
9.7,5.1,283.6,111.7,24.7,28.5,354.5,216.5
9.8,5.1,283.6,111.7,24.7,28.5,359.9,216.1
9.8,5.1,284.1,111.7,24.8,28.6,362.0,215.1
9.8,5.1,282.7,111.0,24.7,28.6,360.2,215.1
9.8,5.1,284.2,111.0,24.7,28.5,363.3,215.2
9.8,5.2,282.9,111.0,24.7,28.6,359.8,215.1
9.8,5.2,283.0,111.0,24.7,28.5,362.1,215.3
9.8,5.2,283.0,111.0,24.6,28.5,361.8,215.5
9.8,5.2,283.4,111.0,24.7,28.5,360.1,215.5
9.8,5.2,283.2,111.0,24.6,28.5,355.3,215.7
9.8,5.2,282.6,111.7,24.6,28.5,362.1,216.1
9.8,5.2,283.2,111.0,24.8,28.6,361.6,216.0
9.8,5.2,283.5,111.0,24.7,28.5,361.0,216.2
9.8,5.2,283.5,111.0,24.6,28.5,362.0,216.9
9.8,5.2,283.7,111.0,24.6,28.5,363.7,217.1
9.8,5.2,282.4,111.0,24.6,28.5,360.9,217.5
9.8,5.2,304.6,111.0,24.6,28.5,363.4,222.3
9.8,5.5,309.4,109.6,24.6,28.1,451.4,226.2
9.8,5.4,309.4,109.6,24.6,28.0,452.3,227.1
9.9,5.5,309.4,110.3,24.6,28.0,453.1,230.1
9.9,5.4,309.4,110.3,24.6,28.0,452.7,232.9
10.0,5.4,309.4,111.0,24.6,28.0,445.8,234.7
10.0,5.4,309.4,111.0,24.6,28.1,456.2,237.5
10.0,5.4,309.4,111.0,24.6,28.1,452.2,237.6
10.0,5.4,309.4,111.0,24.6,28.1,452.3,240.0
10.0,5.4,309.4,111.0,24.5,28.1,454.4,240.1
10.1,5.4,309.4,111.0,24.5,28.1,455.4,242.7
10.1,5.4,309.4,111.0,24.5,28.0,454.1,245.5
10.2,5.4,309.4,111.7,24.5,28.1,454.5,245.6
10.2,5.4,309.4,111.7,24.5,28.1,452.9,245.8
10.2,5.4,309.4,111.7,24.5,28.1,452.3,246.6
10.3,5.4,309.4,111.7,24.5,28.1,452.0,247.5
10.3,5.4,309.4,111.7,24.5,28.1,453.5,248.8
10.3,5.4,309.4,111.7,24.4,28.1,454.2,248.5
10.3,5.4,309.4,111.7,24.4,28.1,453.9,247.9
10.3,5.4,309.4,111.7,24.4,28.1,455.1,247.4
10.3,5.4,309.4,111.7,24.4,28.1,454.1,249.8
10.3,5.4,309.4,112.4,24.5,28.1,455.6,250.3
10.4,5.4,309.4,112.4,24.4,28.1,452.7,250.1
10.3,5.4,309.4,112.4,24.4,28.1,453.6,250.3
10.3,5.4,309.4,112.4,24.4,28.1,446.4,249.7
10.3,5.4,309.4,112.4,24.5,28.2,453.4,249.8
10.3,5.4,309.4,112.4,24.6,28.2,452.6,250.1
10.4,5.5,309.4,112.4,24.5,28.2,453.9,250.3
10.3,5.4,309.4,112.4,24.5,28.2,455.0,251.6
10.3,5.4,309.4,112.4,24.5,28.2,451.7,254.2
10.4,5.4,309.4,113.1,24.5,28.3,455.4,254.9
10.3,5.4,309.4,113.1,24.5,28.3,453.9,253.6
10.4,5.4,309.4,113.1,24.5,28.3,450.8,254.5
10.4,5.4,309.4,112.4,24.5,28.3,453.8,253.4
10.4,5.4,309.4,112.4,24.5,28.2,453.3,253.1
10.3,5.4,309.4,113.1,24.5,28.2,454.8,253.1
10.4,5.4,309.4,112.4,24.5,28.2,452.6,255.5
10.4,5.4,309.4,113.1,24.5,28.2,453.4,256.8
10.4,5.4,309.4,113.1,24.5,28.2,453.1,257.4
10.4,5.4,309.4,113.1,24.5,28.3,452.9,257.2
10.4,5.4,309.4,113.1,24.5,28.2,453.8,251.2
10.4,5.5,309.4,112.4,24.5,28.3,453.1,251.7
10.4,5.5,309.4,112.4,24.5,28.2,446.1,251.6
10.4,5.5,309.4,113.1,24.5,28.3,445.8,251.8
10.3,5.6,309.4,113.1,24.6,28.3,454.9,252.0
10.4,5.5,309.4,113.1,24.6,28.3,452.9,251.5
10.4,5.5,309.4,112.4,24.6,28.3,453.2,251.3
10.4,5.5,309.4,113.1,24.6,28.3,454.0,251.2
10.3,5.5,309.4,112.4,24.5,28.3,453.5,250.7
10.4,5.5,309.4,112.4,24.6,28.3,455.2,249.5
10.3,5.4,309.4,112.4,24.6,28.3,453.1,248.9
10.2,5.4,309.4,112.4,24.6,28.3,452.4,248.4
10.2,5.4,309.4,112.4,24.6,28.2,454.2,249.3
10.2,5.3,309.4,112.4,24.6,28.3,455.0,249.6
10.2,5.4,309.4,112.4,24.5,28.2,455.2,249.5
10.2,5.4,309.4,112.4,24.6,28.2,454.9,250.2
10.3,5.4,309.4,112.4,24.6,28.2,455.8,250.4
10.2,5.3,309.4,112.4,24.5,28.2,452.9,250.7
10.2,5.3,309.4,112.4,24.5,28.2,455.3,251.1
10.2,5.3,309.4,112.4,24.6,28.2,457.0,251.2
10.2,5.3,309.4,112.4,24.6,28.2,454.9,251.3
10.2,5.3,309.4,112.4,24.6,28.3,456.7,251.4
10.2,5.3,309.4,112.4,24.5,28.2,454.7,251.3
10.2,5.3,309.4,112.4,24.6,28.3,454.2,251.4
10.2,5.3,309.4,112.4,24.6,28.3,456.1,251.3
10.2,5.3,309.4,112.4,24.6,28.2,455.1,251.6
10.2,5.3,309.4,112.4,24.5,28.2,456.6,251.7
10.2,5.3,309.4,112.4,24.6,28.2,453.3,251.6
10.2,5.3,309.4,112.4,24.6,28.3,454.8,251.7
10.2,5.3,309.4,112.4,24.6,28.2,455.7,251.3
10.1,5.3,309.4,112.4,24.6,28.3,455.2,251.4
10.2,5.3,309.4,112.4,24.6,28.3,456.3,251.5
10.1,5.3,309.4,112.4,24.6,28.2,455.1,251.8
10.1,5.3,309.4,112.4,24.6,28.3,454.9,251.5
10.1,5.3,309.4,112.4,24.6,28.3,456.8,251.3
10.2,5.3,309.4,112.4,24.6,28.3,452.9,251.6
10.1,5.3,309.4,112.4,24.6,28.3,456.3,251.3
10.1,5.3,309.4,112.4,24.6,28.3,455.9,251.0
10.0,5.3,309.4,112.4,24.6,28.3,454.1,250.8
10.1,5.3,309.3,112.4,24.6,28.3,454.7,250.9
10.0,5.3,309.4,112.4,24.6,28.3,457.4,250.8
10.0,5.3,309.4,112.4,24.6,28.2,456.3,251.0
10.1,5.2,309.4,112.4,24.6,28.3,456.3,251.3
10.1,5.3,309.4,112.4,24.6,28.3,455.5,251.3
10.0,5.2,309.4,112.4,24.6,28.2,453.5,251.2
10.0,5.2,309.4,112.4,24.6,28.3,455.4,250.5
10.0,5.2,309.4,112.4,24.6,28.3,456.9,250.5
10.0,5.2,309.4,112.4,24.6,28.2,455.5,250.7
10.0,5.2,309.4,112.4,24.6,28.2,453.9,250.9
10.0,5.2,309.4,112.4,24.6,28.2,454.3,250.6
10.0,5.2,309.4,112.4,24.6,28.2,455.9,250.7
10.0,5.2,309.4,112.4,24.6,28.2,453.4,250.6
10.0,5.2,309.4,112.4,24.6,28.2,455.7,251.0
10.0,5.2,309.4,112.4,24.6,28.2,456.8,250.8
10.0,5.2,309.4,112.4,24.6,28.3,453.3,251.0
10.0,5.2,309.4,112.4,24.6,28.2,454.8,251.9
10.0,5.2,309.4,112.4,24.6,28.3,451.9,252.1
10.0,5.2,309.4,112.4,24.6,28.3,450.8,252.8
10.0,5.2,309.4,113.1,24.7,28.4,449.4,253.2
10.0,5.2,309.4,113.1,24.7,28.4,442.4,253.6
10.0,5.2,309.4,113.8,24.8,28.5,442.6,253.8
10.0,5.2,309.4,113.8,24.9,28.6,451.4,253.6
10.0,5.2,309.4,113.8,24.9,28.6,448.0,253.6
10.0,5.2,309.4,113.8,24.9,28.5,451.1,253.9
10.0,5.2,309.4,113.8,24.9,28.6,450.5,253.8
10.0,5.2,309.4,113.8,24.9,28.6,448.5,253.2
10.0,5.2,309.4,113.8,24.9,28.6,450.9,253.2
10.0,5.2,309.4,113.8,24.9,28.6,451.2,253.3
10.0,5.2,309.4,113.8,25.0,28.7,444.4,253.7
10.0,5.2,309.4,114.5,25.0,28.7,449.0,253.6
10.0,5.2,309.4,114.5,25.0,28.7,449.8,253.4
9.9,5.2,309.4,113.8,25.0,28.7,448.2,253.6
10.0,5.2,309.4,114.5,25.0,28.7,449.9,253.7
10.0,5.2,309.4,113.8,25.0,28.7,449.7,253.7
9.9,5.2,309.4,113.8,25.0,28.7,450.3,254.1
10.0,5.2,309.4,114.5,25.0,28.7,442.4,252.8
10.0,5.2,309.4,114.5,25.1,28.8,450.6,252.4
9.9,5.2,309.4,114.5,25.1,28.9,450.6,252.0
10.0,5.2,309.4,114.5,25.1,28.8,451.0,252.0
9.9,5.2,309.4,114.5,25.1,28.8,451.9,252.0
9.9,5.2,309.4,114.5,25.1,28.8,449.9,251.5
9.9,5.2,309.4,114.5,25.1,28.8,449.6,251.3
9.9,5.2,309.4,114.5,25.2,28.8,452.1,251.4
10.0,5.2,309.4,114.5,25.2,28.9,442.0,250.9
9.9,5.2,309.4,114.5,25.2,28.9,450.9,250.0
9.9,5.2,309.4,114.5,25.3,28.9,451.2,249.8
9.9,5.2,309.4,114.5,25.3,28.9,450.7,250.1
9.9,5.2,309.4,114.5,25.3,28.9,449.7,250.8
10.0,5.2,309.4,115.1,25.3,29.0,450.8,251.5
10.0,5.2,309.4,115.1,25.3,29.0,449.0,250.2
9.8,5.2,309.4,115.1,25.3,29.0,443.1,250.1
9.9,5.2,309.4,115.1,25.4,29.0,449.4,249.8
9.9,5.2,309.4,115.1,25.3,29.0,451.1,249.1
9.9,5.2,309.4,115.1,25.4,29.0,449.0,249.6
9.9,5.2,309.4,115.1,25.4,29.0,451.6,249.7
9.9,5.2,309.4,115.1,25.4,29.0,450.4,249.9
9.9,5.2,309.4,115.1,25.4,29.0,448.6,250.7
9.9,5.2,309.4,115.1,25.4,29.0,448.9,250.7
9.9,5.2,309.4,115.1,25.4,29.0,442.5,250.6
9.9,5.2,309.4,115.8,25.4,29.1,442.8,251.1
10.0,5.2,309.4,115.8,25.5,29.1,446.0,250.4
9.9,5.2,309.4,115.1,25.5,29.2,450.9,249.8
9.9,5.2,309.4,115.1,25.4,29.0,448.2,250.4
9.9,5.2,309.4,115.8,25.5,29.1,448.2,250.4
9.9,5.2,309.4,115.8,25.5,29.1,450.0,250.6
9.9,5.2,309.4,115.8,25.5,29.2,442.9,250.3
10.0,5.2,309.4,115.8,25.5,29.2,454.0,250.4
10.0,5.2,309.4,115.8,25.6,29.2,451.0,247.6
9.9,5.2,309.4,113.8,25.1,29.0,452.5,247.3
10.0,5.2,309.4,112.4,24.8,28.5,446.2,245.8
9.9,5.2,309.4,112.4,24.7,28.4,447.7,245.1
10.0,5.2,309.4,111.0,24.5,28.2,446.4,245.4
10.0,5.2,309.4,110.3,24.3,28.1,447.4,243.8
9.9,5.2,309.4,110.3,24.3,28.0,438.8,243.7
10.0,5.2,309.4,110.3,24.2,27.9,436.2,243.4
10.0,5.2,309.4,110.3,24.1,27.8,447.1,243.9
9.9,5.2,309.4,110.3,24.1,27.8,448.3,244.9
9.9,5.2,309.4,110.3,24.1,27.9,445.9,245.5
10.0,5.2,309.4,111.0,24.3,27.9,448.9,245.8
10.0,5.2,309.4,111.0,24.3,27.9,438.4,246.4
10.0,5.2,309.4,111.0,24.3,28.0,435.7,246.3
10.0,5.2,309.4,110.3,24.3,28.0,445.6,246.7
10.0,5.2,309.4,111.0,24.3,28.0,446.5,247.6
10.0,5.2,309.4,111.0,24.3,27.9,444.8,247.1
10.0,5.2,309.4,111.0,24.3,28.0,446.6,247.1
10.0,5.2,309.4,111.7,24.3,28.0,438.5,245.9
9.9,5.2,309.4,111.0,24.3,28.0,447.2,244.6
9.9,5.2,309.4,110.3,24.2,27.9,446.5,244.5
10.0,5.2,309.4,111.0,24.2,27.9,446.1,244.3
10.0,5.2,309.4,110.3,24.3,27.9,446.3,243.8
10.0,5.2,309.4,111.0,24.3,28.0,444.6,244.4
10.0,5.2,309.4,111.0,24.3,28.0,437.8,243.8
10.0,5.2,309.4,110.3,24.3,28.0,447.4,242.9
10.0,5.2,309.4,110.3,24.2,27.9,447.0,242.5
9.9,5.2,309.4,111.0,24.3,27.9,447.1,242.4
9.9,5.2,309.4,111.0,24.4,27.9,446.9,242.4
10.0,5.2,309.4,111.0,24.4,28.0,438.2,241.9
10.0,5.2,309.4,111.0,24.3,28.0,446.0,241.4
10.0,5.2,309.4,110.3,24.3,27.9,446.8,241.4
9.9,5.2,309.4,110.3,24.3,27.9,445.7,241.4
9.9,5.2,309.4,111.0,24.3,27.9,445.7,241.0
9.9,5.2,309.4,111.0,24.4,28.0,436.6,240.5
9.9,5.2,309.4,110.3,24.3,28.0,447.0,240.1
9.9,5.2,309.4,110.3,24.3,27.9,447.7,240.8
10.0,5.2,309.4,111.0,24.3,27.9,444.6,240.8
10.0,5.2,309.4,111.0,24.4,28.0,446.6,241.7
9.9,5.2,309.4,111.0,24.4,28.1,438.0,242.0
9.9,5.2,309.4,111.0,24.4,28.1,443.8,241.7
9.9,5.2,309.4,110.3,24.3,28.0,445.2,242.3
9.9,5.2,309.4,111.0,24.3,28.0,446.4,242.7
9.9,5.2,309.4,111.0,24.4,28.0,446.7,243.1
9.9,5.2,309.4,111.0,24.4,28.0,447.6,243.6
9.9,5.2,309.4,111.0,24.4,28.0,437.7,243.9
9.9,5.2,309.4,111.0,24.4,28.1,446.9,243.9
9.9,5.2,309.4,111.0,24.4,28.0,447.4,243.4
9.9,5.2,309.4,111.0,24.4,28.0,446.7,243.5
9.9,5.2,309.4,111.0,24.4,28.0,446.0,243.4
9.9,5.2,309.4,111.0,24.4,28.1,435.9,243.4
9.9,5.2,309.4,111.0,24.4,28.1,435.7,242.7
9.9,5.2,309.4,111.0,24.4,28.1,447.8,242.1
9.9,5.1,309.4,111.0,24.4,28.0,444.8,241.9
9.9,5.2,309.4,111.0,24.4,28.1,445.5,241.6
9.9,5.2,309.4,111.0,24.5,28.1,443.5,241.3
9.9,5.2,309.4,111.7,24.5,28.1,437.1,241.5
9.9,5.2,309.4,111.7,24.5,28.1,436.8,241.2
9.9,5.2,309.4,111.0,24.5,28.1,447.2,241.5
9.9,5.2,309.4,111.0,24.5,28.1,445.3,241.7
9.9,5.2,309.4,111.0,24.5,28.1,444.4,242.3
9.9,5.2,309.4,111.7,24.6,28.1,435.8,242.4
9.9,5.2,309.4,111.7,24.6,28.2,435.5,242.0
9.9,5.2,309.4,111.0,24.5,28.2,447.8,242.0
9.9,5.2,309.4,111.0,24.6,28.2,447.7,242.4
9.9,5.2,309.4,111.7,24.6,28.1,445.8,242.3
9.9,5.2,309.4,111.7,24.6,28.2,447.6,242.6
9.9,5.2,309.4,111.7,24.6,28.2,437.3,242.6
9.9,5.2,309.4,111.7,24.6,28.2,436.6,241.9
9.9,5.2,309.4,111.7,24.6,28.2,449.7,242.0
9.9,5.2,309.4,111.7,24.6,28.2,446.7,242.4
9.9,5.2,309.3,111.7,24.6,28.2,444.4,242.4
9.9,5.2,309.4,111.7,24.6,28.2,437.9,242.5
9.9,5.2,309.4,112.4,24.6,28.3,449.4,241.9
9.9,5.2,309.4,111.7,24.6,28.2,445.3,242.0
9.9,5.2,309.4,111.7,24.6,28.2,448.0,242.1
9.9,5.2,309.4,111.7,24.6,28.3,445.6,242.8
9.9,5.2,309.4,112.4,24.7,28.3,443.9,243.1
9.9,5.2,309.3,112.4,24.7,28.3,435.6,242.8
9.9,5.2,309.4,111.7,24.6,28.4,448.7,242.9
9.9,5.2,309.4,111.7,24.7,28.3,446.5,242.9
9.9,5.2,309.4,112.4,24.7,28.3,447.1,242.5
9.9,5.2,309.4,112.4,24.8,28.3,446.2,242.1
9.9,5.2,309.4,112.4,24.8,28.4,436.0,242.0
9.9,5.2,309.4,111.7,24.7,28.4,447.0,241.9
9.9,5.2,309.4,111.7,24.6,28.3,446.8,241.9
9.9,5.2,309.4,111.7,24.6,28.3,444.6,241.7
9.9,5.2,309.4,111.7,24.7,28.3,448.7,242.1
9.9,5.2,309.4,112.4,24.7,28.4,435.4,242.3
9.9,5.3,309.4,112.4,24.7,28.4,448.1,242.0
9.9,5.2,309.4,111.7,24.6,28.3,446.3,242.3
10.0,5.2,309.4,111.7,24.6,28.2,445.5,242.0
10.0,5.3,309.3,111.7,24.6,28.3,447.6,242.3
9.9,5.2,309.4,112.4,24.7,28.3,436.6,242.5
9.9,5.2,309.4,111.7,24.7,28.4,438.5,242.1
9.9,5.2,309.4,111.7,24.6,28.3,446.8,242.3
9.9,5.2,309.4,111.7,24.6,28.2,444.3,242.5
9.9,5.2,309.4,111.7,24.7,28.3,448.5,243.1
9.9,5.2,309.4,111.7,24.6,28.2,445.4,243.6
9.9,5.2,309.4,112.4,24.7,28.4,437.8,242.9
9.9,5.2,309.4,111.7,24.7,28.4,445.7,242.9
9.9,5.2,309.4,111.7,24.6,28.3,447.7,243.2
9.9,5.2,309.4,111.7,24.7,28.2,446.7,242.8
9.9,5.2,309.4,111.7,24.7,28.3,446.9,242.6
9.9,5.2,309.4,111.7,24.6,28.4,438.3,242.0
9.8,5.2,309.4,111.7,24.6,28.3,448.7,242.3
9.8,5.2,309.4,111.7,24.6,28.2,447.1,243.0
9.8,5.2,309.4,111.7,24.6,28.2,445.3,243.3
9.9,5.2,309.4,111.7,24.6,28.3,444.0,244.1
9.9,5.2,309.4,111.7,24.6,28.3,436.1,245.8
10.0,5.2,309.4,111.7,24.6,28.4,446.7,245.3
9.9,5.2,309.4,111.7,24.6,28.2,446.1,245.3
9.9,5.2,309.4,111.7,24.6,28.2,447.1,245.1
9.9,5.2,309.3,111.7,24.6,28.2,447.8,245.2
9.9,5.2,309.4,111.7,24.6,28.2,437.0,244.9
9.9,5.2,309.3,112.4,24.6,28.3,437.6,244.4
9.9,5.2,309.4,111.7,24.6,28.3,445.7,244.3
9.9,5.2,309.4,111.7,24.5,28.2,445.6,244.7
9.9,5.2,309.3,111.7,24.6,28.2,448.2,244.5
9.9,5.2,309.4,111.7,24.6,28.2,448.7,244.5
9.9,5.2,309.4,111.7,24.6,28.3,436.9,244.4
9.9,5.2,309.4,111.7,24.6,28.3,436.6,243.7
9.9,5.2,309.4,111.7,24.5,28.2,445.3,243.4
9.8,5.2,309.4,111.7,24.6,28.2,447.6,243.9
9.9,5.2,309.4,111.7,24.5,28.2,448.1,244.0
9.9,5.2,309.4,111.7,24.6,28.2,436.6,244.4
9.9,5.2,309.4,111.7,24.6,28.3,437.2,243.7
9.9,5.2,309.4,111.7,24.5,28.2,446.9,243.7
9.9,5.2,309.4,111.7,24.6,28.2,444.8,242.9
9.9,5.2,309.4,111.7,24.6,28.2,450.1,243.6
9.9,5.2,309.4,111.7,24.6,28.2,448.1,244.1
9.9,5.2,309.4,111.7,24.6,28.3,437.4,244.3
9.9,5.2,309.4,111.7,24.6,28.3,444.6,244.0
9.9,5.2,309.4,111.0,24.5,28.2,447.9,244.3
9.9,5.2,309.3,111.7,24.6,28.2,447.4,244.6
9.9,5.2,309.4,111.7,24.6,28.2,446.7,244.6
9.9,5.2,309.4,111.7,24.6,28.2,446.2,244.9
9.9,5.2,309.3,111.7,24.6,28.3,436.3,244.5
9.9,5.2,309.4,111.0,24.6,28.2,446.9,244.4
9.9,5.2,309.4,111.7,24.5,28.2,448.4,244.6
9.9,5.2,309.4,111.0,24.5,28.1,447.0,244.7
9.8,5.2,309.4,111.7,24.6,28.2,448.6,244.8
9.9,5.2,309.4,112.4,24.6,28.2,439.9,244.7
9.9,5.2,309.4,112.4,24.7,28.4,434.4,244.5
9.9,5.2,309.4,111.7,24.6,28.2,447.2,244.0
9.9,5.2,309.4,111.7,24.6,28.3,445.8,244.0
9.9,5.2,309.4,111.7,24.6,28.3,446.9,243.7
9.9,5.2,309.4,111.7,24.7,28.3,447.3,243.9
9.9,5.2,309.4,112.4,24.7,28.3,438.5,244.0
9.9,5.2,309.4,111.7,24.6,28.3,447.6,243.5
10.0,5.2,309.4,111.7,24.6,28.3,445.1,243.8
9.9,5.2,309.4,111.7,24.6,28.2,447.2,243.6
9.9,5.2,309.4,112.4,24.7,28.3,446.5,244.0
9.9,5.2,309.4,112.4,24.8,28.3,437.4,244.4
9.9,5.2,309.4,112.4,24.8,28.4,437.2,244.1
9.9,5.2,309.4,111.7,24.8,28.4,447.2,244.3
9.9,5.2,309.4,112.4,24.8,28.4,447.3,244.5
9.9,5.2,309.4,112.4,24.8,28.4,447.2,245.1
9.9,5.2,309.4,112.4,24.8,28.4,440.3,245.5
10.0,5.2,309.4,112.4,24.9,28.5,437.8,245.1
10.0,5.2,309.4,112.4,24.8,28.5,448.1,245.3
9.9,5.2,309.4,112.4,24.8,28.4,445.7,245.2
10.0,5.2,309.4,112.4,24.8,28.5,448.2,245.4
10.0,5.3,309.4,112.4,24.9,28.5,445.9,245.5
9.9,5.2,309.4,113.1,24.9,28.5,437.9,245.4
9.9,5.2,309.4,112.4,24.9,28.5,448.0,245.3
9.9,5.2,309.4,112.4,24.9,28.5,446.3,245.5
10.0,5.2,309.4,112.4,24.9,28.5,447.0,245.9
10.0,5.3,309.4,113.1,24.9,28.5,437.6,246.6
10.0,5.3,309.4,113.1,24.9,28.6,438.9,246.0
10.0,5.3,309.3,112.4,24.9,28.5,447.9,245.9
10.0,5.3,309.4,112.4,24.9,28.5,448.9,245.8
10.0,5.2,309.4,113.1,24.9,28.5,448.4,245.5
10.0,5.3,309.4,113.1,25.0,28.5,438.0,245.3
9.9,5.3,309.4,113.1,24.9,28.6,442.2,245.1
10.0,5.3,309.4,112.4,24.9,28.5,446.7,244.9
10.0,5.3,309.4,112.4,24.9,28.5,446.5,244.9
10.0,5.3,309.3,113.1,24.9,28.5,446.9,244.9
10.0,5.3,309.3,113.1,24.9,28.6,437.3,244.7
10.0,5.3,309.4,113.1,24.9,28.6,447.5,244.5
10.0,5.3,309.4,112.4,24.9,28.6,447.9,244.2
10.0,5.2,309.4,112.4,24.9,28.5,446.6,244.3
10.0,5.3,309.4,113.1,24.9,28.5,447.7,244.7
10.0,5.3,309.4,113.1,24.9,28.6,438.1,244.7
10.0,5.3,309.4,113.1,24.9,28.6,448.0,245.6
10.0,5.3,309.4,113.1,24.9,28.6,447.7,245.8
10.0,5.3,309.4,113.1,24.9,28.6,445.7,246.6
10.0,5.3,309.4,113.1,25.0,28.6,446.9,247.2
10.0,5.3,309.4,113.8,25.0,28.7,436.9,247.5
10.0,5.3,309.4,113.8,25.0,28.7,448.9,250.3
10.0,5.3,309.4,113.8,25.0,28.6,446.2,250.2
10.0,5.3,309.4,113.8,25.0,28.7,447.2,250.1
10.0,5.3,309.4,113.8,25.0,28.7,446.1,251.7
10.1,5.3,309.3,114.5,25.0,28.7,437.2,250.9
10.1,5.3,309.4,113.8,25.0,28.8,438.9,250.6
10.0,5.3,309.4,113.8,25.0,28.7,447.0,250.8
10.0,5.3,309.3,113.8,25.0,28.7,446.8,251.0
10.0,5.2,309.4,113.8,25.1,28.7,445.5,251.4
10.1,5.3,309.4,114.5,25.1,28.8,438.7,251.6
10.0,5.3,309.4,114.5,25.1,28.9,439.7,250.4
10.0,5.3,309.4,113.8,25.1,28.8,447.6,250.0
10.0,5.3,309.4,114.5,25.1,28.8,447.1,250.0
10.0,5.3,309.4,114.5,25.2,28.9,449.1,250.0
10.1,5.3,309.4,114.5,25.2,28.9,447.1,249.8
10.1,5.3,309.4,114.5,25.2,29.0,437.6,249.8
10.1,5.3,309.4,114.5,25.2,29.0,448.7,250.0
10.1,5.3,309.4,114.5,25.1,28.9,446.5,250.6
10.1,5.3,309.4,114.5,25.2,28.9,447.5,250.5
10.0,5.3,309.4,114.5,25.3,28.9,445.6,250.8
10.0,5.3,309.4,115.1,25.3,28.9,436.7,250.6
10.1,5.3,309.4,115.1,25.3,29.0,437.4,250.4
10.1,5.3,309.4,114.5,25.3,29.0,445.9,250.2
10.0,5.3,309.4,114.5,25.3,29.0,447.4,250.4
10.1,5.3,309.4,115.1,25.4,29.0,448.1,250.4
10.1,5.3,309.4,115.1,25.4,29.0,448.4,250.5
10.0,5.3,309.4,115.1,25.4,29.0,435.7,250.2
10.1,5.3,281.6,115.1,25.3,29.1,415.3,250.2
10.1,5.3,278.5,115.1,25.3,29.1,415.3,231.2
10.0,5.3,309.4,117.9,26.0,30.1,353.3,231.2
10.0,5.3,309.4,117.9,26.0,30.1,435.1,175.9
10.0,5.3,309.4,117.9,26.0,30.1,438.2,231.2
10.0,5.3,309.4,117.9,26.0,30.1,422.6,231.2
10.0,5.3,309.4,117.9,26.0,30.1,422.4,147.8
9.8,5.3,309.3,107.6,26.1,27.9,438.2,168.4
9.9,5.3,309.4,110.3,26.3,28.4,412.9,181.4
10.1,5.3,281.8,112.4,26.3,28.9,380.0,198.9
10.3,5.3,282.5,113.8,26.3,29.2,386.2,218.8
10.4,5.3,282.3,115.8,26.3,29.5,396.7,221.4
10.3,5.7,282.9,115.1,26.0,29.6,397.9,220.7
10.3,5.6,280.7,113.8,25.8,29.4,391.1,225.2
10.4,5.6,281.5,114.5,25.6,29.2,386.5,232.6
10.5,5.6,281.7,114.5,25.4,29.2,396.7,238.7
10.8,5.6,281.6,115.1,25.3,29.1,396.2,245.6
10.8,5.7,281.9,115.1,25.3,29.1,397.6,250.5
11.0,5.7,281.2,116.5,25.3,29.2,388.9,251.0
11.1,5.8,282.0,116.5,25.3,29.3,387.8,250.4
11.0,5.7,281.5,115.8,25.3,29.3,396.5,249.1
11.0,5.7,282.2,115.8,25.3,29.2,400.5,249.7
11.0,5.7,281.2,115.8,25.3,29.3,397.4,252.6
11.0,5.7,281.3,117.2,25.4,29.4,387.8,251.1
11.0,5.7,281.6,116.5,25.4,29.5,397.0,251.2
11.0,5.7,281.2,116.5,25.4,29.4,396.8,249.2
11.0,5.7,282.5,116.5,25.4,29.4,398.3,249.5
10.9,5.7,281.4,116.5,25.5,29.5,387.7,249.0
10.8,5.6,281.0,117.2,25.5,29.5,388.1,246.7
10.8,5.6,281.7,116.5,25.5,29.5,396.5,248.3
10.7,5.5,281.6,116.5,25.5,29.5,396.1,247.5
10.7,5.5,281.9,117.2,25.6,29.5,395.9,247.5
10.6,5.4,282.1,117.2,25.6,29.5,386.7,246.2
10.6,5.4,281.0,117.2,25.6,29.6,388.4,245.5
10.5,5.4,281.4,116.5,25.6,29.6,397.2,246.6
10.5,5.3,281.7,116.5,25.6,29.5,396.9,246.1
10.5,5.3,281.5,116.5,25.6,29.5,397.9,246.6
10.4,5.3,280.8,117.2,25.7,29.6,389.5,246.8
10.4,5.3,281.6,117.2,25.7,29.6,387.7,245.5
10.4,5.3,280.8,116.5,25.7,29.6,397.1,245.5
10.4,5.2,281.2,116.5,25.7,29.6,396.7,245.1
10.3,5.2,281.1,117.2,25.8,29.6,390.0,245.6
10.3,5.2,281.0,117.2,25.7,29.7,388.0,243.2
10.3,5.1,281.0,116.5,25.8,29.7,397.1,242.1
10.2,5.1,281.0,116.5,25.8,29.6,396.9,243.6
10.2,5.1,282.6,117.2,25.8,29.6,390.7,243.7
10.1,5.1,282.7,117.2,25.8,29.7,389.0,231.2
10.0,5.3,273.9,117.2,26.0,30.1,415.3,231.2
9.8,5.3,280.9,117.9,25.9,26.2,370.8,231.2
10.0,5.3,282.9,117.9,26.0,26.3,387.0,231.2
10.1,5.3,282.1,99.3,26.0,26.6,387.9,231.2
10.4,5.3,280.4,102.0,25.9,27.1,397.2,231.2
10.4,5.3,280.7,105.5,25.8,27.5,397.9,171.8
10.4,5.3,277.8,109.6,25.8,28.2,396.5,183.8
10.3,5.3,276.9,111.0,25.8,28.5,397.5,193.4
10.3,5.3,277.4,111.7,25.8,28.7,388.8,203.5
10.3,5.3,276.6,112.4,25.7,28.9,397.5,213.2
10.3,5.8,277.1,113.1,25.7,29.0,396.2,223.2
10.5,5.8,277.9,114.5,25.7,29.1,397.7,233.5
10.7,5.7,277.5,115.8,25.7,29.3,397.4,240.7
10.9,5.7,277.9,117.9,25.8,29.5,388.7,252.1
11.2,5.8,277.6,118.6,25.8,29.7,398.1,254.9
10.0,5.3,277.9,118.6,25.7,29.8,395.1,256.3
10.0,5.3,278.0,119.3,25.8,29.9,397.2,256.8
10.0,5.3,277.7,120.0,25.8,30.0,397.0,257.4
10.0,5.3,277.2,120.0,25.9,30.1,389.0,257.2
10.0,5.3,277.5,120.0,25.9,30.1,396.4,257.0
10.0,5.3,278.8,119.3,25.9,30.0,397.0,256.9
10.0,5.3,279.3,120.0,25.9,30.0,398.0,256.4
10.0,5.3,278.0,120.0,26.0,30.1,387.8,256.0
10.0,5.3,277.8,120.0,26.0,30.1,390.4,254.9
11.3,5.3,277.7,119.3,26.0,30.1,395.2,255.6
11.2,5.8,278.2,119.3,25.9,30.1,398.0,256.6
11.0,5.6,277.1,120.0,26.0,30.1,396.5,257.2
11.0,5.6,276.5,120.0,26.0,30.1,387.3,256.5
10.9,5.5,275.9,120.0,26.1,30.2,398.6,255.8
10.8,5.5,276.3,119.3,26.0,30.1,396.1,255.7
10.8,5.4,277.2,119.3,26.0,30.1,396.1,255.6
10.8,5.4,276.8,120.0,26.0,30.1,387.7,255.2
10.8,5.4,277.7,120.0,26.1,30.2,388.2,254.6
10.8,5.4,277.6,119.3,26.1,30.2,397.5,254.4
10.8,5.4,277.4,120.0,26.1,30.1,397.6,254.4
10.8,5.4,276.6,120.0,26.1,30.2,396.2,254.3
10.8,5.4,274.5,120.0,26.1,30.2,388.4,254.3
10.8,5.3,272.6,120.0,26.1,30.3,389.8,253.1
10.7,5.3,274.8,120.0,26.2,30.3,398.5,253.0
10.6,5.3,272.4,120.0,26.1,30.2,397.0,254.2
10.5,5.2,276.5,120.0,26.1,30.2,395.7,255.2
10.5,5.2,270.8,120.0,26.3,30.2,387.6,254.3
10.5,5.2,275.5,120.0,26.3,30.4,386.1,253.7
10.5,5.1,275.4,120.0,26.3,30.2,398.0,253.3
10.4,5.1,275.6,120.0,26.2,30.2,397.8,253.1
10.4,5.1,264.6,120.0,26.3,30.3,396.4,252.3
10.4,5.0,274.0,120.7,26.3,30.4,387.3,250.3
10.4,5.0,272.4,120.0,26.3,30.4,388.4,249.2
10.4,5.0,264.9,119.3,26.3,30.3,396.9,248.5
10.3,5.1,262.8,120.0,26.3,30.3,397.1,247.8
10.3,5.1,259.0,120.0,26.3,30.3,394.3,247.2
10.3,5.0,275.1,120.0,26.4,30.3,389.5,248.1
10.3,5.2,292.8,120.0,26.4,30.4,397.5,253.9
10.4,5.5,308.3,119.3,26.4,30.2,446.6,255.7
10.4,5.5,309.4,120.0,26.5,30.1,443.7,256.6
10.5,5.6,309.3,120.0,26.5,30.1,446.7,256.9
10.5,5.6,309.2,120.0,26.5,30.2,436.5,256.7
10.4,5.6,309.4,120.7,26.5,30.2,436.7,255.7
10.4,5.5,309.4,120.0,26.5,30.2,444.7,254.6
10.3,5.5,309.4,119.3,26.5,30.1,444.5,254.7
10.4,5.5,309.4,119.3,26.4,30.1,445.3,254.8
10.3,5.5,309.4,120.0,26.5,30.1,445.1,254.3
10.3,5.5,309.3,120.0,26.5,30.1,435.5,254.2
10.3,5.5,309.4,120.0,26.5,30.2,443.7,256.7
10.3,5.4,309.4,120.0,26.5,30.2,444.4,256.7
10.3,5.4,309.3,120.0,26.5,30.2,446.4,256.1
10.3,5.4,309.4,120.0,26.5,30.2,445.7,256.6
10.3,5.4,309.4,120.0,26.4,30.1,446.4,256.8
10.3,5.5,309.4,120.0,26.5,30.1,435.7,257.0
10.4,5.5,309.4,120.0,26.4,30.2,435.8,257.4
10.4,5.5,309.3,120.0,26.4,30.1,446.0,258.3
10.5,5.6,309.4,120.0,26.4,30.1,445.6,258.6
10.4,5.6,309.3,120.0,26.5,30.2,444.6,258.8
10.4,5.5,309.4,120.0,26.5,30.2,445.5,259.0
10.4,5.6,309.4,120.0,26.4,30.2,436.1,258.6
10.4,5.5,309.4,120.0,26.4,30.2,443.0,258.1
10.4,5.5,309.4,120.0,26.4,30.2,444.4,258.0
10.4,5.6,309.3,120.0,26.4,30.1,445.4,256.5
10.4,5.6,309.4,120.0,26.5,30.1,446.1,255.9
10.5,5.6,309.4,120.0,26.5,30.1,435.4,255.8
10.5,5.6,309.4,120.0,26.4,30.2,436.1,255.4
10.5,5.6,309.4,119.3,26.4,30.1,446.4,255.3
10.5,5.6,309.4,119.3,26.4,30.1,445.8,256.1
10.5,5.7,309.4,120.0,26.4,30.1,446.4,256.6
10.5,5.6,309.4,120.0,26.4,30.1,444.2,257.2
10.5,5.6,309.4,120.0,26.4,30.1,436.2,257.9
10.5,5.6,309.4,120.0,26.4,30.2,435.3,258.5
10.5,5.6,309.4,119.3,26.4,30.1,446.2,258.8
10.5,5.6,309.4,119.3,26.4,30.1,446.7,259.1
10.5,5.7,309.4,119.3,26.4,30.1,445.0,259.0
10.5,5.7,309.4,120.0,26.4,30.1,446.4,258.6
10.5,5.6,309.4,120.0,26.4,30.1,438.1,258.4
10.5,5.7,309.4,120.0,26.4,30.1,436.2,257.4
10.5,5.6,309.4,119.3,26.4,30.1,444.8,257.3
10.5,5.7,309.4,119.3,26.4,30.1,446.7,256.0
10.5,5.7,309.4,119.3,26.3,30.0,446.0,256.1
10.5,5.7,309.4,119.3,26.4,30.0,446.5,255.6
10.5,5.7,309.4,120.0,26.4,30.1,437.4,255.1
10.5,5.7,309.4,120.0,26.4,30.1,445.5,254.3
10.6,5.7,309.4,119.3,26.4,30.1,445.8,254.8
10.6,5.7,309.4,119.3,26.3,30.0,445.4,255.6
10.5,5.7,309.4,119.3,26.4,30.0,444.7,256.0
10.6,5.7,309.3,120.0,26.4,30.1,436.3,256.2
10.5,5.7,309.4,120.0,26.4,30.1,436.0,255.5
10.6,5.7,309.4,119.3,26.3,30.1,443.5,255.8
10.6,5.7,309.3,119.3,26.4,30.1,446.2,256.0
10.6,5.7,309.3,119.3,26.3,30.0,446.2,255.8
10.6,5.7,309.4,119.3,26.4,30.0,446.9,255.6
10.5,5.7,309.4,120.0,26.4,30.1,436.4,255.4
10.5,5.7,309.4,119.3,26.3,30.1,444.2,254.2
10.6,5.7,309.4,118.6,26.3,30.0,443.7,254.0
10.6,5.7,309.4,119.3,26.3,30.0,447.2,254.2
10.6,5.7,309.4,119.3,26.4,30.0,446.0,253.7
10.6,5.7,309.4,119.3,26.4,30.0,437.4,254.5
10.5,5.7,309.4,119.3,26.4,30.1,436.7,254.8
10.6,5.8,309.4,119.3,26.3,30.1,443.1,254.9
10.5,5.7,309.4,119.3,26.3,30.0,446.9,255.4
10.6,5.7,309.4,119.3,26.3,30.0,445.7,256.0
10.6,5.7,309.4,119.3,26.3,30.0,445.9,256.6
10.6,5.7,309.4,119.3,26.3,30.0,435.3,255.6
10.6,5.7,309.4,119.3,26.3,30.1,434.9,255.2
10.6,5.7,309.4,119.3,26.3,30.0,445.1,255.3
10.6,5.8,309.4,119.3,26.3,30.0,446.1,256.1
10.7,5.8,309.3,119.3,26.3,30.0,445.9,255.7
10.7,5.8,309.4,119.3,26.3,30.0,445.6,255.3
10.7,5.8,309.4,120.0,26.3,30.0,435.7,254.2
10.6,5.7,309.4,119.3,26.3,30.1,446.9,254.9
10.6,5.7,309.4,119.3,26.3,30.0,444.8,254.6
10.7,5.8,309.4,119.3,26.3,30.0,445.9,254.8
10.7,5.7,309.4,119.3,26.3,30.0,445.4,255.1
10.7,5.8,309.4,119.3,26.3,30.0,437.4,255.2
10.6,5.7,309.4,119.3,26.3,30.0,435.4,255.6
10.6,5.7,309.4,118.6,26.2,30.0,444.6,255.9
10.6,5.7,309.4,118.6,26.2,30.0,444.7,255.8
10.6,5.7,309.4,118.6,26.3,30.0,445.6,255.8
10.7,5.8,309.4,119.3,26.2,29.9,444.8,256.1
10.7,5.8,309.4,119.3,26.3,30.0,437.4,255.5
10.7,5.7,309.4,119.3,26.3,30.0,435.6,254.8
10.6,5.7,309.4,118.6,26.2,30.0,445.4,254.4
10.6,5.7,309.4,118.6,26.2,29.9,446.7,255.1
10.7,5.8,309.4,118.6,26.2,30.0,444.5,254.6
10.6,5.7,309.4,118.6,26.2,29.9,445.2,255.6
10.6,5.8,309.4,119.3,26.2,30.0,438.5,255.8
10.7,5.8,309.4,119.3,26.3,30.0,446.4,256.1
10.6,5.8,309.4,118.6,26.1,29.9,445.3,256.9
10.6,5.7,309.4,118.6,26.2,30.0,447.9,256.5
10.6,5.7,309.4,118.6,26.2,30.0,443.9,256.8
10.6,5.8,309.4,118.6,26.3,29.9,441.2,256.8
10.6,5.7,309.4,119.3,26.3,30.0,437.0,256.5
10.6,5.7,309.4,118.6,26.2,30.0,447.8,256.7
10.6,5.8,309.4,118.6,26.2,29.9,445.8,257.3
10.6,5.7,309.4,118.6,26.2,29.9,442.8,256.9
10.6,5.7,309.4,119.3,26.3,30.0,446.5,257.0
10.7,5.8,309.4,119.3,26.3,30.0,438.5,256.0
10.6,5.7,309.3,118.6,26.2,30.0,446.2,255.8
10.6,5.7,309.4,118.6,26.1,29.9,446.6,255.3
10.6,5.7,309.4,118.6,26.3,29.9,444.8,255.2
10.6,5.7,309.3,118.6,26.1,29.9,446.2,255.8
10.6,5.7,309.4,119.3,26.2,29.9,437.6,255.4
10.6,5.7,309.4,119.3,26.2,30.0,436.5,255.0
10.7,5.8,309.4,118.6,26.2,29.9,442.1,255.4
10.6,5.8,309.4,118.6,26.1,29.9,444.8,256.5
10.7,5.7,309.4,118.6,26.1,29.9,446.4,256.3
10.6,5.7,309.4,118.6,26.2,29.9,446.3,256.6
10.7,5.8,309.4,119.3,26.2,30.0,436.4,256.5
10.7,5.7,309.4,118.6,26.1,30.0,445.4,256.3
10.7,5.7,309.4,118.6,26.2,29.9,445.9,256.6
10.6,5.7,309.4,118.6,26.2,29.9,447.0,256.6
10.6,5.7,309.4,118.6,26.1,29.9,445.4,256.7
10.6,5.7,309.4,118.6,26.3,29.9,435.6,257.2
10.7,5.8,309.4,119.3,26.2,30.0,435.6,256.3
10.7,5.8,309.4,118.6,26.2,30.0,445.1,256.2
10.7,5.7,309.4,118.6,26.2,30.0,445.4,255.9
10.6,5.7,309.4,119.3,26.3,29.9,447.7,257.3
10.7,5.7,309.4,119.3,26.2,29.9,447.4,258.4
10.7,5.7,309.4,119.3,26.2,30.0,436.0,258.4
10.7,5.7,309.4,119.3,26.2,30.0,447.6,258.5
10.6,5.7,309.4,119.3,26.2,30.0,446.8,258.6
10.7,5.7,309.4,119.3,26.1,29.9,445.4,258.6
10.7,5.7,309.4,119.3,26.2,30.0,446.5,258.6
10.7,5.7,309.4,119.3,26.2,30.0,448.4,259.2
10.7,5.7,309.4,119.3,26.2,30.0,435.9,259.1
10.7,5.7,309.4,119.3,26.2,30.0,447.0,257.8
10.7,5.7,309.4,118.6,26.2,30.0,445.8,258.3
10.7,5.7,309.4,118.6,26.1,29.9,445.0,258.0
10.7,5.7,309.4,118.6,26.1,29.9,446.8,258.2
10.7,5.7,309.3,119.3,26.2,29.9,438.2,257.9
10.7,5.7,309.3,119.3,26.2,30.0,435.8,258.1
10.7,5.8,309.4,118.6,26.1,30.0,445.7,258.1
10.7,5.8,309.4,119.3,26.2,29.9,446.2,258.0
10.7,5.8,309.4,118.6,26.1,29.9,442.9,257.2
10.7,5.8,309.4,118.6,26.1,29.9,448.1,257.2
10.7,5.7,309.4,119.3,26.2,30.0,435.7,256.8
10.7,5.7,309.4,119.3,26.2,30.0,447.4,256.4
10.6,5.7,309.4,118.6,26.2,30.0,446.4,256.1
10.6,5.7,309.4,118.6,26.1,29.9,445.5,256.6
10.7,5.7,309.4,118.6,26.2,29.9,446.8,257.5
10.7,5.8,309.4,119.3,26.1,29.9,438.9,258.4
10.7,5.8,309.4,119.3,26.2,30.0,435.8,257.7
10.7,5.7,309.4,118.6,26.1,30.0,444.2,258.2
10.7,5.7,309.4,119.3,26.2,29.9,446.2,257.9
10.7,5.8,309.3,118.6,26.1,29.9,446.9,258.3
10.7,5.8,309.3,119.3,26.2,29.9,434.7,258.4
10.7,5.7,309.4,119.3,26.2,30.0,437.1,257.8
10.7,5.7,309.4,118.6,26.2,30.0,448.0,257.7
10.7,5.7,309.4,118.6,26.1,29.9,446.9,257.0
10.6,5.7,309.4,118.6,26.2,30.0,448.1,256.5
10.7,5.7,309.4,119.3,26.1,29.9,446.6,256.2
10.7,5.7,309.4,119.3,26.2,30.0,436.1,256.3
10.7,5.8,309.4,119.3,26.2,30.0,436.0,255.8
10.7,5.7,309.4,118.6,26.1,29.9,446.9,256.1
10.7,5.7,309.4,118.6,26.1,29.9,446.0,256.1
10.6,5.7,309.4,118.6,26.1,29.9,445.0,256.7
10.6,5.7,309.4,119.3,26.2,29.9,444.8,256.1
10.7,5.7,309.4,119.3,26.1,30.0,435.2,256.6
10.7,5.7,309.4,118.6,26.1,30.0,445.8,256.2
10.6,5.7,309.4,118.6,26.1,29.9,445.9,256.2
10.7,5.7,309.4,118.6,26.1,29.9,446.1,255.9
10.6,5.7,309.4,118.6,26.1,29.9,446.2,256.3
10.6,5.7,309.4,118.6,26.2,29.9,437.6,256.1
10.7,5.7,309.4,119.3,26.2,30.0,434.7,255.4
10.7,5.7,309.4,118.6,26.1,29.9,446.4,254.6
10.7,5.7,309.4,118.6,26.1,29.9,445.1,254.3
10.7,5.7,309.4,118.6,26.1,29.9,443.8,254.2
10.7,5.7,309.4,118.6,26.1,29.9,446.5,255.3
10.8,5.8,309.4,119.3,26.1,29.9,434.6,255.8
10.8,5.8,309.4,118.6,26.1,29.9,444.2,256.4
10.8,5.8,309.4,118.6,26.1,29.9,444.2,256.5
10.8,5.8,309.4,118.6,26.1,29.9,447.2,256.9
10.8,5.8,309.4,118.6,26.2,29.9,442.5,258.0
10.8,5.3,309.4,119.3,26.1,29.9,437.5,257.4
10.8,5.3,309.4,118.6,26.1,30.0,444.9,257.4
10.8,5.8,309.3,118.6,26.1,29.9,447.1,257.2
10.8,5.8,309.3,118.6,26.1,29.9,446.7,256.4
10.7,5.8,309.4,118.6,26.2,29.9,448.0,256.8
10.7,5.8,309.4,118.6,26.1,29.9,435.1,256.1
10.7,5.8,309.4,119.3,26.1,29.9,446.1,255.6
10.8,5.8,309.4,118.6,26.1,29.9,445.9,254.8
10.7,5.8,309.4,118.6,26.1,29.9,448.2,255.1
10.8,5.7,309.4,118.6,26.2,29.9,446.1,255.6
10.7,5.8,309.4,119.3,26.1,29.9,436.9,256.2
10.7,5.8,309.4,118.6,26.1,29.9,437.7,256.3
10.7,5.7,309.4,118.6,26.1,29.9,447.1,256.4
10.7,5.7,309.4,118.6,26.1,29.9,445.5,256.8
10.7,5.7,309.4,118.6,26.1,29.9,447.5,256.7
10.7,5.7,309.4,118.6,26.1,29.9,445.1,257.4
10.7,5.8,309.4,119.3,26.1,29.9,434.8,256.4
10.7,5.7,309.4,118.6,26.1,29.9,445.5,256.6
10.7,5.7,309.3,118.6,26.1,29.9,448.0,256.2
10.6,5.7,309.4,118.6,26.1,29.8,446.6,255.3
10.7,5.6,309.3,118.6,26.1,29.8,436.9,253.9
10.7,5.6,309.3,118.6,26.1,29.9,437.5,252.5
10.6,5.6,309.3,117.9,26.1,29.9,445.9,252.4
10.6,5.6,309.4,117.9,26.1,29.8,445.6,253.4
10.6,5.5,309.4,117.9,26.1,29.8,444.7,253.8
10.7,5.6,309.4,117.9,26.1,29.8,447.5,254.1
10.6,5.6,309.4,118.6,26.1,29.8,437.9,247.4
10.6,5.3,309.3,117.2,26.1,29.8,447.4,242.4
10.7,5.3,309.4,116.5,26.1,29.7,445.8,241.6
10.6,5.3,309.4,116.5,26.1,29.6,446.3,240.3
10.6,5.3,309.3,116.5,26.1,29.6,448.2,237.3
10.7,4.8,309.3,116.5,26.1,29.6,435.4,233.5
10.6,4.8,309.3,116.5,26.1,29.6,436.8,230.4
10.6,4.9,309.4,115.8,26.1,29.5,446.0,230.0
10.6,4.9,309.4,115.8,26.1,29.5,445.7,230.2
10.5,4.9,309.4,115.1,26.1,29.5,447.4,223.1
10.5,4.9,309.4,115.1,26.1,29.4,435.8,222.9
10.6,5.0,309.4,115.1,26.1,29.4,435.0,222.5
10.6,5.1,309.3,115.1,26.0,29.4,445.1,221.8
10.5,5.1,309.4,115.1,26.1,29.4,443.4,222.3
10.5,5.1,309.4,114.5,26.1,29.4,446.6,222.4
10.5,5.1,309.4,114.5,26.1,29.3,446.7,223.6
10.5,5.1,309.4,115.1,26.1,29.4,438.4,222.6
10.5,5.0,309.4,114.5,26.0,29.4,446.5,222.5
10.5,5.0,309.4,114.5,26.0,29.3,446.3,222.6
10.5,5.1,309.4,114.5,26.0,29.2,446.1,222.5
10.5,5.1,309.4,115.1,26.1,29.3,445.1,222.0
10.5,5.1,309.4,114.5,26.1,29.3,443.1,221.9
10.6,5.1,309.4,114.5,26.0,29.4,436.1,221.6
10.5,5.1,309.4,114.5,26.0,29.3,445.9,221.2
10.5,5.1,309.4,114.5,26.0,29.2,445.8,220.6
10.5,5.1,309.4,114.5,26.0,29.2,444.3,220.3
10.5,5.1,309.4,114.5,26.0,29.2,445.2,220.4
10.5,5.1,309.4,114.5,26.0,29.2,435.1,220.7
10.5,5.1,309.4,115.1,26.0,29.4,441.6,220.9
10.6,5.1,309.4,114.5,26.0,29.2,444.6,221.8
10.5,5.1,309.4,114.5,26.0,29.2,446.8,222.2
10.6,5.1,309.4,114.5,26.0,29.2,446.4,222.3
10.5,5.1,309.3,114.5,26.0,29.2,445.5,222.5
10.6,5.1,309.4,115.1,26.0,29.3,435.1,222.6
10.5,5.1,309.4,114.5,26.0,29.3,446.7,222.1
10.5,5.1,309.4,114.5,26.0,29.2,443.6,221.8
10.5,5.1,309.4,114.5,26.0,29.2,444.6,221.6
10.5,5.1,309.4,114.5,26.0,29.2,448.4,219.6
10.5,5.1,309.4,114.5,26.0,29.2,447.9,218.9
10.5,5.1,309.4,114.5,26.0,29.2,436.2,218.7
10.6,5.2,309.4,114.5,26.0,29.2,448.1,219.0
10.5,5.2,309.4,113.8,26.0,29.2,447.9,218.8
10.5,5.2,309.4,113.8,26.0,29.2,445.5,218.6
10.5,5.1,309.4,113.8,26.0,29.2,445.1,218.7
10.5,5.1,309.3,114.5,26.0,29.2,437.0,219.6
10.5,5.2,309.4,114.5,25.9,29.2,435.5,219.4
10.5,5.1,309.4,113.8,25.9,29.2,447.8,220.0
10.6,5.2,309.4,113.8,25.9,29.2,443.7,220.7
10.6,5.2,309.4,113.8,25.9,29.2,445.8,221.0
10.6,5.2,309.4,113.8,25.9,29.1,445.8,220.9
10.6,5.2,309.4,114.5,25.9,29.1,435.9,220.2
10.6,5.1,309.4,114.5,25.9,29.2,444.2,220.2
10.7,5.2,309.4,113.8,25.9,29.1,443.5,220.3
10.7,5.2,309.4,113.8,25.9,29.1,446.9,220.6
10.7,5.2,309.4,113.8,25.9,29.2,444.6,220.6
10.7,5.2,309.4,113.8,25.9,29.1,437.1,219.4
10.7,5.1,295.1,114.5,25.9,29.2,437.3,218.6
10.6,4.9,277.1,113.8,25.9,29.1,447.6,212.4
10.5,5.1,295.1,113.1,25.9,29.0,446.5,212.8
10.5,5.1,298.1,113.1,25.9,29.0,447.4,213.2
10.5,5.1,298.2,113.1,25.9,29.0,446.6,213.3
10.5,5.1,298.4,113.8,25.9,29.0,435.9,211.5
10.5,5.1,303.3,113.1,25.9,29.0,436.9,212.3
10.6,5.1,294.1,113.1,25.9,29.0,445.8,212.4
10.6,5.1,294.7,113.1,25.8,29.0,447.5,212.7
10.6,5.1,299.7,113.1,25.9,29.0,445.6,212.6
10.5,5.1,299.0,113.1,25.9,29.0,445.4,210.4
10.5,5.1,293.8,113.1,25.9,29.0,436.2,206.3
10.5,5.1,299.0,112.4,25.9,29.0,446.1,205.6
10.5,5.2,302.9,112.4,25.9,28.9,446.1,204.4
10.4,5.1,296.7,112.4,25.9,28.9,445.5,201.5
10.4,5.1,299.7,112.4,25.9,28.9,447.2,200.9
10.4,5.1,303.7,112.4,25.9,28.9,437.2,198.6
10.3,5.1,294.1,111.7,25.9,28.9,444.7,195.5
10.3,5.0,301.7,111.0,25.8,28.8,446.7,193.9
10.3,5.1,300.3,111.0,25.8,28.7,445.0,193.0
10.3,5.1,294.0,111.0,25.8,28.7,445.6,192.8
10.3,5.1,291.6,111.0,25.8,28.7,444.6,193.3
10.3,5.1,293.0,111.0,25.8,28.7,437.7,193.1
10.3,5.0,292.2,111.0,25.8,28.7,445.1,194.0
10.2,5.0,282.3,111.0,25.8,28.6,446.3,191.0
10.2,5.0,297.3,111.0,25.8,28.6,446.0,187.3
10.2,5.0,297.5,110.3,25.8,28.6,444.3,187.3
10.2,5.1,292.7,110.3,25.8,28.6,435.5,186.4
10.2,5.1,288.4,110.3,25.8,28.6,446.1,184.6
10.2,5.1,293.0,110.3,25.8,28.5,446.4,182.3
10.2,5.1,296.7,110.3,25.8,28.5,447.0,179.6
10.2,5.1,295.7,109.6,25.8,28.5,435.2,179.6
10.2,5.1,297.4,109.6,25.7,28.5,435.9,179.6
10.2,5.1,279.6,108.9,25.7,28.4,446.6,179.1
10.1,5.1,293.0,108.9,25.7,28.4,446.2,179.5
10.2,5.1,286.1,108.9,25.8,28.4,446.3,178.6
10.1,5.1,292.2,108.9,25.7,28.4,445.8,178.7
10.1,5.1,291.8,108.9,25.7,28.4,437.4,177.9
10.1,5.1,295.6,108.9,25.7,28.4,435.6,177.6
10.0,5.1,288.6,108.9,25.6,28.4,445.5,178.0
10.1,5.1,291.6,108.9,25.7,28.3,446.1,177.8
10.1,5.1,292.8,108.9,25.7,28.3,445.2,177.8
10.1,5.1,292.4,108.9,25.7,28.3,445.5,177.5
10.1,5.1,288.3,108.9,25.7,28.3,437.8,176.9
10.0,5.1,281.1,108.9,25.6,28.4,445.1,176.9
10.1,5.1,292.9,108.3,25.6,28.2,446.2,176.2
10.1,5.1,289.5,108.9,25.6,28.3,445.5,175.9
10.0,5.1,286.3,108.9,25.6,28.2,446.1,176.3
10.0,5.1,292.8,108.9,25.6,28.2,435.6,176.4
10.0,5.1,285.9,108.3,25.6,28.3,444.8,176.3
10.1,5.1,289.3,108.3,25.5,28.2,445.5,174.1
10.1,4.9,302.6,108.3,25.6,28.2,445.8,176.1
10.1,5.0,293.2,108.3,25.5,28.2,445.5,176.4
10.0,5.1,287.8,108.3,25.6,28.2,448.4,176.0
10.0,5.0,284.2,108.3,25.6,28.2,434.6,176.4
10.0,5.0,300.0,108.3,25.5,28.2,446.7,176.4
10.0,5.1,286.1,108.3,25.5,28.2,449.3,176.6
10.0,5.0,300.7,108.3,25.5,28.1,444.0,176.5
10.0,5.0,291.1,108.3,25.5,28.1,448.1,175.6
10.0,5.0,302.4,108.3,25.5,28.1,436.1,175.4
10.0,5.1,282.0,108.3,25.5,28.2,435.8,174.9
10.0,5.0,281.5,108.3,25.5,28.1,445.3,174.7
10.1,5.1,292.9,107.6,25.5,28.1,445.5,174.7
10.0,5.0,297.1,108.3,25.5,28.1,446.1,170.7
10.0,5.1,288.5,107.6,25.5,28.1,444.3,170.7
10.0,5.1,300.6,107.6,25.5,28.1,436.7,171.1
10.0,5.1,289.9,107.6,25.5,28.1,446.3,171.0
10.0,5.1,297.8,107.6,25.4,28.0,444.8,171.6
10.0,5.2,286.3,107.6,25.5,28.0,447.3,171.5
10.0,5.1,294.7,107.6,25.4,28.1,447.4,172.2
10.1,5.2,288.1,107.6,25.4,28.0,435.9,172.2
10.0,5.1,292.1,107.6,25.4,28.0,446.6,171.9
10.1,5.2,282.9,107.6,25.4,28.0,445.0,172.1
10.1,5.1,289.3,107.6,25.4,28.0,447.1,172.1
10.1,5.1,298.4,107.6,25.4,28.0,445.5,172.2
10.1,5.2,298.6,107.6,25.4,28.0,444.3,170.9
10.1,5.2,257.6,106.9,25.4,28.0,437.2,170.5
10.1,5.1,276.3,106.9,25.3,28.0,445.7,166.2
10.1,5.1,303.0,105.5,25.3,27.9,447.4,155.6
10.2,5.4,284.2,105.5,25.4,27.8,446.4,155.9
10.0,5.3,293.2,105.5,25.4,27.8,442.9,155.4
10.0,5.4,283.6,106.2,25.4,27.8,436.3,155.7
10.0,5.3,278.9,105.5,25.4,27.8,446.1,155.4
10.0,5.4,288.7,105.5,25.3,27.7,445.2,158.1
10.0,5.3,292.3,105.5,25.3,27.7,445.0,158.6
10.1,5.4,289.2,105.5,25.3,27.7,444.4,158.9
10.0,5.3,266.8,106.2,25.3,27.8,446.3,165.9
10.1,5.2,290.7,106.2,25.3,27.8,437.1,165.9
10.1,5.2,288.2,106.2,25.3,27.9,444.8,165.4
10.1,5.2,287.7,106.2,25.2,27.8,446.0,165.3
10.1,5.2,301.4,106.2,25.3,27.8,445.7,165.9
10.1,5.2,298.7,106.2,25.3,27.8,445.5,166.2
10.1,5.2,243.0,106.2,25.3,27.8,435.8,166.4
10.1,5.3,289.6,106.2,25.2,27.8,446.3,166.2
10.1,5.2,281.7,106.2,25.2,27.8,445.5,166.4
10.2,5.3,277.2,106.2,25.2,27.7,446.0,166.9
10.1,5.2,288.8,106.2,25.2,27.7,445.1,166.8
10.2,5.3,289.5,106.2,25.2,27.8,439.7,166.9
10.2,5.3,250.4,106.2,25.2,27.8,436.1,165.8
10.1,5.1,297.2,105.5,25.2,27.8,444.6,166.8
10.2,5.2,291.3,105.5,25.1,27.7,445.3,172.5
10.2,5.1,284.0,106.9,25.1,27.7,444.0,172.7
10.2,5.2,280.9,106.2,25.2,27.8,446.7,171.5
10.2,5.1,291.4,106.9,25.1,27.8,435.3,170.3
10.2,5.1,297.7,106.9,25.1,27.8,435.8,171.5
10.2,5.1,287.0,106.2,25.1,27.8,444.2,170.7
10.1,5.1,276.1,106.2,25.1,27.8,445.7,170.8
10.1,5.0,290.3,106.2,25.1,27.8,447.6,171.0
10.1,5.1,289.6,106.2,25.1,27.8,444.9,170.9
10.0,5.1,268.1,106.2,25.1,27.8,435.6,170.1
10.1,5.1,285.1,106.2,25.1,27.8,445.7,189.4
10.1,5.8,298.5,106.9,25.0,27.6,445.5,193.8
10.1,5.6,269.0,108.3,25.1,27.9,444.4,196.5
10.2,5.7,284.8,108.9,25.0,28.0,445.4,205.3
10.1,5.5,295.2,109.6,25.1,28.1,438.0,205.5
10.1,5.5,285.8,109.6,25.0,28.1,445.3,212.7
10.2,5.6,251.7,109.6,25.0,28.1,444.5,212.7
10.2,5.4,264.2,110.3,25.0,28.1,448.0,213.1
10.2,5.4,289.2,109.6,25.0,28.1,446.4,213.4
10.2,5.4,297.1,110.3,25.0,28.1,437.3,212.5
10.2,5.4,287.5,110.3,25.0,28.2,435.7,215.0
10.2,5.4,267.6,110.3,25.0,28.2,445.5,213.9
10.1,5.3,288.6,109.6,25.0,28.1,446.8,213.8
10.2,5.3,289.4,109.6,25.0,28.1,444.6,213.7
10.2,5.4,297.8,110.3,25.0,28.1,446.4,220.4
10.2,5.3,281.7,111.0,25.0,28.2,437.1,228.0
10.1,5.2,249.7,111.7,25.0,28.3,442.8,213.5
10.0,5.3,295.1,109.6,25.0,28.3,447.8,212.9
10.0,5.2,303.8,109.6,25.0,28.1,445.5,219.8
10.1,5.2,261.2,111.0,25.0,28.1,445.2,212.7
10.0,5.3,275.3,109.6,24.9,28.1,437.9,210.8
10.0,5.2,290.1,109.6,25.0,28.1,434.6,208.0
10.0,5.3,294.9,108.9,24.9,28.1,445.4,199.7
10.0,5.5,279.3,108.9,24.9,28.1,443.6,208.5
10.0,5.0,306.8,108.9,24.9,28.0,445.1,202.4
10.0,5.2,255.0,108.9,24.9,28.0,444.6,202.0
9.9,5.1,263.9,108.9,25.0,28.0,436.8,209.4
10.0,5.2,241.7,109.6,24.9,28.1,434.8,211.3
10.0,5.2,280.4,109.6,24.9,28.1,444.8,211.1
9.9,5.2,279.5,109.6,24.9,28.0,443.1,209.9
9.9,5.2,285.8,109.6,24.9,28.0,445.3,210.2
10.0,5.1,291.9,108.9,24.9,28.1,445.6,210.4
10.0,5.1,284.9,109.6,24.9,28.1,437.5,206.8
9.9,5.2,275.0,109.6,25.0,28.1,434.5,197.3
9.9,5.2,295.5,108.3,24.9,28.0,446.8,196.5
10.0,5.3,298.3,108.3,24.9,27.9,446.7,196.0
9.9,5.4,239.3,108.3,24.9,27.9,445.3,191.9
9.9,5.3,286.4,107.6,24.9,27.9,446.2,190.2
9.9,5.5,250.7,107.6,24.9,27.9,436.4,184.5
9.9,5.5,289.0,106.9,24.9,27.8,447.6,186.6
9.9,5.4,292.2,106.9,24.9,27.8,444.4,184.7
9.9,5.2,302.0,106.9,24.9,27.8,447.0,197.6
9.9,5.4,295.5,107.6,24.9,27.8,445.3,199.0
10.0,5.1,298.9,108.3,24.9,27.9,437.4,199.8
10.0,5.1,282.0,108.3,24.9,27.9,435.6,198.5
9.9,5.3,288.9,107.6,24.9,27.9,445.6,198.4
9.8,5.2,296.9,107.6,24.9,27.9,445.7,198.4
9.8,5.2,292.9,107.6,24.9,27.8,445.9,199.2
9.9,5.3,282.7,108.3,24.9,27.9,443.6,198.7
9.8,5.3,241.9,108.3,24.9,27.9,434.9,197.5
9.8,5.3,263.8,108.3,24.9,27.9,443.3,189.4
9.8,5.2,296.2,106.9,24.9,27.8,446.8,190.1
9.9,5.3,294.2,106.9,24.9,27.8,446.1,190.3
9.8,5.4,233.3,106.9,24.9,27.8,446.1,179.7
9.8,5.0,291.9,106.2,24.9,27.7,434.0,182.2
9.8,5.5,272.8,106.2,24.9,27.6,436.8,186.9
9.8,5.2,234.5,106.2,24.8,27.6,447.4,187.3
9.8,5.4,236.8,106.9,24.8,27.6,445.4,184.7
9.8,5.3,252.7,106.9,24.8,27.6,445.5,187.3
9.8,5.3,279.2,106.9,24.9,27.6,446.0,186.6
9.8,5.1,264.4,108.9,24.9,28.0,349.5,187.7
9.8,5.2,269.7,108.9,25.0,28.3,356.6,187.9
9.8,5.2,269.9,108.9,25.0,28.3,358.2,188.0
9.7,5.2,269.0,108.9,24.9,28.3,356.8,188.0
9.7,5.2,271.2,108.9,25.0,28.3,347.3,188.4
9.7,5.2,270.4,109.6,24.9,28.4,350.3,188.2
9.7,5.2,270.5,108.9,24.9,28.4,356.7,188.0
9.7,5.2,270.2,108.9,24.9,28.4,355.7,187.7
9.7,5.2,271.2,108.9,24.9,28.3,356.0,187.5
9.7,5.2,270.4,108.9,24.9,28.4,356.6,187.3
9.8,5.2,270.5,109.6,25.0,28.4,347.9,187.7
9.8,5.3,270.3,109.6,25.0,28.4,356.5,187.5
9.8,5.3,270.4,108.9,24.9,28.4,354.8,187.8
9.8,5.3,271.2,108.9,24.9,28.3,355.3,188.0
9.8,5.4,269.3,109.6,24.9,28.4,357.3,188.5
9.9,5.3,269.9,109.6,25.0,28.4,347.7,188.3
9.8,5.3,269.2,109.6,25.0,28.4,356.9,188.8
9.9,5.3,268.2,109.6,25.0,28.4,356.6,189.2
9.9,5.3,268.0,109.6,25.0,28.4,355.3,189.5
9.9,5.3,268.1,109.6,25.0,28.4,348.3,189.4
9.9,5.3,266.9,109.6,25.0,28.5,347.7,188.8
9.8,5.3,264.3,109.6,25.0,28.5,354.2,188.9
9.8,5.3,268.6,109.6,25.0,28.4,356.4,188.8
9.9,5.3,266.9,109.6,25.0,28.4,357.5,188.7
9.9,5.3,268.5,109.6,25.0,28.5,349.2,188.3
9.9,5.3,267.8,109.6,25.0,28.5,349.7,188.4
9.9,5.3,262.2,109.6,25.1,28.5,355.7,188.0
9.9,5.3,265.5,109.6,25.1,28.5,356.0,187.8
9.8,5.3,267.8,109.6,25.1,28.5,355.8,187.9
9.9,5.3,269.0,110.3,25.1,28.5,350.0,188.2
9.9,5.3,269.0,110.3,25.1,28.6,353.6,188.4
9.9,5.3,262.6,109.6,25.1,28.5,356.2,188.9
9.9,5.3,266.2,110.3,25.1,28.5,356.5,190.7
9.9,5.3,259.7,110.3,25.1,28.5,355.3,199.1
10.0,5.3,264.2,111.0,25.1,28.6,347.9,199.1
9.9,5.2,263.8,111.0,25.2,28.7,355.8,200.8
9.9,5.2,268.1,111.0,25.2,28.7,355.9,200.2
9.9,5.1,263.8,111.0,25.2,28.7,357.5,200.2
9.8,5.2,255.8,111.0,25.2,28.7,347.9,200.1
9.9,5.1,268.6,111.7,25.2,28.8,349.1,200.1
9.9,5.2,265.8,111.0,25.2,28.8,357.7,200.0
9.8,5.2,268.2,111.0,25.3,28.7,356.2,200.2
9.8,5.1,265.0,111.0,25.2,28.8,357.1,200.3
9.9,5.2,265.0,111.7,25.2,28.8,348.2,199.9
9.9,5.2,260.6,111.7,25.2,28.8,350.0,199.8
9.9,5.2,265.5,111.7,25.3,28.9,355.3,199.4
9.9,5.1,267.0,111.7,25.2,28.8,355.6,199.6
9.9,5.1,253.7,111.7,25.3,28.8,356.2,199.7
9.9,5.1,264.5,111.7,25.2,28.8,348.3,199.5
9.9,5.1,261.1,111.7,25.3,28.9,356.2,199.4
9.8,5.1,262.1,111.7,25.3,28.8,357.9,199.7
9.9,5.1,258.8,111.7,25.2,28.7,357.2,199.8
9.9,5.1,260.8,111.7,25.3,28.8,351.7,200.0
9.9,5.1,267.5,111.7,25.3,28.9,349.6,199.8
9.9,5.1,256.2,111.7,25.3,28.9,356.5,199.8
9.9,5.1,258.7,111.7,25.3,28.9,354.6,200.0
9.9,5.1,266.7,111.7,25.3,28.8,357.5,199.5
9.9,5.1,263.0,111.7,25.3,28.9,346.9,199.3
9.9,5.2,258.6,111.7,25.3,28.9,348.3,199.5
9.8,5.1,262.6,111.7,25.3,28.9,354.6,199.2
9.9,5.1,263.7,111.7,25.3,28.9,356.7,199.9
9.9,5.1,263.2,111.7,25.3,28.9,355.2,200.2
9.9,5.2,261.8,111.7,25.3,28.9,347.1,200.9
9.9,5.1,253.8,111.7,25.3,28.9,348.1,201.0
9.9,5.1,262.7,111.7,25.3,28.9,356.9,200.6
9.9,5.1,260.5,111.7,25.3,28.9,356.1,200.7
9.9,5.1,259.9,111.7,25.3,28.9,357.6,200.2
9.9,5.1,264.8,111.7,25.3,28.9,348.7,200.4
9.9,5.2,266.6,111.7,25.3,28.9,348.4,199.3
9.9,5.1,258.8,111.7,25.3,29.0,357.9,199.2
9.9,5.1,253.9,111.7,25.4,28.9,355.8,199.3
9.9,5.1,258.4,111.7,25.4,28.9,354.7,199.4
9.9,5.1,261.7,111.7,25.4,28.9,348.9,199.5
9.9,5.1,256.8,111.7,25.4,29.0,359.4,199.5
9.9,5.1,263.7,111.7,25.4,28.9,357.2,200.1
9.9,5.2,263.6,111.7,25.4,28.9,354.2,199.9
9.9,5.2,260.1,111.7,25.4,29.0,349.0,200.4
9.9,5.2,255.6,112.4,25.4,29.0,347.3,200.2
9.9,5.1,257.5,111.7,25.4,29.0,354.6,200.1
9.9,5.1,262.9,112.4,25.4,29.0,356.5,200.4
9.9,5.2,258.5,112.4,25.4,28.9,356.3,200.9
9.9,5.2,262.8,112.4,25.4,29.0,347.6,200.5
9.9,5.2,265.0,112.4,25.4,29.0,349.1,200.5
9.9,5.2,257.6,112.4,25.4,29.0,357.5,200.2
9.9,5.2,253.4,112.4,25.4,29.0,358.1,201.1
9.9,5.3,268.7,112.4,25.4,29.0,358.1,200.4
9.9,5.2,264.4,112.4,25.4,29.0,347.9,200.3
9.9,5.2,264.5,112.4,25.4,29.0,356.4,200.5
10.0,5.2,264.1,112.4,25.4,29.0,358.1,199.9
9.9,5.2,253.2,112.4,25.4,29.0,355.9,199.9
9.9,5.3,260.8,112.4,25.4,28.9,355.8,199.7
9.9,5.2,263.8,112.4,25.5,29.0,347.5,199.8
9.9,5.2,261.7,112.4,25.4,29.1,355.8,200.0
9.9,5.2,259.5,112.4,25.5,29.0,355.5,200.6
9.9,5.2,258.8,112.4,25.4,29.0,356.4,200.8
9.9,5.2,268.3,112.4,25.5,29.0,347.6,200.5
9.9,5.1,265.7,112.4,25.5,29.0,348.3,200.7
9.9,5.1,249.7,112.4,25.4,29.0,353.5,200.4
9.9,5.1,259.9,112.4,25.4,29.0,355.9,200.3
9.9,5.2,255.7,111.7,25.5,29.0,355.4,200.5
9.9,5.2,258.9,112.4,25.5,29.0,349.4,200.1
9.9,5.2,252.0,112.4,25.5,29.1,346.2,200.0
9.9,5.1,256.8,112.4,25.5,29.0,355.8,200.2
10.0,5.2,257.1,112.4,25.5,29.0,356.7,200.8
9.9,5.3,260.5,112.4,25.5,29.0,357.7,200.1
9.9,5.2,265.2,112.4,25.5,29.0,347.0,200.4
9.9,5.3,257.8,112.4,25.5,29.1,352.2,199.6
9.9,5.2,259.5,112.4,25.4,29.0,354.9,199.7
9.9,5.2,265.4,112.4,25.5,29.0,357.3,200.0
10.0,5.2,246.1,112.4,25.5,29.0,354.8,200.9
10.0,5.3,263.7,113.1,25.5,29.0,346.5,200.7
9.9,5.2,261.4,112.4,25.5,29.0,356.1,200.9
9.9,5.2,265.0,112.4,25.5,29.0,357.6,200.7
9.9,5.2,252.5,112.4,25.4,29.0,356.3,201.0
9.9,5.2,255.1,112.4,25.5,29.0,357.7,201.5
9.9,5.2,263.2,113.1,25.5,29.1,347.4,200.5
9.9,5.2,266.4,112.4,25.5,29.1,355.6,200.3
9.9,5.2,257.3,112.4,25.4,29.0,358.3,200.9
9.9,5.2,267.1,112.4,25.5,29.0,356.5,200.3
10.0,5.2,263.0,112.4,25.5,29.0,347.8,200.3
9.9,5.2,257.9,112.4,25.4,29.0,349.1,200.0
9.9,5.2,262.6,112.4,25.5,29.1,357.3,200.0
9.9,5.2,265.8,112.4,25.5,29.1,356.4,199.3
9.9,5.1,266.7,112.4,25.5,29.0,354.8,199.7
9.9,5.2,261.0,112.4,25.5,29.1,348.8,200.6
9.9,5.2,256.5,112.4,25.5,29.1,354.3,200.3
9.9,5.2,260.4,112.4,25.5,29.1,356.0,200.5
9.9,5.1,257.2,112.4,25.5,29.0,353.8,201.1
9.9,5.2,263.5,112.4,25.5,29.0,356.1,201.4
9.9,5.2,267.9,113.1,25.5,29.1,348.3,200.8
9.9,5.2,258.7,112.4,25.5,29.1,355.7,200.5
9.8,5.2,263.3,112.4,25.5,29.1,356.1,199.7
9.9,5.2,260.1,112.4,25.5,29.1,355.8,200.1
9.9,5.2,269.2,112.4,25.5,29.0,355.6,200.2
9.9,5.2,256.8,113.1,25.5,29.0,347.6,200.1
9.9,5.2,258.2,112.4,25.5,29.1,356.2,199.9
9.9,5.2,258.8,112.4,25.5,29.1,357.0,199.6
9.9,5.2,257.5,112.4,25.5,29.1,356.9,200.1
9.9,5.2,259.1,112.4,25.5,29.0,346.1,200.2
9.9,5.2,264.0,112.4,25.5,29.1,355.5,200.6
9.9,5.2,263.0,112.4,25.5,29.1,353.4,201.4
9.9,5.2,256.1,112.4,25.5,29.0,355.7,201.6
9.9,5.2,260.4,113.1,25.5,29.1,349.7,201.7
9.9,5.2,259.3,112.4,25.5,29.1,348.4,201.9
9.9,5.2,263.5,112.4,25.5,29.1,357.1,202.7
9.9,5.2,260.3,112.4,25.5,29.0,358.0,201.9
9.9,5.2,266.9,112.4,25.5,29.1,357.2,201.5
9.9,5.2,262.2,113.1,25.5,29.1,349.6,200.7
9.9,5.2,262.3,113.1,25.5,29.1,357.0,200.5
9.8,5.1,261.0,112.4,25.5,29.0,355.0,199.7
9.9,5.2,252.7,112.4,25.5,29.1,354.5,199.3
9.9,5.1,245.8,112.4,25.5,29.0,355.6,199.8
9.9,5.1,260.8,113.1,25.5,29.1,349.2,199.5
9.9,5.2,252.0,112.4,25.5,29.1,356.7,199.3
9.8,5.1,255.7,112.4,25.5,29.1,357.8,199.5
9.9,5.1,262.4,112.4,25.5,29.1,356.1,199.7
9.8,5.1,257.9,112.4,25.5,29.0,356.3,200.1
9.9,5.1,254.5,112.4,25.5,29.1,348.5,200.7
9.9,5.2,259.3,112.4,25.5,29.1,354.8,200.8
9.9,5.2,262.7,112.4,25.5,29.1,356.3,200.7
9.9,5.2,261.1,112.4,25.5,29.0,355.4,200.6
9.9,5.2,258.0,112.4,25.5,29.0,357.2,200.7
9.9,5.2,260.5,113.1,25.5,29.1,348.5,201.7
9.9,5.1,251.4,112.4,25.5,29.1,347.6,206.7
9.9,5.1,261.6,113.1,25.5,29.1,355.6,206.8
9.9,5.1,257.3,113.1,25.5,29.2,355.0,206.5
9.9,5.1,252.7,113.1,25.5,29.1,356.0,206.7
10.0,5.1,252.7,113.1,25.5,29.1,348.8,206.7
9.9,5.1,260.5,113.1,25.5,29.2,355.7,206.7
9.9,5.1,256.0,113.1,25.4,29.1,357.5,206.6
9.9,5.0,259.0,113.1,25.5,29.1,355.2,206.7
9.9,5.1,264.9,113.1,25.5,29.1,355.6,207.0
9.9,5.1,248.7,113.1,25.5,29.2,347.5,207.0
9.9,5.0,258.0,113.8,25.5,29.2,355.6,206.4
9.9,5.0,260.3,113.1,25.5,29.2,355.0,206.4
9.9,5.0,262.6,113.1,25.5,29.1,355.8,206.2
9.9,5.1,258.8,113.1,25.5,29.1,357.4,206.6
9.9,5.0,254.8,113.1,25.5,29.1,348.5,206.8
9.9,5.0,258.8,113.1,25.5,29.2,355.1,206.7
9.9,5.0,262.2,113.1,25.5,29.1,354.8,206.7
9.9,5.1,254.8,113.1,25.5,29.1,355.7,206.9
9.9,5.1,266.7,113.1,25.5,29.1,354.1,206.6
9.9,5.0,262.9,113.1,25.5,29.1,349.7,206.8
9.9,5.1,255.0,113.1,25.5,29.1,355.5,206.5
9.9,5.1,263.5,113.1,25.5,29.1,357.7,207.0
9.9,5.1,257.6,113.1,25.5,29.1,354.5,206.7
9.9,5.1,260.7,113.1,25.5,29.1,346.1,206.6
9.9,5.0,257.2,113.1,25.5,29.2,349.2,206.2
9.9,5.0,259.3,113.1,25.5,29.2,355.8,206.3
9.9,5.0,255.1,113.1,25.5,29.2,355.2,206.2
9.9,5.0,250.4,113.1,25.5,29.1,355.0,205.3
9.9,4.9,258.4,113.1,25.5,29.1,356.9,205.2
9.8,4.9,257.1,113.1,25.5,29.1,349.0,204.6
9.8,5.0,250.9,113.1,25.5,29.2,356.8,204.6
9.8,5.0,257.0,113.1,25.5,29.1,354.1,204.0
9.8,4.9,256.4,112.4,25.5,29.1,355.9,203.6
9.9,5.0,267.0,113.1,25.5,29.1,349.2,206.3
10.1,5.3,268.0,113.1,25.5,29.1,346.8,206.1
10.1,5.3,265.9,113.1,25.5,29.2,356.1,206.6
10.2,5.4,266.4,113.1,25.5,29.1,355.8,214.9
10.2,5.3,266.7,113.8,25.5,29.1,356.8,216.0
10.3,5.3,257.9,113.8,25.5,29.2,356.4,216.5
10.3,5.3,267.0,114.5,25.5,29.3,349.0,219.2
10.3,5.2,266.7,114.5,25.5,29.4,354.4,222.7
10.3,5.2,265.7,115.1,25.5,29.3,356.8,222.1
10.2,5.2,264.9,115.1,25.5,29.4,357.8,221.6
10.3,5.2,264.6,115.1,25.5,29.4,353.8,224.0
10.3,5.2,265.5,115.8,25.5,29.5,350.9,222.8
10.3,5.1,267.7,115.1,25.5,29.5,356.5,222.4
10.2,5.1,266.7,115.1,25.5,29.5,355.6,223.0
10.3,5.1,264.8,115.1,25.5,29.4,356.0,222.8
10.2,5.1,264.8,115.1,25.5,29.5,346.7,223.0
10.3,5.1,265.7,115.8,25.5,29.5,348.1,223.2
10.3,5.2,263.2,115.1,25.5,29.5,356.3,223.7
10.3,5.2,266.3,115.1,25.5,29.5,355.9,223.9
10.3,5.2,269.4,115.1,25.5,29.5,357.2,224.1
10.3,5.2,268.2,115.8,25.6,29.5,350.2,223.8
10.3,5.2,262.4,115.8,25.6,29.5,354.6,223.4
10.2,5.1,268.3,115.1,25.5,29.5,355.5,223.1
10.3,5.2,269.1,115.1,25.5,29.5,356.0,223.0
10.3,5.2,267.1,115.8,25.6,29.5,356.8,222.5
10.3,5.2,269.7,115.8,25.5,29.5,347.5,222.6
10.3,5.2,267.4,115.8,25.5,29.6,348.7,222.2
10.3,5.2,266.7,115.8,25.6,29.5,354.7,222.8
10.3,5.2,269.9,115.8,25.6,29.5,356.3,223.1
10.3,5.2,269.3,115.8,25.6,29.5,356.4,223.7
10.3,5.2,269.7,115.8,25.6,29.6,346.3,223.9
10.3,5.2,269.4,115.8,25.6,29.6,356.5,223.9
10.3,5.2,269.5,115.8,25.6,29.6,356.1,224.0
10.3,5.2,270.0,115.8,25.7,29.5,354.4,224.3
10.3,5.2,270.6,115.8,25.6,29.5,347.5,222.6
9.9,5.0,270.5,115.8,25.6,29.6,347.1,221.3
9.9,4.9,269.6,115.1,25.6,29.6,356.0,220.9
9.9,4.9,269.8,115.1,25.6,29.6,356.5,220.8
9.9,4.9,269.7,115.8,25.7,29.6,350.4,220.6
9.9,4.9,269.0,115.8,25.7,29.6,347.9,220.9
9.8,4.9,270.1,115.8,25.7,29.6,356.4,221.2
9.9,4.9,269.6,115.8,25.6,29.6,354.6,221.0
9.8,4.9,269.7,115.1,25.7,29.6,355.8,221.5
9.8,4.9,270.6,115.8,25.7,29.6,347.1,221.3
9.8,4.9,270.0,115.1,25.7,29.6,355.5,221.4
9.8,4.9,269.5,115.8,25.7,29.6,353.4,220.9
9.8,4.9,270.6,115.1,25.7,29.6,356.5,218.3
9.8,4.9,269.2,115.1,25.7,29.5,356.0,217.9
9.8,4.9,270.3,115.8,25.7,29.5,349.6,217.2
9.8,4.9,270.8,115.1,25.7,29.6,356.8,216.7
9.8,4.9,270.0,115.1,25.7,29.6,355.4,215.3
9.7,4.9,269.1,115.1,25.7,29.5,355.8,215.7
9.8,4.9,269.2,115.1,25.7,29.5,348.2,216.4
9.8,4.9,269.7,115.1,25.7,29.5,348.2,216.6
9.7,4.9,269.3,115.1,25.7,29.5,357.0,211.3
9.8,5.0,268.7,114.5,25.7,29.5,356.0,211.8
9.7,5.0,269.7,114.5,25.7,29.4,356.2,211.7
9.8,5.0,271.3,114.5,25.7,29.5,347.1,211.6
9.8,5.0,270.6,114.5,25.7,29.5,353.8,210.9
9.7,5.0,269.8,114.5,25.7,29.4,355.1,210.8
9.7,4.9,269.8,114.5,25.7,29.4,355.6,210.8
9.7,4.9,269.1,114.5,25.7,29.4,355.7,211.0
9.7,4.9,268.9,114.5,25.8,29.4,347.9,211.3
9.7,5.0,269.9,114.5,25.7,29.5,349.2,211.5
9.7,4.9,269.4,114.5,25.7,29.4,355.4,212.1
9.8,5.0,269.7,114.5,25.7,29.4,355.5,211.9
9.7,4.9,269.3,114.5,25.7,29.4,354.7,212.2
9.7,4.9,269.2,114.5,25.7,29.5,348.2,212.1
9.7,4.9,270.5,114.5,25.6,29.4,353.3,211.5
9.7,5.0,269.6,113.8,25.6,29.4,356.8,211.7
9.7,4.9,270.0,114.5,25.7,29.4,356.9,207.3
9.7,5.0,270.9,113.8,25.7,29.4,356.9,207.3
9.7,5.0,269.8,113.8,25.7,29.4,349.7,207.1
9.7,5.0,270.5,113.8,25.6,29.4,355.3,206.9
9.7,5.0,269.2,113.8,25.7,29.4,356.7,206.7
9.7,5.0,269.1,113.8,25.7,29.3,356.8,206.0
9.7,5.0,269.3,113.8,25.7,29.3,355.6,206.1
9.7,5.0,268.1,113.8,25.7,29.3,346.5,206.0
9.7,5.0,269.2,113.8,25.7,29.4,356.6,205.8
9.7,4.9,268.5,113.8,25.7,29.4,357.7,206.4
9.7,5.0,269.9,113.8,25.7,29.4,355.3,206.5
9.7,5.0,269.1,113.8,25.7,29.3,349.8,206.2
9.7,5.0,269.6,114.5,25.7,29.4,348.0,205.7
9.7,5.0,269.5,113.8,25.7,29.4,357.0,206.0
9.7,5.0,268.3,113.8,25.7,29.3,357.8,206.1
9.7,4.9,268.3,113.8,25.7,29.2,356.7,206.3
9.7,5.0,269.0,113.8,25.6,29.3,347.1,206.7
9.7,5.0,268.9,113.8,25.7,29.4,346.6,206.8
9.7,5.0,269.9,113.8,25.6,29.3,354.8,206.6
9.7,4.9,269.2,113.8,25.6,29.2,354.9,206.3
9.7,4.9,269.1,113.8,25.7,29.3,356.4,204.7
9.7,5.0,269.4,113.8,25.6,29.3,347.9,204.8
9.6,5.0,268.8,113.8,25.6,29.4,347.9,204.3
9.6,5.0,269.0,113.8,25.6,29.3,357.5,204.3
9.6,4.9,269.9,113.8,25.6,29.3,357.9,204.4
9.7,5.0,269.9,113.8,25.7,29.2,356.5,204.4
9.6,5.0,268.7,113.8,25.6,29.2,347.6,204.9
9.6,5.0,269.7,113.8,25.7,29.2,349.2,204.9
9.6,5.0,270.3,113.8,25.6,29.3,355.2,205.0
9.6,4.9,270.0,113.1,25.6,29.2,356.1,205.7
9.7,5.0,271.4,113.8,25.7,29.3,356.0,205.8
9.6,4.9,270.0,113.8,25.6,29.2,347.6,205.7
9.6,4.9,269.7,113.8,25.6,29.3,348.7,205.4
9.7,4.9,270.9,113.1,25.6,29.3,356.2,205.4
9.6,4.9,269.5,113.1,25.6,29.2,357.0,205.0
9.6,4.9,269.1,113.1,25.6,29.2,356.7,202.2
9.6,5.0,268.8,113.1,25.6,29.2,346.3,202.3
9.6,5.0,269.2,113.8,25.6,29.2,357.0,202.2
9.6,4.9,268.4,113.1,25.6,29.2,357.0,202.1
9.6,4.9,269.7,113.1,25.6,29.2,356.4,201.7
9.6,4.9,269.3,113.1,25.6,29.2,354.1,202.2
9.5,4.9,270.1,113.1,25.6,29.2,348.7,202.7
9.6,4.9,269.8,113.1,25.6,29.2,355.1,202.8
9.6,5.0,269.5,113.1,25.6,29.2,357.0,203.1
9.6,4.9,269.7,113.1,25.5,29.1,353.8,203.4
9.6,4.9,270.8,113.1,25.6,29.2,354.8,203.7
9.6,4.9,270.4,113.1,25.6,29.2,346.7,201.0
9.5,4.9,270.3,113.1,25.6,29.1,354.3,200.7
9.6,5.0,270.1,112.4,25.5,29.1,357.3,200.5
9.5,5.0,269.6,112.4,25.6,29.1,354.8,200.0
9.5,5.0,269.9,112.4,25.5,29.1,356.4,199.8
9.5,4.9,269.9,112.4,25.5,29.1,347.6,199.2
9.5,4.9,269.6,112.4,25.6,29.1,356.0,192.5
9.5,5.1,269.9,111.7,25.5,29.0,355.0,193.0
9.5,5.1,269.9,111.7,25.5,29.0,357.6,193.1
9.5,5.1,269.9,111.7,25.5,29.0,352.1,193.7
9.6,5.1,270.2,112.4,25.5,29.0,346.7,193.9
9.5,5.1,269.9,111.7,25.5,29.0,356.1,194.2
9.5,5.1,270.3,111.7,25.4,28.9,356.2,195.0
9.6,5.1,270.0,111.7,25.5,29.0,354.5,195.1
9.5,5.1,269.8,111.7,25.5,28.9,354.4,195.3
9.5,5.1,271.2,111.7,25.5,29.0,348.0,194.9
9.6,5.1,270.2,111.7,25.5,29.0,355.2,194.3
9.6,5.1,269.8,111.7,25.5,28.9,355.5,193.7
