Actual Power,Predicted Power,Difference
28.5969288104053,28.545227,0.05170175962404855
28.5969288104053,28.52774,0.06918833188967355
23.338638,23.963724,-0.6250861363525395
28.5969288104053,28.52911,0.06781885557131417
28.5969288104053,28.521626,0.07530329160647042
21.920227,21.808954,0.11127276110839901
24.625816,22.850746,1.7750698452148441
26.09502525,24.822422,1.2726032224121084
28.214327,28.485922,-0.2715948597412101
25.255018,24.653576,0.6014421027832029
32.90343149999998,34.049294,-1.145862018066424
28.5969288104053,28.574154,0.022774910258814174
31.423138,31.095331,0.3278068079834
34.036396,34.348804,-0.3124084738769497
28.5969288104053,28.643585,-0.04665639467282645
28.5969288104053,28.510475,0.0864536517138923
28.5969288104053,28.549837,0.047091697978540736
28.5969288104053,28.529118,0.06781122617678292
27.197933,27.08388,0.11405352917480371
23.623768,23.059763,0.5640050452880843
28.5969288104053,28.540457,0.05647203855471261
28.5969288104053,28.55752,0.039408897685571986
28.5969288104053,28.578001,0.01892778806643136
34.28206,34.17416,0.10789999633789193
25.713243,25.889952,-0.17670870593261867
28.5969288104053,28.530714,0.06621477537111886
30.496037,29.52572,0.9703164036865246
28.5969288104053,28.535276,0.06165239744143136
28.5969288104053,28.643358,-0.046429420185521764
28.5969288104053,28.609713,-0.012783790302709264
28.5969288104053,28.445053,0.15187570981936105
23.566296,23.78888,-0.22258339453124876
24.834608,24.962498,-0.12788971118164127
29.9504704,30.19779,-0.24731974587402306
20.96119,20.760502,0.2006881384277328
28.5969288104053,28.509815,0.08711359434084542
28.5969288104053,28.477852,0.1190769427295173
28.5969288104053,28.525385,0.07154390745119699
28.5969288104053,28.64331,-0.04638173646970145
25.606459,25.699385,-0.09292568933105372
26.8973468,26.50242,0.39492637458496205
26.056923,27.593494,-1.536571415283202
28.5969288104053,28.416473,0.18045542173342355
27.416916,26.502327,0.9145890346679693
25.52044,25.740639,-0.22019873291015557
26.426117,26.659983,-0.23386568127441265
26.693666,26.566643,0.1270232387695316
26.291958,25.811634,0.4803239362792979
28.5969288104053,28.535845,0.061084007548853236
33.151005,33.102543,0.04846212280273221
29.711002,30.542942,-0.83194004711914
32.952573875,32.137245,0.8153286967773425
24.097803,24.765598,-0.6677952971191417
25.463552,26.852123,-1.388571260498047
28.212526,29.154839,-0.9423125620117183
26.0918975,26.72088,-0.6289830084228498
31.10422,30.745152,0.3590684802246109
27.339905,26.81854,0.5213644268798845
25.12244,24.002317,1.1201225714111338
27.826654,28.957273,-1.1306194832763659
32.2954985,32.150875,0.1446234084472664
29.87768150000001,29.49019,0.38749099401856313
28.5969288104053,29.007175,-0.4102466351513421
28.121833499999997,28.152029,-0.030195537475588452
28.5969288104053,28.706968,-0.11003949708981864
28.5969288104053,28.524904,0.07202455930666574
28.590902,29.134075,-0.5431731647949221
32.108265,30.604982,1.5032826239013701
24.92432562,29.490881,-4.566555346186522
28.315871,28.424648,-0.10877728491210803
25.27040811111111,24.490671,0.7797369532741953
27.038815,26.773989,0.2648262762451168
25.358627,27.060797,-1.7021697376709
28.5969288104053,28.514563,0.08236620359377511
29.422254666666664,28.968727,0.45352755485025753
33.218384,33.16829,0.050094815429687856
26.91590188888889,28.041182,-1.1252796754421652
28.5969288104053,28.626371,-0.02944257326169364
34.742958,34.781906,-0.03894812792968594
30.00778,28.607674,1.400106354980469
28.5969288104053,28.530893,0.06603548459963449
28.5969288104053,28.550802,0.04612657957033761
27.517454,31.984472,-4.467018274780273
28.5969288104053,28.574154,0.022774910258814174
28.5969288104053,28.501305,0.0956241839404548
30.480436,30.541677,-0.061241474975584964
30.776388249999997,30.505007,0.27138145983886375
28.5969288104053,28.52621,0.07071802549318917
26.84553766666667,27.143276,-0.29773854793294063
28.5969288104053,28.497358,0.09957048826174386
25.734907,21.653591,4.08131584399414
28.5969288104053,28.530828,0.06610033445315011
24.114102,21.521507,2.5925947368164053
28.5969288104053,28.340202,0.2567264788623298
26.983278,25.29057,1.6927086945800767
28.5969288104053,28.58355,0.013379310893579799
21.646303,19.287886,2.358417334106445
28.5969288104053,28.574154,0.022774910258814174
28.5969288104053,28.531893,0.06503603391604074
27.279938,27.273764,0.006174343383790415
30.067592666666663,29.25718,0.8104134064127564
26.848618714285717,27.189304,-0.34068563752092373
28.309418,29.034088,-0.7246701347656241
35.71289849999999,36.03943,-0.3265302109375128
25.132595,23.47518,1.6574153277587875
28.5969288104053,28.37498,0.22194788389162667
21.865883,22.066126,-0.20024286975097638
28.5969288104053,28.431822,0.16510698728518136
28.736187,29.454597,-0.7184104731445302
25.547834,25.322256,0.22557791174316577
28.834038,28.839334,-0.0052964879150394495
27.84841800000001,26.623692,1.2247264411621188
31.674448714285717,31.379269,0.29518006804548236
32.953726499999995,32.920425,0.033301084960932315
30.345446,29.160797,1.184648880859374
26.259,24.214409,2.0445911254882816
27.823053,27.851318,-0.02826535937499841
28.5969288104053,28.530697,0.06623194150881417
24.625816,23.688936,0.9368797664794926
28.5969288104053,28.526312,0.07061693601565011
27.509718,27.636286,-0.1265677818603521
26.246653,25.741344,0.5053085480957016
28.5969288104053,28.508978,0.08795092039065011
28.5969288104053,28.574154,0.022774910258814174
28.5969288104053,28.398695,0.19823381833986886
25.11501,24.907204,0.20780632568359536
28.5969288104053,28.508215,0.08871385984377511
22.810827,22.065926,0.7449014018554685
28.5969288104053,28.528555,0.06837389402346261
28.5969288104053,28.423101,0.1738273852344001
24.528328,24.667667,-0.13933938891601727
22.644411,24.226652,-1.5822411453857406
28.5969288104053,28.517332,0.07959673337893136
28.5969288104053,28.37388,0.2230484240527595
25.873920750000003,25.664284,0.20963699755859722
33.3832,33.2343,0.1489012939453147
24.965818,25.030926,-0.06510775073242314
28.5969288104053,28.577946,0.018983101176782924
27.017168285714284,27.567564,-0.5503957249058331
24.206041999999997,24.45385,-0.24780779248047224
33.51372,33.57853,-0.06480935791015696
29.868803,30.11251,-0.24370768115234398
28.5969288104053,28.574154,0.022774910258814174
28.5969288104053,28.526337,0.07059214048342355
25.63858,25.669445,-0.03086503784179584
28.5969288104053,28.432814,0.16411516599611886
29.32262575,28.540138,0.782487505371094
28.424738,27.835781,0.588956902587892
25.675604,25.840322,-0.16471849450683607
31.090616,30.474815,0.615800631347657
28.5969288104053,28.386261,0.21066782407717355
22.872486,21.424456,1.4480303572998032
29.774249444444447,29.646235,0.1280149321153452
29.6556786,29.37101,0.2846687733398454
29.25784733333333,21.18981,8.068037534138995
28.5969288104053,28.624125,-0.027195716572240514
23.167465,22.492367,0.6750982092285156
28.5969288104053,28.515438,0.08149073057131417
26.919277,26.643116,0.2761610026855479
24.707905,24.671722,0.03618258789062523
31.382988,31.11605,0.26693727978515724
33.186726,32.731377,0.4553493520507814
26.680845,26.68575,-0.004904053955076648
27.285324,27.150728,0.13459577429199143
25.158379,25.297394,-0.13901479882812495
29.0063455,28.156113,0.8502328291015608
28.5969288104053,28.537888,0.05904123716311105
28.5969288104053,28.526773,0.07015535764650949
28.5969288104053,28.527538,0.06939051084475167
28.5969288104053,28.530167,0.06676218442873605
28.5969288104053,28.507568,0.08936045103029855
28.5969288104053,28.493584,0.1033451312060798
29.082563,30.71899,-1.636427325927734
29.467203,29.882942,-0.4157391997070299
23.90381,23.638756,0.26505420166015625
27.348675,28.328247,-0.9795720703124999
15.849063,20.241829,-4.392765918457032
26.396301,25.622414,0.7738873647460949
23.010149,21.579525,1.430624006103514
28.5969288104053,28.574154,0.022774910258814174
28.5969288104053,28.49601,0.1009189837451423
28.5969288104053,28.576569,0.02036020688967355
29.7212586,29.39728,0.32397886062011594
24.62675966666667,24.16047,0.46629061149088713
33.34538,33.37152,-0.026140996093751312
28.6837984,28.696682,-0.012883576318358791
27.52777683333333,26.399656,1.1281205375569634
32.66890455555556,32.91336,-0.2444560401475684
28.5969288104053,28.545963,0.050965523051782924
25.319643,22.841301,2.4783420356445305
24.218798,24.380371,-0.1615730937500004
28.5969288104053,28.531837,0.0650913470263923
24.424173666666665,24.910997,-0.48682372408040564
28.5969288104053,28.559362,0.03756639890627511
27.975912,27.449099,0.5268134129638682
25.956038,25.838415,0.11762285412597606
27.51114,27.668367,-0.15722738586425677
28.5969288104053,28.534824,0.062104439067407924
28.5969288104053,28.58239,0.014538978862329799
30.32138,30.151354,0.17002616394043102
32.9706424,32.915115,0.05552704355469018
25.907893,26.18368,-0.27578658068847517
30.961435,31.13908,-0.17764504760742028
27.150568,25.67733,1.473237982910156
29.046381,28.79646,0.24992180200195335
25.9732415,25.643112,0.3301293173828128
28.5969288104053,28.574154,0.022774910258814174
33.300967500000006,33.33721,-0.03624410888671292
28.5969288104053,28.574154,0.022774910258814174
28.5969288104053,28.439617,0.15731165342287667
28.5969288104053,28.322392,0.2745373003955329
28.5969288104053,28.601345,-0.004416251850560826
28.667566,28.800323,-0.13275748632812423
28.5969288104053,28.574154,0.022774910258814174
31.8121,31.883787,-0.07168715515136626
32.1715,32.34213,-0.1706287536621076
28.5969288104053,28.506966,0.0899631731982673
26.406548,26.359562,0.04698607983398517
28.5969288104053,28.408813,0.18811533384279855
30.355320500000005,30.014194,0.3411260114746142
24.073902,24.212368,-0.13846601147460902
30.53642,30.377369,0.15905107299804655
25.521633,25.835352,-0.3137189439697252
25.704058,25.834702,-0.13064353808593765
21.762825,21.576872,0.18595312805175723
23.51182775,24.17411,-0.6622826625976579
22.662504,22.101112,0.5613916342773422
25.5831965,24.545565,1.0376318485107419
28.941103,29.498539,-0.5574359709472674
28.5969288104053,28.574154,0.022774910258814174
28.5969288104053,28.508722,0.08820650510744699
25.135006,26.139427,-1.0044211850585931
24.241966,24.042788,0.19917844812011865
25.390701,25.50549,-0.11478834936523441
24.020826,24.934305,-0.9134791910400395
31.11938588888889,30.776957,0.34242933066134995
29.109636,29.613386,-0.5037501541748064
26.38951,27.60232,-1.2128097174072252
28.5969288104053,28.664352,-0.06742360658688895
26.06,25.081377,0.9786229705810534
30.646278,31.24349,-0.5972122191162121
28.5969288104053,28.570145,0.02678415708498605
20.733343,21.067245,-0.3339024833984361
28.119194,28.02003,0.09916493200683618
25.364368,27.635725,-2.2713570213623058
25.857685,23.408682,2.449003130493164
24.48161,24.17726,0.3043505548095702
25.984642,26.322035,-0.3373928358154288
28.5969288104053,28.533129,0.06380007200197824
28.5969288104053,28.532648,0.06428072385744699
35.05495883333333,33.39377,1.6611905227864554
27.9464205,28.34351,-0.39708917407226707
28.5969288104053,28.503807,0.0931217425342048
27.241903,26.966656,0.27524726879882877
28.5969288104053,28.574156,0.02277300291018136
28.5969288104053,28.529129,0.06779978208498605
29.401162,31.271027,-1.8698646113281256
28.5969288104053,28.591354,0.005574440288111049
20.799582,17.960192,2.8393902733154306
27.250982,27.962088,-0.7111056312255855
28.5969288104053,28.545088,0.05184099607424386
30.195866,29.968132,0.22773398095703
28.5969288104053,28.556591,0.040337776469751674
29.026104,28.715794,0.3103103903808595
25.142645,25.302736,-0.16009128234863113
28.5969288104053,28.529097,0.06783220701174386
31.03548,30.663464,0.37201640747070286
25.74233,25.661629,0.0807012768554678
28.5969288104053,28.5106,0.08632967405275949
23.255486,23.61759,-0.3621039505615222
22.710131600000004,21.43455,1.275582268334965
27.385458,27.98512,-0.5996627733154298
23.622352000000003,23.930075,-0.30772269177245803
23.581954875,22.936712,0.6452426099853525
25.92401,25.47659,0.44742079711913973
26.727003,25.53054,1.196462533691406
31.2320355,29.279778,1.9522579731445298
19.539259,16.432661,3.1065979434814466
30.243761,30.489796,-0.2460346848144539
27.745293,27.489958,0.255335190551758
28.5969288104053,28.48874,0.10818788938479074
31.29359,31.182785,0.11080496582031074
23.318573,23.80314,-0.4845676402587884
32.70354414285714,32.8214,-0.11785554586356284
27.9715975,27.714695,0.2569025231933608
21.451298,20.678856,0.7724421040039076
28.5969288104053,28.529797,0.06713221006350167
30.39334233333334,30.437305,-0.043963117106113
27.164612,26.854082,0.31052989245605644
30.03434,29.858032,0.17630777343750026
28.5969288104053,28.525846,0.07108232908205636
30.54288,30.8496,-0.3067198382568357
29.497126333333327,29.48636,0.010765783406569085
28.5969288104053,28.429396,0.16753313474611886
27.407934,27.772957,-0.36502284814453034
28.5969288104053,28.487532,0.10939714841799386
26.192277500000003,26.166552,0.025725910034182675
28.5969288104053,28.633411,-0.036482597065404576
26.394312,26.28996,0.10435113879394464
24.411317666666665,24.264275,0.1470430694986966
29.79289,29.655653,0.13723700012207019
24.668583,25.34705,-0.6784667131347639
29.479729,29.371994,0.10773498144531146
24.77648,24.600754,0.1757262158203119
28.5969288104053,28.553381,0.04354784421877511
28.24991525,28.36049,-0.1105755489501945
28.5969288104053,28.530117,0.06681177549318917
28.5969288104053,28.615532,-0.0186031109814202
29.05759271428571,28.674408,0.3831847553013361
26.8973468,26.110603,0.7867434674804699
29.78673,29.63894,0.14778918884277203
28.5969288104053,28.534203,0.0627262347217048
24.16547475,24.458105,-0.2926303372802721
25.639275,25.731098,-0.09182317504882676
32.36182544444445,32.513866,-0.152040980116098
28.5969288104053,28.574154,0.022774910258814174
28.007486,27.830175,0.17731060021972667
28.949968,28.965162,-0.015194277221681318
24.422745,25.005257,-0.5825116528320322
24.52552,25.064941,-0.5394214062499998
28.5969288104053,28.530685,0.06624338560061105
28.5969288104053,28.403921,0.1930076830859626
28.5969288104053,28.559523,0.03740618162111886
27.83028,27.995829,-0.1655486285400407
28.1534295,27.38848,0.7649502672119155
21.3163926,23.69063,-2.374237359106445
25.357218,25.282383,0.07483503491210897
25.797672,25.803171,-0.005499157836915458
22.96371,22.695625,0.2680846948242177
31.4752955,31.279816,0.19547982617187643
28.5969288104053,28.579067,0.017861580180689174
22.544416,21.503988,1.0404277340087873
28.5969288104053,28.58152,0.015408729838892299
22.531815,21.143959,1.3878559545898455
30.654716399999995,32.002186,-1.3474694215332086
26.422777,26.736044,-0.313266930053711
22.387415,20.744934,1.6424809179687507
24.722408,24.460167,0.26224106884765774
28.933711,24.64065,4.293061204467772
28.409368625,28.550749,-0.14138020007324315
18.21382284,21.056406,-2.842583181118165
28.5969288104053,28.572195,0.02473375730471261
26.778538,26.937248,-0.1587102299804677
33.785908,33.4805,0.30540873242187416
25.262066,25.878798,-0.6167315311279289
27.050097500000003,27.483517,-0.43341919311523114
23.902761,23.97679,-0.07402847448730299
28.5969288104053,28.574154,0.022774910258814174
28.5969288104053,28.603073,-0.006144309711888951
33.843586,33.76059,0.08299640039062695
24.917124,23.846106,1.0710184244384777
28.5969288104053,28.516611,0.08031771116213449
27.795502,26.762478,1.0330241252441397
27.359447,26.958347,0.4010996794433588
27.308790428571424,26.556677,0.7521135639474004
30.439278,30.605988,-0.1667095488281234
28.5969288104053,28.574154,0.022774910258814174
29.90609,30.618607,-0.7125165673828135
29.211388,29.439005,-0.2276168980712896
32.78624528571429,37.835976,-5.049730361258369
25.58714,25.88569,-0.2985506890869125
28.5969288104053,28.642345,-0.045416618061498326
31.40391,31.145674,0.2582362481689451
28.601961,28.62925,-0.027288572753906948
30.5812598,30.983938,-0.4026784171630844
28.5969288104053,28.533833,0.06309626035647042
26.273705714285715,25.938221,0.33548473650251154
23.438599,23.622454,-0.18385468957519535
25.284908,24.887686,0.39722222424316556
25.303019,25.088926,0.21409268469238185
29.926846428571427,30.20592,-0.2790728371756437
28.5969288104053,28.574154,0.022774910258814174
26.53635733333334,26.54984,-0.013483593790684978
28.5969288104053,28.495918,0.1010105364795173
25.440638,25.841845,-0.40120655871582045
28.817429,28.494291,0.32313769445800844
28.5969288104053,28.5674,0.029528831767603236
34.402247800000005,35.953613,-1.551365481249995
28.5969288104053,28.518747,0.07818148069338449
27.3848928,23.759668,3.625224449780273
26.06,26.329325,-0.26932472229004034
33.56493825,34.045033,-0.4800942512207058
18.16859151428572,19.229586,-1.0609941332972888
33.066385000000004,33.142735,-0.07634952758788671
29.66932324999999,29.865828,-0.19650431042481387
26.754289666666665,25.405317,1.3489723601481103
28.7817155,29.028505,-0.24678982531738214
29.1965926,28.574697,0.621895105493163
28.5969288104053,28.380514,0.2164146655078376
25.312994,25.319778,-0.006784442382812728
27.3313,26.897373,0.4339268005371082
28.5969288104053,28.366457,0.23047182493166574
24.20206,23.175682,1.0263779321289057
28.5969288104053,28.569202,0.027726387309595424
30.294613,29.593874,0.7007390223388654
31.394466,31.233164,0.16130216638183725
28.744123,27.298,1.446122664306639
28.5969288104053,28.506454,0.09047434263186105
31.737747,31.643913,0.09383373095703007
27.855488166666664,28.035265,-0.17977680220540648
28.5969288104053,28.622639,-0.025709891987279576
25.4429875,25.29497,0.14801794128418067
38.143098,38.676132,-0.5330342021484356
28.5969288104053,28.527382,0.0695469134326423
23.987766,24.173086,-0.18532016638183535
28.5969288104053,28.527332,0.06959650449709542
32.355858,32.701466,-0.34560760668945534
26.086449,26.229187,-0.14273801171874823
22.673765,23.576275,-0.9025098718261724
28.5969288104053,28.526314,0.0706150286670173
24.329268,24.084276,0.2449918006591787
26.939827,27.175821,-0.23599430432128798
38.149496,38.448647,-0.29915054541015706
25.300987,23.685314,1.6156728215332024
30.201644,31.246023,-1.0443791781005842
26.56898166666667,26.381329,0.1876530839029975
31.50634325,34.070843,-2.5644994929199214
31.1599588,31.646912,-0.4869528210937517
28.5969288104053,28.55728,0.03964922361330636
30.120636,30.2004,-0.07976339880370986
29.253996,29.11492,0.13907633752441484
24.96333,24.095837,0.8674933605957023
28.5969288104053,28.531105,0.0658237689013923
26.06,24.400024,1.6599755859374987
28.5969288104053,28.528528,0.06840059690432199
28.5969288104053,28.578064,0.01886484556154855
32.712482,33.038788,-0.3263058417968736
28.660292,28.48969,0.1706012193603499
23.416388,24.129797,-0.7134089818115221
20.475254,20.327333,0.1479205496826168
28.5969288104053,28.623657,-0.02672841615720145
27.517454,31.279942,-3.76248755883789
28.410295,28.877657,-0.4673619366455064
26.447733,26.539753,-0.09201996020507863
27.70628,27.990322,-0.2840421130371098
28.5969288104053,28.528559,0.06837007932619699
24.3386745,27.402245,-3.063570067871094
32.82999342857143,32.990486,-0.16049271644810403
25.970499333333333,25.446999,0.5235007371419265
27.883171,28.418287,-0.5351162772216789
28.29569033333333,28.839338,-0.5436479692789753
28.5969288104053,28.592827,0.004101967143579799
27.819257800000003,27.543348,0.2759094876220729
21.215975,22.42272,-1.2067449554443357
28.527,28.496374,0.030625869750977586
28.5969288104053,28.451189,0.14573976926760324
33.840508,33.48897,0.3515362897949217
28.5969288104053,28.528316,0.06861231260256417
28.5969288104053,28.525782,0.07114717893557199
28.5969288104053,28.52856,0.06836817197756417
28.5969288104053,28.532162,0.06476709775881417
28.5969288104053,28.546616,0.05031320981936105
27.892038,27.864098,0.027940404785155692
27.49089375,27.630682,-0.13978824157714698
28.5969288104053,28.52701,0.06991884641604074
26.53461,26.410982,0.12362786804199288
33.91675,33.75456,0.16219143676757852
28.5969288104053,28.6326,-0.035671973896459264
28.092555666666676,27.928274,0.16428151200359054
28.5969288104053,28.574154,0.022774910258814174
28.074667,28.223822,-0.14915464001464684
27.35179,27.176104,0.17568640808105584
32.83239,32.42705,0.4053384558105435
28.5969288104053,28.570145,0.02678415708498605
27.078568,27.032045,0.046522635620117825
28.5969288104053,28.600372,-0.003443504047826451
32.0687205,31.478004,0.5907160444335915
27.083063,27.11454,-0.03147710009765703
22.435621,22.429348,0.006273008056641771
29.439434,29.538208,-0.09877400781250145
21.659231,22.516201,-0.856970019287111
28.5969288104053,28.574154,0.022774910258814174
28.384415,28.646656,-0.2622410363769525
25.776144,25.754576,0.021568270629881425
28.5969288104053,28.517872,0.07905695371584542
24.842233600000004,24.608025,0.23420900283203494
28.5969288104053,28.547981,0.0489475481982673
28.5969288104053,28.533602,0.06332704954104074
26.077478,26.362236,-0.2847580229492195
20.668621,20.789108,-0.12048727636718581
25.664267,25.796741,-0.1324744855957043
28.502851,28.475758,0.02709340112304659
27.103518,26.893517,0.21000145947265736
28.927006,29.25896,-0.33195472387695446
30.35938,30.388845,-0.02946544372558435
32.621235000000006,32.74382,-0.12258519042968175
28.5969288104053,28.623636,-0.026707435322240514
28.5969288104053,28.574154,0.022774910258814174
28.5969288104053,28.58269,0.014239525126978236
24.432163,24.12303,0.3091332911376945
28.5969288104053,28.38698,0.20994875364260324
28.5969288104053,28.53106,0.0658695452685798
21.62596333333333,21.840126,-0.21416270426432504
24.576244,24.453382,0.1228615079345694
28.5969288104053,28.525187,0.07174227170900949
22.169267,23.002424,-0.8331572401123033
28.5969288104053,28.599962,-0.0030334240917717636
33.708453875,33.935318,-0.22686411816406604
28.5969288104053,28.535158,0.061770653056665736
30.067213857142857,30.084679,-0.01746479275948687
28.5969288104053,28.574154,0.022774910258814174
25.515085,25.497374,0.01771141906738194
26.70040822222222,22.039,4.661408664727102
28.5969288104053,28.609825,-0.012896323872045201
29.159046,26.681639,2.477407282348633
22.568696,22.519926,0.048769928833007015
26.612024400000003,26.411886,0.20013818479004186
28.5969288104053,28.574154,0.022774910258814174
28.5969288104053,28.505388,0.09154055051760324
28.5969288104053,28.582277,0.014651512431665736
33.38795,32.468365,0.9195852844238246
28.5969288104053,28.40271,0.19421884946779855
30.314747,31.028866,-0.7141188142089838
32.43858483333333,32.454575,-0.015989751627607518
21.29959483333333,21.095734,0.20386119075520526
26.389107,26.748903,-0.3597962745361336
30.703724,30.907791,-0.20406713769531137
32.708073,33.086964,-0.3788906535644543
25.359224,25.650707,-0.2914832448730458
28.142473,28.02494,0.11753250927734271
24.1802085,23.640764,0.5394442635498038
28.5969288104053,28.611107,-0.014178062153295201
31.77725,30.679113,1.0981366119384752
28.5969288104053,28.574154,0.022774910258814174
32.030136,31.702465,0.32767094262695196
29.948372,29.537727,0.41064464404296785
28.24405171428572,28.21503,0.029021044119705408
28.5969288104053,28.574154,0.022774910258814174
22.564768,22.578398,-0.013629750854491363
24.76962728571428,24.541716,0.22791166376603655
28.5969288104053,28.532219,0.0647098772998298
30.70196,30.652344,0.049616249999999695
31.796865999999994,32.298283,-0.5014166232910213
32.46513649999999,32.484127,-0.01899054467774164
27.739292,27.449593,0.2896994096679677
31.16326625,30.743265,0.42000109802246044
24.376518,22.837742,1.5387761481933602
28.223204,28.341179,-0.11797489404296968
25.051933,25.2806,-0.2286665941162127
24.992404,23.851109,1.1412954489746099
28.5969288104053,28.73138,-0.13445165224118583
32.66234300000001,26.9949,5.667443250244148
31.40308566666667,31.546516,-0.1434307517903619
27.4566135,27.571783,-0.11516956579589888
28.5969288104053,28.574154,0.022774910258814174
28.5969288104053,28.574154,0.022774910258814174
28.5969288104053,28.502222,0.09470674924807199
28.5969288104053,28.531157,0.06577227048830636
26.15333,26.05399,0.09934058959960979
25.61077,25.767666,-0.15689586303711067
23.094814,23.906664,-0.8118498946533208
28.151648,28.844372,-0.6927237956542953
28.5969288104053,28.50306,0.0938694231982673
21.99795,22.11646,-0.11851080017089899
31.557764,31.133718,0.4240455093994129
27.09769,26.075233,1.0224565405273438
27.17397,28.09004,-0.9160702069091791
28.5969288104053,28.502626,0.09430239133791574
22.06121,21.909586,0.15162404724121004
28.5969288104053,28.538445,0.0584842913623298
28.5969288104053,28.528742,0.06818697385744699
24.5454102,23.81376,0.7316494425537101
28.5969288104053,28.408913,0.1880161517138923
28.5563335,28.532112,0.024221378417969675
28.652449,28.569286,0.08316265356445385
23.758022,22.475351,1.2826706663818364
25.300987,23.677858,1.6231286473388664
26.4322,26.47931,-0.047109082031248306
23.44888333333333,24.362675,-0.9137913798014345
28.5969288104053,28.530306,0.06662294797854074
26.349628,26.492405,-0.14277693774414146
28.5969288104053,28.465921,0.1310074084277595
28.384866,28.306683,0.07818341333007695
28.5969288104053,28.420715,0.17621347837404855
20.56894,20.955791,-0.38685147338867054
28.5969288104053,28.514887,0.08204195432619699
29.218464,28.98572,0.23274431921386807
24.708288,25.200096,-0.49180813037109417
33.75862,33.876286,-0.11766555297851511
24.432163,24.118778,0.31338477124023356
29.707575,29.360565,0.3470098144531235
28.907923,28.804094,0.10382868542480495
25.567469,26.314585,-0.747115732055665
28.5969288104053,28.456678,0.14025041990236886
28.346083,28.111963,0.23411972790527358
28.5969288104053,28.574154,0.022774910258814174
28.5969288104053,28.519165,0.07776377134279855
28.5969288104053,28.45569,0.14123842649416574
28.5969288104053,28.397358,0.19957086973147042
24.235752,24.34339,-0.10763751110839692
28.5969288104053,28.562717,0.034211372661157924
20.469715,21.218615,-0.7488995782470695
24.29504,24.943058,-0.6480180139160154
28.5969288104053,28.499708,0.09722063474611886
23.837893,22.818794,1.0190987495117199
28.5969288104053,28.352793,0.2441360705371345
24.189547,24.144243,0.04530375964355571
25.725973,25.56277,0.16320215649414038
28.5969288104053,28.530966,0.06596300535158761
33.183388,33.155243,0.028145080078125773
28.5969288104053,28.525051,0.07187769346193917
25.18084333333333,25.81895,-0.6381073197428435
34.355382500000005,32.23757,2.117810783691411
34.02566733333334,34.66287,-0.6372011664225212
28.5969288104053,28.505547,0.0913822405810798
28.01181,28.676073,-0.6642630743408198
28.5969288104053,28.574156,0.02277300291018136
33.189655,33.250664,-0.061008757324216845
28.1425655,28.148705,-0.006139028808593849
22.15683,21.342356,0.8144742718505853
26.224241,26.305727,-0.08148600500488357
28.5969288104053,28.501982,0.09494707517580636
28.5969288104053,28.382498,0.2144310229297126
28.5969288104053,28.49954,0.09738848142580636
21.566624,21.955465,-0.38884131677246003
28.5969288104053,28.414358,0.1825706713672126
29.010783999999997,29.083202,-0.07241836206054941
24.57189766666667,23.502817,1.0690805127360044
27.132645,27.414885,-0.28223956726074206
25.310871,25.26655,0.044320935913084725
26.20787466666667,25.597979,0.6098960747477236
25.948715,23.07783,2.870885639038086
28.5969288104053,28.61516,-0.018231177998021764
24.255033,25.476604,-1.221571461669921
31.847767,31.739521,0.10824597338867292
28.29621725,28.284376,0.011841105590821854
28.5969288104053,28.500637,0.09629175596193917
28.5969288104053,28.610584,-0.013655448627904576
28.5969288104053,28.574154,0.022774910258814174
32.70917699999999,32.50002,0.2091579265136616
26.5398245,28.111683,-1.5718583918457014
28.5969288104053,28.561935,0.03499338560061105
28.5969288104053,28.574154,0.022774910258814174
29.916447,29.786695,0.12975151965332188
20.95371,21.130373,-0.17666300109863187
30.444164,30.252943,0.19122096105957098
24.020826,24.589598,-0.5687717020263676
28.62793,28.616013,0.011917426757811711
31.39454875,32.30456,-0.9100128649902359
28.5969288104053,28.528475,0.06845400266604074
28.583637,28.77359,-0.18995308789062548
30.33581,30.603685,-0.2678753790283217
27.781074499999995,28.098589,-0.31751444348144986
26.002543,26.315733,-0.3131899559326179
32.272808,32.57425,-0.3014412675781273
28.5969288104053,28.521788,0.07514116697268136
25.44924,24.836012,0.61322811340332
28.5969288104053,28.587484,0.009444450664087611
26.52338,26.688162,-0.16478184997558643
29.49261814285714,29.447718,0.04490047623116311
24.117594,23.862804,0.25478958715820355
26.416271125,26.449812,-0.03354081042480317
33.61999333333333,31.70835,1.91164410542806
17.460073,21.210752,-3.750679487182616
28.5969288104053,28.532167,0.06476137571291574
29.367683,29.301256,0.06642682019042923
28.5969288104053,28.574154,0.022774910258814174
25.516207,25.931269,-0.41506169201660015
25.380587,26.877645,-1.4970584925537125
28.5969288104053,28.525799,0.07113001279787667
28.5969288104053,28.500399,0.09653017454104074
28.200241,28.258837,-0.058595746215821976
28.5969288104053,28.575928,0.02100107603029855
27.773787,26.95711,0.8166775487060534
28.5969288104053,28.561619,0.035310005473657924
22.945791,22.162476,0.7833154140624998
32.487682,31.721672,0.7660099418945308
28.5969288104053,28.492012,0.1049167864795173
22.139194333333336,22.643986,-0.5047914149576798
28.5969288104053,28.594435,0.0024940722461188614
25.474573,25.751104,-0.27653135485839897
27.324858,27.820492,-0.4956337907714854
29.777552,29.929379,-0.15182650952148435
26.766392,26.932121,-0.165729276855469
23.359572875,23.611124,-0.2515511636962877
22.9552495,22.268309,0.6869408604736336
22.687145,21.91028,0.7768647723388682
28.5969288104053,28.375036,0.2218925707812751
26.153603,26.371937,-0.21833379809570275
29.4242145,28.828625,0.5955897746582046
25.796246,28.713133,-2.916886858276367
25.5892925,26.165014,-0.5757217669677743
22.730537999999992,22.777037,-0.04649866687012505
26.116451,26.163689,-0.047237659667967336
28.5969288104053,28.526873,0.07005617551760324
29.139387,29.052322,0.08706461230468676
28.5969288104053,28.428875,0.16805384092287667
25.667809,25.700756,-0.032947072998048554
28.5969288104053,28.574154,0.022774910258814174
28.766163833333334,29.308422,-0.5422582552897133
30.695536,29.787916,0.9076198165283209
28.5969288104053,28.53212,0.06480905942873605
28.249483714285716,28.63575,-0.3862661026088148
24.666836,24.843836,-0.17699983068847658
28.5969288104053,28.54708,0.04984972410158761
26.413467,26.65917,-0.24570315075683524
24.397356,24.566727,-0.169370684570314
28.5969288104053,28.416937,0.1799919360156501
30.607956,31.182426,-0.5744704526367173
28.5969288104053,28.574154,0.022774910258814174
26.99191,26.650234,0.34167577758789136
21.55243425,22.72066,-1.1682250059814443
28.53416,29.136444,-0.602284091796875
27.233387,27.109743,0.12364388171386764
26.004139,25.57457,0.42956929785156106
26.64839516666667,25.796762,0.8516327002360065
21.210146,20.353754,0.8563919564209002
28.5969288104053,28.574154,0.022774910258814174
24.599068,23.790865,0.8082030555419912
29.068825,29.497463,-0.428638226318359
27.21777125,28.459957,-1.242185872802736
22.71568,23.123644,-0.40796387512207133
28.5969288104053,28.394852,0.20207712583498605
28.5969288104053,28.510136,0.08679315977053292
28.5969288104053,28.533163,0.06376573972658761
28.5969288104053,28.505054,0.09187433652834542
21.299967,21.757996,-0.45802860546875124
28.5969288104053,28.734299,-0.13736989564938895
28.564045250000003,28.350443,0.213602363647464
28.079433,28.123497,-0.04406400927734211
28.5969288104053,28.538658,0.0582706683154548
32.47714066666666,32.453323,0.02381730240885105
27.303957,26.321098,0.9828586723632817
28.5969288104053,28.574154,0.022774910258814174
28.5969288104053,28.469828,0.1271011584277595
28.5969288104053,28.589647,0.007281517314478236
33.037567,32.558224,0.4793432756347684
24.652885,24.964182,-0.3112969000244128
31.38,31.741982,-0.36198150634765724
23.678024,24.366386,-0.6883624135742181
32.557964,31.74932,0.8086449234619124
27.634712,26.491062,1.1436498356933598
26.205912,26.24387,-0.0379577814941392
33.82273349999999,33.3954,0.4273324990234286
28.5969288104053,28.534584,0.0623447649951423
29.417938,29.394325,0.023612743652343227
26.59789166666667,26.78905,-0.19115748189290116
28.5969288104053,28.574154,0.022774910258814174
25.73021,25.866535,-0.13632518676757854
28.5969288104053,28.515232,0.08169672422365792
25.335608,25.518255,-0.18264723376464786
30.26439,30.342056,-0.07766627441406371
29.455725,29.477377,-0.02165193786620989
34.164204,33.888386,0.2758182272949199
25.471382,25.86633,-0.39494719311523596
23.389574,23.707123,-0.31754880273437536
28.5969288104053,28.531113,0.06581613950686105
27.468359,27.140587,0.3277721469726558
25.502827,25.191156,0.31167061267089835
28.5969288104053,28.520248,0.07668039731936105
26.881727,26.09197,0.7897565562744155
28.5969288104053,28.504251,0.09267733030275949
31.338,30.703037,0.6349627380371103
23.40184,23.370962,0.030877857055664037
28.5969288104053,28.33612,0.26080820493654855
23.706387,23.70892,-0.002532525146484943
28.5969288104053,28.530546,0.06638262205080636
23.645058599999995,22.412056,1.233002630761714
24.243507,24.805443,-0.5619358100585927
28.5969288104053,28.574154,0.022774910258814174
26.36984,26.591457,-0.22161736694335943
27.198229,27.99202,-0.7937906533203112
30.424992,30.396067,0.02892533435058553
28.941393,29.78151,-0.840116399414061
28.09157,28.203556,-0.11198606079101481
27.84402,27.56872,0.2753001361083989
31.57366357142857,29.563753,2.0099104433768105
27.041054,27.229462,-0.18840766992187596
28.5969288104053,28.51931,0.0776188128467048
27.360826,27.258316,0.10250995996093692
23.05232,22.935312,0.11700772888183764
28.5969288104053,28.579962,0.01696703367190011
30.770157,30.095318,0.6748391594238292
28.5969288104053,28.558334,0.03859445981936105
25.283415,25.241823,0.041591803588868714
26.14255,27.49214,-1.3495898162841797
26.798801,27.130245,-0.3314442087402334
28.033758,27.030552,1.0032060895996082
32.2909745,32.05655,0.23442542773437225
23.53847,23.847889,-0.3094189465332029
25.405739,25.579569,-0.17382986291503855
26.342424,27.44076,-1.0983356588134754
28.5969288104053,28.642326,-0.0453975445751702
28.651173,29.085533,-0.43436014208984375
28.5969288104053,28.701504,-0.10457494325681083
28.5969288104053,28.471357,0.12557146482424386
28.5969288104053,28.574154,0.022774910258814174
28.99592875,28.757212,0.23871706481933685
28.602669,28.57869,0.02397942480468629
25.210495,25.15615,0.0543441821289079
27.85731,27.920038,-0.06272822326660332
22.538378,22.19397,0.3444082734375016
23.59580166666667,23.87163,-0.2758280482991502
33.586355,30.425352,3.1610029034423803
28.5969288104053,28.566223,0.03070566587404855
25.539862,25.501879,0.037983261596679085
21.95442975,22.351173,-0.39674365087890706
12.138041099999993,19.485992,-7.3479513316406315
28.5969288104053,28.464521,0.13240740232424386
32.889632166666665,31.19518,1.6944512737223292
27.260074000000003,27.574015,-0.31394066369628604
34.005054,33.86166,0.14339399633789185
28.5969288104053,28.512135,0.08479425840334542
27.737846,27.239492,0.4983535836181652
31.603306499999995,31.458511,0.14479514746093258
30.493473,30.679478,-0.18600469165038902
32.148411499999995,32.683662,-0.5352509145507867
23.794569,23.738083,0.05648611425781169
30.443524,29.331089,1.1124349802246094
28.710514,28.340908,0.3696059494628905
22.512371,22.96474,-0.45236975317382644
26.820517,27.053347,-0.23282963391113398
26.633102,26.843521,-0.21041911816406156
24.170828,25.24579,-1.0749624815673826
25.048679749999994,25.498714,-0.4500346970214899
32.73066842857143,34.256863,-1.5261942118094325
24.440825,24.79047,-0.3496451232910154
28.538378,28.781473,-0.24309515979003748
28.5969288104053,28.574154,0.022774910258814174
24.918478500000003,24.186739,0.7317395321044948
29.232332,29.49142,-0.25908874584960984
25.4563,25.39707,0.05923006896972538
26.237284,26.200739,0.03654509313964738
28.892996,29.787666,-0.8946703208007811
27.468643,27.316835,0.15180759655761733
19.458488,20.102514,-0.6440262669677743
28.5969288104053,28.529545,0.06738398008303292
29.981062,29.38039,0.6006718327636733
25.346249,25.771544,-0.42529450280761694
22.57412,22.778557,-0.20443682373046812
27.039562,26.978275,0.06128670092773447
23.998096,21.67878,2.319316397949219
32.5002118,32.56794,-0.06772795830077882
30.410206,30.446672,-0.036466439575196574
28.5969288104053,28.499964,0.09696505002932199
27.84844233333333,25.550266,2.2981760674641905
25.455275,25.47505,-0.01977497253417937
33.490047,33.25129,0.23875763232421576
23.3220035,22.865067,0.4569369716796885
27.142933400000004,26.874086,0.2688470199951212
28.5969288104053,28.525126,0.07180330686525949
28.5969288104053,28.52989,0.06703874998049386
26.040129499999992,26.536764,-0.496634644897469
23.39021,23.298992,0.09121784301757785
33.73497,33.481224,0.25374593994140326
29.658759,30.033108,-0.3743487575683595
21.811593999999992,21.867031,-0.055437097412117
28.5969288104053,28.53959,0.057337974834009486
26.658857,26.867758,-0.2089007972412098
22.64004,22.56846,0.07157953552245999
28.5969288104053,28.481924,0.11500475339846261
21.970674499999987,22.348255,-0.3775806574707161
28.7292132,28.363487,0.3657259563476565
28.5969288104053,28.525932,0.0709964983935798
28.5969288104053,28.580378,0.016551231669946986
28.5969288104053,28.525105,0.07182428770022042
28.5969288104053,28.531624,0.0653049700732673
26.559217,26.795973,-0.2367558240966794
25.623177,25.410416,0.21276135058593582
20.301748,21.338606,-1.0368578807373048
28.00396,26.755917,1.248043404541015
22.738329,22.033064,0.7052651114501955
23.765152,23.727745,0.03740694384765675
20.172161,14.820187,5.351974385009765
26.065111,26.303553,-0.23844162756347487
31.711548,31.474638,0.23691001477050833
18.64941,17.520311,1.1290986444091793
28.5969288104053,28.54731,0.0496189349170173
29.96699,30.35193,-0.3849406182861337
24.24169,23.797085,0.44460519165038903
30.54165,29.680286,0.8613635925292975
31.615959,33.74832,-2.132362533203125
28.5969288104053,28.556068,0.0408603899951423
30.2004365,25.991947,4.208489325927733
25.604809,25.901735,-0.2969263057861333
29.06079,29.109179,-0.048388543090819525
25.738165,25.781597,-0.04343213745117325
26.396301,26.646307,-0.2500059915771473
24.068926,24.057972,0.010954045654298028
27.456945,27.828127,-0.37118190734863177
25.450951000000003,24.110786,1.3401645620117222
33.551876,33.664104,-0.11222846166992184
22.403053,21.628128,0.7749249482421874
27.550941,27.197943,0.35299826623535324
27.80742,30.795002,-2.9875819836425777
27.252935,27.00954,0.24339444213867267
32.756958,32.040844,0.7161140363769505
28.5969288104053,28.532656,0.06427309446291574
27.546892,28.33246,-0.7855684034423831
26.548662,26.663002,-0.11434001416015604
28.5969288104053,28.514534,0.0823948138232673
28.5969288104053,28.674225,-0.07729604311032645
34.21723028571429,34.564816,-0.34758523552594767
24.450672,25.256844,-0.8061715668945304
28.148436,27.942505,0.20593111718750023
32.50072624999999,35.833145,-3.33241889160157
28.5969288104053,28.416069,0.1808597796435798
28.5969288104053,28.622902,-0.0259731060986077
25.575077,25.303646,0.2714309123535159
22.97835564,22.402987,0.5753691135107424
27.193583,25.877234,1.3163494947509768
25.13206799999999,27.379526,-2.2474581383056744
28.5969288104053,28.50651,0.09041902952150949
27.096292,27.00505,0.09124134082031077
27.741984,26.147165,1.5948187015380846
29.793365,29.837114,-0.04374933410644388
28.5969288104053,28.501554,0.09537432126955636
31.480908666666664,27.29492,4.185988699015297
36.134033,32.62576,3.508273875244143
24.400497,24.347347,0.05314974047851706
24.70587,25.187006,-0.4811359967041007
28.5969288104053,28.518501,0.0784275286670173
29.201328,28.911856,0.28947230236816424
28.5969288104053,28.616602,-0.019673133564428014
23.70047,23.387245,0.313224821777343
24.329302,24.46565,-0.13634855847168126
30.213786142857145,28.755749,1.4580373940778486
31.555986,31.883238,-0.32725183874511643
30.126987,30.21854,-0.09155319165039089
28.5969288104053,28.57915,0.017779564189478236
29.159046,26.373287,2.7857587990722656
28.391953,27.430147,0.9618058289794931
29.21018,29.440683,-0.23050336486816292
30.309763,31.138462,-0.8286990666503904
31.2516124,28.527945,2.723667835180663
29.711489,29.476645,0.23484448400878932
26.1714,25.648184,0.5232161773681625
26.238764,26.452236,-0.21347217553710962
28.765867555555555,28.496601,0.2692664508192273
26.16504,26.370302,-0.20526220031738163
29.11155633333334,29.066982,0.04457406404623043
28.376154,27.987581,0.38857274694824184
33.499748,35.096394,-1.5966455852050814
29.5786242,28.01688,1.5617441645996095
24.506061375,23.087576,1.4184854625244157
26.915024,27.471266,-0.5562417928466807
28.5969288104053,28.526913,0.07001612119631417
23.732096,23.994144,-0.2620484396972671
29.7212586,29.507381,0.21387716079101438
27.153864,26.882574,0.27128991857910023
32.640892,32.73472,-0.09382632275390534
20.421713,25.594122,-5.172408932983398
28.51727385714286,28.30811,0.20916457369559538
28.5969288104053,28.496294,0.10063478879885324
28.5969288104053,28.555307,0.041621422099634486
29.745106499999995,29.39935,0.34575728735351063
26.1336404,25.014225,1.1194153938964853
28.5969288104053,28.512875,0.08405420713381417
26.007666,25.532326,0.47534025537109414
28.5969288104053,28.407137,0.18979189329104074
27.19712,28.023958,-0.8268382061767561
28.45337,28.12066,0.33270921813964804
28.5969288104053,28.513905,0.08302423887209542
25.657867,25.687626,-0.02975888500976609
22.700563,21.892204,0.8083587153320302
24.03954,22.826187,1.2133528662109363
27.397253,27.490847,-0.09359363391113362
30.926283,31.53712,-0.6108378190917954
28.5969288104053,28.597673,-0.0007446057323967636
28.780392,28.427402,0.35298950366210846
28.5969288104053,28.51227,0.08465883665041574
25.603989,25.675488,-0.07149851831054832
29.6187425,24.071077,5.547665153198242
23.209635,23.50963,-0.29999520324707163
25.759417,25.517092,0.2423252489013663
26.428034,26.887753,-0.4597185329589841
29.235774000000006,29.649908,-0.41413406579589207
25.653362,25.999327,-0.34596470593261586
22.949418428571427,22.269657,0.6797612935616613
32.35309977777777,30.000216,2.3528842473822635
28.5969288104053,28.574154,0.022774910258814174
23.41434,21.81399,1.6003503607177727
29.843612666666672,28.831732,1.011880870402024
28.5969288104053,28.339537,0.25739214353518136
28.5969288104053,28.507895,0.08903429441408761
28.5969288104053,28.532503,0.06442568235354074
28.5969288104053,28.613037,-0.01610829896970145
28.5969288104053,28.528095,0.06883356504397042
28.5969288104053,28.498838,0.09809038572268136
33.81748114285715,33.995995,-0.1785134250139464
27.927446,29.541485,-1.614038832763672
26.267984,26.19027,0.0777145297851547
28.5969288104053,28.469501,0.12742731504397042
25.658108,25.861984,-0.20387625292968892
33.116264,33.17068,-0.05441699975585834
28.5969288104053,28.574154,0.022774910258814174
24.5026035,23.269396,1.233207671752929
28.5969288104053,28.507006,0.08992311887697824
28.5969288104053,28.515665,0.08126375608400949
22.257463,21.562868,0.6945948817138685
25.4824,27.47048,-1.9880799652099626
28.5969288104053,28.574156,0.02277300291018136
30.636797,30.608349,0.028448153564454515
20.6203405,21.908188,-1.2878473662109364
31.429492666666665,32.747635,-1.3181422210286478
28.306873,28.27139,0.03548208508300732
28.5969288104053,28.361917,0.2350113146777595
28.5969288104053,28.574154,0.022774910258814174
29.235774000000006,29.438448,-0.20267395227050145
30.435818,30.49665,-0.0608326958007801
28.581994999999992,28.48726,0.09473418151854673
23.52625,22.65531,0.8709403228759776
26.870865,26.801998,0.06886686157226407
23.730648,23.219126,0.5115222523193346
28.5969288104053,28.639526,-0.04259755678220145
28.5969288104053,28.422102,0.17482683591799386
29.367775,30.48369,-1.1159152618408186
28.5969288104053,28.499607,0.09732172422365792
25.914665,26.069887,-0.15522216125488342
27.505648,28.78628,-1.2806316783447258
25.839027555555557,25.782658,0.056369932264541234
27.52859,28.39842,-0.8698303338623035
28.5969288104053,28.497667,0.09926149778322824
23.915207,22.932777,0.9824295952148425
28.5969288104053,28.390373,0.2065555804248298
28.5969288104053,28.374708,0.22222063474611886
28.363476,28.069868,0.2936079122314439
32.430935,32.212845,0.21809015136718557
23.245319200000004,23.211926,0.033393693408207525
28.5969288104053,28.546057,0.05087206296877511
24.853622,25.300121,-0.44649930737304544
26.274012750000004,24.769318,1.5046951230468792
25.745358,25.683086,0.062271604736327646
30.354937,27.233717,3.12122003527832
32.740067,33.02983,-0.28976393261718414
26.60364,26.343105,0.26053468383788925
26.42757425,31.933327,-5.505752471191407
28.3305484,28.42967,-0.09912193386230328
28.5969288104053,28.600449,-0.003519797993138951
28.5969288104053,28.574154,0.022774910258814174
26.733223,27.136337,-0.40311428027343865
30.034159,29.88719,0.14696913488769425
27.694838,26.61142,1.0834183222656257
22.169443,24.91291,-2.74346746142578
26.7779995,26.3412,0.43679962512207027
31.148907,31.305893,-0.15698594433593627
26.605955,26.620335,-0.01437962524413905
28.639524,28.40734,0.2321849039306656
33.845867,34.16936,-0.32349411450195475
33.22582,33.453987,-0.22816712158203245
25.8862746,25.562761,0.3235132932373048
33.565292,33.55667,0.008620857421874462
28.5969288104053,28.612398,-0.015469337177709264
22.70705,23.27879,-0.571739520263673
20.98659,20.743238,0.24335155090331995
26.442554,27.728924,-1.2863697976074207
26.522657,26.288822,0.2338348259277332
22.16463,21.0228,1.1418295544433583
28.5969288104053,28.621756,-0.02482678957028739
25.491896,24.990513,0.5013831520996099
28.372474,28.238892,0.13358239843750042
28.5969288104053,28.574154,0.022774910258814174
28.5969288104053,28.553473,0.04345629148440011
28.17463233333333,28.521679,-0.3470465912272154
32.23326814285714,28.435696,3.7975724946637825
22.902499499999998,27.420044,-4.517544445312502
16.701883,12.227363,4.474520367248534
28.5969288104053,28.528175,0.0687534564013923
28.5969288104053,28.39134,0.20558855466799386
23.303041,22.651663,0.6513781734619144
28.5969288104053,28.583046,0.013882850932642299
22.576305,22.997345,-0.4210399707031236
28.21024,28.10392,0.10632001708984262
24.625816,23.66385,0.9619652156982426
28.5969288104053,28.53088,0.06604883604006417
21.609303,21.609665,-0.00036191699218690587
33.231144,33.078796,0.15234761328125046
25.970873,26.028458,-0.057584641601561515
28.5969288104053,28.574154,0.022774910258814174
28.5969288104053,28.532764,0.06416437559084542
26.49581,27.114708,-0.618897946777345
27.176199,27.333336,-0.1571368764648433
33.403076,32.84709,0.5559843251953112
28.5969288104053,28.503363,0.09356615476565011
34.370722666666666,34.34238,0.02834214298502502
24.99434433333333,25.288773,-0.2944282496744819
30.18110650000001,29.173368,1.007738046020517
23.1809935,23.762505,-0.5815110776367192
22.020607,22.990969,-0.9703617042236345
28.5969288104053,28.530235,0.0666935198779548
31.881939,32.21432,-0.33238213647461023
28.5969288104053,28.629658,-0.032728934956029576
30.97415899999999,30.26922,0.704938647827138
28.5969288104053,28.574154,0.022774910258814174
22.89823,23.252,-0.3537708087158187
28.5969288104053,28.500687,0.09624216489748605
24.0423,22.803715,1.2385852478027353
26.2590858,25.950994,0.3080913084228527
29.950832,30.148588,-0.19775618054199384
29.769936,29.768108,0.001827632080079411
28.5969288104053,28.535284,0.06164476804690011
28.678133,27.832033,0.8460998426513662
28.5969288104053,28.646488,-0.049559379291967076
26.791271,26.801016,-0.009744853881837656
25.897606,25.832102,0.06550417810058562
29.623744,30.72762,-1.1038751711425796
26.09502525,24.912329,1.1826965299072256
27.80689019999999,21.892002,5.9148880942871
29.14076675,29.239826,-0.09905945239257719
28.5969288104053,28.505007,0.09192202024416574
28.5969288104053,28.526726,0.0702030413623298
26.660234,25.91892,0.7413134830322257
33.98623,34.04986,-0.0636280932617197
25.552437,25.396908,0.1555291936035168
23.320597,22.992022,0.32857543933105404
26.001204,25.829184,0.17202042150879038
28.31768,28.374908,-0.057228447265625704
25.725973,25.794031,-0.0680581431884768
28.5969288104053,28.530308,0.06662104062990792
29.629340500000005,29.50414,0.12519964611816903
28.5969288104053,28.574154,0.022774910258814174
27.348774,26.356155,0.9926186044921863
26.4043078,24.68014,1.724168258374025
28.5969288104053,28.529463,0.06746599607424386
26.442097,26.370358,0.07173948657226603
23.874168,23.556938,0.3172298286132822
28.5969288104053,28.514,0.0829288714404548
28.5969288104053,28.40881,0.18811914854006417
28.5969288104053,28.476446,0.12048265867190011
28.5969288104053,28.592068,0.004861091899439174
31.666940000000004,28.350065,3.3168747686767617
32.40698557142857,32.385372,0.02161340956333646
28.5969288104053,28.574154,0.022774910258814174
28.5969288104053,28.622282,-0.02535321779294364
26.7080306,24.834513,1.8735178894287117
25.838005,25.797707,0.04029839599609275
24.13577075,24.007965,0.12780566210937394
28.5969288104053,28.532879,0.06404993467287667
26.331385,26.764671,-0.4332863256835928
28.5969288104053,28.593525,0.003403877543970424
25.71553,25.369535,0.3459945538330089
28.5969288104053,28.49758,0.09934923582033761
28.5969288104053,28.565496,0.03143236570315011
24.11746225,23.800394,0.31706819177246004
26.770592,26.891613,-0.12102100659179627
35.111324,35.090233,0.02109115087890956
20.283913,19.809004,0.4749091700439436
28.5969288104053,28.574154,0.022774910258814174
26.211891,25.479332,0.7325590297851576
23.685143,23.835613,-0.15047025073242182
28.0601475,29.042105,-0.9819572210693366
28.5969288104053,28.532227,0.06470224790529855
22.448341,23.56246,-1.1141189456787117
28.5969288104053,28.416937,0.1799919360156501
28.5969288104053,28.551672,0.04525682859377511
17.74212,18.15413,-0.4120109356689454
33.02814933333333,33.334717,-0.3065674635416684
27.532737000000004,28.149172,-0.6164348292236284
28.5969288104053,28.502966,0.09396288328127511
27.248463,26.80627,0.4421924006347666
27.123346,27.220013,-0.09666666479492037
28.5969288104053,28.49846,0.09846804075197824
28.5969288104053,28.547518,0.049411033916040736
26.18001,26.322208,-0.1421984045410163
25.163582,24.434374,0.7292081444091814
26.882510142857143,28.028841,-1.146330875819615
25.267288,25.477129,-0.20984098254394468
28.5969288104053,28.52548,0.07144854001955636
25.956182,26.22561,-0.26942873303222825
25.259167,25.157413,0.10175351733398585
28.5969288104053,28.541311,0.05561754636721261
33.46127,33.34228,0.11898865844726458
27.252554,27.319761,-0.06720727624511724
34.04971266666667,30.675167,3.3745455829264372
32.513543750000004,32.91166,-0.3981154907226525
28.5969288104053,28.590208,0.006720756816431361
30.373728,30.76971,-0.39598254077148454
30.666424,23.863691,6.8027326700439446
24.428734875,24.696634,-0.2678994176025391
24.896151999999997,24.668562,0.22759006457519249
28.445023,28.35883,0.08619350170898343
35.959583,35.66151,0.2980725324707052
28.5969288104053,28.497684,0.09924433164553292
24.536160142857145,23.280132,1.2560278491559735
28.888632,23.946217,4.942415416748048
20.925293,20.437449,0.48784449841308586
25.085888,24.297068,0.7888203577880866
24.454823,24.32287,0.13195274548339953
26.490393,26.421822,0.06857140576171972
21.8916,21.857815,0.03378521118164102
27.745293,28.600979,-0.8556858513183592
33.813106000000005,33.896294,-0.08318764013671398
29.52352,28.971722,0.5517983508300794
24.301361,24.817139,-0.515777671875
22.941103,22.177904,0.7631988709716779
21.87358,25.450537,-3.576956727905273
28.771461,29.609283,-0.8378224472656264
28.418558,30.257137,-1.8385792985839835
28.5969288104053,28.346827,0.250102257060572
28.5969288104053,28.478947,0.11798212461428292
21.952682,21.818521,0.1341605003662103
24.433676,24.01264,0.42103600061034996
30.387741,29.682125,0.705615908447264
26.718515,23.183664,3.534850678100586
27.89627966666667,28.425318,-0.5290380976155582
28.5969288104053,28.574154,0.022774910258814174
27.23173,27.469902,-0.23817203857421987
31.060083,31.048443,0.011640159423826901
29.042397,28.88636,0.15603683154296988
25.528774,25.801785,-0.27301051538086085
28.5969288104053,28.416986,0.179942344951197
32.373396,32.976955,-0.6035594138183598
26.855585,26.518927,0.33665837951660293
20.145737,21.335104,-1.1893669886474605
28.578476,27.929878,0.6485977651367172
23.06671,23.772938,-0.7062277746582026
23.51628,22.368681,1.147599046020506
23.762412,22.395096,1.3673161748046887
28.5969288104053,28.440712,0.1562168353076423
26.562998,26.102303,0.4606954487304691
33.827478142857146,34.239033,-0.4115546025041823
28.5969288104053,28.506544,0.09038469724611886
30.290543,30.767553,-0.4770103294677739
32.865467,32.238144,0.6273230791015649
23.0105435,22.69454,0.31600347619628977
24.971928,25.479788,-0.5078598265380876
25.564226,24.590605,0.9736212178955093
28.5969288104053,28.53103,0.06589815549807199
28.5969288104053,28.529194,0.06773493223147042
22.12578,22.307043,-0.18126307556152454
27.28765,26.09545,1.1922005523681634
26.4378,26.613745,-0.17594473571777414
34.55537,34.23851,0.31685986816406597
26.618801,27.072165,-0.45336353552245967
28.5969288104053,28.534458,0.062470650004907924
24.34896872,27.512077,-3.1631086115429703
31.298466874999995,31.742971,-0.44450454528809047
24.784395,24.692514,0.09188058044433589
28.5969288104053,28.34503,0.25189897947268136
29.266338,28.943733,0.3226047846679698
27.066449499999997,21.88744,5.179009772216794
28.5969288104053,28.36078,0.23614809446291574
28.5969288104053,28.591183,0.005746101665064174
31.675642,31.455189,0.22045324877929673
20.904226,20.337738,0.5664879628906263
30.672775,31.270874,-0.5980990234374985
28.5969288104053,28.525043,0.07188532285647042
27.533644,27.86761,-0.3339669313964855
28.5969288104053,28.585182,0.011746620463892299
27.63788,27.525156,0.11272397888183505
32.491356,32.522186,-0.030830279296871765
33.4066655,33.600536,-0.1938708464355443
28.175327,27.648035,0.5272919505615228
28.5969288104053,28.477568,0.11936113767580636
33.073267,32.483643,0.5896244218750013
26.765856,26.697569,0.06828710656738224
26.211891,25.839027,0.37286359521484513
23.909658,23.85434,0.0553184003906253
28.210653,28.150997,0.05965583813476627
24.947977,25.250114,-0.3021374409179671
21.160461,22.73328,-1.572819181884764
28.5969288104053,28.53485,0.06207964353518136
28.5969288104053,28.546299,0.050629829692407924
28.5969288104053,28.512869,0.08405992917971261
26.498817,26.603148,-0.10433050671386823
28.5969288104053,28.612568,-0.015639091206029576
28.5969288104053,28.498972,0.09795687131838449
25.970499333333333,25.534824,0.4356749619954421
28.5969288104053,28.5245,0.07242891721682199
28.5969288104053,28.314857,0.2820713274951423
26.531315,26.467073,0.0642415594482415
28.485313,28.599804,-0.11449092456054544
30.674854,30.17179,0.5030648306884764
22.538378,22.490917,0.0474607941894547
25.105253,25.289598,-0.18434546496581916
25.642925,25.543629,0.09929630737304862
31.5404265,31.568424,-0.027997724853516814
28.5969288104053,28.625034,-0.028105521870092076
22.682596,22.858696,-0.17609998388671855
28.071733,28.086962,-0.015228746215822042
28.5969288104053,28.574154,0.022774910258814174
33.20594866666667,28.497955,4.707993344401046
25.726764749999997,21.098053,4.628711771484372
29.159046,26.389061,2.7699850258789063
29.54119,29.650064,-0.10887446838378878
28.5969288104053,28.574154,0.022774910258814174
22.979879333333333,22.584923,0.39495654280598913
28.91371,28.243414,0.6702960748290998
23.200905,24.21747,-1.016565169067384
28.5969288104053,28.445856,0.151072716044947
28.5969288104053,28.602324,-0.005394721699193639
23.291363,22.920067,0.37129616650390673
21.7491655,23.270401,-1.5212355009765623
28.581656,28.69063,-0.10897395910644647
28.5969288104053,28.54173,0.05519792966799386
28.241053,28.337597,-0.09654389331054603
28.444185,28.756613,-0.31242777770996
25.92589,26.247017,-0.32112690673828226
24.413929,24.833694,-0.41976545800781295
25.287592,24.903143,0.38444907092285163
28.5969288104053,28.625082,-0.02815320558591239
28.5969288104053,28.535461,0.06146738462404855
24.293568,24.762241,-0.46867336352539013
32.388023,31.230999,1.157024007080075
23.384714,23.677359,-0.29264462731933705
26.425432500000003,26.044338,0.3810942736816436
27.431726666666663,27.061464,0.3702623569742798
28.5969288104053,28.574154,0.022774910258814174
27.893137,28.34807,-0.4549331446533209
28.877172,28.779299,0.0978732176513688
33.96094,33.634857,0.3260828222656258
28.5969288104053,28.393202,0.20372698240236886
31.18616,25.303793,5.88236704650879
28.5969288104053,28.574154,0.022774910258814174
20.476643,20.847557,-0.3709140678710945
26.578987,26.610188,-0.031200530517576652
22.506971,22.451893,0.055078147216796935
32.70187,32.696747,0.00512317382812455
28.5969288104053,28.571877,0.0250522845263923
29.331026,28.749836,0.5811900319824232
24.78194266666667,23.884941,0.8970015655924506
24.27134,24.525513,-0.2541726953125014
28.5969288104053,28.568464,0.02846453123049386
23.227925571428568,21.94661,1.281316074358255
28.276857,28.849895,-0.5730384772949222
26.2324315,26.13173,0.10070237402343807
25.552633,26.08985,-0.5372164720458983
28.5969288104053,28.508492,0.0884372942920173
28.5969288104053,28.529587,0.06734201841311105
28.5969288104053,28.574154,0.022774910258814174
28.5969288104053,28.516249,0.08068010740236886
28.5969288104053,28.548117,0.04881212644533761
28.5969288104053,28.49172,0.10520861082033761
30.947947,30.475796,0.47215125415038983
28.5002985,28.59556,-0.09526157385253953
28.5969288104053,28.462957,0.1339714282031501
28.5969288104053,28.574154,0.022774910258814174
28.5969288104053,28.529507,0.06742212705568917
28.5969288104053,28.50887,0.08805963926272042
28.5969288104053,28.532099,0.06483004026369699
28.5969288104053,28.615837,-0.0189082867626702
28.5969288104053,28.574154,0.022774910258814174
28.5969288104053,28.616138,-0.019209647846654576
34.298397,33.82656,0.4718360258789076
30.035770857142857,30.21677,-0.1809993149762832
28.5969288104053,28.61178,-0.014851356220678014
28.5969288104053,28.492195,0.1047336810107673
21.023716,21.576591,-0.5528754916992185
28.5969288104053,28.532084,0.06484529905275949
26.07896,25.746227,0.3327327355957017
25.614483,25.585814,0.028669477661132703
28.5969288104053,28.574154,0.022774910258814174
28.5969288104053,28.530241,0.06668779783205636
27.833973,28.943037,-1.1090640330810544
28.5969288104053,28.574154,0.022774910258814174
22.79097925,22.579342,0.2116373615722651
34.803005,33.878227,0.9247777661132801
28.5969288104053,28.381233,0.2156955950732673
28.905275,29.166992,-0.2617171875000004
27.8693,28.160683,-0.2913826782226572
26.007425,24.859383,1.14804237060547
28.5969288104053,28.507378,0.0895511858935798
27.741096166666665,27.628635,0.11246076017252449
24.02012,22.59564,1.4244798175048814
21.279232,21.885723,-0.6064911140136715
28.172707,28.416708,-0.24400099255371188
19.723852,19.642298,0.08155425524902427
30.313318,30.058355,0.25496266857910044
29.427941499999992,25.320435,4.107506929687492
27.9153,27.737911,0.17738877563476407
28.5969288104053,28.511505,0.08542368345217355
35.144722,34.667683,0.47703935229492345
25.309168,26.870392,-1.5612238457031253
27.4905805,27.196936,0.29364484631347665
28.5969288104053,28.528252,0.0686771624560798
28.56830971428571,28.725634,-0.15732390693010956
32.5175655,32.397316,0.1202495209960972
33.631542,33.589355,0.042186531250003156
33.588985,33.52701,0.061973128662110355
30.873672375,28.878542,1.995130428588869
26.571947,26.65204,-0.08009348156738127
31.788828,30.79329,0.9955388154296863
28.5969288104053,28.574154,0.022774910258814174
20.253868,21.279726,-1.0258580284423822
21.5136715,22.212671,-0.6989997799072256
28.5969288104053,28.42493,0.17199823789553292
28.238003,28.26868,-0.03067757250976655
31.74177083333333,22.015196,9.726574986775713
31.966534,32.209145,-0.2426105922851569
30.371958,30.202486,0.16947196179199153
28.5969288104053,28.402311,0.19461748533205636
25.676525,26.101164,-0.4246388641357406
23.583946,24.131721,-0.5477754965820303
27.0747,26.739897,0.3348032257080078
26.59789166666667,26.623156,-0.02526392720540116
28.5969288104053,28.52847,0.06845972471193917
28.20837,29.20766,-0.9992906750488295
25.426651,25.759195,-0.3325443277587894
24.900293,25.463966,-0.5636733696289049
30.079943,30.139486,-0.05954331286621084
28.5969288104053,28.571545,0.025384163188501674
22.97835564,22.365383,0.6129724918066408
28.5969288104053,28.5275,0.06942865781740792
25.070719999999994,24.551294,0.5194256732177678
28.941393,29.739367,-0.7979735313720688
28.5969288104053,28.50347,0.09345934324221261
23.467837333333332,22.53369,0.9341478344319647
27.651863,27.57402,0.07784261425781125
28.730982,28.823042,-0.09205991589355378
28.5969288104053,28.530422,0.06650659971193917
28.5969288104053,28.568464,0.02846453123049386
29.118933,29.44301,-0.3240773302001969
25.214624,25.107208,0.10741574804687559
32.8035,32.965946,-0.16244619750976597
22.948898,22.455011,0.49388663220214823
29.476736,28.816193,0.6605433730468739
32.842182,32.921227,-0.07904450146484265
23.378504,22.76271,0.615793428710937
21.103607,19.87993,1.22367650378418
26.907882333333333,27.80045,-0.8925670380045574
30.67203,27.715708,2.9563222210693354
30.115396,30.30443,-0.18903400793456981
28.5969288104053,28.536156,0.0607731097217048
31.367666,30.654501,0.7131650386962889
30.40463966666665,30.14659,0.2580503874918456
28.5969288104053,28.526073,0.07085535459475167
23.767796,23.917812,-0.15001634741210879
28.5969288104053,28.546621,0.05030748777346261
25.511664555555555,25.635384,-0.12371905040147624
26.780123,27.0399,-0.259776826049805
36.72264199999998,39.928577,-3.205935423095724
30.184065,30.056034,0.12803091186523474
26.331205,26.600798,-0.26959265319824155
27.62002157142857,27.759953,-0.1399309737374459
22.65915,24.065344,-1.406193856811523
28.5969288104053,28.60566,-0.008730674457982701
28.1484,27.619932,0.5284678253173816
28.5969288104053,28.63875,-0.041821265888646764
33.49351,34.107235,-0.6137249548339838
24.949503,24.884983,0.06451993725585936
30.21066,29.442772,0.767888088378907
33.44115849999998,33.782253,-0.34109476538088046
28.5969288104053,28.528858,0.06807062559084542
28.5969288104053,28.616997,-0.0200679547314202
19.975716,22.331465,-2.355748767456056
28.5969288104053,28.487917,0.10901186399416574
28.009893,27.744213,0.26567989575195483
29.19650833333334,28.796303,0.4002055379231848
28.5969288104053,28.439198,0.15773127012209542
35.86256,33.442062,2.4204976220703145
25.639315,25.655905,-0.016589769897461082
28.5969288104053,28.407406,0.18952295713381417
22.492558,21.77308,0.7194771741943349
31.880554,31.954102,-0.07354756249999994
23.854591,23.27479,0.5798011898193351
25.711971,25.980158,-0.2681868521728532
29.198724166666665,29.975502,-0.7767778474934914
31.903275142857144,30.662104,1.2411714899030422
28.5969288104053,28.541405,0.0555240862842048
21.34033,19.31826,2.022069807128908
24.604231571428567,24.582523,0.02170822548130147
36.21891,35.84152,0.3773915979003917
28.5969288104053,28.51518,0.08174822263674386
28.5969288104053,28.600422,-0.003493095112279576
27.949143,27.977154,-0.02801077807617247
30.888229999999997,30.64179,0.24643960998534808
22.966597,20.970943,1.9956535490722658
23.877745,23.89162,-0.01387563598632724
21.751007,23.914019,-2.163011630981444
23.904036,23.397758,0.5062775161132826
21.416954,23.069756,-1.6528015541992183
30.540603666666662,30.636497,-0.09589383089193149
4.6091000000000015,7.151286,-2.542186125183104
27.0577204,26.40364,0.6540796529296884
28.5969288104053,28.430872,0.166056846904322
26.530068500000013,25.082756,1.4473124575195442
26.077658,26.517286,-0.4396283006591801
26.202309,26.259638,-0.057328832641601934
26.468246,26.410057,0.058188932128906856
28.5969288104053,28.526163,0.07076570920900949
24.8908492,25.147747,-0.2568978397949202
27.28878,27.467916,-0.1791364886474618
24.505392,23.607988,0.8974036424560552
25.0024125,24.542055,0.46035736999511556
25.99737,26.112074,-0.1147038983154296
16.900463,16.985262,-0.08479891711425935
26.44422925,26.348333,0.09589589123535092
24.569843,25.753157,-1.183313661987306
22.466194,22.406015,0.06017860388183749
30.635784,31.52991,-0.8941251339111318
28.5969288104053,28.527971,0.06895754270510324
28.5969288104053,28.509287,0.08764192991213449
23.605724,23.014528,0.5911957254638658
25.9394786,27.540636,-1.6011574626220693
26.564936,26.69047,-0.12553374182128962
33.62860649999999,33.921562,-0.29295569482422934
28.5969288104053,28.50473,0.09219858579592355
15.815105700000007,14.164523,1.650582575305183
28.5969288104053,28.351437,0.24549219541506417
26.813824,26.634571,0.1792529245605472
28.5969288104053,28.560118,0.03681108884768136
28.5969288104053,28.534678,0.062251304912134486
21.370445,21.342854,0.02759145385742201
30.156088,30.279585,-0.12349688464355424
26.04673175,25.688683,0.35804919384765554
22.82997,22.08095,0.7490202166748041
28.962553,28.714834,0.24771878674316383
27.951506,27.398487,0.5530189089355453
26.9444552,27.387804,-0.44334883137207015
28.5969288104053,28.571575,0.025353645610376674
20.694499,32.306084,-11.611584679199218
31.3939,31.44726,-0.05335990295410298
28.5969288104053,28.621187,-0.024258399677709264
28.5969288104053,28.574156,0.02277300291018136
31.93591985714286,32.710537,-0.7746170996442494
30.329795399999995,30.516357,-0.18656202187500526
28.5969288104053,28.497843,0.09908602170900949
24.81705200000001,24.916145,-0.09909332470702026
23.302929,22.575802,0.7271271506347645
27.2574648,23.1866,4.0708650685546885
31.473437,31.545149,-0.07171184948730414
30.593302999999995,30.358458,0.23484543469237806
24.49307,24.44558,0.0474904711914057
27.224274,27.242897,-0.018623033691405055
30.925637375,30.929308,-0.00367056262206944
18.17586,20.620718,-2.444858002319336
29.674435166666665,29.841028,-0.1665930468343113
28.5969288104053,28.591936,0.004992698955103236
26.892986,27.944582,-1.0515959854736323
27.3313,27.089699,0.24160120849609257
23.404366,23.38896,0.015406115356444872
26.892986,27.59459,-0.701603233398437
28.5969288104053,28.5168,0.08012888364748605
21.17062,20.894005,0.2766151782226558
28.5969288104053,28.59598,0.0009491198535407364
28.5969288104053,28.574154,0.022774910258814174
29.408354,29.050983,0.3573705710449211
26.681406,26.65467,0.026735284667967818
27.0424416,27.85026,-0.807818180883789
26.852423,26.597975,0.254448222778322
31.490627,30.164406,1.3262211772460937
28.5969288104053,28.562078,0.03485033445315011
28.5969288104053,28.497904,0.09902498655275949
33.0774232,32.999542,0.07788096367187336
24.1532684,24.320524,-0.16725581569824044
28.5969288104053,28.574156,0.02277300291018136
24.563856,25.050913,-0.4870568570556628
30.254328,31.105844,-0.8515164976806631
26.266523,26.150394,0.11612856030273377
22.377022,22.847763,-0.4707410615234373
32.573803,32.239723,0.3340797944335918
28.5969288104053,28.450377,0.14655229978518136
33.79905149999998,34.17086,-0.3718087905273606
24.903385,24.74966,0.15372450805664073
28.5969288104053,28.523285,0.07364389829592355
27.497213,26.668753,0.8284603297119126
28.0344215,28.871643,-0.8372215664062495
25.867329,26.586914,-0.7195850624999984
31.998894,32.029854,-0.0309598208007813
28.321274,28.144447,0.1768266733398427
25.474665,25.926495,-0.4518295983886702
28.5969288104053,28.508816,0.08811304502443917
23.475475,23.479523,-0.004047705078125574
23.576155,23.614998,-0.03884286376953128
28.5969288104053,28.539417,0.057511543559595424
29.039348333333333,28.719017,0.3203313045247391
28.5969288104053,28.527945,0.06898424558596261
27.083817,26.9568,0.12701653918457012
28.5969288104053,28.548296,0.048632835673853236
28.5969288104053,28.509027,0.08790132932619699
28.5969288104053,28.574154,0.022774910258814174
31.389886000000008,31.226673,0.1632128737793046
25.979089714285717,26.231327,-0.25223734259904873
27.9246304,27.195143,0.7294876540283219
21.998104,22.341328,-0.3432236672363267
23.703388,23.866707,-0.1633188481445309
26.44493,26.421108,0.023821754150390007
25.70502225,25.420662,0.2843603237304677
22.385311,21.902657,0.48265444482422026
17.972536,14.271567,3.7009686553344743
29.2490525,29.041626,0.20742652343750123
30.2991125,26.352898,3.946214855957031
28.5969288104053,28.492199,0.10472986631350167
31.130058,29.363005,1.767053315551756
28.5969288104053,28.614807,-0.01787831850095145
28.5969288104053,28.484879,0.11205027036623605
23.928091,23.178255,0.7498359188232406
31.648781,31.43533,0.21345156274414023
28.5969288104053,28.503626,0.09330294065432199
34.014483500000004,33.829094,0.18538956689453556
32.78022,32.89262,-0.11240008666992196
30.61231766666665,28.699759,1.9125591370035657
28.5969288104053,28.574154,0.022774910258814174
28.5969288104053,28.354048,0.24288103513674386
26.491058142857145,26.615963,-0.12490483932058893
30.250818,29.940748,0.3100697852783192
23.191122,24.944126,-1.7530041291503906
28.5969288104053,28.344454,0.25247499875979074
23.739832111111117,22.439032,1.3008005101589681
23.223684,22.431623,0.792060541137694
27.875734,27.79096,0.08477368811035291
22.575748,22.52519,0.05055764660644613
21.252356,20.095636,1.1567196322021474
23.469269,23.168941,0.3003275021972662
28.5969288104053,28.555376,0.041552757548853236
33.316185,33.362312,-0.046127316894533976
30.587838285714287,31.575691,-0.9878529374302438
19.6804225,21.930586,-2.250163361206056
28.5969288104053,28.569046,0.02788278989748605
30.03469333333334,29.727062,0.3076311079915435
28.5969288104053,28.527176,0.06975290708498605
28.5969288104053,28.533035,0.06389353208498605
32.960523,33.33631,-0.37578834033202924
28.5969288104053,28.41517,0.1817581408496345
24.697255,23.274343,1.4229115093994125
28.5969288104053,28.609715,-0.012785697651342076
26.999949,27.4576,-0.45765063989257726
29.458857,29.479958,-0.021100580566407956
29.825858833333328,30.255575,-0.42971634672038306
28.5969288104053,28.554665,0.0422641985888923
31.851579800000007,32.100372,-0.24879251445311823
28.5969288104053,28.564638,0.032290672587915736
28.5969288104053,28.574154,0.022774910258814174
30.790227625,25.847525,4.942702982055664
23.722683000000004,21.908567,1.8141155714111363
28.880266,28.142683,0.7375829708251942
33.1971645,32.416588,0.7805766704101558
23.674915,20.323956,3.3509594641113267
33.1643205,29.977736,3.1865849805908226
21.294916,18.544718,2.7501982113037116
28.5969288104053,28.574154,0.022774910258814174
26.912971,28.031342,-1.1183705527343761
29.541756,31.829273,-2.2875172238769537
26.649784,28.332144,-1.6823597835693356
28.5969288104053,28.51887,0.07805941038088449
28.5969288104053,28.52991,0.06701967649416574
28.3627,28.331154,0.031546130371093994
28.5969288104053,28.499844,0.09708521299318917
25.75176666666667,25.968727,-0.21696044514973778
28.7673,28.496073,0.2712272308349597
28.5969288104053,28.505667,0.09126207761721261
26.021942,26.089428,-0.06748594799804764
28.5969288104053,28.541504,0.05542490415529855
21.70897,21.533804,0.17516606018066483
28.5969288104053,28.39343,0.20349810056643136
25.385155,25.628265,-0.24311038085937398
33.372295,33.116917,0.25537834350586053
25.388384,25.874966,-0.48658166772461087
28.660896,28.568308,0.09258812341308698
33.90018514285713,33.59043,0.30975392947822655
27.0845,27.429632,-0.34513218688965
29.434955625,29.366869,0.06808665222168031
28.5969288104053,28.527277,0.06965181760744699
28.5969288104053,28.522703,0.07422563962893136
21.29959483333333,20.962751,0.33684344478352557
27.496067,26.805769,0.6902980333251953
27.10416,27.16113,-0.056970905151366935
25.86192533333333,25.181818,0.6801073249104768
26.919058,26.86632,0.052738343627929396
34.133823,33.90198,0.23184164624023396
32.27908,32.11527,0.1638112927246098
25.936188,22.814156,3.12203242138672
25.630891,24.94932,0.6815711605224593
23.492718,23.369091,0.12362696606445311
28.5969288104053,28.386053,0.2108757250781501
30.009886,28.602291,1.4075948928222672
27.00772466666667,24.29648,2.711244487833664
27.72654,27.596832,0.12970772460937496
28.5969288104053,28.510794,0.08613512449221261
28.5969288104053,28.5232,0.07372972898440011
28.5969288104053,28.54207,0.054858421611353236
33.97188,33.775463,0.19641689575195187
28.575981,28.51787,0.05811105065917843
21.388725,20.645718,0.7430073791503915
28.585043,28.80638,-0.22133631823730582
30.371948,30.144321,0.2276265583496091
35.49260125,33.2333,2.259301994628906
25.734592,25.976572,-0.24198003674316482
25.453278,25.488808,-0.03552967822265529
28.5969288104053,28.574154,0.022774910258814174
31.235299,31.124336,0.11096275732422001
26.019125,26.004784,0.014341369628905198
28.5969288104053,28.574154,0.022774910258814174
36.26667739999999,33.462128,2.804549714453117
36.041059,35.25608,0.7849783725585908
28.5969288104053,28.467411,0.12951776914553292
28.5969288104053,28.512066,0.08486292295412667
28.303065,30.226841,-1.9237759729003905
14.353841900000003,9.174062,5.179780124792483
25.5145525,25.12162,0.3929323217773444
27.443365,27.834497,-0.39113245178222655
30.86321,30.694044,0.169165886840819
21.09425,20.14487,0.9493792419433582
23.974829,23.73209,0.2427390036621091
26.450692,25.733326,0.717366041748047
28.5969288104053,28.530174,0.0667545550342048
23.2682655,21.397457,1.870808377197264
28.033758,28.751722,-0.7179643358154308
25.605373,25.699541,-0.09416809191894515
24.625816,23.247637,1.378179204956055
28.829792444444447,28.532434,0.2973579809434703
28.5969288104053,28.528925,0.06800386838869699
28.5969288104053,28.527187,0.06974146299318917
27.376072,27.63176,-0.25568764355468687
23.321447,23.641186,-0.3197387604980477
28.5969288104053,28.599052,-0.002123618793920201
28.5969288104053,28.531956,0.06497309141115792
28.5969288104053,28.712908,-0.11597898073239676
28.5969288104053,29.012281,-0.41535260744138114
26.54731,26.568762,-0.02145182556152392
24.602332166666667,24.183908,0.4184237041422527
31.020353,31.017143,0.0032097504882813155
26.728653,26.607386,0.12126736462402476
28.5969288104053,28.610968,-0.014038825703099889
28.5969288104053,28.52872,0.06820795469240792
28.5969288104053,28.521364,0.07556459836916574
32.800808,32.44381,0.35699849072265977
27.466999166666668,23.91416,3.552839391886394
24.103258,23.478971,0.6242865186767581
30.100787,29.899208,0.20157893115234415
28.5969288104053,28.497467,0.09946176938967355
26.046711,25.87893,0.16778186181640464
28.5969288104053,28.574154,0.022774910258814174
21.898518,21.156557,0.7419609168701164
28.5969288104053,28.574154,0.022774910258814174
27.110218,27.236,-0.12578206103515654
28.5969288104053,28.38908,0.20784876279787667
31.39277,31.610798,-0.2180278820800794
26.392708,26.50038,-0.10767156237793074
27.80411,27.829826,-0.025716354980467315
28.5969288104053,28.54552,0.051408027934595424
28.32224414285714,28.865461,-0.5432172066301639
28.5969288104053,28.57641,0.020518516826196986
28.5969288104053,28.574154,0.022774910258814174
28.5969288104053,28.377258,0.21967050962404855
29.811949,29.819609,-0.00765968835449371
26.55474,26.280893,0.27384667419433484
26.410587,25.900667,0.5099198094482418
31.85657,31.246758,0.6098124926757826
28.818693,29.167688,-0.3489953697509769
31.352283,30.714481,0.6378016462402343
28.5969288104053,28.576542,0.020386909770532924
22.628277,22.837841,-0.20956403393554623
27.177448,27.386711,-0.20926312060547048
26.937583000000004,28.164955,-1.2273721391601526
28.5969288104053,28.574154,0.022774910258814174
26.40504,26.545525,-0.14048459716796913
28.5969288104053,28.561037,0.035891746806665736
12.051280699999998,9.381194,2.670086585314939
28.5969288104053,28.576942,0.0199863665576423
28.5969288104053,28.503157,0.09377214841799386
29.9888778,29.368519,0.6203589706542978
32.62166766666666,32.665997,-0.04432888484701181
16.968083785714285,17.74047,-0.772387100516184
25.75176666666667,25.99784,-0.24607421468098778
28.5969288104053,28.50666,0.0902683489795173
29.352652,29.220186,0.13246576647949126
28.5969288104053,28.523127,0.07380220823244699
26.71663,26.771317,-0.054686528320313954
28.5969288104053,28.39904,0.1978885882373298
26.762842,27.240501,-0.4776594038085946
23.188461,22.852316,0.3361450972900393
26.594465,26.908993,-0.3145277673339848
24.351843,23.868864,0.4829789405517566
26.961815,28.833035,-1.871219515380858
28.5969288104053,28.529747,0.0671818011279548
25.335608,26.624771,-1.289163118164062
28.5969288104053,28.533602,0.06332704954104074
28.5969288104053,28.529823,0.0671055071826423
25.473341,25.465334,0.008007061401368532
28.5969288104053,28.572561,0.02436754636721261
27.239158166666662,27.377636,-0.13847778914388442
32.66102,32.00219,0.6588303637695319
28.5969288104053,28.50047,0.09645960264162667
33.80622266666666,33.795452,0.010770548746741326
22.45488975,20.672321,1.7825684304199214
25.845829,25.87035,-0.024520884033204737
27.478779,27.261692,0.21708695288085877
29.56587,28.96858,0.5972897540283206
26.05958,25.914925,0.14465537841796916
28.5969288104053,28.574154,0.022774910258814174
24.020826,24.584106,-0.5632804453125004
25.297915,25.922226,-0.6243109521484378
28.5969288104053,28.561117,0.03581163816408761
28.5969288104053,28.525642,0.0712864153857673
32.9288864,29.000647,3.92823980881348
25.976992,25.881853,0.09513889636230388
28.5969288104053,28.574154,0.022774910258814174
19.967377,22.833063,-2.8656861256103525
21.30321,21.103252,0.1999575891113281
23.58249383333333,22.660297,0.9221964395345026
30.295294,30.43205,-0.1367567049560563
28.170449875000003,28.688663,-0.5182136076660129
28.5969288104053,28.46255,0.134379600810572
26.7395,26.647299,0.09220118713378866
31.68054,30.064367,1.6161727056884772
25.531109,25.375746,0.15536322668457103
22.080261,21.275818,0.8044431289062501
28.5969288104053,28.51798,0.07894823484377511
27.35424,27.052958,0.3012824652099617
28.5969288104053,28.500086,0.09684297971682199
33.500423,33.665493,-0.16507001147461153
26.453426,27.24178,-0.7883533273925778
26.942228,25.222916,1.7193123505859376
25.632557,25.684702,-0.05214491955566558
26.258598,26.511835,-0.25323709826660235
29.368362,29.47548,-0.10711712597656131
32.41988874999999,32.73324,-0.3133494702148525
30.745508,30.575134,0.17037372265625095
33.354374,32.11893,1.2354431833496093
27.292427,27.513832,-0.22140509228515626
28.5969288104053,28.605204,-0.008274818134740514
22.5268,22.072716,0.45408424072265774
27.129675,26.55926,0.5704155853271473
31.275553,30.943615,0.33193804028320173
28.5969288104053,28.526001,0.07092783384279855
29.415583,29.295702,0.11988101940918128
28.5969288104053,28.654112,-0.05718305177731864
29.269201,28.958643,0.31055804040527235
29.401162,32.05937,-2.6582061335449225
25.117764,26.378002,-1.2602381667480458
22.979193,22.447474,0.5317194739990221
28.5969288104053,28.514635,0.08229372434572824
25.529678,26.626904,-1.0972255339355463
21.99156,21.805845,0.1857147393798826
23.516293,22.711031,0.8052620399169932
34.607485,34.627403,-0.019918259277346806
31.42563,31.671953,-0.24632320129394358
27.503819,26.825335,0.6784844510498047
27.283426,25.51399,1.769435597778319
24.549427,23.467422,1.082004514648439
28.652668,28.11258,0.5400886542968735
23.404963,23.691587,-0.28662444812011856
29.25784733333333,21.262783,7.995064282796221
27.800945,26.95215,0.8487946551513659
28.91371,28.32254,0.5911697167968732
28.5969288104053,28.56815,0.028779243754907924
28.870137499999995,29.093077,-0.2229392059326223
27.627365,28.702053,-1.0746880700683583
22.9552495,22.466946,0.4883038518066414
25.79142,25.850632,-0.05921171386718882
29.511013,29.518713,-0.007699997436525052
26.88035,27.26483,-0.3844796356201172
26.396301,25.598156,0.7981450246582042
28.198421,27.910725,0.2876963601074216
27.891918,28.264973,-0.3730546867675777
21.29959483333333,21.192856,0.10673899837239276
28.438648,28.060858,0.37779022717285216
30.24425066666667,29.615595,0.6286558027750679
28.5969288104053,28.515554,0.08137438230471261
26.216963,26.22696,-0.009996228515625205
28.5969288104053,28.521885,0.07504389219240792
21.262678,18.852509,2.410169455078126
31.66331,31.534966,0.12834448486328043
24.5173635,25.03598,-0.5186167246093767
28.351542,28.0942,0.2573418657226547
28.5969288104053,28.574154,0.022774910258814174
22.607744,22.050896,0.5568483090820315
27.854454500000003,27.535631,0.31882332019043247
23.928696,23.62107,0.3076251381835924
32.26257525,28.418898,3.843677621215818
33.74817844444445,34.097923,-0.34974483436414516
23.15436025,23.859875,-0.705514475341797
28.5969288104053,28.526335,0.07059404783205636
17.969572,21.162048,-3.1924763398437506
29.213915,29.269855,-0.05594049926757805
26.970303,26.906435,0.06386798718261844
28.5969288104053,28.54872,0.04820940427736886
28.5969288104053,28.65291,-0.055981422138646764
28.5969288104053,28.574154,0.022774910258814174
28.5969288104053,28.525562,0.07136652402834542
28.5969288104053,28.424025,0.17290422849611886
28.5969288104053,28.534103,0.06282541685061105
29.541756,29.83877,-0.2970139127197271
28.5969288104053,28.526018,0.07091066770510324
28.31515825,28.2685,0.0466588756103512
28.5969288104053,28.527187,0.06974146299318917
31.996442833333333,31.906937,0.08950618782552056
25.710802,25.939505,-0.2287026234130849
23.35816778333333,24.786173,-1.4280050834879603
25.690351,25.630724,0.0596270467529294
29.20405333333333,28.614817,0.5892366676839167
28.5969288104053,28.533457,0.06347200803713449
25.21393388888889,24.394577,0.8193568625217011
25.880829,25.886686,-0.005857325073243658
23.854582,23.582386,0.2721959831542975
29.1783522,29.64376,-0.4654084811523447
29.078346,29.15117,-0.07282473059082051
28.5969288104053,28.527975,0.06895372800783761
22.133143,22.419153,-0.2860102135009761
28.5969288104053,28.574154,0.022774910258814174
29.374405,27.085093,2.2893124554443354
28.5969288104053,28.528711,0.06821749143557199
25.272114,25.148905,0.12320919958495935
28.5969288104053,28.574154,0.022774910258814174
28.437445,28.494043,-0.05659835021972626
25.977564666666662,26.139402,-0.16183772285970477
25.384186,27.295574,-1.9113881882324222
28.5969288104053,28.467493,0.129435753154322
25.409273,25.605257,-0.19598403430175892
22.395134,23.15369,-0.7585563381347669
28.5969288104053,28.574154,0.022774910258814174
28.5969288104053,28.590115,0.006814216899439174
28.5969288104053,28.612198,-0.015269065571263951
25.891308,25.877342,0.013965775878904907
24.645424,23.412659,1.2327653085937484
28.5969288104053,28.52807,0.06885836057619699
29.159073,28.964603,0.19446957592773373
31.866137,32.00179,-0.13565209301757974
25.40296,25.709572,-0.30661183837890604
30.552715,30.128605,0.42411011108398355
32.065914,31.960411,0.10550292822265561
22.00149,22.148104,-0.14661371398925738
21.118106499999985,20.644976,0.47313083776854015
29.134266,28.233881,0.9003850032958987
30.2450475,29.426435,0.8186120294189436
32.93079485714286,33.013874,-0.08307919681222131
27.9246304,27.126408,0.798222776708986
28.5969288104053,28.509825,0.08710405759768136
26.002543,25.987505,0.015038040893553983
32.940887,33.177635,-0.23674819287109727
24.21392,25.675512,-1.4615923138427718
27.951506,27.754824,0.1966823153076156
25.84837,25.78002,0.06835023986816324
31.13623,31.338402,-0.20217179443359257
28.839083,28.556288,0.282795234497069
30.53452,29.462248,1.0722721514892584
28.5969288104053,28.528118,0.06881067686037667
28.5969288104053,28.50337,0.09355852537111886
28.012787,28.0594,-0.04661355847168025
28.5969288104053,28.526205,0.07072374753908761
30.681215666666663,30.3651,0.31611480607096
28.299404,28.737906,-0.4385015023193368
26.59789166666667,26.703989,-0.10609736226399491
23.590801,23.14983,0.4409711354980459
28.5969288104053,28.633997,-0.037068153095678014
26.795639,26.643295,0.15234371191406382
22.9552495,22.297997,0.657252979003907
23.842812,23.550987,0.2918247563476548
28.5969288104053,28.471943,0.12498590879397042
33.259876,33.153217,0.10665868432617032
28.5969288104053,28.63882,-0.041891837788060826
23.722683000000004,23.382769,0.3399143690185582
17.870201,19.618862,-1.7486611520996078
28.56597,28.543545,0.02242523071289071
32.35312483333333,33.31323,-0.960103773844402
28.5969288104053,28.41828,0.1786491625781501
29.32461,29.588642,-0.2640321203613283
32.151955,32.23878,-0.08682597534179592
30.0680935,23.770746,6.297347268920898
31.939344333333327,32.254246,-0.3149014247233133
28.5969288104053,28.60051,-0.003580833149388951
25.759367,26.307417,-0.5480499158935537
23.321447,23.626616,-0.30516852429199304
28.5969288104053,28.529692,0.06723711423830636
28.115042,27.838861,0.2761805345458974
26.33375033333333,24.798384,1.5353666205647762
28.5969288104053,28.574154,0.022774910258814174
24.560486,24.766773,-0.2062872238769522
22.851574,22.790743,0.060831125854491575
28.5969288104053,28.533619,0.06330988340334542
24.1802085,23.67331,0.5068991738281241
29.890633,28.565363,1.3252700697021496
28.5969288104053,28.574154,0.022774910258814174
30.907852799999997,25.700783,5.207070024121091
28.5969288104053,28.614645,-0.01771619386716239
29.305218,29.504333,-0.19911549609375
23.002983,23.393442,-0.39045915393066366
24.300833,24.942738,-0.6419045793457023
30.42415333333332,30.24948,0.17467403951007654
22.430359,22.49758,-0.06722057458496167
28.5969288104053,28.439425,0.15750429563479074
28.5969288104053,28.52282,0.0741092913623298
28.5969288104053,28.481625,0.11530420713381417
28.068083,28.491571,-0.4234884263916001
19.601574,20.923035,-1.3214606679687506
25.819494,25.93751,-0.11801553674316523
26.804525285714288,25.215803,1.588722139351983
21.552864,19.616976,1.9358882156982418
24.853668,24.61804,0.2356279151611318
28.5969288104053,28.52628,0.07064936094240792
28.5969288104053,28.575798,0.0211307757373298
24.1702115,23.713661,0.4565503061523444
28.5969288104053,28.476751,0.12017748289065011
31.8284098,27.815376,4.013033518261718
33.57215933333333,33.779465,-0.2073053883463558
19.426584,18.036627,1.3899571842040999
28.5969288104053,28.535805,0.0611240618701423
24.707905,24.606787,0.10111827209472679
22.481551499999988,23.32286,-0.8413092177734498
24.818787222222223,24.10945,0.7093378356255435
23.767796,23.839222,-0.07142595434570254
29.6380645,32.124138,-2.48607337841797
26.438107,25.236279,1.2018284660644518
28.5969288104053,28.527355,0.06957361631350167
28.5969288104053,28.629683,-0.03275373048825614
28.5969288104053,28.574154,0.022774910258814174
31.654314,30.841137,0.8131770676269525
25.599012,25.13661,0.46240196887206864
28.5969288104053,28.574154,0.022774910258814174
27.7112504,26.014112,1.6971379274658212
23.3800285,22.888113,0.4919154781494157
28.5969288104053,28.522825,0.07410356931643136
28.20267,27.783041,0.4196289996337903
30.948069,31.419651,-0.47158203149414035
34.957343,33.83205,1.1252926765136735
33.890005714285714,33.8705,0.019507057059151123
27.748514333333336,26.696184,1.0523301750081409
25.340248,25.409882,-0.069633591796876
23.452768499999998,25.467518,-2.0147493527832054
33.174763000000006,33.0429,0.13186291455078702
28.5969288104053,28.626595,-0.0296657330517327
28.5969288104053,28.620304,-0.023375297260717076
26.70941,26.522293,0.18711690917968582
27.860886,31.021627,-3.1607414261474602
28.5969288104053,28.52701,0.06991884641604074
29.629340500000005,29.513866,0.11547407543945809
30.927769,30.123964,0.8038046903076186
28.5969288104053,28.678059,-0.08112981386227958
28.241503,24.347172,3.894331216552736
30.636644,30.689066,-0.05242193322753863
28.786459,28.987837,-0.201377837768554
28.5969288104053,28.519905,0.0770237200732673
25.119255,26.760675,-1.6414204302978526
36.89453271428572,37.905617,-1.0110840459681896
28.5969288104053,28.527803,0.06912538938479074
33.714592,33.639668,0.0749244890136751
28.5969288104053,28.32435,0.2725784533496345
28.5969288104053,28.529722,0.06720659666018136
27.833973,28.56097,-0.7269973063964841
25.584711,25.033875,0.5508364882812486
28.5969288104053,28.530523,0.06640551023440011
28.5969288104053,28.553936,0.042992805766626674
30.940054,30.499334,0.4407196646728515
21.853046,19.978071,1.8749747872314444
25.471487,24.917961,0.553525879394531
28.5969288104053,28.574154,0.022774910258814174
31.939344333333327,32.34079,-0.40144546158854766
28.5969288104053,28.473671,0.1232578509326423
33.68073125,33.574974,0.10575718994140715
19.72276,19.100796,0.6219642541503916
28.5969288104053,28.418003,0.17892572812990792
28.5969288104053,28.571377,0.025552009868189174
28.5969288104053,28.52132,0.07560846738772042
28.5969288104053,28.574154,0.022774910258814174
25.970499333333333,25.467718,0.5027812089436843
28.5969288104053,28.53291,0.06401941709475167
20.353302,22.023802,-1.6704998035888678
28.5969288104053,28.62938,-0.03245046205563895
27.688644,28.509176,-0.8205322542724609
28.5969288104053,28.526756,0.0701725237842048
25.335608,26.29052,-0.9549117143554682
25.608887,25.65234,-0.043452935302735085
30.654716399999995,30.847538,-0.1928215943847711
25.575077,26.224033,-0.6489563557128903
23.674915,21.114002,2.5609127722167955
30.65386966666666,30.422256,0.2316131969400992
25.52263275,24.61516,0.9074727615966793
18.441067,20.409801,-1.9687344831542966
29.169102,29.230667,-0.06156511425781375
26.265493,30.166208,-3.9007152672119147
30.598564,30.229082,0.36948189245605434
25.35146,26.274494,-0.9230341711425787
28.5969288104053,28.525766,0.07116243772463449
31.10636,30.952562,0.15379766784667837
23.467837333333332,22.082613,1.385224342000324
24.193328000000005,23.815784,0.3775435456543015
27.037186,26.97615,0.06103548730468589
31.245148,30.368244,0.8769038288574222
28.5969288104053,28.417948,0.1789810412402595
32.049194,32.331863,-0.28266940332031254
28.5969288104053,28.636564,-0.03963544435544364
27.711327,27.544828,0.16649858508300852
26.2367945,25.657286,0.5795088096923813
32.086741999999994,32.298527,-0.21178476391602175
28.5969288104053,28.347654,0.24927446775393136
28.5969288104053,28.53126,0.06566927366213449
30.463131,28.114773,2.3483582033691413
23.968548,24.116201,-0.14765340075683753
27.304703,27.12228,0.18242287915039057
28.5969288104053,28.545273,0.05165598325686105
21.982122,22.313473,-0.331350747802734
28.5969288104053,28.527245,0.0696842425342048
31.330575,31.43621,-0.10563563232421913
28.5969288104053,28.530317,0.06661150388674386
32.327713,32.6558,-0.32808686572265344
27.59658,27.729437,-0.132856874389649
28.5969288104053,28.529882,0.06704637937502511
33.339363,33.252666,0.08669652661132687
28.5969288104053,28.565758,0.0311710589404548
28.5969288104053,28.585995,0.010934089946314174
28.5969288104053,28.5316,0.06532785825686105
28.5969288104053,28.528843,0.06808588437990792
15.81530873333333,21.451422,-5.6361130043375685
29.7791955,30.106598,-0.32740240039062485
30.200678000000003,29.383615,0.8170625062255894
35.93300775,32.840073,3.092935118164064
28.5969288104053,28.314373,0.2825557940478767
28.5969288104053,28.638481,-0.0415523297314202
28.5969288104053,28.567225,0.029704307841821986
25.5145525,25.379055,0.13549747680664126
28.5969288104053,28.530304,0.06662485532717355
28.5969288104053,28.386042,0.210887169169947
28.5969288104053,28.528921,0.06800768308596261
26.546427,26.542706,0.0037214641113294533
29.905793833333323,29.553421,0.3523728128255108
28.5969288104053,28.574154,0.022774910258814174
33.687103,33.68177,0.005332675292969213
28.591785,28.470694,0.12109141174316562
17.875596575,17.128796,0.7468009512207026
29.094887,29.201996,-0.10710884960937506
28.5969288104053,28.506754,0.09017488889650949
29.82386,29.324854,0.49900610290527325
27.9464205,28.424019,-0.4775983598632827
19.006132,18.082558,0.9235743217773447
28.5969288104053,28.602938,-0.006008887958959264
24.604776,23.774246,0.8305297841796886
28.5969288104053,28.565403,0.031525825786157924
28.5969288104053,28.526537,0.07039186887697824
28.5969288104053,28.465237,0.13169214658693917
28.5969288104053,28.639221,-0.04229238100095145
31.181713,31.156038,0.025674715698240647
22.786396,22.209574,0.5768222542724608
26.483232499999986,25.546003,0.9372291583251808
24.521875,24.424124,0.09775123596191548
24.56057077777778,24.609411,-0.048840461846243244
31.153433,30.67117,0.48226371899414033
30.592525,30.637203,-0.04467821655273596
23.40308,23.418047,-0.014966951293946096
23.43653,23.775389,-0.338858717651366
22.23084,21.41076,0.820079120483399
23.40657333333333,23.165081,0.2414923091634087
28.5969288104053,28.628986,-0.032057548237279576
29.76211066666667,29.076485,0.6856259864908871
28.5969288104053,28.623724,-0.02679517335934989
30.408754166666665,30.077284,0.33147030741373484
28.5969288104053,28.611979,-0.015049720478490514
29.961154222222223,30.682339,-0.721184492377386
23.931997857142857,23.366179,0.5658193445696149
28.5969288104053,28.529034,0.06789514951662667
26.429888,26.443926,-0.014037857543947041
26.15644,26.233507,-0.0770671563720704
28.5969288104053,28.613668,-0.01673963136716239
28.5969288104053,28.5101,0.08682939939455636
28.5969288104053,28.413136,0.18379328184084542
28.5969288104053,28.551939,0.04498979978518136
27.34434,27.17049,0.17384973510742086
32.678454000000016,32.716858,-0.03840391015623368
29.658759,30.141884,-0.4831248500976564
25.385155,25.731043,-0.34588786193847554
35.70614628571429,34.325188,1.3809586026088212
29.629340500000005,29.508623,0.12071737683105965
27.034817,26.879992,0.15482546862793
32.65161275,33.007065,-0.3554520693359393
18.824015,17.985197,0.8388179327392571
25.770481,25.84988,-0.07939921850585918
37.21882,36.81192,0.4068998339843759
28.5969288104053,28.53331,0.06361887388186105
29.468152,27.503382,1.9647702708740233
28.5969288104053,28.501282,0.09564707212404855
26.502312,26.56217,-0.05985802868652357
34.263558749999994,32.71657,1.5469869421386662
28.5969288104053,28.574154,0.022774910258814174
21.084253,21.221167,-0.13691361071777308
28.5969288104053,28.65471,-0.057781959248021764
21.87358,27.526917,-5.6533365039062495
21.96593,22.351946,-0.38601587707519514
34.408394,34.06859,0.33980574316406376
24.193328000000005,23.748726,0.44460210888672336
22.072979,22.676086,-0.6031074257812499
28.5969288104053,28.368862,0.22806665830568917
24.151302,23.583878,0.5674244365234387
26.759075,26.609846,0.1492288848876946
27.363556,27.710573,-0.3470171964111337
32.553993,32.465485,0.0885083808593734
23.227894,22.717054,0.5108396329345695
26.259392,26.360662,-0.10127046032715015
28.5969288104053,28.545574,0.051354622172876674
23.726636,22.856413,0.870223112426757
26.30734350000001,26.34441,-0.03706644262694425
26.83536,25.355558,1.4798016046142592
18.73263,21.825596,-3.0929658557128903
23.032877,22.036346,0.9965305644531242
28.5969288104053,28.533127,0.06380197935061105
28.5969288104053,28.574156,0.02277300291018136
26.7068475,26.272495,0.4343522302246079
25.571997,25.631731,-0.05973403332519567
22.86772,23.48729,-0.619569428710939
32.842571,32.814804,0.027766922851562015
27.745293,28.78748,-1.0421864006347654
28.5969288104053,28.573812,0.02311632566408761
27.54959775,27.687021,-0.13742350549316384
28.962940600000003,28.153032,0.8099082971435578
26.866049,26.963182,-0.09713344934082002
26.51223,26.36984,0.14238937805175667
32.19148,32.37114,-0.17965952636718896
28.5969288104053,28.322784,0.27414438657717355
24.584328,24.38025,0.20407706921386648
29.477085,30.08287,-0.6057854833984386
29.006409,29.82952,-0.8231102718505845
28.5969288104053,28.496948,0.09998056821779855
28.5969288104053,28.574154,0.022774910258814174
27.230711,27.425251,-0.19454000708007868
28.0601475,29.029945,-0.9697978735351569
28.5969288104053,28.525488,0.07144091062502511
25.835515,26.06516,-0.22964575134277254
25.845768,26.180632,-0.33486363757324256
33.254471,33.48991,-0.23543912573241954
28.5969288104053,28.606415,-0.009485984516576451
26.396301,25.573704,0.8225972341308605
24.6770615,23.836649,0.8404125589599616
35.302017,34.70506,0.5969579484863274
14.698025,3.7599916,10.938033354187011
26.094728,26.264368,-0.16964005725097664
28.5969288104053,28.505672,0.09125635557131417
38.03009939999999,39.49284,-1.4627404132324315
29.006933,28.14068,0.8662526868896485
28.5969288104053,28.574156,0.02277300291018136
28.5969288104053,28.344011,0.25291750364260324
28.5969288104053,28.64617,-0.04924085207028739
28.5969288104053,28.531338,0.06559107236818917
23.809347,24.987717,-1.1783696748046886
23.877745,24.521595,-0.6438500012207022
28.5969288104053,28.486864,0.11006472043947824
26.855585,26.049322,0.8062628717041029
28.5969288104053,28.517828,0.07910082273440011
25.176508,25.037592,0.13891606579589677
28.5969288104053,28.532581,0.06434748105959542
28.5969288104053,28.574154,0.022774910258814174
28.5969288104053,28.60086,-0.003931785297826451
29.260068000000004,27.044592,2.2154760963134805
28.5969288104053,28.53604,0.06088945798830636
33.51580560000001,33.008247,0.507558224511726
28.5969288104053,28.527351,0.0695774310107673
25.762949,25.729553,0.03339577734374899
28.5969288104053,28.617878,-0.020949149799779576
28.194122,28.774143,-0.5800212189941405
32.047302,31.315464,0.7318379802246113
26.045055,26.105064,-0.06000939208984235
29.1440455,29.04817,0.09587541027832103
28.5969288104053,28.574154,0.022774910258814174
29.6692758,29.076374,0.5929017460449231
28.5969288104053,28.531462,0.06546709470705636
26.915787,27.585419,-0.6696317011718733
26.264055,26.44024,-0.17618585998535252
30.3638505,29.200369,1.1634816187744157
15.763476,18.468233,-2.704757108520507
28.5969288104053,28.574154,0.022774910258814174
26.613745,26.61964,-0.005895350341795336
25.91685,26.150686,-0.23383626403808577
27.781069,27.889318,-0.10824946618652476
20.99812057142857,18.720451,2.2776692164481
23.48985257142857,23.034359,0.4554935931570867
28.5969288104053,28.546293,0.05063555173830636
29.82192655555556,29.665487,0.15643926612684922
26.980347,26.999819,-0.01947180187988451
28.44749,28.634378,-0.18688843322754067
34.29305749999999,33.678177,0.6148806201171766
28.5969288104053,28.574154,0.022774910258814174
22.433004,22.57539,-0.1423858620605465
31.606743166666664,31.003433,0.6033099391276018
21.965851,22.069347,-0.1034963815917962
28.5969288104053,28.609243,-0.012314582539037389
28.259272,29.3229,-1.0636287720947273
24.605238,23.934326,0.6709118281249999
22.908476,23.093851,-0.18537508947753878
25.38689111111111,25.04576,0.34113191006130705
20.875597,21.552498,-0.6769008637695322
23.863598,22.186808,1.6767903675537106
29.657276,29.39519,0.2620867147216792
28.093933,28.378086,-0.2841530900878908
30.332756,30.533361,-0.2006054349365236
28.5969288104053,28.5269,0.07002947263674386
28.5969288104053,28.524126,0.07280275754885324
29.9313305,29.532951,0.39837914501953264
31.416803,31.66546,-0.24865758654784997
27.199492,27.044544,0.1549477800292962
24.483185,24.665247,-0.1820619635009777
30.222527857142857,29.43272,0.7898076728166856
28.5969288104053,28.527168,0.0697605364795173
35.36831999999999,35.26177,0.10655165893553686
23.286688,23.666515,-0.37982735034179527
21.26225,21.174286,0.08796411132812665
32.836564,32.466686,0.3698777512207059
25.797146,25.860214,-0.06306823339843604
28.5969288104053,28.514097,0.08283159666018136
29.953921555555556,30.08514,-0.1312186727159279
28.5969288104053,28.513275,0.08365366392092355
21.943405,22.279207,-0.3358022296142593
25.684994,25.5755,0.10949351171874966
29.25784733333333,21.271696,7.9861512426350885
31.317278,31.636587,-0.3193091429443342
28.5969288104053,28.574154,0.022774910258814174
27.68514,27.699549,-0.014408721313476036
26.190353875,22.961542,3.228811745483398
31.576305,31.580965,-0.004660042114256413
33.32276,33.991486,-0.6687255957031226
30.246464,29.398067,0.8483965256347652
26.952204,28.613804,-1.6615998635253924
27.767593,27.09485,0.6727424598388687
26.11947,26.0724,0.04707086059570287
17.851496,17.718859,0.1326372811279306
28.5969288104053,28.517618,0.07931063108400949
28.5969288104053,28.713196,-0.11626699037595145
26.63381933333333,25.865637,0.7681825077718081
27.4116562,27.983742,-0.5720855602539068
21.395077,22.83642,-1.441343059204101
32.49285649999999,32.21116,0.28169774755858157
29.73300742857143,30.500147,-0.7671394372732969
26.768269,26.741995,0.026274142211914153
30.88211557142857,31.215534,-0.33341863877650724
28.656218,28.253054,0.40316433483886627
28.5969288104053,28.527782,0.06914637021975167
31.274723,30.001291,1.2734317249755875
16.41457,16.42417,-0.009599540405272222
22.687672,22.176794,0.5108779478759757
25.208590999999995,25.844284,-0.6356930576171926
26.98379,27.137821,-0.15403119750976657
31.411091571428567,28.66895,2.742142444231302
28.5969288104053,28.573235,0.0236942522998298
22.053164,22.047127,0.006037229980467629
28.594696,28.209068,0.38562770166015525
30.08991,29.606194,0.48371645751953096
27.349606,27.264587,0.08501859765625142
28.5969288104053,28.530003,0.06692621641115792
23.864689,23.455313,0.40937627111816255
28.982224,29.414877,-0.4326529378662123
22.9552495,22.459152,0.49609727832031325
28.180172,28.821104,-0.6409320496826183
21.863796,22.067753,-0.20395683813476495
24.031242,25.068768,-1.037525547607423
27.861824,28.006535,-0.14471057641601703
21.824258,22.03053,-0.2062729295654293
33.349078750000004,33.649822,-0.300743485107418
29.420881,28.652756,0.7681252626953139
26.026990166666668,25.485094,0.5418960962320973
27.789391666666663,28.462505,-0.6731136739095085
32.965977,32.618053,0.34792356372070543
28.5969288104053,28.540548,0.05638048582033761
25.529715,25.06353,0.46618503173828074
28.5969288104053,28.498898,0.09803125791506417
25.521694,26.399855,-0.8781606600341796
28.5969288104053,28.528894,0.06803438596682199
28.5969288104053,28.543573,0.053355430888696986
28.5969288104053,28.497257,0.09967157773928292
26.396757,26.304504,0.09225260546875091
28.5969288104053,28.593807,0.003121589946314174
26.453426,27.541424,-1.0879977976074215
28.61344,29.469234,-0.8557944665527337
23.318077,23.141209,0.1768683513183582
24.011640388888893,22.960081,1.0515592884250253
28.5969288104053,28.529234,0.06769487791018136
27.99051,27.872303,0.11820699096679732
35.450830499999995,34.81149,0.6393413947753857
32.201813,31.784994,0.4168188746337904
26.31446,27.51617,-1.201710501708984
33.203823,33.279472,-0.07564935107421888
28.5969288104053,28.380337,0.21659204893068917
22.222702444444444,22.210016,0.012686193834092307
21.369905,19.236204,2.133700852661132
21.351418,20.59643,0.7549881751708973
16.699512,21.467743,-4.768230919921876
26.22614,26.17435,0.05178926147461027
28.5969288104053,28.574154,0.022774910258814174
34.40706866666667,34.719486,-0.3124175699055982
28.5969288104053,28.526672,0.07025644712404855
22.858034,22.89136,-0.03332532922363285
19.510235,19.758562,-0.24832708801269376
28.2288938,28.67982,-0.45092530705566247
28.179455,27.735542,0.44391270263671956
25.559397,27.281832,-1.7224347413330072
25.522661,25.36591,0.15675142358398375
30.75040966666667,29.911795,0.8386150041910838
28.5969288104053,28.496828,0.10010073118166574
26.454039,26.581648,-0.12760887292480305
26.751353166666664,26.635025,0.11632814225260191
23.384182,23.76537,-0.381187415283204
28.5969288104053,28.578377,0.0185520403857673
28.5969288104053,28.647442,-0.050513053608373326
28.5969288104053,28.574154,0.022774910258814174
28.5969288104053,28.529919,0.06701013975100167
31.36927,31.464998,-0.0957282452392576
28.5969288104053,28.526129,0.07080004148440011
26.99006,27.233942,-0.24388203186035184
30.128143,31.374142,-1.245998693115233
23.776855,23.479267,0.29758787963867306
31.41374,31.627573,-0.2138330133056634
27.860886,24.05041,3.810476682983399
23.333493666666666,23.07649,0.257003264444986
28.5969288104053,28.574154,0.022774910258814174
28.5969288104053,28.529823,0.0671055071826423
28.5969288104053,28.574154,0.022774910258814174
23.321447,23.595785,-0.2743381409912118
28.5969288104053,28.437738,0.159190391826197
28.5969288104053,28.589254,0.007674431132837611
27.660593,28.041454,-0.3808613151855482
28.179455,27.807886,0.37156887634277425
21.14169,21.702318,-0.5606281915283198
24.362383,24.96548,-0.6030978044433581
28.5969288104053,28.615883,-0.0189540631298577
28.515461,28.58237,-0.06690975805664223
30.342579,29.447062,0.8955174613037116
28.338094375,21.964952,6.37314190612793
25.711334,25.512014,0.19931961096191486
29.427941499999992,28.768848,0.6590930808105391
23.31262977777778,23.066277,0.2463532274848106
28.5969288104053,28.64427,-0.04734113283200614
27.524464,27.765575,-0.2411114089355486
28.5969288104053,28.574156,0.02277300291018136
23.6630585,23.84426,-0.18120076208495917
28.5969288104053,28.62055,-0.02362134523434989
28.5969288104053,28.465605,0.13132402830080636
27.533397166666663,27.20195,0.331447093424476
27.8372496,26.186142,1.6511076322265623
28.5969288104053,28.464472,0.132456993388697
28.5969288104053,28.461071,0.13585779600100167
27.931046,27.72412,0.2069268135986313
28.5969288104053,28.517157,0.07977220945315011
28.201775,28.011192,0.19058267822265762
28.102419000000005,27.084335,1.0180836728515672
28.2376888,28.75115,-0.5134613312255851
29.579071,29.853092,-0.2740211936035166
25.348269,25.494095,-0.14582584863281411
28.5969288104053,28.635962,-0.03903272218747489
24.1863094,23.80053,0.3857799200195302
28.5969288104053,28.574154,0.022774910258814174
22.627096,20.304348,2.3227480080566423
28.5969288104053,28.52913,0.06779787473635324
34.20035,34.126835,0.07351513061523463
28.537921800000003,26.383574,2.154348267895511
26.379023,26.616642,-0.23761899829101552
28.5969288104053,28.50185,0.09507868223147042
25.669696,24.862652,0.8070441750488264
27.946495,27.729002,0.21749300109863157
31.272503,30.908094,0.3644085938720707
25.92401,25.40127,0.5227400872802725
31.03398866666667,28.398907,2.6350819589029975
25.550356000000004,25.75935,-0.2089938229980426
22.984403,22.615166,0.3692372895507816
30.079182,29.992672,0.08651003344726504
21.078727,23.77556,-2.6968333790283197
19.062864,18.917725,0.14513939062500114
28.5969288104053,28.53515,0.061778282451196986
25.62006,25.629078,-0.009017911376954402
28.5969288104053,28.392365,0.20456430845217355
27.911561,29.240538,-1.3289766434326182
28.5969288104053,28.512453,0.08447573118166574
28.5969288104053,28.397425,0.199504112529322
27.860886,26.983238,0.877647779785157
28.5969288104053,28.525959,0.07096979551272042
24.08917,23.869625,0.21954490844726493
21.665407,21.266518,0.39888936083984206
32.73158399999999,32.52782,0.20376341284178778
28.5969288104053,28.525948,0.0709812396045173
24.373888,24.18615,0.18773840283203214
18.624287,19.998678,-1.374391207397462
28.283795,28.77407,-0.4902757397460924
27.450883000000005,29.592602,-2.1417187761230423
27.739644666666663,28.498165,-0.758520463948571
28.5969288104053,28.574154,0.022774910258814174
25.98691,26.083557,-0.09664712890624827
28.5969288104053,28.447342,0.14958689145998605
30.42011975,29.837624,0.5824961538085951
24.0505754,23.816614,0.23396124899902304
33.776256399999994,34.17583,-0.39957444106445905
24.95214071428571,24.48665,0.46549024736676614
26.017542,26.186413,-0.16887081127929804
33.262306,33.25152,0.01078775048828362
34.198677,34.26524,-0.06656271557616833
27.085596,26.851467,0.23412886743163952
30.047926,30.186058,-0.1381320444335934
31.24757,31.224026,0.02354427368164025
28.041528666666665,28.354773,-0.3132439010823589
26.120829,26.208857,-0.08802758264160104
30.97509699999999,30.175829,0.7992680662841707
25.465788,25.384554,0.08123409069824206
27.902721,27.488373,0.41434819726562466
26.0866726,20.566591,5.520081337182617
32.84964,33.037563,-0.18792332397460854
30.23666628571428,30.639389,-0.402722752371659
24.497599,24.643044,-0.14544451806640524
23.33132825,23.789082,-0.4577533234863296
28.0901934,28.267262,-0.1770681051269527
28.5969288104053,28.537376,0.0595524065967048
26.79058,26.758154,0.03242608459472507
28.088144,28.70139,-0.6132453127441408
33.33015685714286,34.099808,-0.7696508821149521
28.5969288104053,28.504663,0.09226534299807199
28.5969288104053,28.653326,-0.05639722414059989
32.745033,33.085197,-0.34016444873046936
28.989555,28.699535,0.2900196301269524
31.740389,31.638922,0.10146726232910197
28.5969288104053,28.348995,0.24793360166506417
33.564907,33.54335,0.02155678027343555
22.951752,25.649231,-2.697478957031251
25.310415,25.699257,-0.38884189697265725
32.39548933333332,31.826134,0.5693556053059794
22.448648,21.674799,0.773849034545897
25.568842,25.79116,-0.22231858349609368
23.500542125,23.659521,-0.15897897790527438
28.5969288104053,28.528187,0.06874201230959542
32.487785,32.717323,-0.2295383032226539
21.437284,21.265068,0.17221594580077948
30.18716728571428,29.082651,1.1045161474086171
28.5969288104053,28.5512,0.0457279437060798
24.627766,24.348639,0.2791274654541027
26.704693,26.205338,0.4993554755859364
22.910516999999995,21.479614,1.4309027421874951
26.368927,26.538969,-0.17004203991699285
23.3220035,22.98499,0.3370143337402354
29.79585,28.374678,1.4211723419189468
30.350237,30.455845,-0.10560787915039072
25.749992,25.895096,-0.14510382519531362
29.264559,28.940529,0.3240301303710922
25.672346,25.723131,-0.050785179809569314
28.938373666666667,29.039362,-0.10098828706868446
17.192524,20.45063,-3.2581061879882824
22.074874,24.334705,-2.259831352783202
34.41665,34.42022,-0.0035694213867216718
22.0099,22.836779,-0.8268786407470721
23.6321815,22.706255,0.9259265408935562
28.5969288104053,28.532507,0.06442186765627511
31.523316,27.81575,3.7075658779296887
28.5969288104053,28.505564,0.09136507444338449
27.465036666666663,23.711294,3.753742492472327
29.394648,30.06826,-0.6736121928710936
27.833973,29.33875,-1.5047778392333981
28.5969288104053,28.41385,0.18307802610354074
26.727173,26.922276,-0.1951025432128901
21.904144,24.71579,-2.8116457949218763
28.5969288104053,28.586731,0.010197853374048549
28.5969288104053,28.384748,0.21218035154299386
28.5969288104053,28.607544,-0.010615134907201451
28.5969288104053,28.573572,0.023356651591821986
21.87358,23.482641,-1.609061220092773
28.5969288104053,28.61602,-0.0190913922314202
33.03349566666666,31.755386,1.2781093141275974
28.5969288104053,28.556747,0.04018137388186105
29.754886,29.800114,-0.04522767797851657
29.924678333333336,29.819983,0.10469580464681272
28.952262333333334,29.197071,-0.24480874210611958
28.5969288104053,28.545996,0.05093309812502511
28.5969288104053,28.543749,0.053179954814478236
26.03872,25.904243,0.13447653076172017
26.706981833333334,27.04168,-0.334697548990885
22.186689,21.067095,1.119594197143556
25.859034,25.127748,0.7312855106201184
22.163017999999997,22.46794,-0.30492137683105724
34.434685,34.338425,0.09626031738281426
25.343729,26.178585,-0.8348560524902346
30.506447,29.295103,1.2113439268798842
28.667536833333333,28.331211,0.3363257432454425
25.1152985,25.498116,-0.3828170395507797
25.721565,25.781834,-0.06026864868164239
25.515085,26.229937,-0.7148515997314462
26.06533,26.165648,-0.10031750671386774
37.60454811111111,35.7012,1.903349533230248
28.5969288104053,28.574154,0.022774910258814174
28.363956,28.468927,-0.10497138342284984
26.30734350000001,26.03913,0.26821424279786044
28.5969288104053,28.506653,0.09027597837404855
28.5969288104053,28.371504,0.22542498044924386
25.589369,25.329803,0.25956553320312636
22.48728,22.265799,0.22148143127441244
28.5969288104053,28.52041,0.07651827268557199
28.81362966666666,24.664045,4.149584332804356
31.829857,32.096855,-0.26699816357421824
28.5969288104053,28.574154,0.022774910258814174
26.170336,26.0601,0.11023544458007706
28.378529,29.222694,-0.8441653969726559
26.2324315,26.144987,0.08744439367675838
32.41961,32.85027,-0.4306593176269544
29.66811,30.139402,-0.47129238952636854
28.5969288104053,28.537981,0.058947777080103236
27.1261815,27.447006,-0.3208247255859362
26.924124,26.909754,0.014370200561522495
23.478481,23.748264,-0.269783312744142
28.5969288104053,28.529406,0.06752321653322824
30.581211,31.160244,-0.5790329880371097
28.5969288104053,28.574154,0.022774910258814174
28.5969288104053,28.594912,0.0020172350879157364
23.567436,23.66897,-0.10153410803222584
28.5969288104053,28.545536,0.051392769145532924
28.5969288104053,28.574154,0.022774910258814174
28.5969288104053,28.534246,0.06268236570315011
28.5969288104053,28.625029,-0.02809979982419364
28.08558,27.926249,0.15933144958496115
24.121222,24.9343,-0.8130774689941411
27.618745,27.763994,-0.14524921691894477
30.625163166666667,25.716635,4.908528416300456
21.771349,22.549326,-0.7779769429931633
25.34518,26.097082,-0.7519021380615243
29.43467675,29.604528,-0.16985167712402216
30.192629,30.33697,-0.1443403756103514
26.912971,27.943233,-1.0302624899902355
20.940825,20.537502,0.40332271118164087
12.027190000000001,25.494675,-13.467484682617187
24.544898499999995,23.39031,1.1545882125244091
28.5969288104053,28.40038,0.19654962949709542
28.5969288104053,28.457846,0.1390831225390876
34.269389999999994,34.591885,-0.32249461303711513
28.5969288104053,28.561296,0.035632347392603236
29.158415,29.485592,-0.32717688842773285
28.5969288104053,28.533203,0.06372568540529855
24.72562,24.768791,-0.043171198730469484
31.706558,32.13314,-0.4265825639648426
28.5969288104053,28.527601,0.06932756833986886
24.801403,24.048092,0.7533111115722662
25.1676338,25.36881,-0.2011768536865226
29.969315,28.225842,1.7434734777832048
20.671177,23.306868,-2.6356905994873046
29.162394,28.782797,0.3795971402587881
23.235952,23.142487,0.09346542773437605
24.252342,24.721012,-0.4686701154785169
28.5969288104053,28.498137,0.09879229001955636
28.5969288104053,28.574154,0.022774910258814174
27.225353,26.690151,0.535201785400389
28.5969288104053,28.511477,0.08545229368166574
29.689306,29.996195,-0.30688883947754064
33.396975999999995,33.51328,-0.11630296118164551
23.455276,22.77296,0.6823153371582045
26.6665402,26.03028,0.6362610404541016
19.57862,20.52268,-0.9440602825927726
28.06173575,28.554974,-0.49323785229492145
24.663061,24.084124,0.5789373885498037
24.205057,24.193481,0.011575554687500045
29.190132,29.117273,0.07285866931152185
31.475914666666668,31.408833,0.06708211661783992
25.695305,25.479073,0.21623242919921992
19.138977,12.802786,6.336191126586915
28.5969288104053,28.552837,0.044091438579126674
28.5969288104053,28.585684,0.011244987773462611
27.366506800000003,27.719677,-0.3531701714355435
28.588705,28.663952,-0.07524687377929595
28.5969288104053,28.574154,0.022774910258814174
26.224682,26.34254,-0.1178587409667955
29.05759271428571,28.64672,0.41087182805524236
33.77612,33.64307,0.13304977905273319
33.4447838,33.537487,-0.09270323002929359
25.064203,24.420141,0.6440617799072257
30.2907076,29.564573,0.7261343120361339
23.402485,22.432323,0.9701615441894518
28.5969288104053,28.527946,0.0689823382373298
23.438599,21.9155,1.5230983591308593
23.93589311111111,21.976694,1.9591990040554457
28.5969288104053,28.616955,-0.020025993061498326
27.1261815,27.156214,-0.030032260375975284
28.5969288104053,28.5867,0.010228370952173549
25.460464,25.597588,-0.137123585449217
32.5681815,32.666065,-0.09788371606445168
30.66461,29.629663,1.0349465325927731
25.983433,25.518944,0.4644892133789078
34.260693,34.00336,0.25733225170898777
26.892181,26.874023,0.01815756250000078
22.787323,23.22944,-0.4421176890869134
28.5969288104053,28.476746,0.12018320493654855
33.08972999999999,32.871456,0.2182738537597544
32.28161250000001,32.273308,0.008304699707039731
25.9732415,25.050676,0.922565154174805
26.616863,27.319038,-0.7021753911132826
28.5969288104053,28.533594,0.06333467893557199
29.74549,29.482649,0.2628411505126955
28.5969288104053,28.399364,0.19756433896975167
32.182078999999995,31.624325,0.5577542014160102
28.5969288104053,28.387096,0.20983240537600167
22.661784285714283,22.817911,-0.1561268623570058
23.029178,22.648659,0.38051924755859545
28.5969288104053,28.361856,0.2350723498340095
33.27731,33.45986,-0.1825517553710938
28.5969288104053,28.527233,0.06969568662600167
25.300987,23.66242,1.6385667271728508
24.281318200000005,23.66735,0.613967430957036
20.31893433333333,22.253231,-1.9342967152506532
28.5969288104053,28.528456,0.06847307615236886
28.5969288104053,28.6627,-0.06577184267087333
25.214624,25.2086,0.006024909423828717
28.5969288104053,28.513815,0.08311388425783761
22.407479666666664,22.752838,-0.3453584680989614
29.72474,29.860603,-0.13586333251953064
28.5969288104053,28.507738,0.08919069700197824
27.240208,27.747246,-0.5070377885742197
27.591873,27.898144,-0.3062707683105472
28.5969288104053,28.558746,0.03818247251467355
29.752079,29.452456,0.2996234793701156
28.055374,28.467075,-0.41170134790039015
27.5693812,28.431496,-0.8621144665039076
28.5969288104053,28.528458,0.06847116880373605
28.65404,28.781973,-0.12793288513183754
26.727003,24.608297,2.118705651977539
21.160461,21.451593,-0.29113239904785004
30.382318,29.815197,0.5671210090332046
28.5969288104053,28.617626,-0.020697379780248326
32.49432,32.614162,-0.1198424450683575
25.067974,24.51776,0.5502146768798823
24.931017,23.855541,1.0754757707519538
31.440512,31.02567,0.4148429020996076
26.34282,26.31911,0.023709129638671556
25.924244,26.0837,-0.15945618005370932
26.158371,26.398626,-0.2402553275146495
25.583918,26.509335,-0.9254165642089838
26.78081,26.825325,-0.044515012207032356
28.5969288104053,28.538641,0.05828783445315011
23.409363,23.031067,0.37829610546874903
28.5969288104053,28.581984,0.014945244121118861
29.48504133333333,22.372746,7.112295819417316
28.5969288104053,28.574154,0.022774910258814174
28.5969288104053,28.574154,0.022774910258814174
28.5969288104053,28.526638,0.07029077939943917
28.70142,28.167395,0.5340253619384754
28.5969288104053,28.42712,0.16980860166506417
29.187392666666664,28.857876,0.3295168426920547
23.082159,22.271301,0.8108577304687508
33.010727,33.12609,-0.11536400341796593
22.531162,22.533617,-0.002455019653321955
28.713573,28.591698,0.12187530712890648
28.5969288104053,28.574154,0.022774910258814174
27.431726666666663,26.221285,1.2104418003336548
26.69149550000001,27.598085,-0.9065899034423737
25.677829714285718,25.402706,0.2751235680454833
25.415407,25.929544,-0.5141374488525408
23.15943,22.90623,0.25319907348632853
26.036293499999992,21.401865,4.634428494506828
30.257636833333333,30.207823,0.04981403365071557
25.910013,26.282772,-0.3727590642089851
33.501731750000005,33.76183,-0.26009762622069843
28.5969288104053,28.528858,0.06807062559084542
25.593803,26.275183,-0.6813797239990222
25.910341,25.277084,0.6332566494140615
28.5969288104053,28.505901,0.09102747373537667
32.792847,33.16713,-0.37428251660156064
28.5969288104053,28.61982,-0.0228908307079827
35.343433,36.09639,-0.7529567705078151
28.5969288104053,28.579222,0.01770708494143136
21.522999,23.522064,-1.9990652089843763
29.89848299999999,29.696924,0.20155879040526514
28.5969288104053,28.574154,0.022774910258814174
27.370142,28.147196,-0.7770538160400378
22.492558,22.296856,0.19570207348632707
27.266153,26.943691,0.3224617463378898
21.601858,21.123337,0.4785212080078125
28.5969288104053,28.527327,0.06960222654299386
28.5969288104053,28.528704,0.06822512083010324
28.5969288104053,28.526579,0.07034990720705636
22.984403,22.38648,0.5979226685791019
28.5969288104053,28.47806,0.11886904172854074
28.5969288104053,28.535957,0.0609714739795173
19.119059,17.72675,1.3923095798339844
28.121833499999997,28.02167,0.10016411218261467
25.580256,25.721962,-0.1417059750976577
28.5969288104053,28.552553,0.044375633525415736
28.5969288104053,28.4108,0.18612787656740792
27.93765,27.887527,0.05012253417968893
22.565044,22.307064,0.25797994360351595
21.973885,21.605421,0.36846393371581954
22.300852,22.659325,-0.35847264599609474
28.562799428571427,28.444014,0.1187858329903726
39.529919750000005,38.310818,1.2191020314941454
20.277965499999997,20.236698,0.041267349365231354
27.532702111111107,24.992348,2.5403543938259503
26.004871,25.923689,0.08118211145019671
37.78761849999999,35.961716,1.825902801757799
28.5969288104053,28.537296,0.059632515239282924
27.802118,27.419682,0.3824364509277345
26.985567,27.331108,-0.3455410932617191
21.731273500000004,22.482115,-0.7508412918701133
28.5969288104053,28.574154,0.022774910258814174
28.5969288104053,28.450867,0.14606211118654855
31.231806666666667,31.580488,-0.3486815382893873
28.5969288104053,28.532967,0.0639621966357673
25.66899,25.88205,-0.21305956054687414
27.447807,27.24478,0.20302741320800877
28.5969288104053,28.63122,-0.034291053486303014
26.17077,30.791046,-4.620276142578124
28.5969288104053,28.41151,0.18541834287600167
25.027288,25.645365,-0.6180767613525404
29.311848,29.15992,0.15192826123046999
28.926285,28.98793,-0.061645297851562475
31.605568,31.122347,0.48322112194824385
33.6505764,33.77038,-0.11980171279297025
21.108946,18.523613,2.585333023925781
28.5969288104053,28.52634,0.07058832578615792
25.695845,26.067173,-0.37132800415039213
29.028957,29.729591,-0.7006343696289079
28.5969288104053,28.574154,0.022774910258814174
23.060692,23.560076,-0.4993837598876958
28.5969288104053,28.530596,0.06633303098635324
28.5969288104053,28.50622,0.09070894651369699
23.674915,21.14531,2.529605551757811
20.99812057142857,19.590704,1.4074166071951701
28.5969288104053,28.619732,-0.022803092670873326
28.5969288104053,28.514513,0.08241579465822824
28.5969288104053,28.574154,0.022774910258814174
22.9209756,22.089529,0.8314465625244125
33.909393,33.582447,0.3269459479980483
30.936863,30.850338,0.08652501782226452
18.19647,23.10957,-4.913099549560545
27.085988000000004,26.104256,0.9817323237304727
29.054248333333334,29.248821,-0.1945729252115882
28.5969288104053,28.369276,0.22765276365236886
27.9246304,27.370771,0.5538589919189469
28.5969288104053,28.574154,0.022774910258814174
23.97781875,24.122133,-0.14431450500488197
29.440893,29.791574,-0.35068147814941497
28.5969288104053,28.635275,-0.03834607667966239
25.011455666666667,18.094995,6.91646016800944
26.8705628,26.17496,0.6956036172607405
26.384808,26.524225,-0.13941723498535197
31.470028,31.581821,-0.1117934416503914
28.5969288104053,28.526087,0.07084200315432199
26.741832,26.435413,0.3064186394042956
28.5969288104053,28.443304,0.1536247485156501
32.884903,33.77868,-0.8937758940429674
28.5969288104053,28.55431,0.042618965434595424
30.379612,30.38457,-0.004957168090818698
34.20141433333333,32.04516,2.1562559471028635
22.653448,21.989119,0.6643294239501962
28.5969288104053,28.574154,0.022774910258814174
25.203775,25.82605,-0.6222748046874997
26.243414,26.254375,-0.010961457763670523
30.13551,29.967663,0.16784718872070314
28.5969288104053,28.52826,0.06866953306154855
25.287252,25.393673,-0.10642094311523564
28.264125999999997,28.621655,-0.35752851049804946
25.417284,27.772778,-2.355493557373048
28.5969288104053,28.574156,0.02277300291018136
28.5969288104053,28.620298,-0.02336957521481864
26.22722,25.93014,0.2970804583740225
26.06,25.25645,0.8035493469238268
24.3386745,30.596664,-6.257989928710938
25.82941,25.953892,-0.12448175415039131
26.81666,26.863491,-0.046831058349610544
21.705568,20.417099,1.288469000976562
17.764887,16.573765,1.191122198974611
22.94978,22.910528,0.039251817016602075
22.886168,23.465225,-0.5790572197265611
23.387259,23.413673,-0.026414400878906008
25.49378,25.442549,0.05123124816894631
29.53234124999999,29.215153,0.3171885095214755
34.261204,33.25089,1.0103151755371087
19.077583,21.479322,-2.401739433471679
28.5969288104053,28.50135,0.0955784075732673
28.5969288104053,28.613306,-0.016377235126928014
30.045406,30.772484,-0.7270778256835939
28.5969288104053,28.546864,0.050065254497095424
19.414568,18.762589,0.6519794990234367
23.263178,23.489042,-0.22586428210449228
28.5969288104053,28.424644,0.1722843401904548
24.444332,23.460754,0.9835776054687493
30.733559,30.283009,0.4505504245605465
34.22719649999999,34.474564,-0.24736709863282158
32.651424,32.68132,-0.02989619042968883
26.187588,26.160278,0.027309679687501642
29.25784733333333,21.572287,7.68556072749837
24.924253,24.89406,0.0301928651123049
28.5969288104053,28.505375,0.09155390195803292
28.7885245,29.547836,-0.7593118037109363
36.40341,36.43007,-0.026658969726561565
33.88955,33.248997,0.6405532653808592
24.22747355555556,23.216274,1.0111992940809493
20.408688,21.662344,-1.2536559788818344
25.187226000000003,24.109018,1.0782076741943385
22.739468,23.87596,-1.136491396362306
25.32754,25.392727,-0.06518689819336032
39.360175125,39.703445,-0.3432703095703147
28.26177550000001,29.291924,-1.0301480229492093
28.5969288104053,28.530367,0.06656191282229074
28.5969288104053,28.506453,0.09047624998049386
28.5969288104053,28.382072,0.2148563616748298
25.725973,25.573742,0.15223108715820288
28.5969288104053,28.381567,0.2153618090625251
24.6068896,23.924042,0.6828478519531238
30.9836415,32.202873,-1.2192317299804678
28.327686,28.093586,0.2341000319824218
23.951765,24.262617,-0.31085211120605294
28.5969288104053,28.531006,0.06592295103029855
28.790052,28.697807,0.09224468798828056
31.488573,31.092943,0.3956298084716785
28.5969288104053,28.47872,0.11820909910158761
28.5969288104053,28.526182,0.07074663572268136
28.63976,28.446156,0.19360445190429587
28.13728,28.33899,-0.2017092578124995
28.5969288104053,28.527655,0.06927416257815011
28.5969288104053,28.339174,0.25775453977541574
25.930916,25.891184,0.03973214685058579
30.384669833333323,30.754211,-0.36954159244792706
28.5969288104053,28.552946,0.04398271970705636
23.777058,24.202421,-0.42536318835449194
22.99461983333333,22.781113,0.21350716243489387
30.257368,29.664227,0.5931414680175777
23.231647,24.044903,-0.813255801513673
21.991773833333337,22.961332,-0.9695584878336554
28.5969288104053,28.528759,0.06816980771975167
33.88228,33.198883,0.6833969433593765
12.745248,18.356382,-5.611134369995117
28.331703600000004,28.537043,-0.20533901779784713
31.020261999999995,26.882082,4.1381800145263625
25.378431,26.472404,-1.0939734799804697
32.12760599999999,32.499718,-0.37211171240235075
33.148658,31.56872,1.579938136108396
28.13511,27.872698,0.26241216979980564
33.784824,33.843395,-0.058571233154296465
29.9998798,29.6086,0.39127918354492053
28.270308,28.57083,-0.3005213914794922
20.902512,20.107792,0.7947200993652359
28.5969288104053,28.53038,0.06654856138186105
24.566919,24.06849,0.49842992529296737
28.512234,29.992428,-1.480193825927735
28.5969288104053,28.534054,0.06287500791506417
29.79943866666667,30.381374,-0.5819356924641887
23.33794,22.402544,0.9353959783935544
31.7338746,30.601456,1.1324189115234375
28.5969288104053,28.598137,-0.0012080914501702011
30.495960666666672,29.839739,0.656221820841477
27.573433,27.296997,0.2764359296875014
26.886532,26.910555,-0.024022885864258825
28.5969288104053,28.559135,0.0377933733935798
24.379328,24.681229,-0.3019006376953115
25.9185,26.200245,-0.2817449035644515
24.279552,25.08893,-0.8093781300048839
28.5969288104053,28.534767,0.0621616595263923
25.977636,25.983776,-0.006140092529296481
28.5969288104053,28.505995,0.09093401365236886
22.15683,21.329865,0.8269654980468744
27.270987,27.311474,-0.04048684643554523
29.402565,29.047876,0.3546886419677726
28.5969288104053,28.532892,0.06403658323244699
22.391672,21.159176,1.2324961271972654
28.828672,28.71423,0.11444241625976659
27.09535075,26.497704,0.5976471977539077
24.01551914285714,23.107462,0.9080572135358516
29.55809766666667,29.294199,0.26389867679850454
29.754951,29.782171,-0.027220249389650064
28.5969288104053,28.546707,0.05022165708498605
30.649874,30.934895,-0.2850205617675776
28.671387,25.875217,2.7961695622558587
33.18344,33.078217,0.10522344726562238
26.553347666666667,27.354542,-0.8011941118977859
21.961637,22.018457,-0.05682041271972693
15.944686,14.332731,1.6119547530517586
24.4141075,24.168999,0.24510878173828132
28.5969288104053,28.574154,0.022774910258814174
23.827742,23.161188,0.6665538743896491
28.5969288104053,28.580471,0.016457771586939174
28.5969288104053,28.528486,0.06844255857424386
26.445618,26.316372,0.12924608227539025
32.01194849999999,31.522028,0.4899205306396368
28.5969288104053,28.57328,0.0236484759326423
26.27338,26.398281,-0.12490109741210986
28.5969288104053,28.574154,0.022774910258814174
33.248764,33.093864,0.15489955908203257
19.7189255,26.584574,-6.865648245727538
24.596024,25.626074,-1.0300498372802736
29.79015,30.017464,-0.22731368408203068
28.5969288104053,28.574156,0.02277300291018136
28.702291,28.648418,0.05387257348632701
25.98034583333333,25.553242,0.4271041035970029
21.005293,20.831278,0.1740151527099627
28.5969288104053,28.574154,0.022774910258814174
28.999023,29.020569,-0.021545847656248895
28.5969288104053,28.556906,0.04002306394533761
25.428627,26.4298,-1.0011730335693372
21.160982,20.245983,0.9149988762207037
25.55197,25.302883,0.24908685180664136
25.642107,25.398659,0.24344824755859307
19.723852,16.954372,2.7694795939941415
28.5969288104053,28.599995,-0.003065849018529576
28.5969288104053,28.591381,0.005547737407251674
28.61265883333333,28.791273,-0.17861428373209876
23.399603,23.23571,0.1638928559570303
20.510504,21.215487,-0.7049825264892569
28.5969288104053,28.561499,0.03543016843752511
28.5969288104053,28.54471,0.052218651103540736
30.270914,30.625557,-0.35464294580078004
28.5969288104053,28.574154,0.022774910258814174
28.5969288104053,28.387402,0.20952722959475167
21.824982,22.64876,-0.8237778419189468
39.9021386,38.41486,1.487278828271485
32.5862,32.820206,-0.23400568847656444
28.82162,28.290287,0.5313329821777337
28.5969288104053,28.402452,0.19447634153322824
28.5969288104053,28.533844,0.06308481626467355
25.33068,25.386911,-0.05623139221191309
30.955914,30.420246,0.5356678757324218
27.42994,27.343052,0.08688808959960781
29.58560757142857,29.301958,0.28364948732212625
27.864176,27.785025,0.07915135705566456
28.5969288104053,28.491875,0.1050541155810798
27.447628,27.320486,0.12714193127441575
28.5969288104053,28.525862,0.07106707029299386
25.518984,25.739088,-0.22010405847168002
26.472828,26.808933,-0.3361052580566408
28.91371,28.461845,0.4518646020507795
28.5969288104053,28.528477,0.06845209531740792
24.951685,25.106497,-0.1548118109130847
31.759893,31.76517,-0.0052761436767561065
28.5969288104053,28.574154,0.022774910258814174
24.093043,22.870596,1.2224470679931656
28.553034,28.159868,0.39316575964355494
32.85332,32.119457,0.7338627551269497
22.964901000000005,22.878145,0.08675578210449686
28.5969288104053,28.51624,0.08068964414553292
30.172704624999994,30.653538,-0.48083312524414623
27.561779,27.765602,-0.2038231118164049
22.532883,21.782326,0.7505572553710955
22.506283,22.89221,-0.38592700671386737
31.26123,31.30386,-0.04262971069335819
23.590746,23.560316,0.03042991418456964
34.014385,34.043545,-0.02915976928711217
27.4566135,27.186533,0.2700805257568355
25.8816695,26.044926,-0.16325618969726463
28.5969288104053,28.564396,0.032532905864282924
