Actual Power,Predicted Power,Difference
28.5969288104053,28.55133,0.04559824399904855
28.5969288104053,28.462997,0.13393137388186105
23.338638,24.21803,-0.8793929295654301
28.5969288104053,28.515394,0.08153459958986886
28.5969288104053,28.45645,0.14047930173830636
21.920227,21.717308,0.20291895556640682
24.625816,23.554071,1.0717445736083988
26.09502525,25.258966,0.8360588040771475
28.214327,28.20029,0.014036320068360197
25.255018,24.976625,0.27839255749511693
32.90343149999998,33.34414,-0.44070759912111157
28.5969288104053,28.683432,-0.08650281496091239
31.423138,31.028687,0.39445147656250157
34.036396,34.095764,-0.059368160156246574
28.5969288104053,28.552776,0.044152473735376674
28.5969288104053,28.482433,0.11449549131350167
28.5969288104053,28.557564,0.0393650286670173
28.5969288104053,28.53637,0.0605594866748298
27.197933,27.03001,0.16792277661132715
23.623768,23.030449,0.5933190864257796
28.5969288104053,28.479849,0.11707994871096261
28.5969288104053,28.488535,0.10839388303713449
28.5969288104053,28.539356,0.057572578715845424
34.28206,33.865692,0.4163678613281263
25.713243,25.85724,-0.1439976768798843
28.5969288104053,28.535997,0.060931419658228236
30.496037,29.58472,0.9113163884277355
28.5969288104053,28.540472,0.05645677976565011
28.5969288104053,28.55258,0.04434893064455636
28.5969288104053,28.53514,0.06178972654299386
28.5969288104053,28.515343,0.0815860980029548
23.566296,23.361773,0.20452346276855593
24.834608,24.569307,0.26530067272949154
29.9504704,30.433289,-0.4828181742187496
20.96119,20.655771,0.30541874450683437
28.5969288104053,28.45194,0.1449882739062751
28.5969288104053,28.52424,0.07268831663088449
28.5969288104053,28.588799,0.008130287456079799
28.5969288104053,28.552725,0.04420397214846261
25.606459,25.539207,0.06725154150390722
26.8973468,26.75652,0.14082748237304799
26.056923,27.197725,-1.1408022960205066
28.5969288104053,28.438534,0.15839502744631417
27.416916,26.341476,1.075439559570313
25.52044,25.448133,0.07230653137207099
26.426117,26.505455,-0.07933801708984234
26.693666,26.357021,0.33664466821289096
26.291958,25.396837,0.8951207655029307
28.5969288104053,28.55126,0.04566881589846261
33.151005,32.94296,0.20804616821288846
29.711002,30.480268,-0.7692664783935541
32.952573875,31.109879,1.8426953349609363
24.097803,24.585966,-0.4881631102294932
25.463552,26.997475,-1.5339226704101563
28.212526,27.878687,0.3338390950927739
26.0918975,26.7827,-0.6908020849609358
31.10422,30.328161,0.7760587603759781
27.339905,26.805529,0.5343763592529314
25.12244,23.810055,1.3123852209472666
27.826654,28.84197,-1.0153164437255846
32.2954985,31.924992,0.37050689233398515
29.87768150000001,29.142328,0.7353532376709069
28.5969288104053,28.961227,-0.36429860658688895
28.121833499999997,28.026579,0.0952545968017553
28.5969288104053,28.518366,0.07856295041994699
28.5969288104053,28.5421,0.054827904033228236
28.590902,28.833916,-0.24301371044921893
32.108265,30.694128,1.4141369635009795
24.92432562,29.141157,-4.2168315302685535
28.315871,28.301315,0.014555692382813845
25.27040811111111,24.839626,0.43078179885525003
27.038815,26.574251,0.4645638250732418
25.358627,27.083002,-1.724375090454103
28.5969288104053,28.486937,0.10999224119143136
29.422254666666664,28.834839,0.5874157994791638
33.218384,32.897655,0.3207285129394535
26.91590188888889,28.122053,-1.2061512574734152
28.5969288104053,28.549448,0.047480797099634486
34.742958,34.65654,0.08641808300781406
30.00778,29.544428,0.4633521282958988
28.5969288104053,28.5078,0.08912966184572824
28.5969288104053,28.544363,0.05256578855471261
27.517454,31.521242,-4.003788141723632
28.5969288104053,28.683432,-0.08650281496091239
28.5969288104053,28.535563,0.061366295146509486
30.480436,30.309336,0.1711002913818369
30.776388249999997,30.25087,0.5255184990234341
28.5969288104053,28.531876,0.06505320005373605
26.84553766666667,26.994572,-0.14903401912434688
28.5969288104053,28.470594,0.12633440427736886
25.734907,23.194494,2.5404127525634763
28.5969288104053,28.540695,0.05623361997561105
24.114102,22.749235,1.3648668468017569
28.5969288104053,28.452688,0.1442405932422126
26.983278,25.796532,1.1867463227539048
28.5969288104053,28.540852,0.056077217387720424
21.646303,19.901571,1.7447317261962887
28.5969288104053,28.683432,-0.08650281496091239
28.5969288104053,28.536058,0.060870384501978236
27.279938,27.033112,0.24682642773437635
30.067592666666663,29.364729,0.702863739054358
26.848618714285717,26.946857,-0.09823873810686123
28.309418,28.698858,-0.3894402611083976
35.71289849999999,35.221195,0.4917032790527216
25.132595,23.7678,1.3647956225585922
28.5969288104053,28.448812,0.1481163256640876
21.865883,22.265274,-0.3993910478515623
28.5969288104053,28.523458,0.07347032957033761
28.736187,29.232346,-0.49615858105468646
25.547834,25.101156,0.44667776525879077
28.834038,28.403414,0.4306242274169918
27.84841800000001,26.2713,1.5771186378173923
31.674448714285717,31.180342,0.49410699370466205
32.953726499999995,32.57036,0.3833682236328073
30.345446,28.924042,1.421404251953124
26.259,24.463184,1.7958156433105472
27.823053,27.51558,0.3074737763671891
28.5969288104053,28.54128,0.05564806394533761
24.625816,23.925251,0.7005649929199222
28.5969288104053,28.520401,0.07652780942873605
27.509718,27.627811,-0.11809343188476618
26.246653,25.526047,0.720606247070311
28.5969288104053,28.481833,0.11509630613283761
28.5969288104053,28.683432,-0.08650281496091239
28.5969288104053,28.464516,0.1324131243701423
25.11501,23.092524,2.0224864251709
28.5969288104053,28.4402,0.15672800474123605
22.810827,21.971464,0.8393628428955076
28.5969288104053,28.516588,0.08034059934572824
28.5969288104053,28.431633,0.1652958147998298
24.528328,24.37362,0.1547089204101546
22.644411,22.388601,0.2558096968994157
28.5969288104053,28.473793,0.1231357806201423
28.5969288104053,28.441307,0.1556217425342048
25.873920750000003,26.252592,-0.3786713367919887
33.3832,32.930107,0.45309288330078346
24.965818,22.45856,2.507257056396483
28.5969288104053,28.552418,0.044511055278345424
27.017168285714284,27.4551,-0.43793082012067686
24.206041999999997,24.64912,-0.44307833081055037
33.51372,33.323303,0.1904167773437493
29.868803,28.747917,1.120885824707031
28.5969288104053,28.683432,-0.08650281496091239
28.5969288104053,28.545275,0.051654075908228236
25.63858,25.368568,0.2700115795898448
28.5969288104053,28.47275,0.12417910032229074
29.32262575,28.72471,0.5979152855224612
28.424738,26.85251,1.5722275477294936
25.675604,25.522184,0.15341962805175768
31.090616,29.999035,1.0915811184082038
28.5969288104053,28.492737,0.10419199399904855
22.872486,22.415607,0.4568785476074204
29.774249444444447,29.582481,0.19176806016710302
29.6556786,29.252771,0.4029072224365251
29.25784733333333,21.832947,7.424900555989581
28.5969288104053,28.54671,0.050219749736353236
23.167465,22.468477,0.6989877508544922
28.5969288104053,28.455711,0.1412174456592048
26.919277,27.29974,-0.38046283764648337
24.707905,25.111038,-0.40313320800781227
31.382988,31.151009,0.23197939404296974
33.186726,32.474342,0.7123836538085939
26.680845,26.493574,0.1872708575439468
27.285324,27.039328,0.2459963785400383
25.158379,25.243595,-0.08521612329101558
29.0063455,28.512499,0.493846644409178
28.5969288104053,28.548607,0.0483219378467048
28.5969288104053,28.501049,0.09587976865725167
28.5969288104053,28.524233,0.07269594602541574
28.5969288104053,28.54775,0.04917833738283761
28.5969288104053,28.485888,0.11104128293947824
28.5969288104053,28.48645,0.11047861509279855
29.082563,29.93739,-0.8548263737792965
29.467203,30.08303,-0.6158277006835924
23.90381,23.264177,0.6396326776123047
27.348675,28.651009,-1.3023336059570312
15.849063,18.27331,-2.4242467076416023
26.396301,26.558403,-0.16210201513671763
23.010149,21.63484,1.3753089884033187
28.5969288104053,28.683432,-0.08650281496091239
28.5969288104053,28.536106,0.060822700786157924
28.5969288104053,28.55242,0.04450914792971261
29.7212586,29.465523,0.2557358338867175
24.62675966666667,24.728138,-0.10137830330403474
33.34538,33.145073,0.20030706298827994
28.6837984,28.978539,-0.29474011318359317
27.52777683333333,27.27148,0.2562962730305962
32.66890455555556,32.221905,0.44699980091688474
28.5969288104053,28.471859,0.12506983213381417
25.319643,24.305204,1.014438608520507
24.218798,24.166746,0.052051860473632416
28.5969288104053,28.497599,0.09933016233400949
24.424173666666665,24.775484,-0.35131041841634314
28.5969288104053,28.542229,0.0547001116748298
27.975912,27.398321,0.5775908482666026
25.956038,25.481089,0.47494936169433544
27.51114,27.535526,-0.024386275634764587
28.5969288104053,28.534029,0.06289980344729074
28.5969288104053,28.482319,0.11460993223147042
30.32138,30.058231,0.2631486462402357
32.9706424,32.989067,-0.01842467763671607
25.907893,26.215927,-0.3080341240234361
30.961435,30.883764,0.07767073303222816
27.150568,26.233244,0.9173240577392576
29.046381,28.943415,0.10296631188964867
25.9732415,25.72447,0.24877136145019563
28.5969288104053,28.683432,-0.08650281496091239
33.300967500000006,32.9129,0.38806848266602145
28.5969288104053,28.683432,-0.08650281496091239
28.5969288104053,28.50579,0.0911380999560798
28.5969288104053,28.450632,0.1462967150683845
28.5969288104053,28.540352,0.0565769427295173
28.667566,28.675236,-0.007669748291014855
28.5969288104053,28.683432,-0.08650281496091239
31.8121,31.701597,0.11050278625488374
32.1715,32.155994,0.015505584716798637
28.5969288104053,28.539324,0.057605003642603236
26.406548,26.194525,0.21202323498535236
28.5969288104053,28.443586,0.15334246091799386
30.355320500000005,30.386538,-0.031217051879878
24.073902,23.803024,0.27087770800781286
30.53642,30.270155,0.26626504699707
25.521633,25.576012,-0.054378657714842404
25.704058,25.599403,0.1046546186523436
21.762825,21.594217,0.16860769958496036
23.51182775,24.509851,-0.9980237056884782
22.662504,22.023132,0.6393716757812484
25.5831965,25.331749,0.2514475375976559
28.941103,28.964468,-0.02336500231933769
28.5969288104053,28.683432,-0.08650281496091239
28.5969288104053,28.455883,0.14104578428225167
25.135006,25.651426,-0.5164203153076166
24.241966,24.05926,0.1827065853271499
25.390701,23.333385,2.057315532470703
24.020826,24.882708,-0.8618815958251957
31.11938588888889,30.367796,0.7515899446750218
29.109636,29.278605,-0.16896850744629077
26.38951,27.363113,-0.9736034033203111
28.5969288104053,28.61655,-0.019621635151342076
26.06,26.201784,-0.1417841339111341
30.646278,31.266134,-0.6198562620849621
28.5969288104053,28.557236,0.03969309263186105
20.733343,21.2165,-0.48315632861327984
28.119194,27.840979,0.2782153775634768
25.364368,28.510115,-3.1457466697998058
25.857685,24.018269,1.839416414794922
24.48161,23.481947,0.9996630548095702
25.984642,26.053307,-0.06866457958984284
28.5969288104053,28.526148,0.07078096799807199
28.5969288104053,28.521172,0.0757572405810798
35.05495883333333,33.868946,1.1860127578938773
27.9464205,28.102234,-0.15581338671875145
28.5969288104053,28.626205,-0.02927663393063895
27.241903,27.102394,0.1395088959960944
28.5969288104053,28.683432,-0.08650281496091239
28.5969288104053,28.547804,0.04912493162111886
29.401162,30.71196,-1.3107978388671881
28.5969288104053,28.55259,0.0443393939013923
20.799582,17.809437,2.990145201904298
27.250982,28.459341,-1.2083590491943355
28.5969288104053,28.534235,0.06269380979494699
30.195866,30.10446,0.09140623742675658
28.5969288104053,28.545515,0.05141374998049386
29.026104,28.688879,0.3372249869384767
25.142645,25.075691,0.06695377685547044
28.5969288104053,28.539337,0.05759165220217355
31.03548,31.025515,0.009965397338866921
25.74233,25.42442,0.31791059692382717
28.5969288104053,28.449242,0.1476871722217048
23.255486,24.284796,-1.0293097611083972
22.710131600000004,22.523832,0.18629927883301178
27.385458,27.909523,-0.5240650102539064
23.622352000000003,24.287655,-0.6653028767089815
23.581954875,23.484638,0.09731666088867286
25.92401,25.302967,0.621042928466796
26.727003,25.48779,1.2392138459472655
31.2320355,29.56383,1.6682060780029282
19.539259,18.990685,0.5485744907226575
30.243761,30.247698,-0.003936830200196084
27.745293,27.65175,0.09354243542480489
28.5969288104053,28.535122,0.061806892680689174
31.29359,31.05671,0.236880710449217
23.318573,23.597385,-0.27881240649413996
32.70354414285714,32.64265,0.06089353860909341
27.9715975,27.977499,-0.005901508178709491
21.451298,20.529778,0.9215204731445326
28.5969288104053,28.497458,0.09947130613283761
30.39334233333334,30.360107,0.03323491145834012
27.164612,26.852468,0.3121435093994158
30.03434,30.108421,-0.07408132568359349
28.5969288104053,28.522907,0.07402155332522042
30.54288,29.604843,0.9380368603515628
29.497126333333327,29.397041,0.10008501253254565
28.5969288104053,28.309387,0.28754160337404855
27.407934,27.341236,0.06669788549804778
28.5969288104053,28.5337,0.06322786741213449
26.192277500000003,26.911934,-0.7196563989257783
28.5969288104053,28.542168,0.0547611468310798
26.394312,26.184824,0.20948801013183527
24.411317666666665,24.34064,0.07067855228678255
29.79289,29.710176,0.08271353210449206
24.668583,25.86462,-1.1960372087402327
29.479729,29.170862,0.3088668021240224
24.77648,24.272264,0.5042155194091791
28.5969288104053,28.57139,0.025538658427759486
28.24991525,28.511839,-0.2619236629638664
28.5969288104053,28.508528,0.08840105466799386
28.5969288104053,28.549423,0.04750559263186105
29.05759271428571,28.679089,0.37850412175641424
26.8973468,26.57162,0.32572585883789174
29.78673,29.83428,-0.04755001403808734
28.5969288104053,28.51386,0.08306810789065011
24.16547475,24.201769,-0.036294125122068976
25.639275,25.469553,0.1697220062255873
32.36182544444445,31.83696,0.5248656055772614
28.5969288104053,28.683432,-0.08650281496091239
28.007486,27.704773,0.3027130507812501
28.949968,29.060242,-0.11027369921875163
24.422745,24.665462,-0.24271749389648534
24.52552,24.720663,-0.19514307067871073
28.5969288104053,28.544523,0.05240557126955636
28.5969288104053,28.476324,0.12060472898440011
28.5969288104053,28.551643,0.0452854388232673
27.83028,27.900574,-0.07029373046875165
28.1534295,27.580883,0.5725464738769546
21.3163926,24.292484,-2.9760916834472653
25.357218,25.089376,0.26784155041503865
25.797672,25.538174,0.25949832446288923
22.96371,22.71887,0.24483983703613177
31.4752955,31.212349,0.2629465620117202
28.5969288104053,28.547327,0.049601768779321986
22.544416,22.155605,0.38881068383788886
28.5969288104053,28.48176,0.11516878538088449
22.531815,20.998337,1.5334782080078142
30.654716399999995,31.131124,-0.4764080964599664
26.422777,25.87184,0.5509374766845703
22.387415,20.767279,1.6201363287353523
24.722408,23.534653,1.187755290039064
28.933711,25.585585,3.348126359497069
28.409368625,28.573624,-0.16425503222656346
18.21382284,21.399794,-3.185970784877931
28.5969288104053,28.54218,0.054749702739282924
26.778538,26.88072,-0.10218213854980362
33.785908,33.321915,0.46399332714843666
25.262066,25.931822,-0.6697558231201164
27.050097500000003,27.469187,-0.4190892828369108
23.902761,23.911753,-0.008991700805662362
28.5969288104053,28.683432,-0.08650281496091239
28.5969288104053,28.529308,0.06762049131350167
33.843586,33.506416,0.3371696791992207
24.917124,23.159315,1.7578088907470715
28.5969288104053,28.454351,0.1425773852344001
27.795502,26.740673,1.0548289348144522
27.359447,27.035675,0.3237719511718744
27.308790428571424,26.611563,0.6972276996895879
30.439278,30.190573,0.24870526135254067
28.5969288104053,28.683432,-0.08650281496091239
29.90609,30.273853,-0.3677633020019542
29.211388,29.0607,0.15068853710937447
32.78624528571429,34.450768,-1.6645222313755568
25.58714,25.4321,0.15503970397949374
28.5969288104053,28.55225,0.044678901958032924
31.40391,31.075209,0.3287013360595701
28.601961,27.473982,1.1279791427001946
30.5812598,30.912388,-0.3311280479003891
28.5969288104053,28.516254,0.08067438535647042
26.273705714285715,26.115477,0.15822910600934748
23.438599,23.366276,0.07232321264648434
25.284908,25.328526,-0.04361754321288913
25.303019,24.5179,0.7851185330810537
29.926846428571427,29.862946,0.06390087193080163
28.5969288104053,28.683432,-0.08650281496091239
26.53635733333334,26.023888,0.5124696990559947
28.5969288104053,28.4042,0.192729210185572
25.440638,25.713734,-0.27309567309570326
28.817429,28.55768,0.2597488699951178
28.5969288104053,28.550623,0.046305870341821986
34.402247800000005,36.612198,-2.2099500759765576
28.5969288104053,28.49163,0.1052982562060798
27.3848928,24.026344,3.358548500683593
26.06,26.812975,-0.7529749298095716
33.56493825,33.181084,0.38385457080077856
18.16859151428572,20.8121,-2.6435079425013903
33.066385000000004,32.47933,0.5870568444824258
29.66932324999999,29.547152,0.12217168444823301
26.754289666666665,25.905787,0.8485031523844384
28.7817155,28.83675,-0.05503453051757745
29.1965926,28.942778,0.2538149663330067
28.5969288104053,28.50932,0.08760950498537667
25.312994,25.192379,0.1206150021972654
27.3313,27.795542,-0.46424176330566524
28.5969288104053,28.437698,0.15923044614748605
24.20206,23.628466,0.5735943475341791
28.5969288104053,28.549898,0.047030662822290736
30.294613,30.097063,0.19754993542480292
31.394466,31.15771,0.23675687829589975
28.744123,27.736355,1.007768172119139
28.5969288104053,28.471361,0.12556765012697824
31.737747,31.297039,0.44070796801757695
27.855488166666664,27.639624,0.2158645246988904
28.5969288104053,28.548717,0.048211311626001674
25.4429875,25.137506,0.3054810150146494
38.143098,37.29551,0.8475886616210957
28.5969288104053,28.507421,0.08950731687502511
23.987766,23.708399,0.279367181030274
28.5969288104053,28.519394,0.07753488950686105
32.355858,32.268013,0.08784499951171654
26.086449,26.056389,0.030060145019533024
22.673765,24.067377,-1.393612090454102
28.5969288104053,28.532259,0.06466982297854074
24.329268,24.265936,0.06333210217285057
26.939827,28.59094,-1.651113475463866
38.149496,37.9566,0.1928958107910148
25.300987,23.887579,1.4134080357666008
30.201644,30.523827,-0.32218259912109204
26.56898166666667,26.176582,0.39239933024088813
31.50634325,32.96771,-1.461365337646484
31.1599588,31.733461,-0.5735025800048845
28.5969288104053,28.497513,0.09941599302248605
30.120636,30.283482,-0.16284559790038955
29.253996,27.982897,1.2710991951904305
24.96333,24.40996,0.5533702069091788
28.5969288104053,28.505575,0.09135363035158761
26.06,24.583086,1.4769139862060534
28.5969288104053,28.499805,0.09712335996584542
28.5969288104053,28.546124,0.050805305766626674
32.712482,32.70342,0.009063268310548267
28.660292,28.347551,0.312740654174803
23.416388,23.201721,0.2146668085937513
20.475254,20.076487,0.39876741247558556
28.5969288104053,28.551838,0.045090889262720424
27.517454,28.514578,-0.9971238656005852
28.410295,27.997456,0.4128394030761733
26.447733,26.600391,-0.15265838793945363
27.70628,28.034256,-0.3279759814453129
28.5969288104053,28.529602,0.06732675962404855
24.3386745,28.161697,-3.8230228876953127
32.82999342857143,32.553867,0.2761260884835366
25.970499333333333,25.782257,0.18824225325520771
27.883171,28.346392,-0.4632206778564445
28.29569033333333,28.848196,-0.5525056963297565
28.5969288104053,28.553446,0.043482994365259486
27.819257800000003,28.184498,-0.36524003325195054
21.215975,22.414875,-1.1989000305175779
28.527,28.72711,-0.20010990905761616
28.5969288104053,28.526316,0.07061312131838449
33.840508,33.259205,0.5813031354980467
28.5969288104053,28.533083,0.06384584836916574
28.5969288104053,28.528265,0.06866381101565011
28.5969288104053,28.534527,0.062401985454126674
28.5969288104053,28.545624,0.05130503110842355
28.5969288104053,28.489677,0.1072513812060798
27.892038,27.777023,0.11501468457031194
27.49089375,28.101803,-0.6109090759277329
28.5969288104053,28.53234,0.06458971433596261
26.53461,26.385202,0.14940759216308663
33.91675,33.59073,0.3260212402343754
28.5969288104053,28.551052,0.045876716899439174
28.092555666666676,27.726927,0.3656288630778093
28.5969288104053,28.683432,-0.08650281496091239
28.074667,27.264574,0.8100929490966813
27.35179,26.954641,0.3971486578369152
32.83239,32.061275,0.7711145178222623
28.5969288104053,28.557236,0.03969309263186105
27.078568,27.163696,-0.08512828906249936
28.5969288104053,28.55196,0.044968818950220424
32.0687205,30.67059,1.3981310529785134
27.083063,27.04221,0.040853374755858596
22.435621,22.499262,-0.06364085607910042
29.439434,29.138737,0.3006972751464829
21.659231,22.079853,-0.4206220578613298
28.5969288104053,28.683432,-0.08650281496091239
28.384415,28.577341,-0.19292607971191345
25.776144,25.420197,0.3559474667968736
28.5969288104053,28.48987,0.10705873899416574
24.842233600000004,24.966797,-0.12456327499999631
28.5969288104053,28.477554,0.11937448911623605
28.5969288104053,28.543135,0.05379412107424386
26.077478,26.241325,-0.16384737841796948
20.668621,21.04109,-0.372469011596678
25.664267,25.515745,0.14852183703613164
28.502851,28.71702,-0.21416903479003935
27.103518,26.729942,0.37357567822265736
28.927006,29.278734,-0.35172820715332165
30.35938,29.022411,1.3369686535644547
32.621235000000006,32.181793,0.43944178710938075
28.5969288104053,28.553106,0.04382250242190011
28.5969288104053,28.683432,-0.08650281496091239
28.5969288104053,28.549755,0.047173713969751674
24.432163,24.948776,-0.5166132451171883
28.5969288104053,28.454481,0.14244768552736886
28.5969288104053,28.530264,0.06666490964846261
21.62596333333333,21.946276,-0.3203123777262391
24.576244,24.0507,0.52554476599121
28.5969288104053,28.457308,0.13962099485354074
22.169267,23.444859,-1.2755915510253892
28.5969288104053,28.553123,0.0438053362842048
33.708453875,33.340427,0.36802647631835583
28.5969288104053,28.541847,0.0550815814013923
30.067213857142857,29.885778,0.18143543001883344
28.5969288104053,28.683432,-0.08650281496091239
25.515085,25.531313,-0.016227942504883686
26.70040822222222,22.797184,3.903224231743703
28.5969288104053,28.546663,0.050265526103540736
29.159046,25.275429,3.8836172280273438
22.568696,22.266235,0.3024606484374992
26.612024400000003,26.616987,-0.004962828393551888
28.5969288104053,28.683432,-0.08650281496091239
28.5969288104053,28.484228,0.11270067625002511
28.5969288104053,28.551113,0.045815681743189174
33.38795,32.732662,0.6552877990722621
28.5969288104053,28.482113,0.11481592588381417
30.314747,30.064354,0.2503930571289068
32.43858483333333,31.941212,0.49737313289387686
21.29959483333333,20.870535,0.4290599364827443
26.389107,26.643837,-0.25472997509765705
30.703724,30.641865,0.061859223388673
32.708073,32.799816,-0.09174313159179803
25.359224,25.507658,-0.1484340047607411
28.142473,28.165466,-0.02299330859375104
24.1802085,23.624884,0.5553248482666007
28.5969288104053,28.554895,0.042033409404321986
31.77725,30.296957,1.4802929840087877
28.5969288104053,28.683432,-0.08650281496091239
32.030136,31.714035,0.31610096582031133
29.948372,29.189346,0.7590256865234366
28.24405171428572,28.502476,-0.2584240242396696
28.5969288104053,28.683432,-0.08650281496091239
22.564768,23.057474,-0.49270613635253824
24.76962728571428,25.107769,-0.33814172673689313
28.5969288104053,28.520546,0.0763828509326423
30.70196,30.44769,0.2542709436035153
31.796865999999994,32.298145,-0.5012792941894588
32.46513649999999,32.43381,0.03132531225585211
27.739292,27.528687,0.21060547656249895
31.16326625,30.829561,0.3337050164794917
24.376518,23.279377,1.0971410163574227
28.223204,28.320292,-0.09708751916503999
25.051933,25.079853,-0.027920057861329894
24.992404,24.310411,0.6819925467529302
28.5969288104053,28.538029,0.058900093364282924
32.66234300000001,27.299505,5.362837766235359
31.40308566666667,31.185575,0.21751018143717715
27.4566135,27.518818,-0.062204401611328564
28.5969288104053,28.683432,-0.08650281496091239
28.5969288104053,28.683432,-0.08650281496091239
28.5969288104053,28.39758,0.19934961729006417
28.5969288104053,28.506643,0.09028551511721261
26.15333,25.910688,0.24264159973144572
25.61077,25.490599,0.12017132141113152
23.094814,23.271648,-0.17683440698242237
28.151648,28.904478,-0.7528300731201156
28.5969288104053,28.460974,0.1359550707812751
21.99795,22.117125,-0.11917455749511774
31.557764,30.981056,0.5767077866210926
27.09769,26.072584,1.0251058477783204
27.17397,27.684982,-0.5110122998046869
28.5969288104053,28.473951,0.12297747068361886
22.06121,21.887688,0.17352231689453035
28.5969288104053,28.54973,0.047198509501978236
28.5969288104053,28.545738,0.0511905901904548
24.5454102,24.179068,0.36634258830566324
28.5969288104053,28.507254,0.08967516355471261
28.5563335,28.095695,0.4606380043945322
28.652449,28.599222,0.05322681677246166
23.758022,21.37742,2.3806015745849614
25.300987,23.905067,1.395919556152343
26.4322,26.306345,0.12585501403808763
23.44888333333333,23.52435,-0.0754658793131533
28.5969288104053,28.466171,0.13075754575686105
26.349628,26.37759,-0.027962179443360213
28.5969288104053,28.549679,0.047250007915064174
28.384866,28.310764,0.0741016872558582
28.5969288104053,28.316017,0.2809116595263923
20.56894,20.655441,-0.08650128417968617
28.5969288104053,28.45468,0.14224932126955636
29.218464,28.827858,0.39060602880859463
24.708288,24.24894,0.45934848583984333
33.75862,33.585335,0.17328522216796927
24.432163,24.514114,-0.08195137988281331
29.707575,29.49281,0.21476570434570164
28.907923,28.734413,0.173509853027344
25.567469,25.459904,0.10756528295898349
28.5969288104053,28.5279,0.0690281146045173
28.346083,28.271574,0.07450897961425795
28.5969288104053,28.683432,-0.08650281496091239
28.5969288104053,28.45105,0.14587900571779855
28.5969288104053,28.528439,0.06849024229006417
28.5969288104053,28.419361,0.17756769590334542
24.235752,23.550728,0.6850241557617203
28.5969288104053,28.556578,0.04035112791018136
20.469715,20.641256,-0.17154133239746017
24.29504,25.086117,-0.7910767907714842
28.5969288104053,28.461555,0.1353733294482673
23.837893,22.654966,1.182926645629884
28.5969288104053,28.340742,0.25618669919924386
24.189547,24.321646,-0.13209873669433492
25.725973,26.040678,-0.31470502429199243
28.5969288104053,28.53293,0.06399843625979074
33.183388,32.798508,0.3848803095703133
28.5969288104053,28.52709,0.06983873777346261
25.18084333333333,25.88171,-0.700866719156906
34.355382500000005,32.30015,2.0552306750488327
34.02566733333334,34.056583,-0.030916071207677476
28.5969288104053,28.447878,0.14905092649416574
28.01181,28.52095,-0.509140317382812
28.5969288104053,28.683432,-0.08650281496091239
33.189655,32.76596,0.4236943066406269
28.1425655,27.604565,0.538000833251953
22.15683,21.818426,0.3384038677978509
26.224241,26.062626,0.16161511499023362
28.5969288104053,28.46259,0.13433954648928292
28.5969288104053,28.472271,0.12465784482912667
28.5969288104053,28.466604,0.1303245776172126
21.566624,21.96634,-0.3997151113281241
28.5969288104053,28.442339,0.15458986692385324
29.010783999999997,29.072529,-0.06174483911133066
24.57189766666667,24.013552,0.5583459546305356
27.132645,27.368893,-0.23624766967773425
25.310871,25.019463,0.29140841455078004
26.20787466666667,25.68836,0.5195144524332704
25.948715,24.930553,1.018161563720703
28.5969288104053,28.55177,0.045159553813501674
24.255033,25.162884,-0.9078507585449209
31.847767,31.642351,0.20541584948730574
28.29621725,28.42945,-0.1332318314208969
28.5969288104053,28.465158,0.1317703478808845
28.5969288104053,28.549688,0.04724047117190011
28.5969288104053,28.683432,-0.08650281496091239
32.70917699999999,32.36846,0.340715391113271
26.5398245,28.334707,-1.7948827601318342
28.5969288104053,28.552532,0.044396614360376674
28.5969288104053,28.683432,-0.08650281496091239
29.916447,30.265629,-0.34918181469726406
20.95371,20.399618,0.55409185119629
30.444164,30.312025,0.13213892980957098
24.020826,25.251825,-1.230999332641602
28.62793,28.738865,-0.11093489868164141
31.39454875,31.424095,-0.0295464038085953
28.5969288104053,28.515154,0.08177492551760324
28.583637,27.924116,0.6595208653564448
30.33581,30.053621,0.2821887078857408
27.781074499999995,27.89489,-0.1138153315429733
26.002543,25.198866,0.8036771094970696
32.272808,32.138393,0.13441459790038834
28.5969288104053,28.499693,0.09723589353518136
25.44924,24.031414,1.4178259680175778
28.5969288104053,28.551159,0.045769905376001674
26.52338,26.479677,0.0437027996826167
29.49261814285714,29.31226,0.18035846878487405
24.117594,23.87464,0.24295448889160198
26.416271125,26.514078,-0.09780701525878754
33.61999333333333,30.62224,2.997753266805013
17.460073,22.960762,-5.50068902392578
28.5969288104053,28.541027,0.055901741313501674
29.367683,29.485806,-0.11812251147460984
28.5969288104053,28.683432,-0.08650281496091239
25.516207,25.839348,-0.32314083935546734
25.380587,26.954466,-1.5738788660888687
28.5969288104053,28.522675,0.07425424985842355
28.5969288104053,28.445745,0.1511833422656501
28.200241,28.349417,-0.1491757327880876
28.5969288104053,28.547228,0.049700950908228236
27.773787,26.773008,1.0007786534423815
28.5969288104053,28.545824,0.051104759501978236
22.945791,22.210863,0.7349278865966795
32.487682,30.86421,1.6234718712158198
28.5969288104053,28.5314,0.06552812986330636
22.139194333333336,21.837852,0.3013418553059921
28.5969288104053,28.541712,0.055217003154321986
25.474573,25.430908,0.04366479687499947
27.324858,27.705685,-0.3808266618652354
29.777552,29.907677,-0.13012469677734373
26.766392,26.890463,-0.1240708753662112
23.359572875,23.415344,-0.055771363281248654
22.9552495,22.816261,0.1389882084960945
22.687145,22.095984,0.5911614947509776
28.5969288104053,28.432053,0.16487619810061105
26.153603,26.02137,0.13223306591796913
29.4242145,28.693562,0.7306529460449234
25.796246,27.451782,-1.6555362265625
25.5892925,24.187948,1.4013442730712882
22.730537999999992,23.309706,-0.5791677342529375
26.116451,25.871078,0.24537250878906391
28.5969288104053,28.517159,0.0797703021045173
29.139387,29.131577,0.0078104619140617615
28.5969288104053,28.469807,0.12712213926272042
25.667809,25.389751,0.27805756567382645
28.5969288104053,28.683432,-0.08650281496091239
28.766163833333334,30.077532,-1.3113679812418617
30.695536,29.783949,0.9115871016845709
28.5969288104053,28.544718,0.052211021709009486
28.249483714285716,28.529282,-0.279797901925221
24.666836,25.020475,-0.3536393875732422
28.5969288104053,28.546844,0.05008432798342355
26.413467,26.20756,0.20590741442871163
24.397356,24.893875,-0.496519122070314
28.5969288104053,28.372627,0.2243015521045173
30.607956,30.876205,-0.268249444335936
28.5969288104053,28.683432,-0.08650281496091239
26.99191,26.401745,0.5901651574707039
21.55243425,22.850254,-1.2978198088378896
28.53416,28.942818,-0.4086576879882813
27.233387,27.043825,0.18956185046386764
26.004139,25.710512,0.29362683874511575
26.64839516666667,26.061892,0.5865036108805377
21.210146,21.54428,-0.33413309851074047
28.5969288104053,28.683432,-0.08650281496091239
24.599068,23.432228,1.1668399116210928
29.068825,29.30977,-0.24094558410644495
27.21777125,27.858932,-0.6411612451171891
22.71568,22.753185,-0.03750527221679789
28.5969288104053,28.466127,0.13080141477541574
28.5969288104053,28.482634,0.11429521970705636
28.5969288104053,28.546913,0.0500156634326423
28.5969288104053,28.4572,0.13972971372561105
21.299967,21.737686,-0.43771915722656374
28.5969288104053,28.530802,0.06612703733400949
28.564045250000003,28.524422,0.0396235581054718
28.079433,28.207464,-0.1280312181396468
28.5969288104053,28.481722,0.11520693235354074
32.47714066666666,32.159832,0.3173086659342417
27.303957,25.985022,1.318935408813477
28.5969288104053,28.683432,-0.08650281496091239
28.5969288104053,28.48383,0.11309931211428292
28.5969288104053,28.499762,0.09716722898440011
33.037567,32.389404,0.6481627031250028
24.652885,24.756466,-0.1035809118652331
31.38,31.437338,-0.05733787536621193
23.678024,23.475718,0.20230645544433656
32.557964,30.525652,2.032312068237303
27.634712,26.083,1.5517118168945316
26.205912,26.065935,0.13997686511230611
33.82273349999999,32.971184,0.8515497231445224
28.5969288104053,28.566124,0.0308048480029548
29.417938,29.48568,-0.06774162646484427
26.59789166666667,26.62426,-0.026368282063799597
28.5969288104053,28.683432,-0.08650281496091239
25.73021,25.621775,0.10843532653808552
28.5969288104053,28.488604,0.10832521848635324
25.335608,25.626387,-0.2907786424560541
30.26439,30.467722,-0.20333193908691527
29.455725,29.594673,-0.1389481567382802
34.164204,33.776028,0.38817632055663864
25.471382,25.560541,-0.08915915295410315
23.389574,23.17586,0.21371454870605433
28.5969288104053,28.506699,0.09023020200686105
27.468359,27.248106,0.22025299719238234
25.502827,25.225574,0.2772525065917968
28.5969288104053,28.456738,0.14019129209475167
26.881727,26.241339,0.640388270141603
28.5969288104053,28.44991,0.14701960020022042
31.338,30.370993,0.96700733947754
23.40184,23.04399,0.3578508184814453
28.5969288104053,28.426367,0.1705620043750251
23.706387,23.275011,0.4313759373779291
28.5969288104053,28.560175,0.036753868388696986
23.645058599999995,22.801043,0.8440160432372998
24.243507,24.504604,-0.26109733959960835
28.5969288104053,28.683432,-0.08650281496091239
26.36984,26.687965,-0.3181253930664063
27.198229,27.216253,-0.018024280639647117
30.424992,30.41533,0.00966111315917928
28.941393,29.29927,-0.357877629882811
28.09157,28.229578,-0.13800801818847575
27.84402,27.6061,0.2379199176025395
31.57366357142857,28.661917,2.9117468386404823
27.041054,28.013948,-0.9728944405517588
28.5969288104053,28.48383,0.11309931211428292
27.360826,27.054472,0.30635403039550724
23.05232,22.51583,0.5364909136962908
28.5969288104053,28.548418,0.048510765361353236
30.770157,30.089836,0.6803208793945323
28.5969288104053,28.513138,0.08379099302248605
25.283415,25.568659,-0.28524382873535004
26.14255,27.35484,-1.212289324951172
26.798801,26.664911,0.13388972985839942
28.033758,26.894945,1.1388128553466785
32.2909745,31.821619,0.4693554661865207
23.53847,23.412916,0.12555381652832054
25.405739,25.282398,0.12334077612304739
26.342424,26.578615,-0.23619118859863164
28.5969288104053,28.552628,0.04430124692873605
28.651173,28.570429,0.08074415173339844
28.5969288104053,28.679924,-0.0829952008251702
28.5969288104053,28.594639,0.002289985942407924
28.5969288104053,28.683432,-0.08650281496091239
28.99592875,29.087376,-0.09144689086913971
28.602669,27.657553,0.9451162808837879
25.210495,24.867188,0.34330750000000165
27.85731,26.971119,0.8861910729980451
22.538378,22.628025,-0.08964705493163905
23.59580166666667,23.759714,-0.16391245992024395
33.586355,29.904072,3.6822831921386694
28.5969288104053,28.564356,0.032572960185571986
25.539862,25.370512,0.1693499913330072
21.95442975,22.952028,-0.9975985245361336
12.138041099999993,19.928274,-7.7902330546630925
28.5969288104053,28.52891,0.06801912717775949
32.889632166666665,30.985983,1.9036492717692042
27.260074000000003,27.575857,-0.3157831624755829
34.005054,33.67696,0.3280940085449231
28.5969288104053,28.446262,0.15066645078615792
27.737846,27.486412,0.25143395166015736
31.603306499999995,31.30948,0.29382583288573727
30.493473,30.739935,-0.24646192126464683
32.148411499999995,31.945185,0.20322679235839303
23.794569,23.694628,0.09994123815917888
30.443524,29.383299,1.0602251260986328
28.710514,28.513493,0.19702141577148424
22.512371,22.85699,-0.3446198142089827
26.820517,26.990736,-0.17021900769043086
26.633102,26.691706,-0.05860370373535062
24.170828,24.745209,-0.5743807402343748
25.048679749999994,25.638412,-0.589732725585943
32.73066842857143,33.20789,-0.47722112831333874
24.440825,24.412512,0.028313174438476807
28.538378,28.955996,-0.41761755969238123
28.5969288104053,28.683432,-0.08650281496091239
24.918478500000003,24.736792,0.1816868892822292
29.232332,29.658205,-0.4258730323486333
25.4563,25.039623,0.41667673950195194
26.237284,25.741987,0.49529677160644425
28.892996,29.380562,-0.4875658286132811
27.468643,27.274595,0.19404773937988296
19.458488,20.744108,-1.285620200073243
28.5969288104053,28.54591,0.051018928813501674
29.981062,29.279987,0.7010746647949233
25.346249,25.553335,-0.2070861898193357
22.57412,24.042057,-1.467937037353515
27.039562,26.904701,0.13486076708984385
23.998096,22.490538,1.5075583565673831
32.5002118,32.44294,0.05727204169922118
30.410206,30.356592,0.053613821655272176
28.5969288104053,28.462229,0.1347000353808845
27.84844233333333,26.418383,1.4300596886800108
25.455275,25.209253,0.24602168884277376
33.490047,32.82987,0.6601786833496064
23.3220035,23.108826,0.213177816406251
27.142933400000004,26.919184,0.22374966892090242
28.5969288104053,28.496447,0.10048220090822824
28.5969288104053,28.509462,0.08746645383791574
26.040129499999992,26.866432,-0.8263026899414143
23.39021,22.785746,0.6044643792724607
33.73497,33.30788,0.4270895983886689
29.658759,29.460075,0.19868362158203112
21.811593999999992,22.445465,-0.6338710878906326
28.5969288104053,28.551943,0.044985985087915736
26.658857,26.808004,-0.1491473792724598
22.64004,22.559406,0.08063371948242093
28.5969288104053,28.58242,0.014508461284204799
21.970674499999987,22.497292,-0.5266170649414192
28.7292132,28.144766,0.5844473461181643
28.5969288104053,28.50219,0.0947391741748298
28.5969288104053,28.549831,0.047097420024439174
28.5969288104053,28.529215,0.06771395139650949
28.5969288104053,28.552584,0.044345115947290736
26.559217,26.519579,0.039638066284179985
25.623177,25.859158,-0.23598056225586106
20.301748,21.361248,-1.059500016357422
28.00396,26.713512,1.2904475793457024
22.738329,22.063429,0.6749001212158205
23.765152,23.339874,0.4252777324218755
20.172161,17.98359,2.188571827636718
26.065111,26.031496,0.03361495202636888
31.711548,31.326363,0.38518539013671926
18.64941,18.015617,0.6337926293945308
28.5969288104053,28.556345,0.040583824443384486
29.96699,30.094864,-0.12787389160156337
24.24169,24.166826,0.0748637518310531
30.54165,29.299528,1.2421218780517584
31.615959,32.02075,-0.40478913842773423
28.5969288104053,28.568907,0.02802202634768136
30.2004365,26.61659,3.583846000122069
25.604809,25.55101,0.053798868164061986
29.06079,29.203115,-0.14232546325683515
25.738165,25.425056,0.3131085424804674
26.396301,26.726688,-0.3303873850097645
24.068926,23.795555,0.2733708852539074
27.456945,27.588232,-0.1312870404052724
25.450951000000003,24.485935,0.9650157888183628
33.551876,33.354496,0.1973799978027344
22.403053,21.482876,0.9201771760253905
27.550941,27.372496,0.1784453487548845
27.80742,29.99725,-2.189829603271484
27.252935,27.042692,0.2102428155517586
32.756958,31.937641,0.8193168562011692
28.5969288104053,28.520788,0.07614061765627511
27.546892,28.599699,-1.0528070203857425
26.548662,26.639816,-0.0911542841796873
28.5969288104053,28.48614,0.11078951291994699
28.5969288104053,28.507986,0.08894274167971261
34.21723028571429,34.039078,0.1781525269252242
24.450672,25.042774,-0.5921022004394523
28.148436,27.979652,0.16878359521484398
32.50072624999999,33.634514,-1.1337876049804763
28.5969288104053,28.473797,0.12313196592287667
28.5969288104053,28.550203,0.046725487041040736
25.575077,25.54455,0.03052705798339872
22.97835564,22.855518,0.12283729893554707
27.193583,26.793617,0.39996575146484403
25.13206799999999,29.28851,-4.156441368896495
28.5969288104053,28.53479,0.06213877134279855
27.096292,26.799982,0.2963099290771467
27.741984,26.012497,1.7294870517578111
29.793365,30.043299,-0.24993372131347513
28.5969288104053,28.462648,0.13428041868166574
31.480908666666664,29.68149,1.7994187222086566
36.134033,32.87862,3.255412852294924
24.400497,23.614002,0.7864947722167983
24.70587,25.185513,-0.4796425427246085
28.5969288104053,28.491665,0.10526392393068917
29.201328,29.108618,0.09271021740722674
28.5969288104053,28.548096,0.04883310728029855
23.70047,23.387144,0.3133259112548821
24.329302,24.46676,-0.13745863537597813
30.213786142857145,28.672344,1.5414419350934736
31.555986,31.80517,-0.2491840592041008
30.126987,30.069286,0.057700653564452864
28.5969288104053,28.537605,0.0593235247607673
29.159046,25.77804,3.3810060677490235
28.391953,27.03764,1.354313382080079
29.21018,28.202745,1.0074345623779308
30.309763,30.695745,-0.3859824681396482
31.2516124,28.605513,2.6460997809814444
29.711489,29.339445,0.3720438858642581
26.1714,25.791216,0.38018410339355313
26.238764,26.774176,-0.5354116439208987
28.765867555555555,28.592094,0.17377313416883666
26.16504,25.995144,0.1698961096191418
29.11155633333334,29.063282,0.04827432039388668
28.376154,28.133144,0.24300962133789028
33.499748,34.05049,-0.5507433330078157
29.5786242,27.138731,2.439893197192383
24.506061375,23.592476,0.9135854838867203
26.915024,27.168594,-0.25357036035156355
28.5969288104053,28.531038,0.06589052610354074
23.732096,23.432604,0.2994921639404282
29.7212586,29.393263,0.32799573684081906
27.153864,26.744928,0.4089356400146471
32.640892,32.44506,0.19583127001953216
20.421713,25.562263,-5.140550488769531
28.51727385714286,28.715244,-0.19797043607002962
28.5969288104053,28.536171,0.0607578509326423
28.5969288104053,28.545576,0.05135271482424386
29.745106499999995,29.47466,0.27044562658690907
26.1336404,26.829237,-0.6955965842529288
28.5969288104053,28.484554,0.11237451963381417
26.007666,25.44646,0.5612052761230473
28.5969288104053,28.530972,0.06595728330568917
27.19712,27.85569,-0.6585700024414045
28.45337,28.020243,0.43312730895996054
28.5969288104053,28.487217,0.10971186094240792
25.657867,25.502409,0.15545801867675735
22.700563,21.917236,0.7833266718749989
24.03954,22.955763,1.083777136840819
27.397253,27.421888,-0.024635351440430497
30.926283,31.43201,-0.5057276506347641
28.5969288104053,28.551939,0.04498979978518136
28.780392,28.618402,0.16198951892089752
28.5969288104053,28.536964,0.0599643939013923
25.603989,25.383764,0.22022473303222512
29.6187425,24.523512,5.09523061340332
23.209635,23.460377,-0.25074173950195444
25.759417,25.499758,0.2596592332763663
26.428034,26.76893,-0.3408964351806638
29.235774000000006,29.897745,-0.6619711324462827
25.653362,25.98033,-0.32696751354980336
22.949418428571427,22.306051,0.643367174298966
32.35309977777777,30.26437,2.088729813178162
28.5969288104053,28.683432,-0.08650281496091239
23.41434,21.950611,1.4637288854980461
29.843612666666672,29.900217,-0.05660438960774172
28.5969288104053,28.444752,0.15217707090334542
28.5969288104053,28.635637,-0.038708472919896764
28.5969288104053,28.537756,0.05917284421877511
28.5969288104053,28.54543,0.051499580668970424
28.5969288104053,28.5166,0.08032915525393136
28.5969288104053,28.460543,0.13638613157229074
33.81748114285715,33.406788,0.4106932705426942
27.927446,29.940552,-2.0131057578125002
26.267984,25.96439,0.3035941989746078
28.5969288104053,28.483944,0.11298487119631417
25.658108,25.621809,0.036298994262693896
33.116264,32.85559,0.26067317968750103
28.5969288104053,28.683432,-0.08650281496091239
24.5026035,23.24794,1.2546634365234368
28.5969288104053,28.634075,-0.037146354389623326
28.5969288104053,28.487942,0.10898706846193917
22.257463,21.677681,0.5797820307617201
25.4824,27.849253,-2.3668527008056657
28.5969288104053,28.683432,-0.08650281496091239
30.636797,30.482944,0.15385251147461076
20.6203405,22.424086,-1.8037451170654286
31.429492666666665,32.252266,-0.8227732635091165
28.306873,28.097801,0.20907179150390576
28.5969288104053,28.482212,0.11471674375490792
28.5969288104053,28.683432,-0.08650281496091239
29.235774000000006,29.39031,-0.15453628747557957
30.435818,30.556637,-0.12081881030273323
28.581994999999992,28.331871,0.2501239672851483
23.52625,23.102308,0.4239417266845713
26.870865,26.591305,0.27956022094726407
23.730648,22.600655,1.1299933979492174
28.5969288104053,28.552883,0.044045662211939174
28.5969288104053,28.519596,0.07733271055178292
29.367775,30.439026,-1.0712508789062483
28.5969288104053,28.474363,0.12256548337893136
25.914665,25.482761,0.43190361694335877
27.505648,30.153097,-2.64744915270996
25.839027555555557,25.85772,-0.01869186583116189
27.52859,28.622616,-1.0940258142089831
28.5969288104053,28.47072,0.12620851926760324
23.915207,22.842598,1.0726090385742175
28.5969288104053,28.4669,0.13002893857912667
28.5969288104053,28.503632,0.09329721860842355
28.363476,27.988192,0.37528439538574077
32.430935,31.96325,0.4676857934570293
23.245319200000004,23.465294,-0.21997468427733935
28.5969288104053,28.54232,0.0546085589404548
24.853622,24.695835,0.1577868864746108
26.274012750000004,22.198315,4.075698083251957
25.745358,26.919931,-1.1745734117431645
30.354937,28.222878,2.1320594975585934
32.740067,32.72147,0.018597120849612736
26.60364,26.223494,0.38014642395019393
26.42757425,30.67045,-4.24287596057129
28.3305484,28.337608,-0.007059937402342342
28.5969288104053,28.549631,0.047297691630884486
28.5969288104053,28.683432,-0.08650281496091239
26.733223,26.4216,0.31162265820312385
30.034159,29.733427,0.30073195227050675
27.694838,26.258339,1.4364990717773445
22.169443,24.593628,-2.424184929687499
26.7779995,26.69376,0.08423958178710933
31.148907,31.226439,-0.07753152233886595
26.605955,26.539047,0.06690775878906408
28.639524,28.598991,0.040532605957032786
33.845867,34.198734,-0.35286728344726725
33.22582,33.1389,0.0869192431640613
25.8862746,25.777895,0.10837962624511732
33.565292,33.322407,0.24288523120117134
28.5969288104053,28.545528,0.051400398540064174
22.70705,22.823856,-0.11680635375976678
20.98659,21.462852,-0.4762624780273441
26.442554,27.024553,-0.5819992989501941
26.522657,26.290335,0.23232229846191288
22.16463,20.89171,1.2729197186279286
28.5969288104053,28.487474,0.10945436887697824
25.491896,25.21628,0.27561601647949274
28.372474,28.202261,0.17021302893066448
28.5969288104053,28.683432,-0.08650281496091239
28.5969288104053,28.561687,0.035241340922876674
28.17463233333333,28.56066,-0.38602707523600444
32.23326814285714,28.541536,3.691731811680384
22.902499499999998,26.80232,-3.899820980346682
16.701883,13.628423,3.0734602628784167
28.5969288104053,28.51066,0.08626863889650949
28.5969288104053,28.444069,0.1528599017138923
23.303041,23.149242,0.15379859887695346
28.5969288104053,28.547392,0.04953691892580636
22.576305,24.07128,-1.4949745257568345
28.21024,28.252964,-0.04272401977539175
24.625816,23.821674,0.8041416530761722
28.5969288104053,28.543991,0.05293772153811105
21.609303,21.670433,-0.061130044433593156
33.231144,32.753582,0.4775619992675786
25.970873,25.742495,0.22837841687011817
28.5969288104053,28.683432,-0.08650281496091239
28.5969288104053,28.545002,0.051926826762720424
26.49581,27.045612,-0.5498023352050794
27.176199,27.189487,-0.013288457275390186
33.403076,32.26115,1.1419256398925768
28.5969288104053,28.452274,0.14465448789553292
34.370722666666666,34.205807,0.16491593448893127
24.99434433333333,25.114796,-0.12045135148112251
30.18110650000001,29.302534,0.8785723966064545
23.1809935,24.007774,-0.8267808530273442
22.020607,22.77288,-0.7522735541992205
28.5969288104053,28.507454,0.0894748919482673
31.881939,31.888056,-0.006116801391602422
28.5969288104053,28.5134,0.08352968625979074
30.97415899999999,30.15799,0.8161694980468646
28.5969288104053,28.683432,-0.08650281496091239
22.89823,23.081156,-0.18292577697753742
28.5969288104053,28.463066,0.1338627093310798
24.0423,21.639671,2.402628674316407
26.2590858,25.8963,0.36278643781738396
29.950832,29.090408,0.8604236748046858
29.769936,29.465933,0.30400315393066535
28.5969288104053,28.542011,0.054917549418970424
28.678133,27.951946,0.7261867414550771
28.5969288104053,28.551579,0.045350288676782924
26.791271,26.757908,0.033363132568357656
25.897606,25.553326,0.3442803469238278
29.623744,30.414541,-0.7907972445068374
26.09502525,25.268414,0.8266117062988272
27.80689019999999,22.771105,5.035785387377921
29.14076675,29.533092,-0.39232574877929594
28.5969288104053,28.45563,0.14129946165041574
28.5969288104053,28.528332,0.06859705381350167
26.660234,26.337776,0.32245781591796785
33.98623,33.873375,0.1128550610351553
25.552437,25.238607,0.31382959338379024
23.320597,22.87519,0.4454062651367181
26.001204,25.655367,0.3458371024169935
28.31768,28.210577,0.10710298889160086
25.725973,25.964731,-0.2387582164306643
28.5969288104053,28.54813,0.048798775004907924
29.629340500000005,29.2786,0.35073980725098153
28.5969288104053,28.683432,-0.08650281496091239
27.348774,25.594282,1.7544918497314441
26.4043078,25.060726,1.3435816342285172
28.5969288104053,28.54565,0.051278328227564174
26.442097,26.167849,0.2742484129638676
23.874168,23.232899,0.6412692878417978
28.5969288104053,28.480724,0.11620447568850167
28.5969288104053,28.458176,0.13875315122561105
28.5969288104053,28.474274,0.12265512876467355
28.5969288104053,28.543066,0.05386278562502511
31.666940000000004,28.395535,3.2714054846191445
32.40698557142857,32.220417,0.1865685487234927
28.5969288104053,28.683432,-0.08650281496091239
28.5969288104053,28.664337,-0.06740834779782645
26.7080306,26.028454,0.6795767730957039
25.838005,25.51412,0.32388489807128806
24.13577075,24.302202,-0.16643147473144637
28.5969288104053,28.539286,0.057643150615259486
26.331385,26.713428,-0.3820434973144522
28.5969288104053,28.54461,0.0523197405810798
25.71553,25.077875,0.6376548626708995
28.5969288104053,28.466894,0.1300346606250251
28.5969288104053,28.54833,0.04859850339846261
24.11746225,24.258541,-0.14107885717773527
26.770592,26.344933,0.42565944384765686
35.111324,35.24031,-0.1289866689453092
20.283913,19.944103,0.33980975903320143
28.5969288104053,28.683432,-0.08650281496091239
26.211891,25.382568,0.8293226406250014
23.685143,23.22018,0.4649624885253907
28.0601475,28.466951,-0.40680387023925846
28.5969288104053,28.54224,0.054688667583032924
22.448341,22.912846,-0.4645046115722664
28.5969288104053,28.43254,0.16438791685061105
28.5969288104053,28.572968,0.02396128110842355
17.74212,18.486668,-0.7445476330566407
33.02814933333333,32.760555,0.2675940659993472
27.532737000000004,27.855062,-0.3223254847412065
28.5969288104053,28.474895,0.12203333311037667
27.248463,26.751171,0.4972918879394541
27.123346,27.022718,0.10062757043457182
28.5969288104053,28.536907,0.060021614360376674
28.5969288104053,28.529297,0.06763193540529855
26.18001,26.062523,0.11748711181640559
25.163582,24.417965,0.7456170646972673
26.882510142857143,28.23489,-1.3523798412737165
25.267288,25.434282,-0.16699430285644468
28.5969288104053,28.528065,0.06886408262209542
25.956182,26.053919,-0.09773683850097825
25.259167,25.09881,0.16035680407714992
28.5969288104053,28.531216,0.06571314268068917
33.46127,33.068443,0.3928267016601552
27.252554,27.142881,0.10967260656738276
34.04971266666667,30.392717,3.6569953052164763
32.513543750000004,32.40704,0.10650410766601937
28.5969288104053,28.544586,0.05234262876467355
30.373728,30.84517,-0.47144106738281266
30.666424,24.09914,6.567283832763671
24.428734875,24.673645,-0.24491014453125004
24.896151999999997,25.03046,-0.13430835766601845
28.445023,28.5355,-0.09047657275390719
35.959583,35.30111,0.6584736860351583
28.5969288104053,28.460958,0.1359703295703376
24.536160142857145,23.66678,0.8693796710553876
28.888632,24.444971,4.443660915405275
20.925293,20.375702,0.5495910957031249
25.085888,25.029915,0.05597314404296938
24.454823,24.255873,0.1989502735595714
26.490393,25.604092,0.8863013557128916
21.8916,21.886406,0.005194055175781642
27.745293,28.492167,-0.7468735191650389
33.813106000000005,33.28593,0.5271753664550829
29.52352,29.034119,0.4894013476562513
24.301361,24.48174,-0.18037995153808595
22.941103,22.021002,0.9201011842040998
21.87358,25.468847,-3.595267274780273
28.771461,29.318727,-0.5472664932861342
28.418558,29.89198,-1.473421217529296
28.5969288104053,28.459267,0.1376621478076423
28.5969288104053,28.531689,0.06524012021975167
21.952682,21.3105,0.6421828087158197
24.433676,24.08893,0.3447458699951156
30.387741,30.277943,0.10979834252929521
26.718515,23.074738,3.643777451171875
27.89627966666667,28.716532,-0.8202520868733707
28.5969288104053,28.683432,-0.08650281496091239
27.23173,27.483156,-0.25142620422363393
31.060083,31.00909,0.0509925764160144
29.042397,28.6138,0.42859695117187613
25.528774,25.39618,0.13259480078124852
28.5969288104053,28.602207,-0.005278373432592076
32.373396,32.372726,0.0006695595703121171
26.855585,26.479305,0.376279732666017
20.145737,20.48673,-0.340993575561523
28.578476,28.5598,0.018676805664060936
23.06671,23.21837,-0.15166043762206982
23.51628,22.383425,1.1328552410888655
23.762412,22.859148,0.9032639744873059
28.5969288104053,28.52427,0.0726597064013923
26.562998,26.152744,0.4102537067871097
33.827478142857146,33.56649,0.2609879695173021
28.5969288104053,28.453636,0.1432926409717048
30.290543,30.264227,0.026316086547851114
32.865467,31.299898,1.5655688524169946
23.0105435,22.856422,0.15412107568359446
24.971928,25.19238,-0.22045290515136884
25.564226,25.807405,-0.24317947180175636
28.5969288104053,28.501488,0.0954410784717048
28.5969288104053,28.509838,0.08709070615725167
22.12578,22.212362,-0.08658228942871204
27.28765,26.010834,1.2768162597656243
26.4378,26.681362,-0.24356215209961007
34.55537,33.97249,0.582881596679691
26.618801,26.556263,0.06253803002929814
28.5969288104053,28.542063,0.054866051005884486
24.34896872,26.722992,-2.3740232233593765
31.298466874999995,31.024086,0.2743808764648392
24.784395,24.590258,0.19413735534667964
28.5969288104053,28.437576,0.15935251645998605
29.266338,29.135496,0.1308418604736339
27.066449499999997,22.942472,4.123977042114255
28.5969288104053,28.505405,0.09152338437990792
28.5969288104053,28.544191,0.052737449931665736
31.675642,31.15972,0.5159225328369139
20.904226,20.070858,0.8333679982910169
30.672775,31.300915,-0.6281397644042954
28.5969288104053,28.528198,0.06873056821779855
27.533644,27.068707,0.464937487548827
28.5969288104053,28.55322,0.04370806150393136
27.63788,27.47734,0.16053930175781161
32.491356,32.18718,0.30417643457031573
33.4066655,32.91867,0.48799484570312757
28.175327,26.440174,1.7351528972167962
28.5969288104053,28.529057,0.06787226133303292
33.073267,32.22305,0.8502178361816419
26.765856,26.528322,0.2375337801513666
26.211891,25.784136,0.42775518151855607
23.909658,22.980616,0.9290423841552737
28.210653,28.203989,0.006663971069336583
24.947977,24.777374,0.17060273242187662
21.160461,25.881104,-4.7206425156249985
28.5969288104053,28.542513,0.054415916728540736
28.5969288104053,28.453655,0.14327356748537667
28.5969288104053,28.485327,0.11160204343752511
26.498817,26.31785,0.1809668870849599
28.5969288104053,28.544119,0.05280992917971261
28.5969288104053,28.467466,0.12946245603518136
25.970499333333333,25.842243,0.1282561387532546
28.5969288104053,28.511396,0.08553240232424386
28.5969288104053,28.430866,0.16606256895022042
26.531315,26.41473,0.11658492797851494
28.485313,28.716095,-0.23078197070312356
30.674854,30.373077,0.30177660742187484
22.538378,22.840857,-0.30247855212402186
25.105253,25.139866,-0.034612875244139474
25.642925,25.393944,0.248981213378908
31.5404265,31.404629,0.13579774633788944
28.5969288104053,28.551739,0.045190071391626674
22.682596,22.869831,-0.18723508520507792
28.071733,27.852856,0.2188773176269514
28.5969288104053,28.683432,-0.08650281496091239
33.20594866666667,28.162344,5.0436046877848355
25.726764749999997,21.021585,4.705179285522458
29.159046,25.659576,3.499469583984375
29.54119,29.796213,-0.2550231500244138
28.5969288104053,28.683432,-0.08650281496091239
22.979879333333333,22.825758,0.1541213529866532
28.91371,28.47541,0.438299538574217
23.200905,23.628397,-0.4274919879150403
28.5969288104053,28.51748,0.07944796018557199
28.5969288104053,28.538563,0.058366035747095424
23.291363,22.902054,0.389309166992188
21.7491655,23.561506,-1.8123407713623045
28.581656,28.80701,-0.22535465063476678
28.5969288104053,28.484802,0.11212656431154855
28.241053,28.521584,-0.2805305571289054
28.444185,28.789999,-0.34581400817871
25.92589,26.106167,-0.18027683959961038
24.413929,24.579414,-0.1654853676757817
25.287592,24.678022,0.6095696153564454
28.5969288104053,28.553358,0.04357073240236886
28.5969288104053,28.551369,0.0455600970263923
24.293568,24.655087,-0.3615185173339839
32.388023,30.669664,1.7183586170654266
23.384714,23.118654,0.2660597489013661
26.425432500000003,25.913164,0.5122683612060577
27.431726666666663,27.261293,0.17043325541177978
28.5969288104053,28.683432,-0.08650281496091239
27.893137,28.321455,-0.4283180018310553
28.877172,28.55289,0.324281222412111
33.96094,33.314022,0.6469179357910164
28.5969288104053,28.501787,0.09514162473635324
31.18616,26.339842,4.846318157348634
28.5969288104053,28.683432,-0.08650281496091239
20.476643,19.401123,1.0755199531249993
26.578987,26.435495,0.1434916234130874
22.506971,22.529787,-0.022816063598632752
32.70187,32.43844,0.2634315844726558
28.5969288104053,28.56407,0.03285906248049386
29.331026,28.873987,0.4570388021240248
24.78194266666667,23.694763,1.0871794830729193
24.27134,24.286411,-0.015071285400392043
28.5969288104053,28.558496,0.038432335185571986
23.227925571428568,22.164055,1.0638707008230988
28.276857,28.863441,-0.5865844672851566
26.2324315,26.657541,-0.4251097750244135
25.552633,25.472994,0.07963914929199234
28.5969288104053,28.525894,0.07103464536623605
28.5969288104053,28.511446,0.08548281125979074
28.5969288104053,28.683432,-0.08650281496091239
28.5969288104053,28.476257,0.12067148618654855
28.5969288104053,28.533607,0.0633213274951423
28.5969288104053,28.53488,0.06204912595705636
30.947947,30.48359,0.46435782763671796
28.5002985,28.644316,-0.14401721960449265
28.5969288104053,28.4975,0.09942934446291574
28.5969288104053,28.683432,-0.08650281496091239
28.5969288104053,28.503418,0.09351084165529855
28.5969288104053,28.485249,0.11168024473147042
28.5969288104053,28.507208,0.08972093992190011
28.5969288104053,28.543386,0.05354235105471261
28.5969288104053,28.683432,-0.08650281496091239
28.5969288104053,28.54484,0.052088951396509486
34.298397,33.613758,0.6846389128417982
30.035770857142857,29.692606,0.3431648848528184
28.5969288104053,28.554592,0.042336677836939174
28.5969288104053,28.535145,0.061784004497095424
21.023716,22.140917,-1.11720082434082
28.5969288104053,28.521887,0.07504198484377511
26.07896,25.642141,0.43681865783691265
25.614483,25.357386,0.25709736462402333
28.5969288104053,28.683432,-0.08650281496091239
28.5969288104053,28.50574,0.09118959836916574
27.833973,27.702091,0.13188178295898467
28.5969288104053,28.683432,-0.08650281496091239
22.79097925,22.753561,0.03741823010253853
34.803005,33.52116,1.281844874267577
28.5969288104053,28.476654,0.12027475767092355
28.905275,29.391806,-0.48653064880371133
27.8693,28.14204,-0.2727402526855478
26.007425,24.129162,1.8782631652832045
28.5969288104053,28.453764,0.14316484861330636
27.741096166666665,27.981657,-0.24056086153157707
24.02012,22.57593,1.4441903582763658
21.279232,21.914196,-0.6349640144042965
28.172707,28.052921,0.11978570483398343
19.723852,18.702177,1.0216749522705086
30.313318,30.184927,0.12839101330566294
29.427941499999992,24.98076,4.447180925659172
27.9153,27.650646,0.2646537902832016
28.5969288104053,28.617167,-0.020237708759740514
35.144722,34.42042,0.7243003996582047
25.309168,27.163176,-1.8540075828857425
27.4905805,27.254135,0.23644536816406259
28.5969288104053,28.544577,0.05235216550783761
28.56830971428571,29.049274,-0.48096473029436737
32.5175655,32.091404,0.42616153881836283
33.631542,33.39708,0.23446253222656566
33.588985,33.39201,0.1969752648925791
30.873672375,28.93861,1.9350622980957048
26.571947,26.44729,0.12465657946777498
31.788828,31.399475,0.38935290234374875
28.5969288104053,28.683432,-0.08650281496091239
20.253868,21.902527,-1.6486588554687494
21.5136715,22.77271,-1.2590393001708975
28.5969288104053,28.492447,0.10448191099123605
28.238003,28.330072,-0.09206940295410249
31.74177083333333,24.921225,6.820546239217119
31.966534,32.098835,-0.1323009914550788
30.371958,30.443048,-0.07109047717285222
28.5969288104053,28.457565,0.13936350278811105
25.676525,26.283371,-0.6068459716796859
23.583946,23.79033,-0.20638488684081935
27.0747,26.54289,0.5318094512939453
26.59789166666667,26.83106,-0.23316874287922928
28.5969288104053,28.536392,0.06053659849123605
28.20837,28.805922,-0.5975515545654311
25.426651,25.458637,-0.031986237548828456
24.900293,25.025099,-0.12480580065917835
30.079943,30.023724,0.05621939770507822
28.5969288104053,28.556187,0.040742134379907924
22.97835564,23.001472,-0.023116833144531057
28.5969288104053,28.51448,0.08244821958498605
25.070719999999994,25.554972,-0.4842516949462947
28.941393,29.199972,-0.25857915270995946
28.5969288104053,28.459717,0.13721201353029855
23.467837333333332,22.731571,0.7362661358235663
27.651863,27.463072,0.18879117687988156
28.730982,29.160852,-0.42987043225097565
28.5969288104053,28.535961,0.060967659282251674
28.5969288104053,28.558496,0.038432335185571986
29.118933,29.927256,-0.8083226304931657
25.214624,23.866564,1.3480602030029303
32.8035,32.71585,0.08764916992187466
22.948898,22.35563,0.5932671253662107
29.476736,29.199474,0.27726166528320206
32.842182,32.574196,0.26798613818359485
23.378504,22.628996,0.7495081046142573
21.103607,20.468788,0.634818853027344
26.907882333333333,28.151094,-1.2432121033121746
30.67203,27.681372,2.990658311157226
30.115396,30.487719,-0.3723225821533198
28.5969288104053,28.554516,0.042412971782251674
31.367666,29.815014,1.552652114501953
30.40463966666665,29.96294,0.4416994506021972
28.5969288104053,28.500683,0.09624597959475167
23.767796,23.978052,-0.21025613928222597
28.5969288104053,28.53505,0.06187937192873605
25.511664555555555,25.429146,0.08251874256727376
26.780123,26.630217,0.1499064014892575
36.72264199999998,37.909374,-1.1867322370605677
30.184065,30.310036,-0.12597070556640588
26.331205,26.56492,-0.23371542541503842
27.62002157142857,27.50699,0.11303113868931192
22.65915,24.090742,-1.4315921112060543
28.5969288104053,28.529644,0.06728479795412667
28.1484,27.624079,0.5243212493896472
28.5969288104053,28.551018,0.0459110491748298
33.49351,33.17104,0.32247041870117243
24.949503,25.278872,-0.3293685362548828
30.21066,29.532207,0.6784525109863289
33.44115849999998,33.069603,0.37155553369138516
28.5969288104053,28.515852,0.08107683591799386
28.5969288104053,28.547066,0.0498630755420173
19.975716,22.202942,-2.2272258945312515
28.5969288104053,28.574547,0.0223819964404548
28.009893,28.069103,-0.05921024096679517
29.19650833333334,28.963423,0.23308555806478637
28.5969288104053,28.48026,0.11666796140627511
35.86256,33.08045,2.7821118493652364
25.639315,25.686111,-0.046796450195312644
28.5969288104053,28.441498,0.15543100767092355
22.492558,21.75102,0.7415375684814443
31.880554,31.702307,0.17824725256347662
23.854591,23.367132,0.4874588131103508
25.711971,25.334194,0.377776816650389
29.198724166666665,29.749945,-0.5512205202229836
31.903275142857144,30.758455,1.144819866367886
28.5969288104053,28.55908,0.03784868650393136
21.34033,19.645317,1.6950129223632828
24.604231571428567,25.437195,-0.8329632527901829
36.21891,35.55526,0.6636502954101573
28.5969288104053,28.49531,0.10161898069338449
28.5969288104053,28.538404,0.05852434568361886
27.949143,28.029795,-0.08065169299316466
30.888229999999997,30.553938,0.33429208801269183
22.966597,22.616503,0.35009423815917984
23.877745,23.340857,0.5368884478759774
21.751007,23.695011,-1.9440041389160143
23.904036,23.060013,0.8440231826171889
21.416954,22.62636,-1.2094059395751948
30.540603666666662,30.477406,0.06319811857095914
4.6091000000000015,10.668107,-6.059007032775877
27.0577204,26.866407,0.1913130055908212
28.5969288104053,28.404058,0.1928703539844001
26.530068500000013,24.65166,1.8784075808105598
26.077658,26.053053,0.024605097778319873
26.202309,26.017069,0.18524013708496057
26.468246,26.309309,0.15893699426269592
28.5969288104053,28.522715,0.07421419553713449
24.8908492,24.934875,-0.04402628828124833
27.28878,27.346764,-0.0579836108398446
24.505392,23.155773,1.3496188371582036
25.0024125,25.017586,-0.015173254394532876
25.99737,25.637352,0.36001801025390634
16.900463,17.666294,-0.7658310979003922
26.44422925,26.621565,-0.17733561511230533
24.569843,25.273458,-0.7036154808349622
22.466194,22.179928,0.2862661740722672
30.635784,31.0386,-0.40281692163085836
28.5969288104053,28.505728,0.09120104246096261
28.5969288104053,28.476728,0.12020037107424386
23.605724,22.360561,1.2451626291503892
25.9394786,27.934021,-1.994542396093749
26.564936,26.39135,0.1735862075195307
33.62860649999999,33.467823,0.16078347143553628
28.5969288104053,28.4544,0.1425297015185798
15.815105700000007,15.895277,-0.08017132331542243
28.5969288104053,28.457539,0.13939020566897042
26.813824,26.446077,0.3677466531982425
28.5969288104053,28.553223,0.04370615415529855
28.5969288104053,28.544918,0.052010750102564174
21.370445,21.165915,0.2045304644775392
30.156088,30.10082,0.05526745861816451
26.04673175,25.585018,0.4617135920410149
22.82997,21.998728,0.8312422015380854
28.962553,29.034353,-0.07180025622558617
27.951506,27.943577,0.007929187255857784
26.9444552,27.330189,-0.38573355122070296
28.5969288104053,28.556164,0.040765022563501674
20.694499,29.959898,-9.265398994995117
31.3939,31.240282,0.15361794128417827
28.5969288104053,28.552523,0.044406151103540736
28.5969288104053,28.683432,-0.08650281496091239
31.93591985714286,31.939835,-0.003914737583702532
30.329795399999995,30.072384,0.25741151938476037
28.5969288104053,28.530798,0.06613085203127511
24.81705200000001,24.509367,0.3076850108642688
23.302929,22.671858,0.6310711661376942
27.2574648,24.156815,3.1006502248046885
31.473437,31.286064,0.1873728520507818
30.593302999999995,30.174889,0.4184143891601515
24.49307,23.961071,0.5319989855957026
27.224274,26.389479,0.8347953165283215
30.925637375,30.618807,0.30683053601074306
18.17586,18.851204,-0.6753439184570311
29.674435166666665,29.44925,0.22518589908854025
28.5969288104053,28.489674,0.10725519590334542
26.892986,27.913128,-1.0201418991699214
27.3313,27.422825,-0.09152485961914181
23.404366,23.9161,-0.5117335483398442
26.892986,27.478357,-0.5853713150634761
28.5969288104053,28.491444,0.10548517637209542
21.17062,22.784052,-1.613431895141602
28.5969288104053,28.543364,0.05356523923830636
28.5969288104053,28.683432,-0.08650281496091239
29.408354,29.128872,0.27948208227538984
26.681406,26.432676,0.24872968469238188
27.0424416,27.880062,-0.8376205032714843
26.852423,26.398386,0.45403699841308764
31.490627,29.987936,1.502690980102539
28.5969288104053,28.563354,0.03357431821779855
28.5969288104053,28.467955,0.12897417478518136
33.0774232,32.55061,0.5268136113769515
24.1532684,24.600231,-0.4469627706542951
28.5969288104053,28.683432,-0.08650281496091239
24.563856,23.595741,0.968114728027345
30.254328,30.951603,-0.6972749357910146
26.266523,25.935108,0.3314148151855463
22.377022,22.762049,-0.38502672131347637
32.573803,32.518265,0.055538229492185565
28.5969288104053,28.477243,0.11968538694338449
33.79905149999998,33.63631,0.16274092260740503
24.903385,25.299442,-0.3960572912597655
28.5969288104053,28.455687,0.14124224119143136
27.497213,26.670744,0.8264690577392564
28.0344215,28.94939,-0.9149689113769526
25.867329,26.46348,-0.5961509957275375
31.998894,31.766392,0.23250224584960932
28.321274,28.078459,0.24281521398925676
25.474665,25.624012,-0.14934699340820146
28.5969288104053,28.481295,0.11563417844729074
23.475475,23.321186,0.1542889343261713
23.576155,22.68176,0.8943942120361328
28.5969288104053,28.584291,0.012637352275415736
29.039348333333333,28.982744,0.05660411641438756
28.5969288104053,28.52978,0.06714937620119699
27.083817,26.903393,0.18042420825195293
28.5969288104053,28.655243,-0.05831410951657645
28.5969288104053,28.457462,0.13946649961428292
28.5969288104053,28.683432,-0.08650281496091239
31.389886000000008,31.283478,0.10640821679688273
25.979089714285717,26.48684,-0.5077495801478769
27.9246304,27.597885,0.32674526816406413
21.998104,22.734583,-0.7364789010009751
23.703388,22.985907,0.7174813990478519
26.44493,26.354675,0.09025470703124938
25.70502225,25.536753,0.1682695491943349
22.385311,23.142756,-0.75744450842285
17.972536,15.344293,2.6282433593139665
29.2490525,28.893795,0.35525748657226686
30.2991125,26.799887,3.4992257965087887
28.5969288104053,28.535019,0.06190988950686105
31.130058,29.440184,1.689874360473631
28.5969288104053,28.54505,0.05187914304690011
28.5969288104053,28.533886,0.06304285459475167
23.928091,23.18945,0.7386416896972641
31.648781,31.305014,0.34376734338378867
28.5969288104053,28.475382,0.12154695920900949
34.014483500000004,33.37592,0.6385641579589887
32.78022,32.42077,0.35945126220703116
30.61231766666665,28.724678,1.8876396271158704
28.5969288104053,28.683432,-0.08650281496091239
28.5969288104053,28.441381,0.1555473559375251
26.491058142857145,26.64986,-0.15880223922293268
30.250818,30.064568,0.18625043408203013
23.191122,23.936815,-0.7456932618408203
28.5969288104053,28.435638,0.16129038267092355
23.739832111111117,23.12309,0.6167413670925619
23.223684,21.254805,1.968879388793944
27.875734,27.724237,0.15149655798339978
22.575748,22.46357,0.11217835888671956
21.252356,19.762676,1.489679760986327
23.469269,23.012388,0.4568807706298834
28.5969288104053,28.484903,0.11202547483400949
33.316185,33.080708,0.23547744995116915
30.587838285714287,30.96509,-0.3772515122593454
19.6804225,23.119638,-3.4392159429931652
28.5969288104053,28.541328,0.0556003802295173
30.03469333333334,29.80637,0.22832355183919972
28.5969288104053,28.532927,0.06400225095705636
28.5969288104053,28.541712,0.055217003154321986
32.960523,32.65462,0.3059018757324239
28.5969288104053,28.463219,0.1337101214404548
24.697255,23.743473,0.9537819470214828
28.5969288104053,28.516766,0.08016321592287667
26.999949,27.158152,-0.1582026265869132
29.458857,29.257849,0.20100826037597486
29.825858833333328,29.807327,0.01853156282551538
28.5969288104053,28.558092,0.038836693095728236
31.851579800000007,31.49458,0.3570004848144599
28.5969288104053,28.492329,0.10460016660647042
28.5969288104053,28.683432,-0.08650281496091239
30.790227625,25.782738,5.007489893066406
23.722683000000004,22.081486,1.641197251708988
28.880266,28.785667,0.09459858056640513
33.1971645,32.045807,1.1513576152343745
23.674915,22.045044,1.6298710546874986
33.1643205,29.78953,3.3747906995849632
21.294916,19.63761,1.6573065181884772
28.5969288104053,28.683432,-0.08650281496091239
26.912971,27.788054,-0.8750825125732433
29.541756,30.04825,-0.5064941983642584
26.649784,27.68473,-1.0349465297851559
28.5969288104053,28.517992,0.07893679075197824
28.5969288104053,28.548042,0.0488865130420173
28.3627,28.488615,-0.12591503601074194
28.5969288104053,28.458235,0.13869402341799386
25.75176666666667,25.765478,-0.013711467488604967
28.7673,28.86437,-0.09707034606933718
28.5969288104053,28.493261,0.10366747312502511
26.021942,25.780554,0.2413881822509758
28.5969288104053,28.535978,0.06095049314455636
21.70897,21.72661,-0.017640183715819546
28.5969288104053,28.454351,0.1425773852344001
25.385155,25.672642,-0.2874867541503896
33.372295,32.84382,0.5284763354492199
25.388384,25.121796,0.2665883457031235
28.660896,28.82975,-0.1688540610351552
33.90018514285713,33.09263,0.8075566638532266
27.0845,27.329514,-0.24501354980468903
29.434955625,29.46518,-0.030223818359374377
28.5969288104053,28.51902,0.0779087298388923
28.5969288104053,28.493748,0.10318109922365792
21.29959483333333,20.733728,0.5658664245198537
27.496067,26.919033,0.5770339494628907
27.10416,27.072502,0.0316578637695315
25.86192533333333,25.747486,0.1144392188313752
26.919058,26.664825,0.2542325605468747
34.133823,33.473866,0.6599574909667965
32.27908,31.840813,0.4382673168945317
25.936188,24.379276,1.5569117243652357
25.630891,25.22133,0.409560357299803
23.492718,22.955997,0.5367205329589844
28.5969288104053,28.526165,0.07076380186037667
30.009886,28.267345,1.7425405715332047
27.00772466666667,25.832438,1.1752871514078826
27.72654,27.0457,0.6808399267578125
28.5969288104053,28.455296,0.14163324766115792
28.5969288104053,28.495697,0.10123178892092355
28.5969288104053,28.544756,0.052172874736353236
33.97188,33.546375,0.4255047253417956
28.575981,28.539087,0.03689370446777218
21.388725,20.52339,0.8653351837158212
28.585043,28.63053,-0.04548640368652457
30.371948,30.030128,0.3418195209960935
35.49260125,33.048355,2.4442461474609374
25.734592,25.74359,-0.008997401245117942
25.453278,25.192238,0.2610401459960947
28.5969288104053,28.683432,-0.08650281496091239
31.235299,30.790754,0.44454468176269657
26.019125,25.823814,0.1953106079101552
28.5969288104053,28.683432,-0.08650281496091239
36.26667739999999,33.562214,2.7044635022949137
36.041059,34.57233,1.4687285251464814
28.5969288104053,28.49786,0.09906885557131417
28.5969288104053,28.450455,0.14647409849123605
28.303065,30.31737,-2.01430446105957
14.353841900000003,11.064311,3.289530872473147
25.5145525,25.730566,-0.2160135247802728
27.443365,27.234491,0.20887365173339845
30.86321,30.594545,0.2686646356201159
21.09425,19.925903,1.1683466796874988
23.974829,23.147865,0.8269637045898435
26.450692,25.863752,0.5869396348876954
28.5969288104053,28.547403,0.049525474834009486
23.2682655,19.797308,3.47095753186035
28.033758,27.91092,0.12283881054687384
25.605373,25.432508,0.17286453137207047
24.625816,23.678125,0.9476906185302738
28.829792444444447,28.834051,-0.004258687757701551
28.5969288104053,28.53604,0.06088945798830636
28.5969288104053,28.516464,0.08046457700686105
27.376072,27.512672,-0.13660042431640562
23.321447,24.263327,-0.9418796448974618
28.5969288104053,28.544163,0.052766060161157924
28.5969288104053,28.505243,0.09168550901369699
28.5969288104053,28.520466,0.07646295957522042
28.5969288104053,24.390934,4.205994819926783
26.54731,26.256884,0.2904263787841792
24.602332166666667,24.39707,0.20526223563639334
31.020353,29.339983,1.6803700135498048
26.728653,26.390707,0.3379459840087904
28.5969288104053,28.542929,0.05400011472658761
28.5969288104053,28.547934,0.04899523191408761
28.5969288104053,28.500004,0.09692499570803292
32.800808,32.136047,0.6647606367187535
27.466999166666668,24.864164,2.6028348142496753
24.103258,23.223183,0.880075321777344
30.100787,29.810654,0.2901333134765629
28.5969288104053,28.612844,-0.01591565675778739
26.046711,25.708002,0.33870890954589683
28.5969288104053,28.683432,-0.08650281496091239
21.898518,20.99642,0.9020980933837883
28.5969288104053,28.683432,-0.08650281496091239
27.110218,27.176975,-0.06675725024414092
28.5969288104053,28.461102,0.13582727842287667
31.39277,31.45512,-0.062350086669923144
26.392708,26.40247,-0.009761635009766678
27.80411,27.929623,-0.12551265014648294
28.5969288104053,28.53346,0.06346819333986886
28.32224414285714,28.782263,-0.4600186592668827
28.5969288104053,28.552603,0.04432604246096261
28.5969288104053,28.683432,-0.08650281496091239
28.5969288104053,28.439447,0.157481407451197
29.811949,30.076185,-0.2642362264404312
26.55474,26.041779,0.5129614355468739
26.410587,23.326906,3.083680795776367
31.85657,31.213633,0.6429374163818373
28.818693,28.275696,0.5429971992187497
31.352283,30.710024,0.6422591199951171
28.5969288104053,28.518686,0.07824251584963449
22.628277,22.546396,0.08188074450683658
27.177448,27.407408,-0.2299597606201189
26.937583000000004,27.26271,-0.3251275712890589
28.5969288104053,28.683432,-0.08650281496091239
26.40504,26.462458,-0.05741765686035194
28.5969288104053,28.543882,0.05304644041018136
12.051280699999998,11.914885,0.13639613273925555
28.5969288104053,28.553247,0.043681358623071986
28.5969288104053,28.460045,0.1368839495654548
29.9888778,28.813166,1.1757121353271494
32.62166766666666,32.402626,0.21904162906900382
16.968083785714285,21.447618,-4.4795346987827855
25.75176666666667,25.803036,-0.051269069417315905
28.5969288104053,28.467201,0.1297275774951423
29.352652,29.51946,-0.16680867810058686
28.5969288104053,28.54392,0.05300829343752511
26.71663,26.493479,0.22315122497558448
28.5969288104053,28.521137,0.07579157285647042
26.762842,26.064636,0.6982057695312491
23.188461,22.701292,0.487168962036133
26.594465,27.099113,-0.5046484643554692
24.351843,24.03071,0.32113277966308473
26.961815,28.31665,-1.3548353906249986
28.5969288104053,28.499979,0.09694979124025949
25.335608,25.417416,-0.0818076188964838
28.5969288104053,28.552065,0.044863914775415736
28.5969288104053,28.46996,0.12696955137209542
25.473341,25.245272,0.22806931726074353
28.5969288104053,28.549696,0.04723284177736886
27.239158166666662,27.225992,0.01316596390787339
32.66102,31.795923,0.865096766967774
28.5969288104053,28.444496,0.1524326556201423
33.80622266666666,33.306786,0.49943708317056945
22.45488975,20.769905,1.6849846596679683
25.845829,25.52003,0.3257999320068343
27.478779,27.01793,0.4608499228515619
29.56587,29.471416,0.09445352661132844
26.05958,25.695145,0.3644353466796879
28.5969288104053,28.683432,-0.08650281496091239
24.020826,25.336998,-1.3161719858398442
25.297915,25.088224,0.20969058898925752
28.5969288104053,28.54856,0.04836962156252511
28.5969288104053,28.464882,0.1320469134326423
32.9288864,29.095612,3.833274827734378
25.976992,25.86682,0.110172618286132
28.5969288104053,28.683432,-0.08650281496091239
19.967377,23.793633,-3.8262555073242197
21.30321,20.904171,0.3990390100097656
23.58249383333333,23.128775,0.4537191903889948
30.295294,30.12066,0.17463321813964683
28.170449875000003,28.69971,-0.5292609709472629
28.5969288104053,28.479155,0.11777422361330636
26.7395,26.372906,0.3665942687988277
31.68054,30.27009,1.4104498968505865
25.531109,25.465652,0.06545653417968822
22.080261,21.399302,0.6809594710693361
28.5969288104053,28.532028,0.06490061216311105
27.35424,26.871489,0.4827514288330086
28.5969288104053,28.468655,0.12827417783693917
33.500423,33.402653,0.09777025952148222
26.453426,27.583267,-1.1298412119140622
26.942228,24.264412,2.677816073730469
25.632557,25.407251,0.22530564196777192
26.258598,26.337202,-0.07860407214355547
29.368362,29.75617,-0.38780827282714725
32.41988874999999,32.329987,0.08990217773436626
30.745508,30.50077,0.2447374311523447
33.354374,33.03856,0.31581504003906247
27.292427,27.523676,-0.23124891857910157
28.5969288104053,28.486103,0.11082575254397042
22.5268,21.786293,0.7405069702148452
27.129675,26.456398,0.6732769897460926
31.275553,31.123041,0.15251184704589704
28.5969288104053,28.52939,0.06753847532229074
29.415583,29.080883,0.3346999738769547
28.5969288104053,28.548634,0.048295234965845424
29.269201,28.618015,0.6511857106933583
29.401162,31.534794,-2.1336318537597663
25.117764,26.334028,-1.2162642440185536
22.979193,22.747032,0.2321608344726549
28.5969288104053,28.44456,0.1523697131152595
25.529678,26.065693,-0.5360149016113276
21.99156,22.105822,-0.11426160949707054
23.516293,22.691849,0.8244442451171885
34.607485,34.050674,0.5568105615234344
31.42563,31.363077,0.06255283630371267
27.503819,26.582224,0.921595107788086
27.283426,26.499681,0.7837445272216783
24.549427,23.48275,1.0666770610351577
28.652668,28.286556,0.3661117561035141
23.404963,23.4789,-0.0739379094238295
29.25784733333333,26.150377,3.1074700597737603
27.800945,26.842907,0.9580380480957018
28.91371,28.492237,0.4214729089355451
28.5969288104053,28.558733,0.038195823955103236
28.870137499999995,29.269352,-0.3992144592285207
27.627365,28.668818,-1.0414525201416005
22.9552495,23.129478,-0.174228954589843
25.79142,25.492224,0.29919626037597524
29.511013,29.650408,-0.13939479113769693
26.88035,27.20569,-0.32534038391113285
26.396301,26.438322,-0.04202106726074106
28.198421,27.791904,0.4065165505371091
27.891918,28.11074,-0.21882266162109332
21.29959483333333,20.821997,0.4775981444905568
28.438648,28.121746,0.3169019367675787
30.24425066666667,29.718529,0.5257219191080758
28.5969288104053,28.453459,0.14347002439455636
26.216963,26.483341,-0.26637821704101583
28.5969288104053,28.538015,0.05891344480471261
21.262678,18.317383,2.945295187500001
31.66331,31.335505,0.3278054681396476
24.5173635,25.240236,-0.7228727823486345
28.351542,28.13316,0.2183823625488266
28.5969288104053,28.683432,-0.08650281496091239
22.607744,22.751616,-0.1438715242919919
27.854454500000003,27.872332,-0.01787711926269253
23.928696,23.483631,0.4450648659667955
32.26257525,29.22035,3.042224984497068
33.74817844444445,33.515842,0.23233600670030796
23.15436025,23.670355,-0.5159945931396486
28.5969288104053,28.521591,0.07533762388186105
17.969572,21.27291,-3.3033371644287115
29.213915,29.239721,-0.02580629821777336
26.970303,26.432306,0.5379967103271497
28.5969288104053,28.557642,0.039286827373071986
28.5969288104053,28.552433,0.044495796489282924
28.5969288104053,28.683432,-0.08650281496091239
28.5969288104053,28.524128,0.07280085020022042
28.5969288104053,28.503428,0.09350130491213449
28.5969288104053,28.503016,0.09391329221682199
29.541756,28.591331,0.9504245180664057
28.5969288104053,28.522406,0.07452318601565011
28.31515825,28.483343,-0.1681848743896488
28.5969288104053,28.52748,0.06944963865236886
31.996442833333333,31.984999,0.011444130330403368
25.710802,25.601513,0.10928909106445417
23.35816778333333,24.925516,-1.5673483452067103
25.690351,25.371378,0.31897305505371065
29.20405333333333,28.76844,0.4356130867512995
28.5969288104053,28.47283,0.12409899167971261
25.21393388888889,25.094788,0.11914629123263865
25.880829,25.505777,0.37505164099120947
23.854582,23.323545,0.5310365440673834
29.1783522,29.32943,-0.15107742646484468
29.078346,28.86382,0.21452687768554668
28.5969288104053,28.544426,0.0525028460498298
22.133143,23.217709,-1.084565587646484
28.5969288104053,28.683432,-0.08650281496091239
29.374405,28.0932,1.2812043164062494
28.5969288104053,28.461527,0.1354019396777595
25.272114,25.169912,0.10220166174316248
28.5969288104053,28.683432,-0.08650281496091239
28.437445,28.601229,-0.1637837139892575
25.977564666666662,25.914877,0.06268772880045148
25.384186,27.37782,-1.9936330612792972
28.5969288104053,28.530172,0.06675646238283761
25.409273,25.33626,0.07301315808105358
22.395134,22.88646,-0.49132535058593874
28.5969288104053,28.683432,-0.08650281496091239
28.5969288104053,28.55226,0.04466936521486886
28.5969288104053,28.552475,0.04445383481936105
25.891308,25.596668,0.29463975659179553
24.645424,23.304008,1.3414155161132797
28.5969288104053,28.533724,0.06320497922854074
29.159073,28.732407,0.42666638378906185
31.866137,31.675863,0.19027373400878744
25.40296,25.565416,-0.1624563360595701
30.552715,30.280794,0.27192085632324137
32.065914,31.667608,0.3983057388916009
22.00149,22.12132,-0.11983072448730425
21.118106499999985,21.237581,-0.11947475305177235
29.134266,28.53308,0.601186852661133
30.2450475,29.404,0.8410481713867171
32.93079485714286,32.83357,0.09722628414480994
27.9246304,27.609222,0.31540798789062663
28.5969288104053,28.458895,0.13803408079104074
26.002543,26.374352,-0.37180850146484445
32.940887,32.933918,0.006969000732418351
24.21392,24.676443,-0.4625230999755843
27.951506,27.776276,0.1752303652343734
25.84837,25.442162,0.40620843994140543
31.13623,31.33019,-0.19396065856933475
28.839083,28.744965,0.09411840039062369
30.53452,28.206106,2.3284138140869146
28.5969288104053,28.467272,0.12965700559572824
28.5969288104053,28.463434,0.133494591044947
28.012787,27.552155,0.46063245898437444
28.5969288104053,28.531868,0.0650608294482673
30.681215666666663,30.18542,0.49579658402506155
28.299404,28.398985,-0.09958090905761807
26.59789166666667,26.174543,0.42334828592936447
23.590801,23.164928,0.42587256372070215
28.5969288104053,28.550756,0.04617235593752511
26.795639,26.562666,0.23297306066894663
22.9552495,22.771654,0.18359537097168044
23.842812,23.070805,0.7720074040527329
28.5969288104053,28.489033,0.10789606504397042
33.259876,32.897324,0.36255239160156094
28.5969288104053,28.534222,0.06270716123537667
23.722683000000004,23.528387,0.19429593029785508
17.870201,18.115997,-0.24579631445312344
28.56597,28.329172,0.23679786560058602
32.35312483333333,32.80089,-0.4477670428873708
28.5969288104053,28.437653,0.15927622251467355
29.32461,29.384167,-0.05955671752929703
32.151955,31.885437,0.26651798828125095
30.0680935,24.181368,5.886725625854492
31.939344333333327,32.28939,-0.3500462306315164
28.5969288104053,28.541252,0.0556766741748298
25.759367,26.15303,-0.3936633955078115
23.321447,24.196495,-0.8750480561523446
28.5969288104053,28.548689,0.04823992185549386
28.115042,27.982895,0.13214710253906148
26.33375033333333,24.820787,1.5129629035237606
28.5969288104053,28.683432,-0.08650281496091239
24.560486,24.427164,0.13332192224121187
22.851574,22.660707,0.19086652624511657
28.5969288104053,28.497671,0.09925768308596261
24.1802085,23.678041,0.5021670418701163
29.890633,28.88509,1.005543125732423
28.5969288104053,28.683432,-0.08650281496091239
30.907852799999997,26.389872,4.517981202709958
28.5969288104053,28.553234,0.043694710063501674
29.305218,29.75727,-0.45205281298828126
23.002983,23.1862,-0.18321618823242147
24.300833,25.82225,-1.5214173662109367
30.42415333333332,29.948635,0.47551823201495935
22.430359,22.58527,-0.15491092797851636
28.5969288104053,28.476604,0.12032434873537667
28.5969288104053,28.45916,0.1377689593310798
28.5969288104053,28.526245,0.07068369321779855
28.068083,28.606083,-0.5379999162597642
19.601574,20.41934,-0.8177661336669928
25.819494,25.68878,0.13071416906738165
26.804525285714288,25.50541,1.2991160449916315
21.552864,19.744308,1.808555528320312
24.853668,24.591822,0.2618463294677724
28.5969288104053,28.52864,0.06828806333498605
28.5969288104053,28.550108,0.04682085447268136
24.1702115,23.89474,0.27547234899902406
28.5969288104053,28.532564,0.06436464719729074
31.8284098,28.284594,3.543816217846679
33.57215933333333,33.100716,0.47144369612630044
19.426584,17.867062,1.559522385009764
28.5969288104053,28.490877,0.10605165891604074
24.707905,24.848331,-0.1404264514160154
22.481551499999988,23.400623,-0.9190718215332154
24.818787222222223,24.41802,0.4007669738091373
23.767796,23.96488,-0.19708398962402285
29.6380645,31.806679,-2.1686142719726575
26.438107,24.853115,1.5849919182128893
28.5969288104053,28.518267,0.07866213254885324
28.5969288104053,28.551434,0.045495247172876674
28.5969288104053,28.683432,-0.08650281496091239
31.654314,31.034761,0.6195525711669916
25.599012,24.988756,0.610255820190428
28.5969288104053,28.683432,-0.08650281496091239
27.7112504,25.979582,1.7316685671142587
23.3800285,23.078726,0.3013026851806657
28.5969288104053,28.459763,0.13716623716311105
28.20267,27.836014,0.36665620605468874
30.948069,31.251171,-0.3031021120605466
34.957343,34.0918,0.865542310302736
33.890005714285714,33.14707,0.7429338759068074
27.748514333333336,27.356794,0.3917199760335315
25.340248,25.469162,-0.1289139873046885
23.452768499999998,25.490685,-2.037916009277346
33.174763000000006,33.096874,0.0778887629394589
28.5969288104053,28.55163,0.045298790263696986
28.5969288104053,28.528828,0.06810114316897042
26.70941,26.349585,0.3598254205322249
27.860886,30.657166,-2.7962795273437493
28.5969288104053,28.532608,0.06432077817873605
29.629340500000005,29.307047,0.3222936097412159
30.927769,30.187597,0.740171725219728
28.5969288104053,28.509201,0.08772776060061105
28.241503,26.406307,1.8351957795410172
30.636644,30.435627,0.2010170163574223
28.786459,28.908295,-0.12183567773437431
28.5969288104053,28.493025,0.10390398435549386
25.119255,26.15286,-1.0336056414794932
36.89453271428572,36.597523,0.29700997869001355
28.5969288104053,28.54035,0.05657885007815011
33.714592,33.5131,0.20149232958984697
28.5969288104053,28.469128,0.12780115537600167
28.5969288104053,28.51069,0.08623812131838449
27.833973,28.441986,-0.6080130839843747
25.584711,25.30451,0.2802008834228502
28.5969288104053,28.53703,0.059899544047876674
28.5969288104053,28.55666,0.040269111918970424
30.940054,30.624634,0.31542021093749995
21.853046,20.545673,1.307372629638671
25.471487,22.730783,2.7407035374755857
28.5969288104053,28.683432,-0.08650281496091239
31.939344333333327,32.52099,-0.5816441310221414
28.5969288104053,28.60038,-0.003451133442357701
33.68073125,32.93396,0.7467712890625009
19.72276,18.625938,1.0968215844726572
28.5969288104053,28.46281,0.13411829404787667
28.5969288104053,28.550674,0.04625437192873605
28.5969288104053,28.460482,0.13644716672854074
28.5969288104053,28.683432,-0.08650281496091239
25.970499333333333,25.877531,0.09296828169759053
28.5969288104053,28.50446,0.09246942930178292
20.353302,22.020287,-1.6669845600585944
28.5969288104053,28.493769,0.10316011838869699
27.688644,27.132015,0.5566287717285157
28.5969288104053,28.485388,0.11154100828127511
25.335608,27.888212,-2.5526042039794916
25.608887,25.325478,0.28340939990234304
30.654716399999995,30.759184,-0.10446748366699765
25.575077,25.822783,-0.2477055164794919
23.674915,22.161688,1.5132271490478502
30.65386966666666,30.479582,0.1742878337809195
25.52263275,24.600365,0.9222680649414059
18.441067,24.659298,-6.218230943115234
29.169102,29.225178,-0.05607576489257937
26.265493,29.971333,-3.705839550048829
30.598564,30.153217,0.4453466843261715
25.35146,25.4337,-0.08224056152343806
28.5969288104053,28.522484,0.0744449847217048
31.10636,30.922203,0.18415693603515493
23.467837333333332,22.381397,1.0864400860188788
24.193328000000005,24.06754,0.12578878491211398
27.037186,26.873405,0.16378054345702964
31.245148,30.34729,0.8978579609375004
28.5969288104053,28.445732,0.1511966937060798
32.049194,31.981699,0.0674950101318359
28.5969288104053,28.551216,0.0457126849170173
27.711327,27.380497,0.3308300212402351
26.2367945,25.101307,1.1354875847167953
32.086741999999994,32.41852,-0.33177988110352175
28.5969288104053,28.44157,0.15535852842287667
28.5969288104053,28.506062,0.09086725645022042
30.463131,28.495665,1.9674664034423834
23.968548,23.669998,0.2985498310546859
27.304703,27.002762,0.30194115917968745
28.5969288104053,28.55618,0.040749763774439174
21.982122,22.165834,-0.18371242687988243
28.5969288104053,28.519583,0.07734606199221261
31.330575,31.006569,0.32400609130859337
28.5969288104053,28.556173,0.04075548582033761
32.327713,32.360115,-0.03240205126952844
27.59658,28.068384,-0.4718041705322271
28.5969288104053,28.505651,0.09127733640627511
33.339363,33.010464,0.3288992854003894
28.5969288104053,28.548052,0.048876976298853236
28.5969288104053,28.552086,0.0448429339404548
28.5969288104053,28.546167,0.050761436748071986
28.5969288104053,28.514362,0.08256647520022042
15.81530873333333,21.03554,-5.220230893741865
29.7791955,30.112177,-0.3329813951416014
30.200678000000003,29.662941,0.5377370209960972
35.93300775,31.342905,4.5901027054443375
28.5969288104053,28.419184,0.177745079326197
28.5969288104053,28.540684,0.056245064067407924
28.5969288104053,28.550755,0.046174263286157924
25.5145525,25.720251,-0.2056985833740228
28.5969288104053,28.534021,0.06290743284182199
28.5969288104053,28.434578,0.1623508685107673
28.5969288104053,28.547142,0.0497867815967048
26.546427,26.469639,0.0767881755371107
29.905793833333323,29.169672,0.7361218210042217
28.5969288104053,28.683432,-0.08650281496091239
33.687103,33.443222,0.24388095410156296
28.591785,28.615847,-0.024061633911131253
17.875596575,17.803526,0.07207065031738225
29.094887,29.256876,-0.16198899182128912
28.5969288104053,28.45519,0.1417381518359626
29.82386,29.126553,0.6973074182128904
27.9464205,28.383535,-0.4371148851318374
19.006132,17.767166,1.2389658623046884
28.5969288104053,28.55524,0.041688179301782924
24.604776,24.342764,0.26201209924316515
28.5969288104053,28.552698,0.044230675029321986
28.5969288104053,28.532755,0.06417391233400949
28.5969288104053,28.530567,0.06636164121584542
28.5969288104053,28.55265,0.0442783587451423
31.181713,31.16675,0.014963045776365647
22.786396,22.224228,0.5621680947265624
26.483232499999986,25.474207,1.009025575561509
24.521875,26.539507,-2.017631912231444
24.56057077777778,24.8759,-0.3153294907769073
31.153433,30.202106,0.9513265241699216
30.592525,30.491636,0.10088872375488123
23.40308,22.951256,0.45182420166015547
23.43653,23.382463,0.05406654479980588
22.23084,22.812004,-0.5811640893554681
23.40657333333333,23.62989,-0.22331710856120068
28.5969288104053,28.549942,0.04698679380373605
29.76211066666667,28.423975,1.3381356758219418
28.5969288104053,28.54925,0.047679161357446986
30.408754166666665,29.581001,0.8277528849283833
28.5969288104053,28.55077,0.046159004497095424
29.961154222222223,30.60924,-0.648085356024847
23.931997857142857,23.760717,0.17128046517508366
28.5969288104053,28.48736,0.10956880979494699
26.429888,26.066032,0.3638555903320295
26.15644,25.871843,0.2845966619873046
28.5969288104053,28.543034,0.053895210551782924
28.5969288104053,28.477808,0.11912081174807199
28.5969288104053,28.437843,0.1590854876513923
28.5969288104053,28.572721,0.02420732908205636
27.34434,27.077524,0.2668158148193349
32.678454000000016,32.151516,0.526938039306657
29.658759,29.491867,0.16689193457031237
25.385155,25.760263,-0.37510844299316304
35.70614628571429,33.406322,2.299823806466243
29.629340500000005,29.28993,0.3394101563720753
27.034817,26.88234,0.15247752246093782
32.65161275,32.34804,0.30357121557617006
18.824015,22.205242,-3.3812271569824226
25.770481,25.585184,0.18529690270996113
37.21882,36.549667,0.6691526416015634
28.5969288104053,28.526941,0.06998751096682199
29.468152,27.789257,1.678894950439453
28.5969288104053,28.448105,0.14882395200686105
26.502312,26.4995,0.0028117253417967447
34.263558749999994,32.741077,1.5224813269042912
28.5969288104053,28.683432,-0.08650281496091239
21.084253,21.367449,-0.28319580676269496
28.5969288104053,28.550747,0.046181892680689174
21.87358,26.961174,-5.087594011230468
21.96593,21.91092,0.05501081054687518
34.408394,33.825943,0.5824510068359388
24.193328000000005,24.13252,0.06080732434082492
22.072979,22.103256,-0.030277225585937373
28.5969288104053,28.43759,0.15933916501955636
24.151302,23.371744,0.7795578441162121
26.759075,26.352716,0.4063585540771477
27.363556,27.702854,-0.3392981564941415
32.553993,32.518696,0.03529716870117028
23.227894,22.883102,0.34479158300781165
26.259392,26.134138,0.1252538927001936
28.5969288104053,28.488825,0.10810396604494699
23.726636,23.446482,0.2801542952880851
26.30734350000001,26.738651,-0.43130777563475675
26.83536,26.937292,-0.101932098999022
18.73263,21.53143,-2.798799290771484
23.032877,21.902004,1.1308727580566398
28.5969288104053,28.541878,0.0550510638232673
28.5969288104053,28.683432,-0.08650281496091239
26.7068475,26.502842,0.2040055505371079
25.571997,25.445004,0.12699349047851527
22.86772,23.765705,-0.8979851086425796
32.842571,32.632633,0.2099377907714839
27.745293,28.873968,-1.1286751243896482
28.5969288104053,28.55107,0.04585955076174386
27.54959775,27.312418,0.23717976599121116
28.962940600000003,28.497047,0.4658931756835969
26.866049,26.700027,0.1660215341796878
26.51223,26.18191,0.3303204388427723
32.19148,32.097843,0.09363682983398292
28.5969288104053,28.452765,0.1441642992969001
24.584328,23.964619,0.6197093171386712
29.477085,29.82296,-0.3458748999023449
29.006409,29.150923,-0.14451377526855325
28.5969288104053,28.536621,0.06030771665529855
28.5969288104053,28.683432,-0.08650281496091239
27.230711,25.563683,1.6670284438476557
28.0601475,28.495255,-0.43510701660156315
28.5969288104053,28.529982,0.06694719724611886
25.835515,25.91098,-0.0754652246093741
25.845768,25.9582,-0.11243245471191443
33.254471,32.712593,0.5418779213867211
28.5969288104053,28.549915,0.047013496684595424
26.396301,26.595201,-0.1989004923095692
24.6770615,24.028137,0.6489242929687506
35.302017,34.511078,0.7909391191406243
14.698025,6.7978067,7.9002182601928705
26.094728,25.958038,0.13668966992187492
28.5969288104053,28.457392,0.139537071513697
38.03009939999999,37.05504,0.9750609478515528
29.006933,28.082243,0.9246900343017579
28.5969288104053,28.683432,-0.08650281496091239
28.5969288104053,28.438015,0.15891382627443917
28.5969288104053,28.55318,0.043748115825220424
28.5969288104053,28.536898,0.060031151103540736
23.809347,24.66803,-0.8586827851562511
23.877745,23.89277,-0.015025767211913177
28.5969288104053,28.534311,0.06261751584963449
26.855585,26.83038,0.025205513916016997
28.5969288104053,28.45572,0.14120790891604074
25.176508,25.089832,0.08667569409179521
28.5969288104053,28.527777,0.06915209226565011
28.5969288104053,28.683432,-0.08650281496091239
28.5969288104053,28.547148,0.04978105955080636
29.260068000000004,28.172422,1.0876455909423868
28.5969288104053,28.651627,-0.05469777650876395
33.51580560000001,32.506016,1.0097898224121167
28.5969288104053,28.53168,0.06524965696291574
25.762949,25.399662,0.36328698217773336
28.5969288104053,28.530823,0.06610605649904855
28.194122,28.828215,-0.6340926453857421
32.047302,31.220156,0.8271462840576191
26.045055,25.879896,0.1651588360595717
29.1440455,29.011389,0.13265672131347728
28.5969288104053,28.683432,-0.08650281496091239
29.6692758,29.489206,0.18006948591308714
28.5969288104053,28.535835,0.0610935442920173
26.915787,27.637278,-0.7214906031494124
26.264055,26.285294,-0.02123857910156346
30.3638505,29.5817,0.782151128662111
15.763476,18.436146,-2.6726697824707024
28.5969288104053,28.683432,-0.08650281496091239
26.613745,26.417896,0.19584872924804841
25.91685,25.490145,0.42670527038574235
27.781069,27.819433,-0.038364212280274756
20.99812057142857,19.45677,1.541350628191264
23.48985257142857,22.998632,0.49122014039829764
28.5969288104053,28.539553,0.057376121806665736
29.82192655555556,29.79616,0.025766811292864844
26.980347,27.138578,-0.15823141491699388
28.44749,28.364805,0.0826847784423812
34.29305749999999,33.628666,0.6643915759277235
28.5969288104053,28.683432,-0.08650281496091239
22.433004,22.871582,-0.4385780312499996
31.606743166666664,30.814455,0.7922881343180315
21.965851,22.359911,-0.39405996496581963
28.5969288104053,28.540926,0.056002830791040736
28.259272,28.353714,-0.09444198925781322
24.605238,23.747097,0.8581409846191406
22.908476,22.434105,0.47437108056640653
25.38689111111111,25.91605,-0.5291588461642789
20.875597,20.982592,-0.10699462902832124
23.863598,22.487854,1.3757439960937496
29.657276,29.315197,0.34207900903320265
28.093933,28.800375,-0.7064419847412111
30.332756,30.130457,0.20229907556152327
28.5969288104053,28.528067,0.06886217527346261
28.5969288104053,28.464287,0.1326420062060798
29.9313305,29.593893,0.33743744885254046
31.416803,31.373121,0.0436817384033219
27.199492,26.833982,0.36550953234863215
24.483185,24.45492,0.028265184936522303
30.222527857142857,29.60836,0.6141675666155137
28.5969288104053,28.518024,0.07890436582522042
35.36831999999999,35.013435,0.35488463623045874
23.286688,23.357853,-0.07116493579101402
21.26225,21.431005,-0.1687554779052718
32.836564,32.09099,0.7455758408203152
25.797146,25.555859,0.2412873879394546
28.5969288104053,28.45121,0.1457187884326423
29.953921555555556,29.925581,0.02834057716200178
28.5969288104053,28.503313,0.09361574583010324
21.943405,22.37401,-0.4306050860595718
25.684994,25.434593,0.2504007993164059
29.25784733333333,25.6689,3.588947797200518
31.317278,31.36468,-0.04740133654784984
28.5969288104053,28.683432,-0.08650281496091239
27.68514,27.61762,0.06751953186035209
26.190353875,23.562336,2.6280179069824214
31.576305,31.382,0.19430503051757952
33.32276,32.88853,0.4342292687988305
30.246464,29.30694,0.939523921264648
26.952204,27.803143,-0.8509385476074236
27.767593,27.446995,0.3205982185058609
26.11947,25.901766,0.21770417663574193
17.851496,17.83088,0.02061678857421967
28.5969288104053,28.45575,0.14117929868654855
28.5969288104053,28.520578,0.07635042600588449
26.63381933333333,26.763256,-0.12943673966471536
27.4116562,28.795036,-1.3833801159179693
21.395077,22.416533,-1.0214555164794916
32.49285649999999,32.152924,0.3399329160156128
29.73300742857143,29.93861,-0.20560264833286723
26.768269,26.522429,0.2458404874267579
30.88211557142857,30.607998,0.2741176771414615
28.656218,29.3757,-0.7194819969482431
28.5969288104053,28.499228,0.09770128660158761
31.274723,29.943558,1.331165260742189
16.41457,18.443844,-2.029273841552733
22.687672,22.062386,0.6252864409179679
25.208590999999995,26.088568,-0.8799767337646536
26.98379,27.35541,-0.37161962219238376
31.411091571428567,28.828493,2.5825984531424346
28.5969288104053,28.551117,0.04581186704592355
22.053164,21.970936,0.08222817846679575
28.594696,28.451527,0.14316935815429588
30.08991,29.407244,0.6826662713623044
27.349606,27.146584,0.20302244287109517
28.5969288104053,28.547373,0.049555992412134486
23.864689,23.292812,0.5718766525878891
28.982224,29.180456,-0.19823216149902478
22.9552495,23.446907,-0.4916575434570305
28.180172,27.942642,0.2375297880859364
21.863796,21.909952,-0.04615616369628839
24.031242,24.818254,-0.7870124708251964
27.861824,27.826359,0.035465204833982966
21.824258,22.5243,-0.7000416215820309
33.349078750000004,33.537735,-0.18865623535155862
29.420881,28.04022,1.3806607393798842
26.026990166666668,25.4334,0.5935909662272145
27.789391666666663,28.083426,-0.29403385518392255
32.965977,32.27471,0.6912653911132836
28.5969288104053,28.543833,0.053096031474634486
25.529715,25.167015,0.36269992431640574
28.5969288104053,28.46556,0.13136789731936105
25.521694,25.59193,-0.07023638940429677
28.5969288104053,28.514412,0.0825168841357673
28.5969288104053,28.464556,0.13237307004885324
28.5969288104053,28.470123,0.12680551938967355
26.396757,26.07725,0.31950747302246185
28.5969288104053,28.544416,0.05251238279299386
26.453426,27.618025,-1.1645988260498044
28.61344,28.40726,0.20617910522461003
23.318077,22.46842,0.8496569713134754
24.011640388888893,23.757912,0.25372870675998627
28.5969288104053,28.589212,0.007716392802759486
27.99051,27.83759,0.15292073608398482
35.450830499999995,34.572903,0.8779278205566357
32.201813,31.555569,0.646244304931642
26.31446,26.337236,-0.022776404418944907
33.203823,32.981716,0.2221068439941405
28.5969288104053,28.509344,0.08758470945315011
22.222702444444444,22.046207,0.17649501646592824
21.369905,18.08135,3.2885546734619133
21.351418,20.885426,0.4659924323730458
16.699512,20.608088,-3.908575539672853
26.22614,26.087439,0.13870141662597746
28.5969288104053,28.683432,-0.08650281496091239
34.40706866666667,34.408695,-0.0016265542805982136
28.5969288104053,28.525946,0.07098314695315011
22.858034,22.246864,0.6111696811523437
19.510235,18.11726,1.3929750207519547
28.2288938,28.511055,-0.28216119267577966
28.179455,27.867683,0.31177158935546956
25.559397,27.887842,-2.328445178344726
25.522661,25.091105,0.4315564925537103
30.75040966666667,29.903818,0.8465915361735057
28.5969288104053,28.465992,0.13093683652834542
26.454039,26.555412,-0.10137329248046711
26.751353166666664,26.69463,0.05672349747721128
23.384182,23.345865,0.03831675036621007
28.5969288104053,28.544693,0.05223581724123605
28.5969288104053,28.548363,0.0485660784717048
28.5969288104053,28.683432,-0.08650281496091239
28.5969288104053,28.527174,0.06975481443361886
31.36927,31.246288,0.12298170043945333
28.5969288104053,28.531488,0.06544039182619699
26.99006,27.486076,-0.49601635498046903
30.128143,29.90295,0.22519271313476708
23.776855,23.145626,0.6312289318847668
31.41374,31.59603,-0.18228928161621027
27.860886,24.539736,3.321150205932618
23.333493666666666,23.254766,0.07872720243326725
28.5969288104053,28.683432,-0.08650281496091239
28.5969288104053,28.508005,0.08892366819338449
28.5969288104053,28.683432,-0.08650281496091239
23.321447,24.245583,-0.9241355805664071
28.5969288104053,28.5256,0.07132837705568917
28.5969288104053,28.54239,0.054537987041040736
27.660593,27.32553,0.33506390148925647
28.179455,27.984596,0.19485874755859456
21.14169,20.764091,0.3775985083007818
24.362383,24.699472,-0.33708942736816283
28.5969288104053,28.54401,0.052918648051782924
28.515461,28.239962,0.2754993758544906
30.342579,29.98341,0.35916911840820376
28.338094375,22.68964,5.648454329833985
25.711334,25.614496,0.09683776892089924
29.427941499999992,27.590755,1.8371860373535078
23.31262977777778,23.479637,-0.1670073682183144
28.5969288104053,28.551079,0.0458500140185798
27.524464,27.6909,-0.16643680261230642
28.5969288104053,28.683432,-0.08650281496091239
23.6630585,24.032578,-0.36951901464843573
28.5969288104053,28.548796,0.04813311033205636
28.5969288104053,28.482664,0.11426470212893136
27.533397166666663,27.563986,-0.030588657918297457
27.8372496,27.068743,0.7685068479248045
28.5969288104053,28.472038,0.1248905413623298
28.5969288104053,28.545263,0.05166552000002511
27.931046,25.720877,2.2101693062744125
28.5969288104053,28.490124,0.10680506162600167
28.201775,27.869383,0.3323921417236342
28.102419000000005,27.04997,1.05244837316895
28.2376888,28.485352,-0.2476627624999992
29.579071,29.833073,-0.2540016623535166
25.348269,25.730728,-0.3824591494140641
28.5969288104053,28.542946,0.0539829485888923
24.1863094,23.662968,0.5233417181152333
28.5969288104053,28.683432,-0.08650281496091239
22.627096,20.080269,2.5468271401367204
28.5969288104053,28.532486,0.06444284849123605
34.20035,33.7944,0.4059507385253909
28.537921800000003,26.686226,1.8516959088867218
26.379023,26.529127,-0.15010412097167958
28.5969288104053,28.473415,0.12351343564943917
25.669696,25.070406,0.5992900399169905
27.946495,27.639666,0.30682939636230344
31.272503,30.8201,0.45240221569824257
25.92401,25.272943,0.6510665032958975
31.03398866666667,28.073654,2.960334491861982
25.550356000000004,25.561111,-0.010755450195308214
22.984403,22.926975,0.057427749755859736
30.079182,29.596468,0.4827140281982416
21.078727,24.260138,-3.181410557983398
19.062864,18.898249,0.16461532751464958
28.5969288104053,28.489622,0.10730669431643136
25.62006,25.29362,0.32644084411620966
28.5969288104053,28.516747,0.0801822894092048
27.911561,29.266308,-1.354746830810548
28.5969288104053,28.442335,0.15459368162111886
28.5969288104053,28.49954,0.09738848142580636
27.860886,28.399813,-0.5389266983642571
28.5969288104053,28.52727,0.06965944700197824
24.08917,23.653418,0.43575241271972587
21.665407,20.673489,0.9919183830566389
32.73158399999999,32.05142,0.6801656955566315
28.5969288104053,28.52518,0.07174799375490792
24.373888,24.01826,0.3556289515380868
18.624287,20.879745,-2.2554584833984386
28.283795,29.081646,-0.7978509655761705
27.450883000000005,28.394476,-0.9435929368896439
27.739644666666663,28.276178,-0.5365336933186882
28.5969288104053,28.683432,-0.08650281496091239
25.98691,25.852484,0.1344262506103533
28.5969288104053,28.491024,0.10590479307131417
30.42011975,29.747368,0.6727518911132826
24.0505754,23.800692,0.2498837953857418
33.776256399999994,34.0692,-0.2929422083984434
24.95214071428571,24.526577,0.4255637184361021
26.017542,25.847271,0.17027103442382696
33.262306,32.93288,0.32942559838867425
34.198677,33.964638,0.2340392436523473
27.085596,26.660738,0.4248580086669911
30.047926,29.848804,0.19912152612304723
31.24757,31.139772,0.10779758483886681
28.041528666666665,27.856588,0.1849403030192036
26.120829,25.965855,0.1549743552246099
30.97509699999999,29.915285,1.0598118895263582
25.465788,25.09725,0.36853801525878893
27.902721,27.384903,0.5178180458984372
26.0866726,21.91001,4.1766632158447266
32.84964,32.691456,0.15818415893554771
30.23666628571428,30.401423,-0.16475621489607306
24.497599,24.168783,0.3288158121337901
23.33132825,24.368319,-1.0369903077392593
28.0901934,28.270426,-0.18023239650878864
28.5969288104053,28.504072,0.09285662107424386
26.79058,26.689922,0.10065766723632663
28.088144,27.11362,0.9745232419433592
33.33015685714286,33.420444,-0.09028763138253026
28.5969288104053,28.476074,0.12085459165529855
28.5969288104053,28.50136,0.09556887083010324
32.745033,32.500237,0.24479648876953064
28.989555,28.86198,0.12757456176757742
31.740389,31.370087,0.3703023300781254
28.5969288104053,28.442614,0.15431520872072824
33.564907,33.136845,0.4280623649902324
22.951752,26.050907,-3.0991551350097666
25.310415,25.370567,-0.06015232177734475
32.39548933333332,31.585411,0.8100782615559794
22.448648,20.685303,1.7633452656249986
25.568842,25.278233,0.29060942553710944
23.500542125,23.39787,0.10267301489257719
28.5969288104053,28.535723,0.061206077861353236
32.487785,32.342766,0.1450191918945336
21.437284,21.527344,-0.09005975000000177
30.18716728571428,29.15422,1.0329467046595937
28.5969288104053,28.526657,0.07027170591311105
24.627766,24.084385,0.5433810817871105
26.704693,25.98401,0.7206823035888661
22.910516999999995,21.875996,1.034521364013667
26.368927,26.92589,-0.556962968872071
23.3220035,23.431086,-0.10908208654785057
29.79585,27.74784,2.0480091186523453
30.350237,30.309406,0.040830719482421785
25.749992,25.428608,0.32138405932617076
29.264559,29.626083,-0.36152437402343907
25.672346,25.414076,0.2582701485595713
28.938373666666667,28.969688,-0.031314748860676644
17.192524,20.209427,-3.0169028798828137
22.074874,24.723024,-2.6481503682861316
34.41665,34.26737,0.14928168334960645
22.0099,22.8424,-0.8324995971679705
23.6321815,23.277578,0.35460314611816557
28.5969288104053,28.540058,0.056870674418970424
31.523316,30.118689,1.4046274166259778
28.5969288104053,28.460558,0.13637087278322824
27.465036666666663,25.489939,1.9750979307047487
29.394648,29.459719,-0.0650707042236327
27.833973,28.41614,-0.5821666026611325
28.5969288104053,28.487768,0.10916063718752511
26.727173,26.848167,-0.12099441943359324
21.904144,26.317682,-4.413538266235353
28.5969288104053,28.53996,0.05696794919924386
28.5969288104053,28.473446,0.12348291807131417
28.5969288104053,28.543535,0.053393577861353236
28.5969288104053,28.517517,0.07941172056154855
21.87358,24.10353,-2.229950883789062
28.5969288104053,28.545845,0.0510837786670173
33.03349566666666,31.711315,1.322180511637363
28.5969288104053,28.56828,0.028649544047876674
29.754886,29.851313,-0.0964266373291025
29.924678333333336,29.634949,0.28972960286458616
28.952262333333334,29.06134,-0.10907799869791646
28.5969288104053,28.493639,0.10328981809572824
28.5969288104053,28.531275,0.06565401487307199
26.03872,26.105587,-0.06686700561523296
26.706981833333334,27.140049,-0.43306714737955687
22.186689,22.262867,-0.07617797387695191
25.859034,25.989668,-0.1306338924560535
22.163017999999997,22.193544,-0.03052638781738537
34.434685,34.016445,0.4182398400878924
25.343729,25.972918,-0.6291885567626956
30.506447,28.137697,2.3687497801513686
28.667536833333333,28.679415,-0.011877915812174678
25.1152985,25.44683,-0.3315322495117172
25.721565,25.144794,0.5767705358886701
25.515085,25.859095,-0.34400961975097744
26.06533,26.117622,-0.052292375488281806
37.60454811111111,34.386738,3.217810287624779
28.5969288104053,28.683432,-0.08650281496091239
28.363956,28.694033,-0.3300766690673811
26.30734350000001,26.63367,-0.32632730688475675
28.5969288104053,28.480186,0.1167423480029548
28.5969288104053,28.432076,0.1648533099170173
25.589369,25.044043,0.5453264127197279
22.48728,21.800724,0.6865559704589828
28.5969288104053,28.493328,0.10360071592287667
28.81362966666666,24.837954,3.9756760991617774
31.829857,31.897728,-0.06787096630859324
28.5969288104053,28.683432,-0.08650281496091239
26.170336,25.980309,0.19002746728515518
28.378529,29.16145,-0.7829204323730465
26.2324315,26.653128,-0.42069617028808537
32.41961,32.338276,0.08133409057617058
29.66811,29.79732,-0.12920941223144666
28.5969288104053,28.56054,0.0363895647998298
27.1261815,27.58443,-0.45824919458007685
26.924124,27.000446,-0.07632231958007907
23.478481,24.053139,-0.5746577329101576
28.5969288104053,28.502745,0.09418413572268136
30.581211,31.170967,-0.5897561020507815
28.5969288104053,28.683432,-0.08650281496091239
28.5969288104053,28.553474,0.0434543841357673
23.567436,23.41973,0.14770676721191478
28.5969288104053,28.549402,0.047526573466821986
28.5969288104053,28.683432,-0.08650281496091239
28.5969288104053,28.542965,0.053963875102564174
28.5969288104053,28.551992,0.04493639402346261
28.08558,27.616476,0.4691039410400393
24.121222,24.567661,-0.44643928540039113
27.618745,27.62319,-0.004444926147460393
30.625163166666667,25.060047,5.565116017008464
21.771349,22.565311,-0.7939624318847649
25.34518,26.13869,-0.793510948486329
29.43467675,28.666586,0.7680908277587903
30.192629,30.26537,-0.07274041528320296
26.912971,28.215654,-1.3026833731689464
20.940825,20.786648,0.15417720336914087
12.027190000000001,23.959637,-11.932446688232421
24.544898499999995,23.579489,0.9654097457275341
28.5969288104053,28.455828,0.14110109739260324
28.5969288104053,28.52722,0.06970903806643136
34.269389999999994,33.723488,0.545902145996088
28.5969288104053,28.54876,0.0481693499560798
29.158415,28.32882,0.8295957250976578
28.5969288104053,28.544481,0.052447532939478236
24.72562,24.416166,0.3094536944580071
31.706558,31.477358,0.22920013562011832
28.5969288104053,28.5428,0.05412790708498605
24.801403,24.572803,0.2285995026855474
25.1676338,25.803318,-0.6356842236816398
29.969315,28.201324,1.7679905371093767
20.671177,23.159086,-2.487909227416992
29.162394,28.924469,0.23792500585937404
23.235952,22.964048,0.27190361437988386
24.252342,26.315178,-2.06283591748047
28.5969288104053,28.447308,0.14962122373537667
28.5969288104053,28.683432,-0.08650281496091239
27.225353,26.725779,0.4995744202880843
28.5969288104053,28.574072,0.02285692625002511
29.689306,29.948362,-0.25905635046386877
33.396975999999995,33.063244,0.33373213403319824
23.455276,22.8653,0.5899767751464857
26.6665402,25.85838,0.8081608359863282
19.57862,21.419024,-1.8404035137939445
28.06173575,28.564135,-0.5023988477783199
24.663061,23.975008,0.6880529891357412
24.205057,24.817112,-0.6120549689941406
29.190132,29.151686,0.038446285278318726
31.475914666666668,31.458958,0.016956994547527415
25.695305,25.334732,0.36057294433593867
19.138977,13.684885,5.4540919749755865
28.5969288104053,28.52654,0.07038805417971261
28.5969288104053,28.544825,0.052104210185571986
27.366506800000003,27.741062,-0.3745553643066373
28.588705,28.380754,0.2079505291748056
28.5969288104053,28.683432,-0.08650281496091239
26.224682,26.135117,0.08956542285156388
29.05759271428571,28.693974,0.3636191730259455
33.77612,33.30656,0.46955948364257694
33.4447838,32.696526,0.7482582262695345
25.064203,24.042261,1.0219418763427726
30.2907076,29.528683,0.7620248912597667
23.402485,21.33794,2.0645447839355455
28.5969288104053,28.51221,0.08471796445803292
23.438599,22.569939,0.8686603403320312
23.93589311111111,23.69388,0.24201302993435192
28.5969288104053,28.548763,0.048165535258814174
27.1261815,27.426876,-0.3006945681152331
28.5969288104053,28.550964,0.04596445493654855
25.460464,25.461363,-0.0008988387451154267
32.5681815,32.396725,0.17145679907226707
30.66461,30.380135,0.28447541748046845
25.983433,25.270226,0.7132074750976578
34.260693,33.788433,0.4722599250488315
26.892181,26.716188,0.17599256921386797
22.787323,22.903248,-0.11592483325195246
28.5969288104053,28.520306,0.07662317686037667
33.08972999999999,32.573444,0.5162856335449106
32.28161250000001,32.28571,-0.004096881103507144
25.9732415,25.869213,0.10402839575195344
26.616863,26.95536,-0.33849741259765764
28.5969288104053,28.540726,0.05620310239748605
29.74549,29.19,0.555489465942383
28.5969288104053,28.467052,0.12987635068850167
32.182078999999995,31.511847,0.6702324576415961
28.5969288104053,28.471891,0.12503740720705636
22.661784285714283,22.932953,-0.27116859514509173
23.029178,23.298489,-0.2693106169433577
28.5969288104053,28.50481,0.09211847715334542
33.27731,33.223724,0.053585634765624945
28.5969288104053,28.526188,0.07074091367678292
25.300987,23.913008,1.3879792637939445
24.281318200000005,24.340504,-0.05918549262694839
20.31893433333333,23.431772,-3.112837898722333
28.5969288104053,28.516777,0.0801517718310798
28.5969288104053,28.504332,0.09259722166018136
25.214624,24.42245,0.792174888061524
28.5969288104053,28.451944,0.1449844592090095
22.407479666666664,23.28709,-0.8796106348470083
29.72474,28.16329,1.5614499761962897
28.5969288104053,28.445427,0.1515018694873298
27.240208,27.433311,-0.19310346240234466
27.591873,27.487076,0.10479719433593715
28.5969288104053,28.55728,0.03964922361330636
29.752079,29.469082,0.282997121337889
28.055374,28.577213,-0.5218392873535151
27.5693812,28.463118,-0.893736399487306
28.5969288104053,28.510756,0.08617327146486886
28.65404,28.33954,0.3144995184326156
26.727003,24.939938,1.7870654084472655
21.160461,22.33494,-1.1744789566650375
30.382318,28.696928,1.6853899757080093
28.5969288104053,28.514046,0.0828830950732673
32.49432,32.36973,0.12458809692383
25.067974,24.277761,0.7902125406494136
24.931017,24.477638,0.4533787553710944
31.440512,30.94143,0.4990828618164045
26.34282,26.252386,0.09043390686035124
25.924244,25.916132,0.008112026733400057
26.158371,26.174837,-0.016466112426758883
25.583918,26.364277,-0.7803588859863275
26.78081,26.269985,0.5108248010253895
28.5969288104053,28.54464,0.0522892230029548
23.409363,23.18999,0.21937391003417872
28.5969288104053,28.554401,0.042527412700220424
29.48504133333333,25.727531,3.7575099002278627
28.5969288104053,28.683432,-0.08650281496091239
28.5969288104053,28.683432,-0.08650281496091239
28.5969288104053,28.49952,0.0974094622607673
28.70142,27.980423,0.7209970263671863
28.5969288104053,28.396656,0.20027277402834542
29.187392666666664,27.46403,1.723363354532875
23.082159,22.27335,0.8088092380371101
33.010727,32.442547,0.5681801555175809
22.531162,22.572178,-0.04101588696289227
28.713573,28.25422,0.459353944824219
28.5969288104053,28.683432,-0.08650281496091239
27.431726666666663,26.74073,0.6909963810221313
26.69149550000001,27.71735,-1.0258545061035065
25.677829714285718,25.423975,0.25385472344099114
25.415407,25.090557,0.32484990161132643
23.15943,23.047176,0.11225363891601603
26.036293499999992,21.74396,4.292334073120109
30.257636833333333,29.847559,0.4100778581136062
25.910013,26.104738,-0.19472523547363352
33.501731750000005,32.940376,0.5613554682617234
28.5969288104053,28.529478,0.06745073728518136
25.593803,25.987743,-0.3939403776855457
25.910341,24.708464,1.2018773311767568
28.5969288104053,28.478704,0.11822435789065011
32.792847,32.978836,-0.18598905957031064
28.5969288104053,28.545582,0.051346992778345424
35.343433,34.93314,0.4102931989746068
28.5969288104053,28.53977,0.05715868406252511
21.522999,23.234415,-1.7114160543212904
29.89848299999999,29.271593,0.6268899061279214
28.5969288104053,28.683432,-0.08650281496091239
27.370142,27.705082,-0.3349399396972643
22.492558,22.765627,-0.27306890734863387
27.266153,27.177732,0.08842053234863201
21.601858,21.161125,0.44073281689453125
28.5969288104053,28.532574,0.06435511045412667
28.5969288104053,28.514427,0.0825016253467048
28.5969288104053,28.525743,0.07118532590822824
22.984403,22.777094,0.2073091126708988
28.5969288104053,28.531715,0.0652134173388923
28.5969288104053,28.482052,0.11487696104006417
19.119059,21.27199,-2.1529308223876953
28.121833499999997,28.20268,-0.0808470877685572
25.580256,25.500324,0.07993175073242043
28.5969288104053,28.539597,0.05733225278811105
28.5969288104053,28.521399,0.07553026609377511
27.93765,27.89414,0.04350975646972799
22.565044,22.702448,-0.13740389123535124
21.973885,20.795036,1.1788486840820305
22.300852,21.936205,0.3646470897216787
28.562799428571427,28.534801,0.02799794541713041
39.529919750000005,36.85213,2.6777888601074267
20.277965499999997,23.269854,-2.9918880919189483
27.532702111111107,25.28808,2.244621895657005
26.004871,25.456982,0.5478893410644545
37.78761849999999,34.45006,3.3375567019042833
28.5969288104053,28.503506,0.09342310361818917
27.802118,27.37695,0.42516868969726573
26.985567,27.227753,-0.24218568554687536
21.731273500000004,22.06171,-0.3304368576660117
28.5969288104053,28.683432,-0.08650281496091239
28.5969288104053,28.509249,0.08768007688479074
31.231806666666667,31.016012,0.21579447489420645
28.5969288104053,28.54045,0.05647966794924386
25.66899,25.564356,0.1046341497802743
27.447807,27.332458,0.11534850390625095
28.5969288104053,28.55091,0.0460178606982673
26.17077,28.991047,-2.820276905517577
28.5969288104053,28.45644,0.14048883848147042
25.027288,24.69813,0.3291583460693346
29.311848,28.82308,0.4887679371337903
28.926285,28.833057,0.0932275964355469
31.605568,31.082874,0.5226937019042985
33.6505764,33.248978,0.401598738867186
21.108946,19.20332,1.9056264504394527
28.5969288104053,28.531252,0.06567690305666574
25.695845,25.681576,0.014269224853514118
29.028957,28.734808,0.2941490318603499
28.5969288104053,28.683432,-0.08650281496091239
23.060692,23.012064,0.04862801989746046
28.5969288104053,28.490744,0.10618517332033761
28.5969288104053,28.456781,0.140147423076197
23.674915,22.093092,1.581823035278319
20.99812057142857,20.049337,0.9487831843436076
28.5969288104053,28.544638,0.05229113035158761
28.5969288104053,28.539272,0.057656502055689174
28.5969288104053,28.683432,-0.08650281496091239
22.9209756,22.682974,0.2380017383056625
33.909393,33.20873,0.7006642097167983
30.936863,30.809052,0.1278114863281239
18.19647,22.023407,-3.8269369824218735
27.085988000000004,27.009539,0.07644934948730864
29.054248333333334,29.082237,-0.027988910319010074
28.5969288104053,28.426533,0.17039606504397042
27.9246304,27.540354,0.38427662497558757
28.5969288104053,28.683432,-0.08650281496091239
23.97781875,23.690062,0.28775718078613366
29.440893,29.066208,0.3746851142578116
28.5969288104053,28.55162,0.04530832700686105
25.011455666666667,20.45913,4.552326333170573
26.8705628,26.171745,0.6988174997070296
26.384808,26.388325,-0.00351673754882853
31.470028,31.36178,0.10824783337402266
28.5969288104053,28.520557,0.07637140684084542
26.741832,26.405197,0.3366348564453112
28.5969288104053,28.41567,0.1812584155078376
32.884903,32.786446,0.09845738232422008
28.5969288104053,28.544664,0.052264427470728236
30.379612,30.489372,-0.10976025341796714
34.20141433333333,31.465206,2.736208187093098
22.653448,22.245132,0.4083155537109384
28.5969288104053,28.683432,-0.08650281496091239
25.203775,25.655403,-0.451628137207031
26.243414,26.080757,0.1626568588867201
30.13551,30.222897,-0.08738657592773436
28.5969288104053,28.533497,0.06343195371584542
25.287252,25.159927,0.12732463183593623
28.264125999999997,28.748812,-0.4846857218017604
25.417284,26.875368,-1.4580841182861342
28.5969288104053,28.683432,-0.08650281496091239
28.5969288104053,28.549417,0.047511314677759486
26.22722,26.05585,0.17137092468261628
26.06,26.20655,-0.14655059814453253
24.3386745,30.32625,-5.9875755762939455
25.82941,25.549732,0.2796777917480462
26.81666,26.372908,0.44375236145019414
21.705568,20.72016,0.9854084693603511
17.764887,18.014088,-0.24920067700195148
22.94978,23.017654,-0.06787441894531199
22.886168,23.120726,-0.2345576317138658
23.387259,22.96904,0.41821908300781274
25.49378,25.265627,0.22815309265136818
29.53234124999999,28.974798,0.5575430474853427
34.261204,32.94604,1.315162892822265
19.077583,21.349901,-2.2723181993408197
28.5969288104053,28.482393,0.11453554563479074
28.5969288104053,28.539757,0.0571720355029548
30.045406,30.490833,-0.4454272824707033
28.5969288104053,28.493238,0.10369036130861886
19.414568,17.881998,1.53256993786621
23.263178,22.851524,0.41165364697265616
28.5969288104053,28.520609,0.07631990842775949
24.444332,22.932657,1.5116747581787102
30.733559,29.62366,1.1098998660888668
34.22719649999999,33.798542,0.4286544772949128
32.651424,32.302635,0.3487888071289049
26.187588,25.973843,0.21374537915039227
29.25784733333333,26.695166,2.562681699178057
24.924253,24.644867,0.2793860566406252
28.5969288104053,28.447662,0.14926645688967355
28.7885245,29.328106,-0.5395814265136707
36.40341,36.260986,0.14242367187500093
33.88955,32.968765,0.9207847412109373
24.22747355555556,24.249676,-0.02220219517686317
20.408688,22.592329,-2.183641025268553
25.187226000000003,24.695547,0.4916788961181666
22.739468,22.929485,-0.1900173210449232
25.32754,25.052336,0.27520426086425687
39.360175125,38.282536,1.0776395720214822
28.26177550000001,29.12188,-0.8601040776367093
28.5969288104053,28.550045,0.046883796977564174
28.5969288104053,28.43934,0.1575882189746345
28.5969288104053,28.45202,0.144908165263697
25.725973,25.995869,-0.26989568286132837
28.5969288104053,28.51659,0.08033869199709542
24.6068896,24.472836,0.13405405922851443
30.9836415,31.279934,-0.29629242944335843
28.327686,28.220676,0.1070095778808593
23.951765,23.823956,0.12780946411132987
28.5969288104053,28.492647,0.10428163938479074
28.790052,28.517746,0.2723060283203118
31.488573,31.214724,0.273849412963866
28.5969288104053,28.487041,0.10988733701662667
28.5969288104053,28.530083,0.0668461077685798
28.63976,28.597425,0.04233453918456931
28.13728,27.959679,0.17760135009765676
28.5969288104053,28.507416,0.08951303892092355
28.5969288104053,28.437555,0.159373497294947
25.930916,25.599335,0.33158128320312485
30.384669833333323,30.08989,0.29478030696613544
28.5969288104053,28.562788,0.03414080076174386
23.777058,23.966703,-0.18964541491699194
22.99461983333333,23.090649,-0.0960288177897155
30.257368,29.394262,0.8631056861572262
23.231647,23.55935,-0.3277020600585949
21.991773833333337,23.197992,-1.2062184914957648
28.5969288104053,28.50522,0.09170839719729074
33.88228,32.97996,0.9023186047363296
12.745248,17.561773,-4.816525300170898
28.331703600000004,28.614653,-0.28294903366698776
31.020261999999995,28.16995,2.850311514770503
25.378431,26.035814,-0.6573832852783212
32.12760599999999,32.264572,-0.1369661435546945
33.148658,31.376984,1.7716743574218725
28.13511,27.615541,0.5195685418701181
33.784824,33.61152,0.17330514013671916
29.9998798,30.024342,-0.024461783251954472
28.270308,27.764975,0.505333405883789
20.902512,20.532518,0.3699936131591812
28.5969288104053,28.511349,0.08558008604006417
24.566919,24.680586,-0.11366686120605607
28.512234,29.993174,-1.4809395992431647
28.5969288104053,28.515408,0.08152124814943917
29.79943866666667,30.372557,-0.5731180197346966
23.33794,21.387726,1.9502141699218747
31.7338746,30.45111,1.28276376015625
28.5969288104053,28.539124,0.05780527524904855
30.495960666666672,29.993599,0.502361728678391
27.573433,27.296963,0.27647026196289204
26.886532,27.307402,-0.4208696571044932
28.5969288104053,28.566072,0.030856346416040736
24.379328,24.134363,0.24496482556152444
25.9185,25.766024,0.15247636413574384
24.279552,24.86236,-0.5828080006103527
28.5969288104053,28.541733,0.05519602231936105
25.977636,25.754923,0.22271313317871133
28.5969288104053,28.482462,0.11446688108400949
22.15683,21.856424,0.3004056683349603
27.270987,27.174904,0.0960831303710954
29.402565,29.043417,0.35914802307128824
28.5969288104053,28.541025,0.055903648662134486
22.391672,21.01539,1.3762816038818357
28.828672,27.86045,0.9682212553710947
27.09535075,27.330313,-0.23496197888183445
24.01551914285714,23.4484,0.5671186454206172
29.55809766666667,29.257833,0.30026418583170766
29.754951,29.60349,0.15146017053222494
28.5969288104053,28.494055,0.10287401609377511
30.649874,30.359549,0.29032543127441457
28.671387,25.35504,3.316347403442382
33.18344,32.822124,0.3613155187988255
26.553347666666667,26.581087,-0.027739445760090575
21.961637,22.059963,-0.09832622631835974
15.944686,14.96328,0.981406275878907
24.4141075,25.846025,-1.4319179669189452
28.5969288104053,28.683432,-0.08650281496091239
23.827742,22.085735,1.7420066789550788
28.5969288104053,28.654808,-0.0578792340282952
28.5969288104053,28.514954,0.08197519712404855
26.445618,26.482195,-0.03657690051269569
32.01194849999999,31.269156,0.7427929976806524
28.5969288104053,28.554884,0.04204485349611886
26.27338,26.34774,-0.07436017333984424
28.5969288104053,28.683432,-0.08650281496091239
33.248764,32.798683,0.45008083349609507
19.7189255,25.801758,-6.082832312499999
24.596024,25.452862,-0.856837785888672
29.79015,29.853918,-0.06376807556152286
28.5969288104053,28.683432,-0.08650281496091239
28.702291,28.556181,0.1461100460205067
25.98034583333333,25.614223,0.36612235310872165
21.005293,20.31401,0.6912823798828143
28.5969288104053,28.683432,-0.08650281496091239
28.999023,28.994446,0.004577199218751105
28.5969288104053,28.657465,-0.060536170673803014
25.428627,25.897127,-0.46850015148925905
21.160982,20.048048,1.112933980590821
25.55197,25.33015,0.22181939575195386
25.642107,25.43939,0.20271681750488213
19.723852,18.27626,1.4475916240234383
28.5969288104053,28.658989,-0.0620601422314202
28.5969288104053,28.543251,0.0536777728076423
28.61265883333333,28.81702,-0.2043615829264347
23.399603,23.42709,-0.027486691162110333
20.510504,21.225645,-0.7151410653076162
28.5969288104053,28.47601,0.12091944150881417
28.5969288104053,28.566072,0.030856346416040736
30.270914,30.780684,-0.5097695174560535
28.5969288104053,28.683432,-0.08650281496091239
28.5969288104053,28.439005,0.1579239123340095
21.824982,22.53694,-0.7119576209716811
39.9021386,36.75058,3.1515587660156257
32.5862,32.317974,0.2682259094238262
28.82162,28.394577,0.42704297363281185
28.5969288104053,28.45141,0.145518516826197
28.5969288104053,28.543045,0.05388376645998605
25.33068,25.275454,0.05522643249511816
30.955914,30.518364,0.4375500473632812
27.42994,27.192142,0.2377975134277328
29.58560757142857,29.515705,0.06990246278599344
27.864176,27.718996,0.1451799520263677
28.5969288104053,28.441929,0.15499994687990792
27.447628,27.282,0.16562841198730638
28.5969288104053,28.529524,0.06740496091799386
25.518984,25.34358,0.17540375402831998
26.472828,26.250998,0.22183045666503887
28.91371,28.474783,0.4389270562744123
28.5969288104053,28.513247,0.08368227415041574
24.951685,24.775818,0.17586712890625122
31.759893,31.652721,0.10717159497070483
28.5969288104053,28.683432,-0.08650281496091239
24.093043,23.307127,0.7859160010986344
28.553034,27.781889,0.7711450382080081
32.85332,32.326397,0.5269230578613247
22.964901000000005,23.141254,-0.17635342504882345
28.5969288104053,28.54203,0.0548984759326423
30.172704624999994,30.252869,-0.0801640273437556
27.561779,26.878485,0.6832942740478529
22.532883,21.632732,0.9001506086425799
22.506283,22.822687,-0.31640414904785175
31.26123,31.554073,-0.2928433337402332
23.590746,22.169758,1.4209881569824212
34.014385,33.85618,0.15820671630859096
27.4566135,27.55895,-0.10233692419433638
25.8816695,26.634968,-0.7532983039550771
28.5969288104053,28.55312,0.043809150981470424
